15:30:54.998 [main] INFO  com.demo.baseutil.Basetest - 
15:30:55.008 [main] INFO  com.demo.baseutil.Basetest - Running locally JavaMail
15:30:55.239 [main] INFO  com.demo.baseutil.Basetest2 - Folder creation for Extent
15:30:55.250 [main] INFO  com.demo.baseutil.Basetest - ExtentDir:-C:\Users\Deepti Jindal\eclipse-workspace2\com.NFR.Trace Performance latest/reports/Automation Report- 09_04_2024_15_30_55/Report/09_04_2024_15_30_55
15:30:55.373 [main] INFO  com.demo.baseutil.Basetest - Report Initiated
15:30:55.375 [main] INFO  com.demo.baseutil.Basetest - Screenshot folder created
15:31:10.560 [main] INFO  com.demo.baseutil.Basetest - Validate Sign in with FarmtoPlate account is clickable
15:31:13.154 [main] INFO  com.demo.baseutil.Basetest - Clicked on : Sign in with FarmtoPlate account
15:31:13.169 [main] INFO  com.demo.baseutil.Basetest - Url contains farmtoplateapps.io/login
15:31:13.201 [main] INFO  com.demo.baseutil.Basetest - Sign in title matched
15:31:13.201 [main] INFO  com.demo.baseutil.Basetest - UI verified for Sigin page.
15:31:13.201 [main] INFO  com.demo.baseutil.Basetest - Sign in function call
15:31:13.201 [main] INFO  com.demo.baseutil.Basetest - Validate email address field is clicked is clickable
15:31:15.722 [main] INFO  com.demo.baseutil.Basetest - Clicked on : email address field is clicked
15:31:15.722 [main] INFO  com.demo.baseutil.Basetest - Enter the value into Email Id Entered
15:31:16.205 [main] INFO  com.demo.baseutil.Basetest - farmtoplatef2p@paramountsoft.net typed into Email Id Entered
15:31:16.206 [main] INFO  com.demo.baseutil.Basetest - Validate Enter the password is clickable
15:31:18.598 [main] INFO  com.demo.baseutil.Basetest - Clicked on : Enter the password
15:31:18.598 [main] INFO  com.demo.baseutil.Basetest - Enter the value into Password Id Entered
15:31:18.854 [main] INFO  com.demo.baseutil.Basetest - Admin1234 typed into Password Id Entered
15:31:27.955 [main] INFO  com.demo.baseutil.Basetest - Scroll down
15:31:28.958 [main] INFO  com.demo.baseutil.Basetest - Validate Press the signin button is clickable
15:31:31.933 [main] INFO  com.demo.baseutil.Basetest - Clicked on : Press the signin button
15:31:39.980 [main] INFO  com.demo.baseutil.Basetest - HomePage title  is matched
15:31:53.006 [main] INFO  com.demo.baseutil.Basetest - Validate Network Management is clicked is clickable
15:31:55.468 [main] INFO  com.demo.baseutil.Basetest - Clicked on : Network Management is clicked
15:31:59.483 [main] INFO  com.demo.baseutil.Basetest - Validate Add new is clicked is clickable
15:32:01.967 [main] INFO  com.demo.baseutil.Basetest - Clicked on : Add new is clicked
15:32:03.976 [main] INFO  com.demo.baseutil.Basetest - Validate Organisation Name is clicked is clickable
15:32:06.431 [main] INFO  com.demo.baseutil.Basetest - Clicked on : Organisation Name is clicked
15:32:06.431 [main] INFO  com.demo.baseutil.Basetest - Enter the value into Organisation is Entered
15:32:06.983 [main] INFO  com.demo.baseutil.Basetest - dfufIuds typed into Organisation is Entered
15:32:06.983 [main] INFO  com.demo.baseutil.Basetest - Validate Organisation type is clicked is clickable
15:32:09.447 [main] INFO  com.demo.baseutil.Basetest - Clicked on : Organisation type is clicked
15:32:09.447 [main] INFO  com.demo.baseutil.Basetest - Validate upstream is selected is clickable
15:32:12.002 [main] INFO  com.demo.baseutil.Basetest - Clicked on : upstream is selected
15:32:12.003 [main] INFO  com.demo.baseutil.Basetest - Validate Organisation role is clicked is clickable
15:32:14.494 [main] INFO  com.demo.baseutil.Basetest - Clicked on : Organisation role is clicked
15:32:14.494 [main] INFO  com.demo.baseutil.Basetest - Validate Organisation role is selected is clickable
15:32:17.035 [main] INFO  com.demo.baseutil.Basetest - Clicked on : Organisation role is selected
15:32:17.035 [main] INFO  com.demo.baseutil.Basetest - Validate module is clicked is clickable
15:32:19.497 [main] INFO  com.demo.baseutil.Basetest - Clicked on : module is clicked
15:32:19.498 [main] INFO  com.demo.baseutil.Basetest - Validate module is selected is clickable
15:32:22.076 [main] INFO  com.demo.baseutil.Basetest - Clicked on : module is selected
15:32:22.076 [main] INFO  com.demo.baseutil.Basetest - Validate email field is clicked is clickable
15:32:24.518 [main] INFO  com.demo.baseutil.Basetest - Clicked on : email field is clicked
15:32:24.520 [main] INFO  com.demo.baseutil.Basetest - Enter the value into emailid is Entered
15:32:25.215 [main] INFO  com.demo.baseutil.Basetest - 87301avcyghg@yopmail.com typed into emailid is Entered
15:32:31.295 [main] INFO  com.demo.baseutil.Basetest - Scroll down
15:32:38.316 [main] INFO  com.demo.baseutil.Basetest - Validate Database Type is clicked is clickable
15:32:40.761 [main] INFO  com.demo.baseutil.Basetest - Clicked on : Database Type is clicked
15:32:40.761 [main] INFO  com.demo.baseutil.Basetest - Validate Db is selected is clickable
15:32:43.298 [main] INFO  com.demo.baseutil.Basetest - Clicked on : Db is selected
15:32:45.326 [main] INFO  com.demo.baseutil.Basetest - Scroll down successful
15:32:46.332 [main] INFO  com.demo.baseutil.Basetest - Validate Db is selected is clickable
15:32:48.880 [main] INFO  com.demo.baseutil.Basetest - Clicked on : Db is selected
15:32:50.897 [main] INFO  com.demo.baseutil.Basetest - Validate ordermgmt is selected is clickable
15:32:53.329 [main] INFO  com.demo.baseutil.Basetest - Clicked on : ordermgmt is selected
15:32:53.329 [main] INFO  com.demo.baseutil.Basetest - Validate Soil Dashboard is selected is clickable
15:32:55.738 [main] INFO  com.demo.baseutil.Basetest - Clicked on : Soil Dashboard is selected
15:32:55.738 [main] INFO  com.demo.baseutil.Basetest - Validate Submit Button is clicked is clickable
15:32:58.267 [main] INFO  com.demo.baseutil.Basetest - Clicked on : Submit Button is clicked
15:33:00.463 [main] INFO  com.demo.baseutil.Basetest - Validate Email address input field is clicked is clickable
15:33:04.368 [main] INFO  com.demo.baseutil.Basetest - Clicked on : Email address input field is clicked
15:33:04.369 [main] INFO  com.demo.baseutil.Basetest - Enter the value into email address is entered
15:33:04.736 [main] INFO  com.demo.baseutil.Basetest - 87301avcyghg@yopmail.com typed into email address is entered
15:33:04.736 [main] INFO  com.demo.baseutil.Basetest - Validate arrow button is clicked is clickable
15:33:08.447 [main] INFO  com.demo.baseutil.Basetest - Clicked on : arrow button is clicked
15:33:15.540 [main] INFO  com.demo.baseutil.Basetest - Validate first email is clicked is clickable
15:33:18.083 [main] INFO  com.demo.baseutil.Basetest - Clicked on : first email is clicked
15:33:20.171 [main] INFO  com.demo.baseutil.Basetest - Validate email address is clicked is clickable
15:33:22.560 [main] INFO  com.demo.baseutil.Basetest - Clicked on : email address is clicked
15:33:24.592 [main] INFO  com.demo.baseutil.Basetest - Validate pass is clicked is clickable
15:33:26.983 [main] INFO  com.demo.baseutil.Basetest - Clicked on : pass is clicked
15:33:26.984 [main] INFO  com.demo.baseutil.Basetest - Enter the value into Password is entered
15:33:27.268 [main] INFO  com.demo.baseutil.Basetest - Admin@1234 typed into Password is entered
15:33:27.268 [main] INFO  com.demo.baseutil.Basetest - Validate confirm password is clicked is clickable
15:33:29.669 [main] INFO  com.demo.baseutil.Basetest - Clicked on : confirm password is clicked
15:33:29.669 [main] INFO  com.demo.baseutil.Basetest - Enter the value into Confirm Password is entered
15:33:29.960 [main] INFO  com.demo.baseutil.Basetest - Admin@1234 typed into Confirm Password is entered
15:33:36.039 [main] INFO  com.demo.baseutil.Basetest - Scroll down
15:33:36.039 [main] INFO  com.demo.baseutil.Basetest - Validate button is clicked is clickable
15:33:38.467 [main] INFO  com.demo.baseutil.Basetest - Clicked on : button is clicked
15:33:40.479 [main] INFO  com.demo.baseutil.Basetest - Validate email address field is clicked is clickable
15:33:43.252 [main] INFO  com.demo.baseutil.Basetest - Clicked on : email address field is clicked
15:33:43.252 [main] INFO  com.demo.baseutil.Basetest - Enter the value into Email Id Entered
15:33:43.684 [main] INFO  com.demo.baseutil.Basetest - 87301avcyghg@yopmail.com typed into Email Id Entered
15:33:43.684 [main] INFO  com.demo.baseutil.Basetest - Validate Enter the password is clickable
15:33:46.141 [main] INFO  com.demo.baseutil.Basetest - Clicked on : Enter the password
15:33:46.141 [main] INFO  com.demo.baseutil.Basetest - Enter the value into Password Id Entered
15:33:46.485 [main] INFO  com.demo.baseutil.Basetest - Admin@1234 typed into Password Id Entered
15:33:50.580 [main] INFO  com.demo.baseutil.Basetest - Scroll down
15:33:50.580 [main] INFO  com.demo.baseutil.Basetest - Validate Press the signin button is clickable
15:33:53.449 [main] INFO  com.demo.baseutil.Basetest - Clicked on : Press the signin button
15:33:56.554 [main] INFO  com.demo.baseutil.Basetest - Scroll down successful
15:33:57.559 [main] INFO  com.demo.baseutil.Basetest - Validate Press the button is clickable
15:33:59.950 [main] INFO  com.demo.baseutil.Basetest - Clicked on : Press the button
15:33:59.966 [main] INFO  com.demo.baseutil.Basetest - Scroll down successful
15:33:59.966 [main] INFO  com.demo.baseutil.Basetest - Validate Press the signin button is clickable
15:34:02.421 [main] INFO  com.demo.baseutil.Basetest - Clicked on : Press the signin button
15:34:04.422 [main] INFO  com.demo.baseutil.Basetest - Validate Press the button is clickable
15:34:06.877 [main] INFO  com.demo.baseutil.Basetest - Clicked on : Press the button
15:34:09.893 [main] INFO  com.demo.baseutil.Basetest - Validate Click on First is clickable
15:34:12.276 [main] INFO  com.demo.baseutil.Basetest - Clicked on : Click on First
15:34:12.276 [main] INFO  com.demo.baseutil.Basetest - Enter the value into enter the  First
15:34:12.544 [main] INFO  com.demo.baseutil.Basetest - First typed into enter the  First
15:34:12.544 [main] INFO  com.demo.baseutil.Basetest - Validate Click on last is clickable
15:34:14.860 [main] INFO  com.demo.baseutil.Basetest - Clicked on : Click on last
15:34:14.860 [main] INFO  com.demo.baseutil.Basetest - Enter the value into enter the  Last
15:34:15.141 [main] INFO  com.demo.baseutil.Basetest - Last typed into enter the  Last
15:34:15.141 [main] INFO  com.demo.baseutil.Basetest - Validate Click on dest is clickable
15:34:17.496 [main] INFO  com.demo.baseutil.Basetest - Clicked on : Click on dest
15:34:17.496 [main] INFO  com.demo.baseutil.Basetest - Enter the value into enter the  dest
15:34:17.794 [main] INFO  com.demo.baseutil.Basetest - dest typed into enter the  dest
15:34:17.794 [main] INFO  com.demo.baseutil.Basetest - Validate Click on Submit is clickable
15:34:20.183 [main] INFO  com.demo.baseutil.Basetest - Clicked on : Click on Submit
15:34:20.184 [main] INFO  com.demo.baseutil.Basetest - Validate Click on address is clickable
15:34:25.059 [main] INFO  com.demo.baseutil.Basetest - Clicked on : Click on address
15:34:25.059 [main] INFO  com.demo.baseutil.Basetest - Enter the value into enter the  address
15:34:25.520 [main] INFO  com.demo.baseutil.Basetest - 123 William Street, New York, NY, USA typed into enter the  address
15:34:27.539 [main] INFO  com.demo.baseutil.Basetest - Validate comapny name is clicked is clickable
15:34:29.975 [main] INFO  com.demo.baseutil.Basetest - Clicked on : comapny name is clicked
15:34:29.975 [main] INFO  com.demo.baseutil.Basetest - Validate Click on state is clickable
15:34:32.375 [main] INFO  com.demo.baseutil.Basetest - Clicked on : Click on state
15:34:32.376 [main] INFO  com.demo.baseutil.Basetest - Enter the value into Enetered the state
15:34:32.709 [main] INFO  com.demo.baseutil.Basetest - NY typed into Enetered the state
15:34:32.709 [main] INFO  com.demo.baseutil.Basetest - Validate Click on zip is clickable
15:34:35.113 [main] INFO  com.demo.baseutil.Basetest - Clicked on : Click on zip
15:34:35.113 [main] INFO  com.demo.baseutil.Basetest - Enter the value into Enetred the Zip
15:34:35.423 [main] INFO  com.demo.baseutil.Basetest - 10038-3804 typed into Enetred the Zip
15:34:35.423 [main] INFO  com.demo.baseutil.Basetest - Validate Click on city is clickable
15:34:37.896 [main] INFO  com.demo.baseutil.Basetest - Clicked on : Click on city
15:34:37.897 [main] INFO  com.demo.baseutil.Basetest - Enter the value into Enetered the city
15:34:38.245 [main] INFO  com.demo.baseutil.Basetest - New York typed into Enetered the city
15:34:38.246 [main] INFO  com.demo.baseutil.Basetest - Validate Click on country is clickable
15:34:40.626 [main] INFO  com.demo.baseutil.Basetest - Clicked on : Click on country
15:34:40.626 [main] INFO  com.demo.baseutil.Basetest - Enter the value into Enetered the country
15:34:40.934 [main] INFO  com.demo.baseutil.Basetest - United States typed into Enetered the country
15:34:47.054 [main] INFO  com.demo.baseutil.Basetest - Scroll down
15:34:49.057 [main] INFO  com.demo.baseutil.Basetest - Validate Click on Submit is clickable
15:34:51.497 [main] INFO  com.demo.baseutil.Basetest - Clicked on : Click on Submit
15:34:52.690 [main] INFO  com.demo.baseutil.Basetest - Browser is closed sucessfuly
15:34:53.254 [main] INFO  com.demo.baseutil.Basetest - Browser is closed sucessfuly
15:35:07.687 [main] INFO  com.demo.baseutil.Basetest - Validate Sign in with FarmtoPlate account is clickable
15:35:10.057 [main] INFO  com.demo.baseutil.Basetest - Clicked on : Sign in with FarmtoPlate account
15:35:10.065 [main] INFO  com.demo.baseutil.Basetest - Url contains farmtoplateapps.io/login
15:35:10.082 [main] INFO  com.demo.baseutil.Basetest - Sign in title matched
15:35:10.082 [main] INFO  com.demo.baseutil.Basetest - UI verified for Sigin page.
15:35:10.082 [main] INFO  com.demo.baseutil.Basetest - Sign in function call
15:35:10.082 [main] INFO  com.demo.baseutil.Basetest - Validate email address field is clicked is clickable
15:35:12.968 [main] INFO  com.demo.baseutil.Basetest - Clicked on : email address field is clicked
15:35:12.968 [main] INFO  com.demo.baseutil.Basetest - Enter the value into Email Id Entered
15:35:13.303 [main] INFO  com.demo.baseutil.Basetest - 300@yopmail.com typed into Email Id Entered
15:35:13.303 [main] INFO  com.demo.baseutil.Basetest - Validate Enter the password is clickable
15:35:15.599 [main] INFO  com.demo.baseutil.Basetest - Clicked on : Enter the password
15:35:15.599 [main] INFO  com.demo.baseutil.Basetest - Enter the value into Password Id Entered
15:35:15.805 [main] INFO  com.demo.baseutil.Basetest - Admin@1234 typed into Password Id Entered
15:35:19.883 [main] INFO  com.demo.baseutil.Basetest - Scroll down
15:35:19.883 [main] INFO  com.demo.baseutil.Basetest - Validate Press the signin button is clickable
15:35:22.943 [main] INFO  com.demo.baseutil.Basetest - Clicked on : Press the signin button
15:35:25.168 [main] INFO  com.demo.baseutil.Basetest - HomePage title  is matched
15:35:35.190 [main] INFO  com.demo.baseutil.Basetest - Validate click on dashboard is clickable
15:35:37.625 [main] INFO  com.demo.baseutil.Basetest - Clicked on : click on dashboard
15:35:39.632 [main] INFO  com.demo.baseutil.Basetest - Validate click on organisation network is clickable
15:35:42.090 [main] INFO  com.demo.baseutil.Basetest - Clicked on : click on organisation network
15:35:47.161 [main] INFO  com.demo.baseutil.Basetest - Sign in title matched
15:35:47.161 [main] INFO  com.demo.baseutil.Basetest - UI verified for Organisation network page.
15:35:49.241 [main] INFO  com.demo.baseutil.Basetest - Validate click on product register is clickable
15:35:51.675 [main] INFO  com.demo.baseutil.Basetest - Clicked on : click on product register
15:35:58.766 [main] INFO  com.demo.baseutil.Basetest - Sign in title matched
15:35:58.766 [main] INFO  com.demo.baseutil.Basetest - UI verified for Product page.
15:35:59.826 [main] INFO  com.demo.baseutil.Basetest - Validate click on lots is clickable
15:36:02.215 [main] INFO  com.demo.baseutil.Basetest - Clicked on : click on lots
15:36:08.275 [main] INFO  com.demo.baseutil.Basetest - Sign in title matched
15:36:08.275 [main] INFO  com.demo.baseutil.Basetest - UI verified for Lots page.
15:36:10.812 [main] INFO  com.demo.baseutil.Basetest - Browser is closed sucessfuly
15:36:11.292 [main] INFO  com.demo.baseutil.Basetest - Browser is closed sucessfuly
15:36:23.766 [main] INFO  com.demo.baseutil.Basetest - Validate Sign in with FarmtoPlate account is clickable
15:36:26.172 [main] INFO  com.demo.baseutil.Basetest - Clicked on : Sign in with FarmtoPlate account
15:36:26.180 [main] INFO  com.demo.baseutil.Basetest - Url contains farmtoplateapps.io/login
15:36:26.180 [main] INFO  com.demo.baseutil.Basetest - Sign in title matched
15:36:26.180 [main] INFO  com.demo.baseutil.Basetest - UI verified for Sigin page.
15:36:26.180 [main] INFO  com.demo.baseutil.Basetest - Sign in function call
15:36:26.195 [main] INFO  com.demo.baseutil.Basetest - Validate email address field is clicked is clickable
15:36:28.795 [main] INFO  com.demo.baseutil.Basetest - Clicked on : email address field is clicked
15:36:28.796 [main] INFO  com.demo.baseutil.Basetest - Enter the value into Email Id Entered
15:36:29.137 [main] INFO  com.demo.baseutil.Basetest - 300@yopmail.com typed into Email Id Entered
15:36:29.137 [main] INFO  com.demo.baseutil.Basetest - Validate Enter the password is clickable
15:36:31.456 [main] INFO  com.demo.baseutil.Basetest - Clicked on : Enter the password
15:36:31.456 [main] INFO  com.demo.baseutil.Basetest - Enter the value into Password Id Entered
15:36:31.733 [main] INFO  com.demo.baseutil.Basetest - Admin@1234 typed into Password Id Entered
15:36:35.809 [main] INFO  com.demo.baseutil.Basetest - Scroll down
15:36:35.809 [main] INFO  com.demo.baseutil.Basetest - Validate Press the signin button is clickable
15:36:38.995 [main] INFO  com.demo.baseutil.Basetest - Clicked on : Press the signin button
15:36:41.022 [main] INFO  com.demo.baseutil.Basetest - HomePage title  is matched
15:36:51.051 [main] INFO  com.demo.baseutil.Basetest - Validate Network Management is clicked is clickable
15:36:53.578 [main] INFO  com.demo.baseutil.Basetest - Clicked on : Network Management is clicked
15:36:58.581 [main] INFO  com.demo.baseutil.Basetest - Validate Add new is clicked is clickable
15:37:00.936 [main] INFO  com.demo.baseutil.Basetest - Clicked on : Add new is clicked
15:37:02.945 [main] INFO  com.demo.baseutil.Basetest - Validate Organisation Name is clicked is clickable
15:37:05.261 [main] INFO  com.demo.baseutil.Basetest - Clicked on : Organisation Name is clicked
15:37:05.263 [main] INFO  com.demo.baseutil.Basetest - Enter the value into Organisation is Entered
15:37:05.547 [main] INFO  com.demo.baseutil.Basetest - jdYXddbw typed into Organisation is Entered
15:37:05.548 [main] INFO  com.demo.baseutil.Basetest - Validate Organisation type is clicked is clickable
15:37:07.928 [main] INFO  com.demo.baseutil.Basetest - Clicked on : Organisation type is clicked
15:37:07.928 [main] INFO  com.demo.baseutil.Basetest - Validate upstream is selected is clickable
15:37:10.322 [main] INFO  com.demo.baseutil.Basetest - Clicked on : upstream is selected
15:37:10.322 [main] INFO  com.demo.baseutil.Basetest - Validate Organisation role is clicked is clickable
15:37:12.651 [main] INFO  com.demo.baseutil.Basetest - Clicked on : Organisation role is clicked
15:37:12.651 [main] INFO  com.demo.baseutil.Basetest - Validate Organisation role is selected is clickable
15:37:14.986 [main] INFO  com.demo.baseutil.Basetest - Clicked on : Organisation role is selected
15:37:14.986 [main] INFO  com.demo.baseutil.Basetest - Validate module is clicked is clickable
15:37:17.360 [main] INFO  com.demo.baseutil.Basetest - Clicked on : module is clicked
15:37:17.361 [main] INFO  com.demo.baseutil.Basetest - Validate module is selected is clickable
15:37:19.763 [main] INFO  com.demo.baseutil.Basetest - Clicked on : module is selected
15:37:19.763 [main] INFO  com.demo.baseutil.Basetest - Validate email field is clicked is clickable
15:37:22.047 [main] INFO  com.demo.baseutil.Basetest - Clicked on : email field is clicked
15:37:22.047 [main] INFO  com.demo.baseutil.Basetest - Enter the value into emailid is Entered
15:37:22.472 [main] INFO  com.demo.baseutil.Basetest - NsqaGZeY815@yopmail.com typed into emailid is Entered
15:37:23.485 [main] INFO  com.demo.baseutil.Basetest - Validate sendinvite button is clicked is clickable
15:37:25.949 [main] INFO  com.demo.baseutil.Basetest - Clicked on : sendinvite button is clicked
15:37:27.960 [main] INFO  com.demo.baseutil.Basetest - Validate submit is selected is clickable
15:37:30.402 [main] INFO  com.demo.baseutil.Basetest - Clicked on : submit is selected
15:37:45.528 [main] INFO  com.demo.baseutil.Basetest - Validate Email address input field is clicked is clickable
15:37:47.867 [main] INFO  com.demo.baseutil.Basetest - Clicked on : Email address input field is clicked
15:37:47.867 [main] INFO  com.demo.baseutil.Basetest - Enter the value into email address is entered
15:37:48.245 [main] INFO  com.demo.baseutil.Basetest - NsqaGZeY815@yopmail.com typed into email address is entered
15:37:48.246 [main] INFO  com.demo.baseutil.Basetest - Validate arrow button is clicked is clickable
15:37:51.777 [main] INFO  com.demo.baseutil.Basetest - Clicked on : arrow button is clicked
15:37:54.831 [main] INFO  com.demo.baseutil.Basetest - Validate first email is clicked is clickable
15:37:57.277 [main] INFO  com.demo.baseutil.Basetest - Clicked on : first email is clicked
15:37:59.380 [main] INFO  com.demo.baseutil.Basetest - Validate email address is clicked is clickable
15:38:01.705 [main] INFO  com.demo.baseutil.Basetest - Clicked on : email address is clicked
15:38:03.739 [main] INFO  com.demo.baseutil.Basetest - Validate pass is clicked is clickable
15:38:06.108 [main] INFO  com.demo.baseutil.Basetest - Clicked on : pass is clicked
15:38:06.108 [main] INFO  com.demo.baseutil.Basetest - Enter the value into Password is entered
15:38:06.439 [main] INFO  com.demo.baseutil.Basetest - Admin@1234 typed into Password is entered
15:38:06.440 [main] INFO  com.demo.baseutil.Basetest - Validate confirm password is clicked is clickable
15:38:08.857 [main] INFO  com.demo.baseutil.Basetest - Clicked on : confirm password is clicked
15:38:08.857 [main] INFO  com.demo.baseutil.Basetest - Enter the value into Confirm Password is entered
15:38:09.186 [main] INFO  com.demo.baseutil.Basetest - Admin@1234 typed into Confirm Password is entered
15:38:15.253 [main] INFO  com.demo.baseutil.Basetest - Scroll down
15:38:15.253 [main] INFO  com.demo.baseutil.Basetest - Validate button is clicked is clickable
15:38:17.681 [main] INFO  com.demo.baseutil.Basetest - Clicked on : button is clicked
15:38:19.694 [main] INFO  com.demo.baseutil.Basetest - Validate email address field is clicked is clickable
15:38:22.221 [main] INFO  com.demo.baseutil.Basetest - Clicked on : email address field is clicked
15:38:22.221 [main] INFO  com.demo.baseutil.Basetest - Enter the value into Email Id Entered
15:38:22.674 [main] INFO  com.demo.baseutil.Basetest - NsqaGZeY815@yopmail.com typed into Email Id Entered
15:38:22.674 [main] INFO  com.demo.baseutil.Basetest - Validate Enter the password is clickable
15:38:25.144 [main] INFO  com.demo.baseutil.Basetest - Clicked on : Enter the password
15:38:25.145 [main] INFO  com.demo.baseutil.Basetest - Enter the value into Password Id Entered
15:38:25.436 [main] INFO  com.demo.baseutil.Basetest - Admin@1234 typed into Password Id Entered
15:38:29.522 [main] INFO  com.demo.baseutil.Basetest - Scroll down
15:38:29.522 [main] INFO  com.demo.baseutil.Basetest - Validate Press the signin button is clickable
15:38:32.344 [main] INFO  com.demo.baseutil.Basetest - Clicked on : Press the signin button
15:38:38.354 [main] INFO  com.demo.baseutil.Basetest - Validate Press the continue button is clickable
15:38:40.767 [main] INFO  com.demo.baseutil.Basetest - Clicked on : Press the continue button
15:38:40.798 [main] INFO  com.demo.baseutil.Basetest - Scroll down successful
15:38:44.877 [main] INFO  com.demo.baseutil.Basetest - Scroll down
15:38:49.920 [main] INFO  com.demo.baseutil.Basetest - Scroll down successful
15:38:49.920 [main] INFO  com.demo.baseutil.Basetest - Validate Press the signin button is clickable
15:38:52.341 [main] INFO  com.demo.baseutil.Basetest - Clicked on : Press the signin button
15:38:52.341 [main] INFO  com.demo.baseutil.Basetest - Validate Press the button is clickable
15:38:54.695 [main] INFO  com.demo.baseutil.Basetest - Clicked on : Press the button
15:38:54.856 [main] INFO  com.demo.baseutil.Basetest - Browser is closed sucessfuly
15:38:55.389 [main] INFO  com.demo.baseutil.Basetest - Browser is closed sucessfuly
15:39:10.911 [main] INFO  com.demo.baseutil.Basetest - Validate Sign in with FarmtoPlate account is clickable
15:39:13.293 [main] INFO  com.demo.baseutil.Basetest - Clicked on : Sign in with FarmtoPlate account
15:39:13.293 [main] INFO  com.demo.baseutil.Basetest - Url contains farmtoplateapps.io/login
15:39:13.293 [main] INFO  com.demo.baseutil.Basetest - Sign in title matched
15:39:13.293 [main] INFO  com.demo.baseutil.Basetest - UI verified for Sigin page.
15:39:13.293 [main] INFO  com.demo.baseutil.Basetest - Sign in function call
15:39:13.293 [main] INFO  com.demo.baseutil.Basetest - Validate email address field is clicked is clickable
15:39:15.728 [main] INFO  com.demo.baseutil.Basetest - Clicked on : email address field is clicked
15:39:15.728 [main] INFO  com.demo.baseutil.Basetest - Enter the value into Email Id Entered
15:39:15.995 [main] INFO  com.demo.baseutil.Basetest - 300@yopmail.com typed into Email Id Entered
15:39:15.995 [main] INFO  com.demo.baseutil.Basetest - Validate Enter the password is clickable
15:39:18.286 [main] INFO  com.demo.baseutil.Basetest - Clicked on : Enter the password
15:39:18.286 [main] INFO  com.demo.baseutil.Basetest - Enter the value into Password Id Entered
15:39:18.498 [main] INFO  com.demo.baseutil.Basetest - Admin@1234 typed into Password Id Entered
15:39:22.573 [main] INFO  com.demo.baseutil.Basetest - Scroll down
15:39:22.573 [main] INFO  com.demo.baseutil.Basetest - Validate Press the signin button is clickable
15:39:25.398 [main] INFO  com.demo.baseutil.Basetest - Clicked on : Press the signin button
15:39:27.821 [main] INFO  com.demo.baseutil.Basetest - HomePage title  is matched
15:39:39.906 [main] INFO  com.demo.baseutil.Basetest - Validate Asset & Infrastructure Data is clicked is clickable
15:39:42.189 [main] INFO  com.demo.baseutil.Basetest - Clicked on : Asset & Infrastructure Data is clicked
15:39:44.205 [main] INFO  com.demo.baseutil.Basetest - Validate Assets is clicked is clickable
15:39:46.695 [main] INFO  com.demo.baseutil.Basetest - Clicked on : Assets is clicked
15:39:48.696 [main] INFO  com.demo.baseutil.Basetest - Validate Add new is clicked is clickable
15:39:51.072 [main] INFO  com.demo.baseutil.Basetest - Clicked on : Add new is clicked
15:39:53.081 [main] INFO  com.demo.baseutil.Basetest - Validate Asset type is clicked is clickable
15:39:55.490 [main] INFO  com.demo.baseutil.Basetest - Clicked on : Asset type is clicked
15:39:55.490 [main] INFO  com.demo.baseutil.Basetest - Validate vehicle is selected is clickable
15:39:58.138 [main] INFO  com.demo.baseutil.Basetest - Clicked on : vehicle is selected
15:39:58.138 [main] INFO  com.demo.baseutil.Basetest - Validate Click on Vehicle Name is clickable
15:40:00.592 [main] INFO  com.demo.baseutil.Basetest - Clicked on : Click on Vehicle Name
15:40:00.593 [main] INFO  com.demo.baseutil.Basetest - Enter the value into enter the vehicle name
15:40:00.924 [main] INFO  com.demo.baseutil.Basetest - Loading Vehiclewia typed into enter the vehicle name
15:40:00.924 [main] INFO  com.demo.baseutil.Basetest - Validate Click on Vehicle Number is clickable
15:40:03.387 [main] INFO  com.demo.baseutil.Basetest - Clicked on : Click on Vehicle Number
15:40:03.387 [main] INFO  com.demo.baseutil.Basetest - Enter the value into Enter the vehicle number
15:40:03.708 [main] INFO  com.demo.baseutil.Basetest - aMPqXQNq typed into Enter the vehicle number
15:40:03.708 [main] INFO  com.demo.baseutil.Basetest - Validate click the dropdown of carrier is clickable
15:40:06.104 [main] INFO  com.demo.baseutil.Basetest - Clicked on : click the dropdown of carrier
15:40:06.104 [main] INFO  com.demo.baseutil.Basetest - Validate click the tanker is clickable
15:40:08.649 [main] INFO  com.demo.baseutil.Basetest - Clicked on : click the tanker
15:40:08.649 [main] INFO  com.demo.baseutil.Basetest - Validate Click on Make is clickable
15:40:11.159 [main] INFO  com.demo.baseutil.Basetest - Clicked on : Click on Make
15:40:11.159 [main] INFO  com.demo.baseutil.Basetest - Enter the value into enter the make
15:40:11.492 [main] INFO  com.demo.baseutil.Basetest - Mahindra typed into enter the make
15:40:11.492 [main] INFO  com.demo.baseutil.Basetest - Validate Click on Model is clickable
15:40:13.924 [main] INFO  com.demo.baseutil.Basetest - Clicked on : Click on Model
15:40:13.925 [main] INFO  com.demo.baseutil.Basetest - Enter the value into enter the model
15:40:14.298 [main] INFO  com.demo.baseutil.Basetest - XUV typed into enter the model
15:40:14.298 [main] INFO  com.demo.baseutil.Basetest - Validate Click on Model is clickable
15:40:16.697 [main] INFO  com.demo.baseutil.Basetest - Clicked on : Click on Model
15:40:16.697 [main] INFO  com.demo.baseutil.Basetest - Enter the value into enter the model
15:40:17.064 [main] INFO  com.demo.baseutil.Basetest - XUV typed into enter the model
15:40:17.064 [main] INFO  com.demo.baseutil.Basetest - Validate Click on Vehicle Number is clickable
15:40:19.490 [main] INFO  com.demo.baseutil.Basetest - Clicked on : Click on Vehicle Number
15:40:19.490 [main] INFO  com.demo.baseutil.Basetest - Enter the value into Enter the engine number
15:40:19.826 [main] INFO  com.demo.baseutil.Basetest - fzaVqkUl typed into Enter the engine number
15:40:19.827 [main] INFO  com.demo.baseutil.Basetest - Validate Click on Class-GVWR is clickable
15:40:22.188 [main] INFO  com.demo.baseutil.Basetest - Clicked on : Click on Class-GVWR
15:40:22.188 [main] INFO  com.demo.baseutil.Basetest - Enter the value into enter the classgvwr
15:40:22.485 [main] INFO  com.demo.baseutil.Basetest - Class I typed into enter the classgvwr
15:40:22.485 [main] INFO  com.demo.baseutil.Basetest - Validate Click on Weight Capacity is clickable
15:40:24.990 [main] INFO  com.demo.baseutil.Basetest - Clicked on : Click on Weight Capacity
15:40:24.990 [main] INFO  com.demo.baseutil.Basetest - Enter the value into enter the weight capacity
15:40:25.247 [main] INFO  com.demo.baseutil.Basetest - 100 typed into enter the weight capacity
15:40:29.300 [main] INFO  com.demo.baseutil.Basetest - Scroll down
15:40:29.315 [main] INFO  com.demo.baseutil.Basetest - Scroll down successful
15:40:29.315 [main] INFO  com.demo.baseutil.Basetest - Validate Click on Add button is clickable
15:40:31.945 [main] INFO  com.demo.baseutil.Basetest - Clicked on : Click on Add button
15:40:33.207 [main] INFO  com.demo.baseutil.Basetest - Browser is closed sucessfuly
15:40:33.821 [main] INFO  com.demo.baseutil.Basetest - Browser is closed sucessfuly
15:40:47.387 [main] INFO  com.demo.baseutil.Basetest - Validate Sign in with FarmtoPlate account is clickable
15:40:49.785 [main] INFO  com.demo.baseutil.Basetest - Clicked on : Sign in with FarmtoPlate account
15:40:49.801 [main] INFO  com.demo.baseutil.Basetest - Url contains farmtoplateapps.io/login
15:40:49.801 [main] INFO  com.demo.baseutil.Basetest - Sign in title matched
15:40:49.801 [main] INFO  com.demo.baseutil.Basetest - UI verified for Sigin page.
15:40:49.801 [main] INFO  com.demo.baseutil.Basetest - Sign in function call
15:40:49.801 [main] INFO  com.demo.baseutil.Basetest - Validate email address field is clicked is clickable
15:40:52.499 [main] INFO  com.demo.baseutil.Basetest - Clicked on : email address field is clicked
15:40:52.499 [main] INFO  com.demo.baseutil.Basetest - Enter the value into Email Id Entered
15:40:52.775 [main] INFO  com.demo.baseutil.Basetest - 300@yopmail.com typed into Email Id Entered
15:40:52.775 [main] INFO  com.demo.baseutil.Basetest - Validate Enter the password is clickable
15:40:55.067 [main] INFO  com.demo.baseutil.Basetest - Clicked on : Enter the password
15:40:55.067 [main] INFO  com.demo.baseutil.Basetest - Enter the value into Password Id Entered
15:40:55.289 [main] INFO  com.demo.baseutil.Basetest - Admin@1234 typed into Password Id Entered
15:40:59.387 [main] INFO  com.demo.baseutil.Basetest - Scroll down
15:40:59.387 [main] INFO  com.demo.baseutil.Basetest - Validate Press the signin button is clickable
15:41:02.341 [main] INFO  com.demo.baseutil.Basetest - Clicked on : Press the signin button
15:41:04.768 [main] INFO  com.demo.baseutil.Basetest - HomePage title  is matched
15:41:16.865 [main] INFO  com.demo.baseutil.Basetest - Validate Asset & Infrastructure Data is clicked is clickable
15:41:19.217 [main] INFO  com.demo.baseutil.Basetest - Clicked on : Asset & Infrastructure Data is clicked
15:41:21.221 [main] INFO  com.demo.baseutil.Basetest - Validate Infra is clicked is clickable
15:41:23.724 [main] INFO  com.demo.baseutil.Basetest - Clicked on : Infra is clicked
15:41:25.728 [main] INFO  com.demo.baseutil.Basetest - Validate Add new is clicked is clickable
15:41:28.220 [main] INFO  com.demo.baseutil.Basetest - Clicked on : Add new is clicked
15:41:30.223 [main] INFO  com.demo.baseutil.Basetest - Validate Click on Location Name is clickable
15:41:32.616 [main] INFO  com.demo.baseutil.Basetest - Clicked on : Click on Location Name
15:41:32.616 [main] INFO  com.demo.baseutil.Basetest - Enter the value into enter the location name
15:41:32.993 [main] INFO  com.demo.baseutil.Basetest - Warehouse B typed into enter the location name
15:41:32.993 [main] INFO  com.demo.baseutil.Basetest - Validate Asset type is clicked is clickable
15:41:35.389 [main] INFO  com.demo.baseutil.Basetest - Clicked on : Asset type is clicked
15:41:35.389 [main] INFO  com.demo.baseutil.Basetest - Validate vehicle is selected is clickable
15:41:37.810 [main] INFO  com.demo.baseutil.Basetest - Clicked on : vehicle is selected
15:41:37.810 [main] INFO  com.demo.baseutil.Basetest - Validate Click on GLN is clickable
15:41:40.215 [main] INFO  com.demo.baseutil.Basetest - Clicked on : Click on GLN
15:41:40.215 [main] INFO  com.demo.baseutil.Basetest - Enter the value into enter the GLN
15:41:40.457 [main] INFO  com.demo.baseutil.Basetest - 5926525404532 typed into enter the GLN
15:41:40.457 [main] INFO  com.demo.baseutil.Basetest - Validate Click on address is clickable
15:41:42.763 [main] INFO  com.demo.baseutil.Basetest - Clicked on : Click on address
15:41:42.763 [main] INFO  com.demo.baseutil.Basetest - Enter the value into enter the  address
15:41:43.192 [main] INFO  com.demo.baseutil.Basetest - Bangalore Palace, Palace Cross Road, Vasanth Nagar, Bengaluru, Karnataka, India typed into enter the  address
15:41:43.192 [main] INFO  com.demo.baseutil.Basetest - Validate Click on state is clickable
15:41:45.583 [main] INFO  com.demo.baseutil.Basetest - Clicked on : Click on state
15:41:45.583 [main] INFO  com.demo.baseutil.Basetest - Enter the value into Enetered the state
15:41:45.894 [main] INFO  com.demo.baseutil.Basetest - KA typed into Enetered the state
15:41:45.894 [main] INFO  com.demo.baseutil.Basetest - Validate Click on city is clickable
15:41:48.317 [main] INFO  com.demo.baseutil.Basetest - Clicked on : Click on city
15:41:48.317 [main] INFO  com.demo.baseutil.Basetest - Enter the value into Enetered the city
15:41:48.657 [main] INFO  com.demo.baseutil.Basetest - Bengaluru typed into Enetered the city
15:41:48.657 [main] INFO  com.demo.baseutil.Basetest - Validate Click on country is clickable
15:41:51.098 [main] INFO  com.demo.baseutil.Basetest - Clicked on : Click on country
15:41:51.098 [main] INFO  com.demo.baseutil.Basetest - Enter the value into Enetered the city
15:41:51.333 [main] INFO  com.demo.baseutil.Basetest - India typed into Enetered the city
15:41:51.333 [main] INFO  com.demo.baseutil.Basetest - Validate Click on zip is clickable
15:41:53.703 [main] INFO  com.demo.baseutil.Basetest - Clicked on : Click on zip
15:41:53.705 [main] INFO  com.demo.baseutil.Basetest - Enter the value into Enetred the Zip
15:41:54.016 [main] INFO  com.demo.baseutil.Basetest - 560052 typed into Enetred the Zip
15:41:58.105 [main] INFO  com.demo.baseutil.Basetest - Scroll down
15:41:58.105 [main] INFO  com.demo.baseutil.Basetest - Validate Click on Add button is clickable
15:42:00.554 [main] INFO  com.demo.baseutil.Basetest - Clicked on : Click on Add button
15:42:01.772 [main] INFO  com.demo.baseutil.Basetest - Browser is closed sucessfuly
15:42:02.346 [main] INFO  com.demo.baseutil.Basetest - Browser is closed sucessfuly
15:42:12.104 [main] INFO  com.demo.baseutil.Basetest - Validate Sign in with FarmtoPlate account is clickable
15:42:14.646 [main] INFO  com.demo.baseutil.Basetest - Clicked on : Sign in with FarmtoPlate account
15:42:14.663 [main] INFO  com.demo.baseutil.Basetest - Url contains farmtoplateapps.io/login
15:42:14.671 [main] INFO  com.demo.baseutil.Basetest - Sign in title matched
15:42:14.671 [main] INFO  com.demo.baseutil.Basetest - UI verified for Sigin page.
15:42:14.671 [main] INFO  com.demo.baseutil.Basetest - Sign in function call
15:42:14.671 [main] INFO  com.demo.baseutil.Basetest - Validate email address field is clicked is clickable
15:42:17.090 [main] INFO  com.demo.baseutil.Basetest - Clicked on : email address field is clicked
15:42:17.090 [main] INFO  com.demo.baseutil.Basetest - Enter the value into Email Id Entered
15:42:17.475 [main] INFO  com.demo.baseutil.Basetest - 300@yopmail.com typed into Email Id Entered
15:42:17.475 [main] INFO  com.demo.baseutil.Basetest - Validate Enter the password is clickable
15:42:19.872 [main] INFO  com.demo.baseutil.Basetest - Clicked on : Enter the password
15:42:19.872 [main] INFO  com.demo.baseutil.Basetest - Enter the value into Password Id Entered
15:42:20.304 [main] INFO  com.demo.baseutil.Basetest - Admin@1234 typed into Password Id Entered
15:42:24.385 [main] INFO  com.demo.baseutil.Basetest - Scroll down
15:42:24.385 [main] INFO  com.demo.baseutil.Basetest - Validate Press the signin button is clickable
15:42:27.888 [main] INFO  com.demo.baseutil.Basetest - Clicked on : Press the signin button
15:42:30.608 [main] INFO  com.demo.baseutil.Basetest - HomePage title  is matched
15:42:42.698 [main] INFO  com.demo.baseutil.Basetest - Validate Asset & Infrastructure Data is clicked is clickable
15:42:45.121 [main] INFO  com.demo.baseutil.Basetest - Clicked on : Asset & Infrastructure Data is clicked
15:42:47.125 [main] INFO  com.demo.baseutil.Basetest - Validate Assets is clicked is clickable
15:42:49.884 [main] INFO  com.demo.baseutil.Basetest - Clicked on : Assets is clicked
15:42:51.890 [main] INFO  com.demo.baseutil.Basetest - Validate Add new is clicked is clickable
15:42:54.458 [main] INFO  com.demo.baseutil.Basetest - Clicked on : Add new is clicked
15:42:56.460 [main] INFO  com.demo.baseutil.Basetest - Validate Asset type is clicked is clickable
15:42:58.840 [main] INFO  com.demo.baseutil.Basetest - Clicked on : Asset type is clicked
15:42:58.840 [main] INFO  com.demo.baseutil.Basetest - Validate Click on Vehicle Name is clickable
15:43:01.305 [main] INFO  com.demo.baseutil.Basetest - Clicked on : Click on Vehicle Name
15:43:03.315 [main] INFO  com.demo.baseutil.Basetest - Validate container name is clicked is clickable
15:43:05.748 [main] INFO  com.demo.baseutil.Basetest - Clicked on : container name is clicked
15:43:05.748 [main] INFO  com.demo.baseutil.Basetest - Enter the value into enter the container name
15:43:06.139 [main] INFO  com.demo.baseutil.Basetest - container822822 typed into enter the container name
15:43:08.142 [main] INFO  com.demo.baseutil.Basetest - Validate length is clicked is clickable
15:43:10.573 [main] INFO  com.demo.baseutil.Basetest - Clicked on : length is clicked
15:43:12.584 [main] INFO  com.demo.baseutil.Basetest - Enter the value into enter the length
15:43:12.898 [main] INFO  com.demo.baseutil.Basetest - 10 typed into enter the length
15:43:12.898 [main] INFO  com.demo.baseutil.Basetest - Validate breadth is clicked is clickable
15:43:15.320 [main] INFO  com.demo.baseutil.Basetest - Clicked on : breadth is clicked
15:43:15.320 [main] INFO  com.demo.baseutil.Basetest - Enter the value into breath entered
15:43:15.665 [main] INFO  com.demo.baseutil.Basetest - 10 typed into breath entered
15:43:17.677 [main] INFO  com.demo.baseutil.Basetest - Validate height is clicked is clickable
15:43:20.100 [main] INFO  com.demo.baseutil.Basetest - Clicked on : height is clicked
15:43:22.110 [main] INFO  com.demo.baseutil.Basetest - Enter the value into height entered
15:43:22.409 [main] INFO  com.demo.baseutil.Basetest - 20 typed into height entered
15:43:24.416 [main] INFO  com.demo.baseutil.Basetest - Validate dom is clicked is clickable
15:43:26.828 [main] INFO  com.demo.baseutil.Basetest - Clicked on : dom is clicked
15:43:28.836 [main] INFO  com.demo.baseutil.Basetest - Validate ft is clicked is clickable
15:43:31.252 [main] INFO  com.demo.baseutil.Basetest - Clicked on : ft is clicked
15:43:33.256 [main] INFO  com.demo.baseutil.Basetest - Validate wt is clicked is clickable
15:43:35.776 [main] INFO  com.demo.baseutil.Basetest - Clicked on : wt is clicked
15:43:37.778 [main] INFO  com.demo.baseutil.Basetest - Enter the value into weight entered
15:43:38.106 [main] INFO  com.demo.baseutil.Basetest - 1000 typed into weight entered
15:43:40.126 [main] INFO  com.demo.baseutil.Basetest - Validate wtcap is clicked is clickable
15:43:42.570 [main] INFO  com.demo.baseutil.Basetest - Clicked on : wtcap is clicked
15:43:44.572 [main] INFO  com.demo.baseutil.Basetest - Validate tons is clicked is clickable
15:43:46.918 [main] INFO  com.demo.baseutil.Basetest - Clicked on : tons is clicked
15:43:48.934 [main] INFO  com.demo.baseutil.Basetest - Validate Click on Add button is clickable
15:43:51.418 [main] INFO  com.demo.baseutil.Basetest - Clicked on : Click on Add button
15:43:57.652 [main] INFO  com.demo.baseutil.Basetest - Browser is closed sucessfuly
15:43:58.231 [main] INFO  com.demo.baseutil.Basetest - Browser is closed sucessfuly
15:44:12.318 [main] INFO  com.demo.baseutil.Basetest - Validate Sign in with FarmtoPlate account is clickable
15:44:14.803 [main] INFO  com.demo.baseutil.Basetest - Clicked on : Sign in with FarmtoPlate account
15:44:14.803 [main] INFO  com.demo.baseutil.Basetest - Url contains farmtoplateapps.io/login
15:44:14.819 [main] INFO  com.demo.baseutil.Basetest - Sign in title matched
15:44:14.819 [main] INFO  com.demo.baseutil.Basetest - UI verified for Sigin page.
15:44:14.819 [main] INFO  com.demo.baseutil.Basetest - Sign in function call
15:44:14.819 [main] INFO  com.demo.baseutil.Basetest - Validate email address field is clicked is clickable
15:44:17.389 [main] INFO  com.demo.baseutil.Basetest - Clicked on : email address field is clicked
15:44:17.389 [main] INFO  com.demo.baseutil.Basetest - Enter the value into Email Id Entered
15:44:17.766 [main] INFO  com.demo.baseutil.Basetest - 300@yopmail.com typed into Email Id Entered
15:44:17.766 [main] INFO  com.demo.baseutil.Basetest - Validate Enter the password is clickable
15:44:20.101 [main] INFO  com.demo.baseutil.Basetest - Clicked on : Enter the password
15:44:20.101 [main] INFO  com.demo.baseutil.Basetest - Enter the value into Password Id Entered
15:44:20.414 [main] INFO  com.demo.baseutil.Basetest - Admin@1234 typed into Password Id Entered
15:44:24.493 [main] INFO  com.demo.baseutil.Basetest - Scroll down
15:44:24.493 [main] INFO  com.demo.baseutil.Basetest - Validate Press the signin button is clickable
15:44:27.728 [main] INFO  com.demo.baseutil.Basetest - Clicked on : Press the signin button
15:44:30.729 [main] INFO  com.demo.baseutil.Basetest - HomePage title  is matched
15:44:46.812 [main] INFO  com.demo.baseutil.Basetest - Validate User Management is clicked is clickable
15:44:49.204 [main] INFO  com.demo.baseutil.Basetest - Clicked on : User Management is clicked
15:44:51.207 [main] INFO  com.demo.baseutil.Basetest - Validate users is clicked is clickable
15:44:53.895 [main] INFO  com.demo.baseutil.Basetest - Clicked on : users is clicked
15:44:55.911 [main] INFO  com.demo.baseutil.Basetest - Validate Add new is clicked is clickable
15:44:58.433 [main] INFO  com.demo.baseutil.Basetest - Clicked on : Add new is clicked
15:45:00.437 [main] INFO  com.demo.baseutil.Basetest - Validate first name is clicked is clickable
15:45:02.966 [main] INFO  com.demo.baseutil.Basetest - Clicked on : first name is clicked
15:45:04.971 [main] INFO  com.demo.baseutil.Basetest - Enter the value into first name is entered
15:45:05.304 [main] INFO  com.demo.baseutil.Basetest - abc typed into first name is entered
15:45:07.311 [main] INFO  com.demo.baseutil.Basetest - Validate last name is clicked is clickable
15:45:09.754 [main] INFO  com.demo.baseutil.Basetest - Clicked on : last name is clicked
15:45:11.769 [main] INFO  com.demo.baseutil.Basetest - Enter the value into lastname name is entered
15:45:12.146 [main] INFO  com.demo.baseutil.Basetest - abc typed into lastname name is entered
15:45:14.160 [main] INFO  com.demo.baseutil.Basetest - Validate modulename is clicked is clickable
15:45:16.615 [main] INFO  com.demo.baseutil.Basetest - Clicked on : modulename is clicked
15:45:18.623 [main] INFO  com.demo.baseutil.Basetest - Validate module name is clicked is clickable
15:45:21.109 [main] INFO  com.demo.baseutil.Basetest - Clicked on : module name is clicked
15:45:23.112 [main] INFO  com.demo.baseutil.Basetest - Validate assignrole is clicked is clickable
15:45:25.568 [main] INFO  com.demo.baseutil.Basetest - Clicked on : assignrole is clicked
15:45:27.572 [main] INFO  com.demo.baseutil.Basetest - Validate assignitem is clicked is clickable
15:45:29.981 [main] INFO  com.demo.baseutil.Basetest - Clicked on : assignitem is clicked
15:45:31.983 [main] INFO  com.demo.baseutil.Basetest - Validate emailuser is clicked is clickable
15:45:34.411 [main] INFO  com.demo.baseutil.Basetest - Clicked on : emailuser is clicked
15:45:36.422 [main] INFO  com.demo.baseutil.Basetest - Enter the value into eamil is entered
15:45:36.881 [main] INFO  com.demo.baseutil.Basetest - abc742@yopmail.com typed into eamil is entered
15:45:38.905 [main] INFO  com.demo.baseutil.Basetest - Validate countrycode is clicked is clickable
15:45:41.477 [main] INFO  com.demo.baseutil.Basetest - Clicked on : countrycode is clicked
15:45:43.481 [main] INFO  com.demo.baseutil.Basetest - Enter the value into countrycode is entered
15:45:44.294 [main] INFO  com.demo.baseutil.Basetest - +91 typed into countrycode is entered
15:45:48.301 [main] INFO  com.demo.baseutil.Basetest - Validate countrycode select is clicked is clickable
15:45:50.851 [main] INFO  com.demo.baseutil.Basetest - Clicked on : countrycode select is clicked
15:45:52.856 [main] INFO  com.demo.baseutil.Basetest - Validate phnumber is clicked is clickable
15:45:55.293 [main] INFO  com.demo.baseutil.Basetest - Clicked on : phnumber is clicked
15:45:57.294 [main] INFO  com.demo.baseutil.Basetest - Enter the value into phnumber is entered
15:45:57.717 [main] INFO  com.demo.baseutil.Basetest - 7099774131 typed into phnumber is entered
15:46:01.726 [main] INFO  com.demo.baseutil.Basetest - Validate send invite user  is clicked is clickable
15:46:04.173 [main] INFO  com.demo.baseutil.Basetest - Clicked on : send invite user  is clicked
15:46:08.325 [main] INFO  com.demo.baseutil.Basetest - Validate Email address input field is clicked is clickable
15:46:12.180 [main] INFO  com.demo.baseutil.Basetest - Clicked on : Email address input field is clicked
15:46:12.180 [main] INFO  com.demo.baseutil.Basetest - Enter the value into email address is entered
15:46:12.483 [main] INFO  com.demo.baseutil.Basetest - abc742@yopmail.com typed into email address is entered
15:46:12.483 [main] INFO  com.demo.baseutil.Basetest - Validate arrow button is clicked is clickable
15:46:15.549 [main] INFO  com.demo.baseutil.Basetest - Clicked on : arrow button is clicked
15:46:18.640 [main] INFO  com.demo.baseutil.Basetest - Validate first email is clicked is clickable
15:46:21.173 [main] INFO  com.demo.baseutil.Basetest - Clicked on : first email is clicked
15:46:23.267 [main] INFO  com.demo.baseutil.Basetest - Validate email address is clicked is clickable
15:46:25.813 [main] INFO  com.demo.baseutil.Basetest - Clicked on : email address is clicked
15:46:27.843 [main] INFO  com.demo.baseutil.Basetest - Validate pass is clicked is clickable
15:46:30.353 [main] INFO  com.demo.baseutil.Basetest - Clicked on : pass is clicked
15:46:30.353 [main] INFO  com.demo.baseutil.Basetest - Enter the value into Password is entered
15:46:30.639 [main] INFO  com.demo.baseutil.Basetest - Admin@1234 typed into Password is entered
15:46:30.639 [main] INFO  com.demo.baseutil.Basetest - Validate confirm password is clicked is clickable
15:46:32.942 [main] INFO  com.demo.baseutil.Basetest - Clicked on : confirm password is clicked
15:46:32.942 [main] INFO  com.demo.baseutil.Basetest - Enter the value into Confirm Password is entered
15:46:33.218 [main] INFO  com.demo.baseutil.Basetest - Admin@1234 typed into Confirm Password is entered
15:46:35.244 [main] INFO  com.demo.baseutil.Basetest - Scroll down successful
15:46:35.244 [main] INFO  com.demo.baseutil.Basetest - Validate button is clicked is clickable
15:46:37.702 [main] INFO  com.demo.baseutil.Basetest - Clicked on : button is clicked
15:46:39.705 [main] INFO  com.demo.baseutil.Basetest - Validate email address field is clicked is clickable
15:46:42.398 [main] INFO  com.demo.baseutil.Basetest - Clicked on : email address field is clicked
15:46:42.398 [main] INFO  com.demo.baseutil.Basetest - Enter the value into Email Id Entered
15:46:42.790 [main] INFO  com.demo.baseutil.Basetest - abc742@yopmail.com typed into Email Id Entered
15:46:42.805 [main] INFO  com.demo.baseutil.Basetest - Validate Enter the password is clickable
15:46:45.249 [main] INFO  com.demo.baseutil.Basetest - Clicked on : Enter the password
15:46:45.249 [main] INFO  com.demo.baseutil.Basetest - Enter the value into Password Id Entered
15:46:45.538 [main] INFO  com.demo.baseutil.Basetest - Admin@1234 typed into Password Id Entered
15:46:45.549 [main] INFO  com.demo.baseutil.Basetest - Scroll down successful
15:46:45.549 [main] INFO  com.demo.baseutil.Basetest - Validate Press the signin button is clickable
15:46:48.402 [main] INFO  com.demo.baseutil.Basetest - Clicked on : Press the signin button
15:46:51.640 [main] INFO  com.demo.baseutil.Basetest - Scroll down successful
15:46:52.658 [main] INFO  com.demo.baseutil.Basetest - Validate Press the button is clickable
15:46:55.099 [main] INFO  com.demo.baseutil.Basetest - Clicked on : Press the button
15:46:55.115 [main] INFO  com.demo.baseutil.Basetest - Scroll down successful
15:46:55.115 [main] INFO  com.demo.baseutil.Basetest - Validate Press the signin button is clickable
15:46:57.627 [main] INFO  com.demo.baseutil.Basetest - Clicked on : Press the signin button
15:46:59.634 [main] INFO  com.demo.baseutil.Basetest - Validate Press the button is clickable
15:47:02.022 [main] INFO  com.demo.baseutil.Basetest - Clicked on : Press the button
15:47:02.228 [main] INFO  com.demo.baseutil.Basetest - Browser is closed sucessfuly
15:47:02.808 [main] INFO  com.demo.baseutil.Basetest - Browser is closed sucessfuly
15:47:11.999 [main] INFO  com.demo.baseutil.Basetest - Validate Sign in with FarmtoPlate account is clickable
15:47:14.534 [main] INFO  com.demo.baseutil.Basetest - Clicked on : Sign in with FarmtoPlate account
15:47:14.534 [main] INFO  com.demo.baseutil.Basetest - Url contains farmtoplateapps.io/login
15:47:14.550 [main] INFO  com.demo.baseutil.Basetest - Sign in title matched
15:47:14.550 [main] INFO  com.demo.baseutil.Basetest - UI verified for Sigin page.
15:47:14.550 [main] INFO  com.demo.baseutil.Basetest - Sign in function call
15:47:14.550 [main] INFO  com.demo.baseutil.Basetest - Validate email address field is clicked is clickable
15:47:17.741 [main] INFO  com.demo.baseutil.Basetest - Clicked on : email address field is clicked
15:47:17.741 [main] INFO  com.demo.baseutil.Basetest - Enter the value into Email Id Entered
15:47:18.164 [main] INFO  com.demo.baseutil.Basetest - 300@yopmail.com typed into Email Id Entered
15:47:18.164 [main] INFO  com.demo.baseutil.Basetest - Validate Enter the password is clickable
15:47:20.526 [main] INFO  com.demo.baseutil.Basetest - Clicked on : Enter the password
15:47:20.526 [main] INFO  com.demo.baseutil.Basetest - Enter the value into Password Id Entered
15:47:20.745 [main] INFO  com.demo.baseutil.Basetest - Admin@1234 typed into Password Id Entered
15:47:24.825 [main] INFO  com.demo.baseutil.Basetest - Scroll down
15:47:24.825 [main] INFO  com.demo.baseutil.Basetest - Validate Press the signin button is clickable
15:47:28.076 [main] INFO  com.demo.baseutil.Basetest - Clicked on : Press the signin button
15:47:30.530 [main] INFO  com.demo.baseutil.Basetest - HomePage title  is matched
15:47:42.610 [main] INFO  com.demo.baseutil.Basetest - Validate User Management is clicked is clickable
15:47:45.079 [main] INFO  com.demo.baseutil.Basetest - Clicked on : User Management is clicked
15:47:47.079 [main] INFO  com.demo.baseutil.Basetest - Validate roles is clicked is clickable
15:47:49.973 [main] INFO  com.demo.baseutil.Basetest - Clicked on : roles is clicked
15:47:51.990 [main] INFO  com.demo.baseutil.Basetest - Validate Add new is clicked is clickable
15:47:54.505 [main] INFO  com.demo.baseutil.Basetest - Clicked on : Add new is clicked
15:47:59.506 [main] INFO  com.demo.baseutil.Basetest - Validate role name is clicked is clickable
15:48:01.984 [main] INFO  com.demo.baseutil.Basetest - Clicked on : role name is clicked
15:48:03.988 [main] INFO  com.demo.baseutil.Basetest - Enter the value into rolename is entered
15:48:04.303 [main] INFO  com.demo.baseutil.Basetest - rolename936 typed into rolename is entered
15:48:06.319 [main] INFO  com.demo.baseutil.Basetest - Validate roletype is clicked is clickable
15:48:08.713 [main] INFO  com.demo.baseutil.Basetest - Clicked on : roletype is clicked
15:48:10.718 [main] INFO  com.demo.baseutil.Basetest - Validate Admin is clicked is clickable
15:48:13.180 [main] INFO  com.demo.baseutil.Basetest - Clicked on : Admin is clicked
15:48:15.197 [main] INFO  com.demo.baseutil.Basetest - Scroll down successful
15:48:17.217 [main] INFO  com.demo.baseutil.Basetest - Validate modulename is clicked is clickable
15:48:19.678 [main] INFO  com.demo.baseutil.Basetest - Clicked on : modulename is clicked
15:48:21.682 [main] INFO  com.demo.baseutil.Basetest - Validate module name is clicked is clickable
15:48:24.101 [main] INFO  com.demo.baseutil.Basetest - Clicked on : module name is clicked
15:48:26.114 [main] INFO  com.demo.baseutil.Basetest - Validate orgdept is clicked is clickable
15:48:28.579 [main] INFO  com.demo.baseutil.Basetest - Clicked on : orgdept is clicked
15:48:30.581 [main] INFO  com.demo.baseutil.Basetest - Validate orgdeptselect is clicked is clickable
15:48:33.022 [main] INFO  com.demo.baseutil.Basetest - Clicked on : orgdeptselect is clicked
15:48:35.027 [main] INFO  com.demo.baseutil.Basetest - Validate nxtbutton is clicked is clickable
15:48:37.500 [main] INFO  com.demo.baseutil.Basetest - Clicked on : nxtbutton is clicked
15:48:45.503 [main] INFO  com.demo.baseutil.Basetest - Scroll till the nxtbutton1 scrolled
15:48:45.628 [main] INFO  com.demo.baseutil.Basetest - Scroll till the nxtbutton1 scrolled completed
15:48:47.632 [main] INFO  com.demo.baseutil.Basetest - Validate nxtbutton1 is clicked is clickable
15:48:50.299 [main] INFO  com.demo.baseutil.Basetest - Clicked on : nxtbutton1 is clicked
15:49:08.743 [main] INFO  com.demo.baseutil.Basetest - Validate update1 select is clicked is clickable
15:49:11.314 [main] INFO  com.demo.baseutil.Basetest - Clicked on : update1 select is clicked
15:49:13.321 [main] INFO  com.demo.baseutil.Basetest - Validate update2 is clicked is clickable
15:49:15.976 [main] INFO  com.demo.baseutil.Basetest - Clicked on : update2 is clicked
15:49:19.990 [main] INFO  com.demo.baseutil.Basetest - Validate alert1  is clicked is clickable
15:49:22.583 [main] INFO  com.demo.baseutil.Basetest - Clicked on : alert1  is clicked
15:49:24.599 [main] INFO  com.demo.baseutil.Basetest - Validate alert2  is clicked is clickable
15:49:27.161 [main] INFO  com.demo.baseutil.Basetest - Clicked on : alert2  is clicked
15:49:31.183 [main] INFO  com.demo.baseutil.Basetest - Scroll till the submitbtn scrolled
15:49:31.326 [main] INFO  com.demo.baseutil.Basetest - Scroll till the submitbtn scrolled completed
15:49:33.345 [main] INFO  com.demo.baseutil.Basetest - Validate submitbtn is clicked is clickable
15:49:35.920 [main] INFO  com.demo.baseutil.Basetest - Clicked on : submitbtn is clicked
15:49:41.541 [main] INFO  com.demo.baseutil.Basetest - Browser is closed sucessfuly
15:49:42.123 [main] INFO  com.demo.baseutil.Basetest - Browser is closed sucessfuly
15:50:00.860 [main] INFO  com.demo.baseutil.Basetest - Validate Sign in with FarmtoPlate account is clickable
15:50:03.275 [main] INFO  com.demo.baseutil.Basetest - Clicked on : Sign in with FarmtoPlate account
15:50:03.277 [main] INFO  com.demo.baseutil.Basetest - Url contains farmtoplateapps.io/login
15:50:03.293 [main] INFO  com.demo.baseutil.Basetest - Sign in title matched
15:50:03.293 [main] INFO  com.demo.baseutil.Basetest - UI verified for Sigin page.
15:50:03.293 [main] INFO  com.demo.baseutil.Basetest - Sign in function call
15:50:03.293 [main] INFO  com.demo.baseutil.Basetest - Validate email address field is clicked is clickable
15:50:05.602 [main] INFO  com.demo.baseutil.Basetest - Clicked on : email address field is clicked
15:50:05.602 [main] INFO  com.demo.baseutil.Basetest - Enter the value into Email Id Entered
15:50:05.896 [main] INFO  com.demo.baseutil.Basetest - 300@yopmail.com typed into Email Id Entered
15:50:05.896 [main] INFO  com.demo.baseutil.Basetest - Validate Enter the password is clickable
15:50:08.237 [main] INFO  com.demo.baseutil.Basetest - Clicked on : Enter the password
15:50:08.237 [main] INFO  com.demo.baseutil.Basetest - Enter the value into Password Id Entered
15:50:08.465 [main] INFO  com.demo.baseutil.Basetest - Admin@1234 typed into Password Id Entered
15:50:12.523 [main] INFO  com.demo.baseutil.Basetest - Scroll down
15:50:12.523 [main] INFO  com.demo.baseutil.Basetest - Validate Press the signin button is clickable
15:50:15.222 [main] INFO  com.demo.baseutil.Basetest - Clicked on : Press the signin button
15:50:17.231 [main] INFO  com.demo.baseutil.Basetest - HomePage title  is matched
15:50:31.344 [main] INFO  com.demo.baseutil.Basetest - Scroll down
15:50:33.360 [main] INFO  com.demo.baseutil.Basetest - Validate Products is clicked is clickable
15:50:35.872 [main] INFO  com.demo.baseutil.Basetest - Clicked on : Products is clicked
15:50:40.875 [main] INFO  com.demo.baseutil.Basetest - Validate Add new is clicked is clickable
15:50:43.292 [main] INFO  com.demo.baseutil.Basetest - Clicked on : Add new is clicked
15:50:45.307 [main] INFO  com.demo.baseutil.Basetest - Validate Click on productcategory is clickable
15:50:47.686 [main] INFO  com.demo.baseutil.Basetest - Clicked on : Click on productcategory
15:50:47.686 [main] INFO  com.demo.baseutil.Basetest - Validate productbasedfood is clicked is clickable
15:50:50.069 [main] INFO  com.demo.baseutil.Basetest - Clicked on : productbasedfood is clicked
15:50:50.069 [main] INFO  com.demo.baseutil.Basetest - Validate product name is selected is clickable
15:50:52.483 [main] INFO  com.demo.baseutil.Basetest - Clicked on : product name is selected
15:50:52.483 [main] INFO  com.demo.baseutil.Basetest - Enter the value into enter the product
15:50:52.778 [main] INFO  com.demo.baseutil.Basetest - wheat102682136849660597 typed into enter the product
15:50:52.778 [main] INFO  com.demo.baseutil.Basetest - Validate Click on productid is clickable
15:50:55.219 [main] INFO  com.demo.baseutil.Basetest - Clicked on : Click on productid
15:50:55.219 [main] INFO  com.demo.baseutil.Basetest - Validate Click on checkbox is clickable
15:50:57.714 [main] INFO  com.demo.baseutil.Basetest - Clicked on : Click on checkbox
15:50:57.714 [main] INFO  com.demo.baseutil.Basetest - Validate Click on autogenerate is clickable
15:51:00.156 [main] INFO  com.demo.baseutil.Basetest - Clicked on : Click on autogenerate
15:51:00.156 [main] INFO  com.demo.baseutil.Basetest - Validate Click on productdesc is clickable
15:51:02.521 [main] INFO  com.demo.baseutil.Basetest - Clicked on : Click on productdesc
15:51:02.521 [main] INFO  com.demo.baseutil.Basetest - Enter the value into Enetered the product desc
15:51:02.749 [main] INFO  com.demo.baseutil.Basetest - test typed into Enetered the product desc
15:51:02.749 [main] INFO  com.demo.baseutil.Basetest - Validate Click on upload is clickable
15:51:05.000 [main] INFO  com.demo.baseutil.Basetest - Clicked on : Click on upload
15:51:15.371 [main] INFO  com.demo.baseutil.Basetest - Scroll down
15:51:15.371 [main] INFO  com.demo.baseutil.Basetest - Validate Click on ingrediant name is clickable
15:51:17.807 [main] INFO  com.demo.baseutil.Basetest - Clicked on : Click on ingrediant name
15:51:17.807 [main] INFO  com.demo.baseutil.Basetest - Enter the value into ingredient name is entered
15:51:18.158 [main] INFO  com.demo.baseutil.Basetest - wheat typed into ingredient name is entered
15:51:21.175 [main] INFO  com.demo.baseutil.Basetest - Validate Click on ingrediant name is clickable
15:51:23.638 [main] INFO  com.demo.baseutil.Basetest - Clicked on : Click on ingrediant name
15:51:23.638 [main] INFO  com.demo.baseutil.Basetest - Enter the value into nutri name is entered
15:51:23.884 [main] INFO  com.demo.baseutil.Basetest - fact typed into nutri name is entered
15:51:23.884 [main] INFO  com.demo.baseutil.Basetest - Validate Click on ingrediant QTY is clickable
15:51:26.260 [main] INFO  com.demo.baseutil.Basetest - Clicked on : Click on ingrediant QTY
15:51:26.260 [main] INFO  com.demo.baseutil.Basetest - Enter the value into nutri qty is entered
15:51:26.626 [main] INFO  com.demo.baseutil.Basetest - 1 typed into nutri qty is entered
15:51:26.627 [main] INFO  com.demo.baseutil.Basetest - Validate Click on ingrediant drop is clickable
15:51:28.998 [main] INFO  com.demo.baseutil.Basetest - Clicked on : Click on ingrediant drop
15:51:31.008 [main] INFO  com.demo.baseutil.Basetest - Validate Click on ingrediant value is clickable
15:51:33.399 [main] INFO  com.demo.baseutil.Basetest - Clicked on : Click on ingrediant value
15:51:39.457 [main] INFO  com.demo.baseutil.Basetest - Scroll down
15:51:41.504 [main] INFO  com.demo.baseutil.Basetest - Scroll down successful
15:51:41.504 [main] INFO  com.demo.baseutil.Basetest - Validate Click on ingrediant name is clickable
15:51:43.897 [main] INFO  com.demo.baseutil.Basetest - Clicked on : Click on ingrediant name
15:51:43.897 [main] INFO  com.demo.baseutil.Basetest - Validate Click on ingrediant name is clickable
15:51:46.258 [main] INFO  com.demo.baseutil.Basetest - Clicked on : Click on ingrediant name
15:51:46.258 [main] INFO  com.demo.baseutil.Basetest - Validate Click on ingrediant name is clickable
15:51:48.567 [main] INFO  com.demo.baseutil.Basetest - Clicked on : Click on ingrediant name
15:51:48.567 [main] INFO  com.demo.baseutil.Basetest - Enter the value into price is entered
15:51:48.900 [main] INFO  com.demo.baseutil.Basetest - 1 typed into price is entered
15:51:48.900 [main] INFO  com.demo.baseutil.Basetest - Validate Click on currency is clickable
15:51:51.315 [main] INFO  com.demo.baseutil.Basetest - Clicked on : Click on currency
15:51:51.315 [main] INFO  com.demo.baseutil.Basetest - Validate Click on currency value is clickable
15:51:53.627 [main] INFO  com.demo.baseutil.Basetest - Clicked on : Click on currency value
15:51:53.627 [main] INFO  com.demo.baseutil.Basetest - Validate Click on typepacking value is clickable
15:51:56.070 [main] INFO  com.demo.baseutil.Basetest - Clicked on : Click on typepacking value
15:51:56.070 [main] INFO  com.demo.baseutil.Basetest - Enter the value into typepacking is entered
15:51:56.356 [main] INFO  com.demo.baseutil.Basetest - 1 typed into typepacking is entered
15:51:56.356 [main] INFO  com.demo.baseutil.Basetest - Validate Click on length value is clickable
15:51:58.735 [main] INFO  com.demo.baseutil.Basetest - Clicked on : Click on length value
15:51:58.735 [main] INFO  com.demo.baseutil.Basetest - Enter the value into length is entered
15:51:59.068 [main] INFO  com.demo.baseutil.Basetest - 1 typed into length is entered
15:51:59.068 [main] INFO  com.demo.baseutil.Basetest - Validate Click on breath value is clickable
15:52:01.502 [main] INFO  com.demo.baseutil.Basetest - Clicked on : Click on breath value
15:52:01.504 [main] INFO  com.demo.baseutil.Basetest - Enter the value into breath is entered
15:52:01.851 [main] INFO  com.demo.baseutil.Basetest - 1 typed into breath is entered
15:52:01.851 [main] INFO  com.demo.baseutil.Basetest - Validate Click on height value is clickable
15:52:04.218 [main] INFO  com.demo.baseutil.Basetest - Clicked on : Click on height value
15:52:04.218 [main] INFO  com.demo.baseutil.Basetest - Enter the value into height is entered
15:52:04.499 [main] INFO  com.demo.baseutil.Basetest - 1 typed into height is entered
15:52:06.524 [main] INFO  com.demo.baseutil.Basetest - Scroll down successful
15:52:06.524 [main] INFO  com.demo.baseutil.Basetest - Validate Click on checkbox1 is clickable
15:52:08.957 [main] INFO  com.demo.baseutil.Basetest - Clicked on : Click on checkbox1
15:52:18.006 [main] INFO  com.demo.baseutil.Basetest - Scroll down
15:52:18.006 [main] INFO  com.demo.baseutil.Basetest - Validate Click on gln1 is clickable
15:52:20.331 [main] INFO  com.demo.baseutil.Basetest - Clicked on : Click on gln1
15:52:20.331 [main] INFO  com.demo.baseutil.Basetest - Enter the value into gln1 is entered
15:52:20.648 [main] INFO  com.demo.baseutil.Basetest - warehouse typed into gln1 is entered
15:52:24.659 [main] INFO  com.demo.baseutil.Basetest - Validate Click on autosearch is clickable
15:52:27.078 [main] INFO  com.demo.baseutil.Basetest - Clicked on : Click on autosearch
15:52:29.091 [main] INFO  com.demo.baseutil.Basetest - Validate Click on gln2 is clickable
15:52:31.482 [main] INFO  com.demo.baseutil.Basetest - Clicked on : Click on gln2
15:52:31.482 [main] INFO  com.demo.baseutil.Basetest - Enter the value into gln2 is entered
15:52:31.702 [main] INFO  com.demo.baseutil.Basetest - warehouse typed into gln2 is entered
15:52:35.705 [main] INFO  com.demo.baseutil.Basetest - Validate Click on autosearch is clickable
15:52:38.125 [main] INFO  com.demo.baseutil.Basetest - Clicked on : Click on autosearch
15:52:43.127 [main] INFO  com.demo.baseutil.Basetest - Validate Click on gln3 is clickable
15:52:45.516 [main] INFO  com.demo.baseutil.Basetest - Clicked on : Click on gln3
15:52:45.516 [main] INFO  com.demo.baseutil.Basetest - Enter the value into gln3 is entered
15:52:45.857 [main] INFO  com.demo.baseutil.Basetest - warehouse typed into gln3 is entered
15:52:47.866 [main] INFO  com.demo.baseutil.Basetest - Scroll till the scrolldown to table:
15:52:47.992 [main] INFO  com.demo.baseutil.Basetest - Scroll till the scrolldown to table: completed
15:52:50.001 [main] INFO  com.demo.baseutil.Basetest - Validate Click on autosearch is clickable
15:52:52.409 [main] INFO  com.demo.baseutil.Basetest - Clicked on : Click on autosearch
15:52:58.463 [main] INFO  com.demo.baseutil.Basetest - Scroll down
15:53:00.473 [main] INFO  com.demo.baseutil.Basetest - Validate Click on registerproduct is clickable
15:53:02.921 [main] INFO  com.demo.baseutil.Basetest - Clicked on : Click on registerproduct
15:53:28.033 [main] INFO  com.demo.baseutil.Basetest - Browser is closed sucessfuly
15:53:28.559 [main] INFO  com.demo.baseutil.Basetest - Browser is closed sucessfuly
15:53:37.189 [main] INFO  com.demo.baseutil.Basetest - Validate Sign in with FarmtoPlate account is clickable
15:53:39.568 [main] INFO  com.demo.baseutil.Basetest - Clicked on : Sign in with FarmtoPlate account
15:53:39.573 [main] INFO  com.demo.baseutil.Basetest - Url contains farmtoplateapps.io/login
15:53:39.576 [main] INFO  com.demo.baseutil.Basetest - Sign in title matched
15:53:39.576 [main] INFO  com.demo.baseutil.Basetest - UI verified for Sigin page.
15:53:39.576 [main] INFO  com.demo.baseutil.Basetest - Sign in function call
15:53:39.576 [main] INFO  com.demo.baseutil.Basetest - Validate email address field is clicked is clickable
15:53:41.869 [main] INFO  com.demo.baseutil.Basetest - Clicked on : email address field is clicked
15:53:41.869 [main] INFO  com.demo.baseutil.Basetest - Enter the value into Email Id Entered
15:53:42.149 [main] INFO  com.demo.baseutil.Basetest - 300@yopmail.com typed into Email Id Entered
15:53:42.149 [main] INFO  com.demo.baseutil.Basetest - Validate Enter the password is clickable
15:53:44.434 [main] INFO  com.demo.baseutil.Basetest - Clicked on : Enter the password
15:53:44.434 [main] INFO  com.demo.baseutil.Basetest - Enter the value into Password Id Entered
15:53:44.681 [main] INFO  com.demo.baseutil.Basetest - Admin@1234 typed into Password Id Entered
15:53:48.750 [main] INFO  com.demo.baseutil.Basetest - Scroll down
15:53:48.750 [main] INFO  com.demo.baseutil.Basetest - Validate Press the signin button is clickable
15:53:51.532 [main] INFO  com.demo.baseutil.Basetest - Clicked on : Press the signin button
15:53:53.537 [main] INFO  com.demo.baseutil.Basetest - HomePage title  is matched
15:54:07.638 [main] INFO  com.demo.baseutil.Basetest - Scroll down
15:54:09.650 [main] INFO  com.demo.baseutil.Basetest - Validate Process is clicked is clickable
15:54:12.077 [main] INFO  com.demo.baseutil.Basetest - Clicked on : Process is clicked
15:54:17.079 [main] INFO  com.demo.baseutil.Basetest - Validate Process add is clicked is clickable
15:54:19.489 [main] INFO  com.demo.baseutil.Basetest - Clicked on : Process add is clicked
15:54:24.498 [main] INFO  com.demo.baseutil.Basetest - Validate Product id is clicked is clickable
15:54:26.817 [main] INFO  com.demo.baseutil.Basetest - Clicked on : Product id is clicked
15:54:40.143 [main] INFO  com.demo.baseutil.Basetest - Validate Product id is clicked is clickable
15:54:42.644 [main] INFO  com.demo.baseutil.Basetest - Clicked on : Product id is clicked
15:54:44.655 [main] INFO  com.demo.baseutil.Basetest - Validate Product id searchbox is clicked is clickable
15:54:47.131 [main] INFO  com.demo.baseutil.Basetest - Clicked on : Product id searchbox is clicked
15:54:49.134 [main] INFO  com.demo.baseutil.Basetest - Validate outside is clicked is clickable
15:54:51.394 [main] INFO  com.demo.baseutil.Basetest - Clicked on : outside is clicked
15:54:53.413 [main] INFO  com.demo.baseutil.Basetest - Scroll down successful
15:54:53.413 [main] INFO  com.demo.baseutil.Basetest - Validate process name is clicked is clickable
15:54:55.861 [main] INFO  com.demo.baseutil.Basetest - Clicked on : process name is clicked
15:54:57.868 [main] INFO  com.demo.baseutil.Basetest - Enter the value into process name Value is entered
15:54:58.124 [main] INFO  com.demo.baseutil.Basetest - processdisagg typed into process name Value is entered
15:55:04.209 [main] INFO  com.demo.baseutil.Basetest - Scroll down
15:55:06.215 [main] INFO  com.demo.baseutil.Basetest - Validate process loc is clicked is clickable
15:55:08.715 [main] INFO  com.demo.baseutil.Basetest - Clicked on : process loc is clicked
15:55:10.721 [main] INFO  com.demo.baseutil.Basetest - Enter the value into process name Value is entered
15:55:10.935 [main] INFO  com.demo.baseutil.Basetest - 1100110023456 typed into process name Value is entered
15:55:15.956 [main] INFO  com.demo.baseutil.Basetest - Validate process loc is clicked is clickable
15:55:18.598 [main] INFO  com.demo.baseutil.Basetest - Clicked on : process loc is clicked
15:55:23.613 [main] INFO  com.demo.baseutil.Basetest - Validate process type is clicked is clickable
15:55:26.045 [main] INFO  com.demo.baseutil.Basetest - Clicked on : process type is clicked
15:55:28.071 [main] INFO  com.demo.baseutil.Basetest - Scroll down successful
15:55:28.071 [main] INFO  com.demo.baseutil.Basetest - Validate process discomm is clicked is clickable
15:55:30.521 [main] INFO  com.demo.baseutil.Basetest - Clicked on : process discomm is clicked
15:55:36.624 [main] INFO  com.demo.baseutil.Basetest - Scroll down
15:55:36.624 [main] INFO  com.demo.baseutil.Basetest - Validate process add button is clicked is clickable
15:55:38.934 [main] INFO  com.demo.baseutil.Basetest - Clicked on : process add button is clicked
15:55:53.019 [main] INFO  com.demo.baseutil.Basetest - Scroll down
15:55:55.031 [main] INFO  com.demo.baseutil.Basetest - Validate Process is clicked is clickable
15:55:57.376 [main] INFO  com.demo.baseutil.Basetest - Clicked on : Process is clicked
15:56:02.390 [main] INFO  com.demo.baseutil.Basetest - Validate Process add is clicked is clickable
15:56:04.894 [main] INFO  com.demo.baseutil.Basetest - Clicked on : Process add is clicked
15:56:09.938 [main] INFO  com.demo.baseutil.Basetest - Validate Product id is clicked is clickable
15:56:12.528 [main] INFO  com.demo.baseutil.Basetest - Clicked on : Product id is clicked
15:56:16.812 [main] INFO  com.demo.baseutil.Basetest - Validate Product id is clicked is clickable
15:56:19.226 [main] INFO  com.demo.baseutil.Basetest - Clicked on : Product id is clicked
15:56:21.233 [main] INFO  com.demo.baseutil.Basetest - Validate Product id is clicked is clickable
15:56:23.617 [main] INFO  com.demo.baseutil.Basetest - Clicked on : Product id is clicked
15:56:25.624 [main] INFO  com.demo.baseutil.Basetest - Validate outside is clicked is clickable
15:56:27.999 [main] INFO  com.demo.baseutil.Basetest - Clicked on : outside is clicked
15:56:34.064 [main] INFO  com.demo.baseutil.Basetest - Scroll down
15:56:34.064 [main] INFO  com.demo.baseutil.Basetest - Validate process name is clicked is clickable
15:56:36.314 [main] INFO  com.demo.baseutil.Basetest - Clicked on : process name is clicked
15:56:38.317 [main] INFO  com.demo.baseutil.Basetest - Enter the value into process name Value is entered
15:56:38.917 [main] INFO  com.demo.baseutil.Basetest - processtrans typed into process name Value is entered
15:56:40.944 [main] INFO  com.demo.baseutil.Basetest - Scroll down successful
15:56:40.944 [main] INFO  com.demo.baseutil.Basetest - Validate process loc is clicked is clickable
15:56:43.326 [main] INFO  com.demo.baseutil.Basetest - Clicked on : process loc is clicked
15:56:45.338 [main] INFO  com.demo.baseutil.Basetest - Enter the value into process name Value is entered
15:56:45.553 [main] INFO  com.demo.baseutil.Basetest - 1100110023456 typed into process name Value is entered
15:56:50.572 [main] INFO  com.demo.baseutil.Basetest - Validate process loc is clicked is clickable
15:56:53.321 [main] INFO  com.demo.baseutil.Basetest - Clicked on : process loc is clicked
15:56:55.329 [main] INFO  com.demo.baseutil.Basetest - Validate process type is clicked is clickable
15:56:57.725 [main] INFO  com.demo.baseutil.Basetest - Clicked on : process type is clicked
15:56:59.757 [main] INFO  com.demo.baseutil.Basetest - Scroll down successful
15:56:59.757 [main] INFO  com.demo.baseutil.Basetest - Validate process trans is clicked is clickable
15:57:02.088 [main] INFO  com.demo.baseutil.Basetest - Clicked on : process trans is clicked
15:57:08.161 [main] INFO  com.demo.baseutil.Basetest - Scroll down
15:57:08.161 [main] INFO  com.demo.baseutil.Basetest - Validate process add button is clicked is clickable
15:57:10.584 [main] INFO  com.demo.baseutil.Basetest - Clicked on : process add button is clicked
15:57:24.891 [main] INFO  com.demo.baseutil.Basetest - Scroll down
15:57:26.907 [main] INFO  com.demo.baseutil.Basetest - Validate Process is clicked is clickable
15:57:29.498 [main] INFO  com.demo.baseutil.Basetest - Clicked on : Process is clicked
15:57:34.512 [main] INFO  com.demo.baseutil.Basetest - Validate Process add is clicked is clickable
15:57:36.928 [main] INFO  com.demo.baseutil.Basetest - Clicked on : Process add is clicked
15:57:41.944 [main] INFO  com.demo.baseutil.Basetest - Validate Product id is clicked is clickable
15:57:44.291 [main] INFO  com.demo.baseutil.Basetest - Clicked on : Product id is clicked
15:57:48.558 [main] INFO  com.demo.baseutil.Basetest - Validate Product id is clicked is clickable
15:57:50.884 [main] INFO  com.demo.baseutil.Basetest - Clicked on : Product id is clicked
15:57:52.888 [main] INFO  com.demo.baseutil.Basetest - Validate Product id is clicked is clickable
15:57:55.143 [main] INFO  com.demo.baseutil.Basetest - Clicked on : Product id is clicked
15:57:57.147 [main] INFO  com.demo.baseutil.Basetest - Validate outside is clicked is clickable
15:57:59.454 [main] INFO  com.demo.baseutil.Basetest - Clicked on : outside is clicked
15:58:05.526 [main] INFO  com.demo.baseutil.Basetest - Scroll down
15:58:05.526 [main] INFO  com.demo.baseutil.Basetest - Validate process name is clicked is clickable
15:58:08.247 [main] INFO  com.demo.baseutil.Basetest - Clicked on : process name is clicked
15:58:10.254 [main] INFO  com.demo.baseutil.Basetest - Enter the value into process name Value is entered
15:58:10.520 [main] INFO  com.demo.baseutil.Basetest - processcooling typed into process name Value is entered
15:58:12.540 [main] INFO  com.demo.baseutil.Basetest - Scroll down successful
15:58:12.540 [main] INFO  com.demo.baseutil.Basetest - Validate process loc is clicked is clickable
15:58:14.827 [main] INFO  com.demo.baseutil.Basetest - Clicked on : process loc is clicked
15:58:16.834 [main] INFO  com.demo.baseutil.Basetest - Enter the value into process name Value is entered
15:58:17.114 [main] INFO  com.demo.baseutil.Basetest - 1100110023456 typed into process name Value is entered
15:58:22.118 [main] INFO  com.demo.baseutil.Basetest - Validate process loc is clicked is clickable
15:58:24.504 [main] INFO  com.demo.baseutil.Basetest - Clicked on : process loc is clicked
15:58:26.517 [main] INFO  com.demo.baseutil.Basetest - Validate process type is clicked is clickable
15:58:28.862 [main] INFO  com.demo.baseutil.Basetest - Clicked on : process type is clicked
15:58:30.879 [main] INFO  com.demo.baseutil.Basetest - Scroll down successful
15:58:30.879 [main] INFO  com.demo.baseutil.Basetest - Validate process trans is clicked is clickable
15:58:33.278 [main] INFO  com.demo.baseutil.Basetest - Clicked on : process trans is clicked
15:58:39.660 [main] INFO  com.demo.baseutil.Basetest - Scroll down
15:58:39.660 [main] INFO  com.demo.baseutil.Basetest - Validate process add button is clicked is clickable
15:58:42.030 [main] INFO  com.demo.baseutil.Basetest - Clicked on : process add button is clicked
15:58:56.149 [main] INFO  com.demo.baseutil.Basetest - Scroll down
15:58:58.225 [main] INFO  com.demo.baseutil.Basetest - Validate Process is clicked is clickable
15:59:01.646 [main] INFO  com.demo.baseutil.Basetest - Clicked on : Process is clicked
15:59:06.662 [main] INFO  com.demo.baseutil.Basetest - Validate Process add is clicked is clickable
15:59:09.087 [main] INFO  com.demo.baseutil.Basetest - Clicked on : Process add is clicked
15:59:14.101 [main] INFO  com.demo.baseutil.Basetest - Validate Product id is clicked is clickable
15:59:16.393 [main] INFO  com.demo.baseutil.Basetest - Clicked on : Product id is clicked
15:59:20.706 [main] INFO  com.demo.baseutil.Basetest - Validate Product id is clicked is clickable
15:59:23.023 [main] INFO  com.demo.baseutil.Basetest - Clicked on : Product id is clicked
15:59:25.030 [main] INFO  com.demo.baseutil.Basetest - Validate Product id is clicked is clickable
15:59:27.395 [main] INFO  com.demo.baseutil.Basetest - Clicked on : Product id is clicked
15:59:29.409 [main] INFO  com.demo.baseutil.Basetest - Validate outside is clicked is clickable
15:59:31.692 [main] INFO  com.demo.baseutil.Basetest - Clicked on : outside is clicked
15:59:37.772 [main] INFO  com.demo.baseutil.Basetest - Scroll down
15:59:37.772 [main] INFO  com.demo.baseutil.Basetest - Validate process name is clicked is clickable
15:59:40.072 [main] INFO  com.demo.baseutil.Basetest - Clicked on : process name is clicked
15:59:42.079 [main] INFO  com.demo.baseutil.Basetest - Enter the value into process name Value is entered
15:59:42.329 [main] INFO  com.demo.baseutil.Basetest - processdiscomm typed into process name Value is entered
15:59:44.354 [main] INFO  com.demo.baseutil.Basetest - Scroll down successful
15:59:44.354 [main] INFO  com.demo.baseutil.Basetest - Validate process loc is clicked is clickable
15:59:46.687 [main] INFO  com.demo.baseutil.Basetest - Clicked on : process loc is clicked
15:59:48.694 [main] INFO  com.demo.baseutil.Basetest - Enter the value into process name Value is entered
15:59:48.969 [main] INFO  com.demo.baseutil.Basetest - 1100110023456 typed into process name Value is entered
15:59:53.981 [main] INFO  com.demo.baseutil.Basetest - Validate process loc is clicked is clickable
15:59:56.313 [main] INFO  com.demo.baseutil.Basetest - Clicked on : process loc is clicked
15:59:58.315 [main] INFO  com.demo.baseutil.Basetest - Validate process type is clicked is clickable
16:00:00.602 [main] INFO  com.demo.baseutil.Basetest - Clicked on : process type is clicked
16:00:02.634 [main] INFO  com.demo.baseutil.Basetest - Scroll down successful
16:00:02.634 [main] INFO  com.demo.baseutil.Basetest - Validate process trans is clicked is clickable
16:00:04.925 [main] INFO  com.demo.baseutil.Basetest - Clicked on : process trans is clicked
16:00:10.982 [main] INFO  com.demo.baseutil.Basetest - Scroll down
16:00:10.982 [main] INFO  com.demo.baseutil.Basetest - Validate process add button is clicked is clickable
16:00:13.344 [main] INFO  com.demo.baseutil.Basetest - Clicked on : process add button is clicked
16:00:15.545 [main] INFO  com.demo.baseutil.Basetest - Browser is closed sucessfuly
16:00:16.159 [main] INFO  com.demo.baseutil.Basetest - Browser is closed sucessfuly
16:00:24.345 [main] INFO  com.demo.baseutil.Basetest - Validate Sign in with FarmtoPlate account is clickable
16:00:26.656 [main] INFO  com.demo.baseutil.Basetest - Clicked on : Sign in with FarmtoPlate account
16:00:26.662 [main] INFO  com.demo.baseutil.Basetest - Url contains farmtoplateapps.io/login
16:00:26.668 [main] INFO  com.demo.baseutil.Basetest - Sign in title matched
16:00:26.668 [main] INFO  com.demo.baseutil.Basetest - UI verified for Sigin page.
16:00:26.668 [main] INFO  com.demo.baseutil.Basetest - Sign in function call
16:00:26.668 [main] INFO  com.demo.baseutil.Basetest - Validate email address field is clicked is clickable
16:00:28.972 [main] INFO  com.demo.baseutil.Basetest - Clicked on : email address field is clicked
16:00:28.972 [main] INFO  com.demo.baseutil.Basetest - Enter the value into Email Id Entered
16:00:29.301 [main] INFO  com.demo.baseutil.Basetest - 300@yopmail.com typed into Email Id Entered
16:00:29.301 [main] INFO  com.demo.baseutil.Basetest - Validate Enter the password is clickable
16:00:31.587 [main] INFO  com.demo.baseutil.Basetest - Clicked on : Enter the password
16:00:31.587 [main] INFO  com.demo.baseutil.Basetest - Enter the value into Password Id Entered
16:00:31.838 [main] INFO  com.demo.baseutil.Basetest - Admin@1234 typed into Password Id Entered
16:00:35.899 [main] INFO  com.demo.baseutil.Basetest - Scroll down
16:00:35.899 [main] INFO  com.demo.baseutil.Basetest - Validate Press the signin button is clickable
16:00:38.607 [main] INFO  com.demo.baseutil.Basetest - Clicked on : Press the signin button
16:00:40.611 [main] INFO  com.demo.baseutil.Basetest - HomePage title  is matched
16:01:00.685 [main] INFO  com.demo.baseutil.Basetest - Validate Asset & Infrastructure Data is clicked is clickable
16:01:03.093 [main] INFO  com.demo.baseutil.Basetest - Clicked on : Asset & Infrastructure Data is clicked
16:01:05.103 [main] INFO  com.demo.baseutil.Basetest - Validate Assets is clicked is clickable
16:01:07.557 [main] INFO  com.demo.baseutil.Basetest - Clicked on : Assets is clicked
16:01:09.567 [main] INFO  com.demo.baseutil.Basetest - Validate Add new is clicked is clickable
16:01:12.018 [main] INFO  com.demo.baseutil.Basetest - Clicked on : Add new is clicked
16:01:14.029 [main] INFO  com.demo.baseutil.Basetest - Validate Asset type is clicked is clickable
16:01:16.343 [main] INFO  com.demo.baseutil.Basetest - Clicked on : Asset type is clicked
16:01:16.343 [main] INFO  com.demo.baseutil.Basetest - Validate Click on Vehicle Name is clickable
16:01:18.754 [main] INFO  com.demo.baseutil.Basetest - Clicked on : Click on Vehicle Name
16:01:20.754 [main] INFO  com.demo.baseutil.Basetest - Validate container name is clicked is clickable
16:01:23.067 [main] INFO  com.demo.baseutil.Basetest - Clicked on : container name is clicked
16:01:23.067 [main] INFO  com.demo.baseutil.Basetest - Enter the value into enter the container name
16:01:23.386 [main] INFO  com.demo.baseutil.Basetest - container143143 typed into enter the container name
16:01:25.402 [main] INFO  com.demo.baseutil.Basetest - Validate length is clicked is clickable
16:01:27.806 [main] INFO  com.demo.baseutil.Basetest - Clicked on : length is clicked
16:01:29.810 [main] INFO  com.demo.baseutil.Basetest - Enter the value into enter the length
16:01:30.018 [main] INFO  com.demo.baseutil.Basetest - 10 typed into enter the length
16:01:30.025 [main] INFO  com.demo.baseutil.Basetest - Validate breadth is clicked is clickable
16:01:32.751 [main] INFO  com.demo.baseutil.Basetest - Clicked on : breadth is clicked
16:01:32.751 [main] INFO  com.demo.baseutil.Basetest - Enter the value into breath entered
16:01:33.062 [main] INFO  com.demo.baseutil.Basetest - 10 typed into breath entered
16:01:35.068 [main] INFO  com.demo.baseutil.Basetest - Validate height is clicked is clickable
16:01:37.454 [main] INFO  com.demo.baseutil.Basetest - Clicked on : height is clicked
16:01:39.460 [main] INFO  com.demo.baseutil.Basetest - Enter the value into height entered
16:01:39.744 [main] INFO  com.demo.baseutil.Basetest - 20 typed into height entered
16:01:41.759 [main] INFO  com.demo.baseutil.Basetest - Validate dom is clicked is clickable
16:01:44.290 [main] INFO  com.demo.baseutil.Basetest - Clicked on : dom is clicked
16:01:46.302 [main] INFO  com.demo.baseutil.Basetest - Validate ft is clicked is clickable
16:01:48.674 [main] INFO  com.demo.baseutil.Basetest - Clicked on : ft is clicked
16:01:50.679 [main] INFO  com.demo.baseutil.Basetest - Validate wt is clicked is clickable
16:01:53.070 [main] INFO  com.demo.baseutil.Basetest - Clicked on : wt is clicked
16:01:55.078 [main] INFO  com.demo.baseutil.Basetest - Enter the value into weight entered
16:01:55.332 [main] INFO  com.demo.baseutil.Basetest - 1000 typed into weight entered
16:01:57.343 [main] INFO  com.demo.baseutil.Basetest - Validate wtcap is clicked is clickable
16:01:59.698 [main] INFO  com.demo.baseutil.Basetest - Clicked on : wtcap is clicked
16:02:01.706 [main] INFO  com.demo.baseutil.Basetest - Validate tons is clicked is clickable
16:02:04.009 [main] INFO  com.demo.baseutil.Basetest - Clicked on : tons is clicked
16:02:06.023 [main] INFO  com.demo.baseutil.Basetest - Validate Click on Add button is clickable
16:02:08.442 [main] INFO  com.demo.baseutil.Basetest - Clicked on : Click on Add button
16:02:16.500 [main] INFO  com.demo.baseutil.Basetest - Validate transaction is clicked is clickable
16:02:19.252 [main] INFO  com.demo.baseutil.Basetest - Clicked on : transaction is clicked
16:02:24.258 [main] INFO  com.demo.baseutil.Basetest - Validate add new is clicked is clickable
16:02:26.553 [main] INFO  com.demo.baseutil.Basetest - Clicked on : add new is clicked
16:02:31.559 [main] INFO  com.demo.baseutil.Basetest - Validate Product id is clicked is clickable
16:02:33.925 [main] INFO  com.demo.baseutil.Basetest - Clicked on : Product id is clicked
16:02:35.940 [main] INFO  com.demo.baseutil.Basetest - Enter the value into Saved Value is entered
16:02:37.214 [main] INFO  com.demo.baseutil.Basetest - F2PG10001057 typed into Saved Value is entered
16:02:39.234 [main] INFO  com.demo.baseutil.Basetest - Validate Product id is clicked is clickable
16:02:41.525 [main] INFO  com.demo.baseutil.Basetest - Clicked on : Product id is clicked
16:02:43.529 [main] INFO  com.demo.baseutil.Basetest - Validate Product id is clicked is clickable
16:02:45.919 [main] INFO  com.demo.baseutil.Basetest - Clicked on : Product id is clicked
16:02:47.926 [main] INFO  com.demo.baseutil.Basetest - Validate chooseprocess id is clicked is clickable
16:02:50.521 [main] INFO  com.demo.baseutil.Basetest - Clicked on : chooseprocess id is clicked
16:02:52.530 [main] INFO  com.demo.baseutil.Basetest - Enter the value into Harvestiong/commission is entered
16:02:52.776 [main] INFO  com.demo.baseutil.Basetest - Harvesting typed into Harvestiong/commission is entered
16:02:54.778 [main] INFO  com.demo.baseutil.Basetest - Validate chooseprocess id is clicked is clickable
16:02:57.346 [main] INFO  com.demo.baseutil.Basetest - Clicked on : chooseprocess id is clicked
16:03:00.353 [main] INFO  com.demo.baseutil.Basetest - Validate Process commision is selected is clickable
16:03:02.705 [main] INFO  com.demo.baseutil.Basetest - Clicked on : Process commision is selected
16:03:04.735 [main] INFO  com.demo.baseutil.Basetest - Scroll down successful
16:03:04.735 [main] INFO  com.demo.baseutil.Basetest - Validate date is selected is clickable
16:03:07.018 [main] INFO  com.demo.baseutil.Basetest - Clicked on : date is selected
16:03:08.020 [main] INFO  com.demo.baseutil.Basetest - Validate date netx button is clickable
16:03:10.436 [main] INFO  com.demo.baseutil.Basetest - Clicked on : date netx button
16:03:10.436 [main] INFO  com.demo.baseutil.Basetest - Validate date is entered is clickable
16:03:12.830 [main] INFO  com.demo.baseutil.Basetest - Clicked on : date is entered
16:03:14.845 [main] INFO  com.demo.baseutil.Basetest - Validate date is selected is clickable
16:03:17.232 [main] INFO  com.demo.baseutil.Basetest - Clicked on : date is selected
16:03:23.329 [main] INFO  com.demo.baseutil.Basetest - Scroll down
16:03:23.329 [main] INFO  com.demo.baseutil.Basetest - Validate activity is selected is clickable
16:03:25.864 [main] INFO  com.demo.baseutil.Basetest - Clicked on : activity is selected
16:03:25.864 [main] INFO  com.demo.baseutil.Basetest - Enter the value into activity Value is entered
16:03:26.426 [main] INFO  com.demo.baseutil.Basetest - abcd typed into activity Value is entered
16:03:28.466 [main] INFO  com.demo.baseutil.Basetest - Validate packing type dropdown is selected is clickable
16:03:31.103 [main] INFO  com.demo.baseutil.Basetest - Clicked on : packing type dropdown is selected
16:03:31.103 [main] INFO  com.demo.baseutil.Basetest - Validate packing type dropdown is selected is clickable
16:03:33.520 [main] INFO  com.demo.baseutil.Basetest - Clicked on : packing type dropdown is selected
16:03:39.595 [main] INFO  com.demo.baseutil.Basetest - Scroll down
16:03:39.597 [main] INFO  com.demo.baseutil.Basetest - Validate tlc is clicked is clickable
16:03:42.862 [main] INFO  com.demo.baseutil.Basetest - Clicked on : tlc is clicked
16:03:42.862 [main] INFO  com.demo.baseutil.Basetest - Enter the value into Tlc no is entered
16:03:43.159 [main] INFO  com.demo.baseutil.Basetest - 1234567890 typed into Tlc no is entered
16:03:43.159 [main] INFO  com.demo.baseutil.Basetest - Validate location is clicked is clickable
16:03:45.818 [main] INFO  com.demo.baseutil.Basetest - Clicked on : location is clicked
16:03:45.818 [main] INFO  com.demo.baseutil.Basetest - Enter the value into location no is entered
16:03:46.106 [main] INFO  com.demo.baseutil.Basetest - location typed into location no is entered
16:03:46.106 [main] INFO  com.demo.baseutil.Basetest - Validate commodity is clicked is clickable
16:03:48.468 [main] INFO  com.demo.baseutil.Basetest - Clicked on : commodity is clicked
16:03:48.469 [main] INFO  com.demo.baseutil.Basetest - Enter the value into commodity is entered
16:03:48.790 [main] INFO  com.demo.baseutil.Basetest - commodity typed into commodity is entered
16:03:52.856 [main] INFO  com.demo.baseutil.Basetest - Scroll down
16:03:52.856 [main] INFO  com.demo.baseutil.Basetest - Validate filed is clicked is clickable
16:03:55.282 [main] INFO  com.demo.baseutil.Basetest - Clicked on : filed is clicked
16:03:55.282 [main] INFO  com.demo.baseutil.Basetest - Enter the value into filed is entered
16:03:55.611 [main] INFO  com.demo.baseutil.Basetest - filed typed into filed is entered
16:03:55.611 [main] INFO  com.demo.baseutil.Basetest - Validate container is clicked is clickable
16:03:57.971 [main] INFO  com.demo.baseutil.Basetest - Clicked on : container is clicked
16:03:57.972 [main] INFO  com.demo.baseutil.Basetest - Enter the value into filed is entered
16:03:58.281 [main] INFO  com.demo.baseutil.Basetest - container143143 typed into filed is entered
16:04:02.292 [main] INFO  com.demo.baseutil.Basetest - Validate Selected the conatiner is clickable
16:04:04.603 [main] INFO  com.demo.baseutil.Basetest - Clicked on : Selected the conatiner
16:04:05.608 [main] INFO  com.demo.baseutil.Basetest - Validate count sgtin is clicked is clickable
16:04:07.841 [main] INFO  com.demo.baseutil.Basetest - Clicked on : count sgtin is clicked
16:04:07.843 [main] INFO  com.demo.baseutil.Basetest - Enter the value into countsgtin is entered
16:04:08.080 [main] INFO  com.demo.baseutil.Basetest - 123 typed into countsgtin is entered
16:04:08.080 [main] INFO  com.demo.baseutil.Basetest - Validate weightsgtin sgtin is clicked is clickable
16:04:10.421 [main] INFO  com.demo.baseutil.Basetest - Clicked on : weightsgtin sgtin is clicked
16:04:10.421 [main] INFO  com.demo.baseutil.Basetest - Enter the value into weightsgtin is entered
16:04:10.727 [main] INFO  com.demo.baseutil.Basetest - 1234567 typed into weightsgtin is entered
16:04:10.727 [main] INFO  com.demo.baseutil.Basetest - Validate itemsgtin sgtin is clicked is clickable
16:04:13.197 [main] INFO  com.demo.baseutil.Basetest - Clicked on : itemsgtin sgtin is clicked
16:04:13.197 [main] INFO  com.demo.baseutil.Basetest - Validate itemgtin is entered is clickable
16:04:15.504 [main] INFO  com.demo.baseutil.Basetest - Clicked on : itemgtin is entered
16:04:15.504 [main] INFO  com.demo.baseutil.Basetest - Validate document is clicked is clickable
16:04:17.751 [main] INFO  com.demo.baseutil.Basetest - Clicked on : document is clicked
16:04:17.751 [main] INFO  com.demo.baseutil.Basetest - Enter the value into document is entered
16:04:18.048 [main] INFO  com.demo.baseutil.Basetest - 1234567 typed into document is entered
16:04:22.151 [main] INFO  com.demo.baseutil.Basetest - Scroll down
16:04:22.151 [main] INFO  com.demo.baseutil.Basetest - Validate Add Transaction is selected is clickable
16:04:24.520 [main] INFO  com.demo.baseutil.Basetest - Clicked on : Add Transaction is selected
16:04:46.624 [main] INFO  com.demo.baseutil.Basetest - Validate Asset & Infrastructure Data is clicked is clickable
16:04:48.925 [main] INFO  com.demo.baseutil.Basetest - Clicked on : Asset & Infrastructure Data is clicked
16:04:50.940 [main] INFO  com.demo.baseutil.Basetest - Validate Assets is clicked is clickable
16:04:53.396 [main] INFO  com.demo.baseutil.Basetest - Clicked on : Assets is clicked
16:04:55.405 [main] INFO  com.demo.baseutil.Basetest - Validate Add new is clicked is clickable
16:04:57.834 [main] INFO  com.demo.baseutil.Basetest - Clicked on : Add new is clicked
16:04:59.844 [main] INFO  com.demo.baseutil.Basetest - Validate Asset type is clicked is clickable
16:05:02.225 [main] INFO  com.demo.baseutil.Basetest - Clicked on : Asset type is clicked
16:05:02.225 [main] INFO  com.demo.baseutil.Basetest - Validate Click on Vehicle Name is clickable
16:05:04.593 [main] INFO  com.demo.baseutil.Basetest - Clicked on : Click on Vehicle Name
16:05:06.603 [main] INFO  com.demo.baseutil.Basetest - Validate container name is clicked is clickable
16:05:08.968 [main] INFO  com.demo.baseutil.Basetest - Clicked on : container name is clicked
16:05:08.968 [main] INFO  com.demo.baseutil.Basetest - Enter the value into enter the container name
16:05:09.286 [main] INFO  com.demo.baseutil.Basetest - container430430 typed into enter the container name
16:05:11.296 [main] INFO  com.demo.baseutil.Basetest - Validate length is clicked is clickable
16:05:13.667 [main] INFO  com.demo.baseutil.Basetest - Clicked on : length is clicked
16:05:15.675 [main] INFO  com.demo.baseutil.Basetest - Enter the value into enter the length
16:05:16.261 [main] INFO  com.demo.baseutil.Basetest - 10 typed into enter the length
16:05:16.261 [main] INFO  com.demo.baseutil.Basetest - Validate breadth is clicked is clickable
16:05:18.797 [main] INFO  com.demo.baseutil.Basetest - Clicked on : breadth is clicked
16:05:18.797 [main] INFO  com.demo.baseutil.Basetest - Enter the value into breath entered
16:05:19.093 [main] INFO  com.demo.baseutil.Basetest - 10 typed into breath entered
16:05:21.099 [main] INFO  com.demo.baseutil.Basetest - Validate height is clicked is clickable
16:05:23.431 [main] INFO  com.demo.baseutil.Basetest - Clicked on : height is clicked
16:05:25.436 [main] INFO  com.demo.baseutil.Basetest - Enter the value into height entered
16:05:25.711 [main] INFO  com.demo.baseutil.Basetest - 20 typed into height entered
16:05:27.717 [main] INFO  com.demo.baseutil.Basetest - Validate dom is clicked is clickable
16:05:30.075 [main] INFO  com.demo.baseutil.Basetest - Clicked on : dom is clicked
16:05:32.091 [main] INFO  com.demo.baseutil.Basetest - Validate ft is clicked is clickable
16:05:34.402 [main] INFO  com.demo.baseutil.Basetest - Clicked on : ft is clicked
16:05:36.418 [main] INFO  com.demo.baseutil.Basetest - Validate wt is clicked is clickable
16:05:38.662 [main] INFO  com.demo.baseutil.Basetest - Clicked on : wt is clicked
16:05:40.671 [main] INFO  com.demo.baseutil.Basetest - Enter the value into weight entered
16:05:41.005 [main] INFO  com.demo.baseutil.Basetest - 1000 typed into weight entered
16:05:43.019 [main] INFO  com.demo.baseutil.Basetest - Validate wtcap is clicked is clickable
16:05:45.468 [main] INFO  com.demo.baseutil.Basetest - Clicked on : wtcap is clicked
16:05:47.480 [main] INFO  com.demo.baseutil.Basetest - Validate tons is clicked is clickable
16:05:49.798 [main] INFO  com.demo.baseutil.Basetest - Clicked on : tons is clicked
16:05:51.805 [main] INFO  com.demo.baseutil.Basetest - Validate Click on Add button is clickable
16:05:54.101 [main] INFO  com.demo.baseutil.Basetest - Clicked on : Click on Add button
16:06:10.236 [main] INFO  com.demo.baseutil.Basetest - Scroll down
16:06:12.246 [main] INFO  com.demo.baseutil.Basetest - Validate transaction is clicked is clickable
16:06:14.717 [main] INFO  com.demo.baseutil.Basetest - Clicked on : transaction is clicked
16:06:21.735 [main] INFO  com.demo.baseutil.Basetest - Validate productid is selected is clickable
16:06:24.099 [main] INFO  com.demo.baseutil.Basetest - Clicked on : productid is selected
16:06:24.101 [main] INFO  com.demo.baseutil.Basetest - Enter the value into enter the productid
16:06:24.531 [main] INFO  com.demo.baseutil.Basetest - F2PG10001057 typed into enter the productid
16:06:24.531 [main] INFO  com.demo.baseutil.Basetest - Validate productid is selected is clickable
16:06:26.844 [main] INFO  com.demo.baseutil.Basetest - Clicked on : productid is selected
16:06:26.844 [main] INFO  com.demo.baseutil.Basetest - Validate search is selected is clickable
16:06:29.163 [main] INFO  com.demo.baseutil.Basetest - Clicked on : search is selected
16:06:29.163 [main] INFO  com.demo.baseutil.Basetest - Validate search button is clicked is clickable
16:06:31.560 [main] INFO  com.demo.baseutil.Basetest - Clicked on : search button is clicked
16:06:33.611 [main] INFO  com.demo.baseutil.Basetest - Scroll up
16:06:35.642 [main] INFO  com.demo.baseutil.Basetest - Scroll up
16:06:39.658 [main] INFO  com.demo.baseutil.Basetest - Validate transaction is clicked is clickable
16:06:42.131 [main] INFO  com.demo.baseutil.Basetest - Clicked on : transaction is clicked
16:06:47.141 [main] INFO  com.demo.baseutil.Basetest - Validate add new is clicked is clickable
16:06:49.484 [main] INFO  com.demo.baseutil.Basetest - Clicked on : add new is clicked
16:06:54.492 [main] INFO  com.demo.baseutil.Basetest - Validate Product id is clicked is clickable
16:06:56.795 [main] INFO  com.demo.baseutil.Basetest - Clicked on : Product id is clicked
16:06:58.807 [main] INFO  com.demo.baseutil.Basetest - Enter the value into Saved Value is entered
16:06:59.437 [main] INFO  com.demo.baseutil.Basetest - F2PG10001057 typed into Saved Value is entered
16:07:01.453 [main] INFO  com.demo.baseutil.Basetest - Validate Product id is clicked is clickable
16:07:03.878 [main] INFO  com.demo.baseutil.Basetest - Clicked on : Product id is clicked
16:07:05.882 [main] INFO  com.demo.baseutil.Basetest - Validate Product id is clicked is clickable
16:07:08.527 [main] INFO  com.demo.baseutil.Basetest - Clicked on : Product id is clicked
16:07:10.535 [main] INFO  com.demo.baseutil.Basetest - Validate chooseprocess id is clicked is clickable
16:07:12.856 [main] INFO  com.demo.baseutil.Basetest - Clicked on : chooseprocess id is clicked
16:07:14.857 [main] INFO  com.demo.baseutil.Basetest - Enter the value into Packing/aggregation is entered
16:07:15.220 [main] INFO  com.demo.baseutil.Basetest - Packing typed into Packing/aggregation is entered
16:07:17.235 [main] INFO  com.demo.baseutil.Basetest - Validate chooseprocess id is clicked is clickable
16:07:19.516 [main] INFO  com.demo.baseutil.Basetest - Clicked on : chooseprocess id is clicked
16:07:23.531 [main] INFO  com.demo.baseutil.Basetest - Validate Process aggre is selected is clickable
16:07:25.965 [main] INFO  com.demo.baseutil.Basetest - Clicked on : Process aggre is selected
16:07:27.984 [main] INFO  com.demo.baseutil.Basetest - Scroll down successful
16:07:27.984 [main] INFO  com.demo.baseutil.Basetest - Validate org is selected is clickable
16:07:31.128 [main] INFO  com.demo.baseutil.Basetest - Clicked on : org is selected
16:07:33.141 [main] INFO  com.demo.baseutil.Basetest - Enter the value into org value is entered
16:07:33.784 [main] INFO  com.demo.baseutil.Basetest - orgnw123 typed into org value is entered
16:07:38.788 [main] INFO  com.demo.baseutil.Basetest - Validate org is selected is clickable
16:07:41.816 [main] INFO  com.demo.baseutil.Basetest - Clicked on : org is selected
16:07:44.823 [main] INFO  com.demo.baseutil.Basetest - Validate location is selected is clickable
16:08:03.849 [main] INFO  com.demo.baseutil.Basetest - Clicked on : location is selected
16:08:03.850 [main] INFO  com.demo.baseutil.Basetest - Enter the value into location value is entered
16:08:04.141 [main] INFO  com.demo.baseutil.Basetest - test typed into location value is entered
16:08:09.153 [main] INFO  com.demo.baseutil.Basetest - Validate location is selected is clickable
16:08:11.408 [main] INFO  com.demo.baseutil.Basetest - Clicked on : location is selected
16:08:11.425 [main] INFO  com.demo.baseutil.Basetest - Scroll down successful
16:08:11.425 [main] INFO  com.demo.baseutil.Basetest - Validate activity is clicked is clickable
16:08:13.662 [main] INFO  com.demo.baseutil.Basetest - Clicked on : activity is clicked
16:08:15.669 [main] INFO  com.demo.baseutil.Basetest - Enter the value into activity is entered
16:08:15.901 [main] INFO  com.demo.baseutil.Basetest - activity typed into activity is entered
16:08:18.911 [main] INFO  com.demo.baseutil.Basetest - Scroll till the scrolles to lot
16:08:18.983 [main] INFO  com.demo.baseutil.Basetest - Scroll till the scrolles to lot completed
16:08:18.983 [main] INFO  com.demo.baseutil.Basetest - Validate sscc number is copied is clickable
16:08:21.273 [main] INFO  com.demo.baseutil.Basetest - Clicked on : sscc number is copied
16:08:30.403 [main] INFO  com.demo.baseutil.Basetest - Scroll up to the element: The lot is displayed after scroll up completed
16:08:33.406 [main] INFO  com.demo.baseutil.Basetest - Validate lot1 is clicked is clickable
16:08:35.679 [main] INFO  com.demo.baseutil.Basetest - Clicked on : lot1 is clicked
16:08:37.684 [main] INFO  com.demo.baseutil.Basetest - Enter the value into lotvalue is entered
16:08:38.101 [main] INFO  com.demo.baseutil.Basetest - 121004092410000026 typed into lotvalue is entered
16:08:40.108 [main] INFO  com.demo.baseutil.Basetest - Validate lot arrow is clicked is clickable
16:08:42.348 [main] INFO  com.demo.baseutil.Basetest - Clicked on : lot arrow is clicked
16:08:44.352 [main] INFO  com.demo.baseutil.Basetest - Scroll till the scrolled to packloc
16:08:44.438 [main] INFO  com.demo.baseutil.Basetest - Scroll till the scrolled to packloc completed
16:08:49.531 [main] INFO  com.demo.baseutil.Basetest - Scroll up to the element: The packloc is displayed after scroll up completed
16:08:54.541 [main] INFO  com.demo.baseutil.Basetest - Validate packloc is clicked is clickable
16:08:56.801 [main] INFO  com.demo.baseutil.Basetest - Clicked on : packloc is clicked
16:08:58.802 [main] INFO  com.demo.baseutil.Basetest - Enter the value into packing lot is entered
16:08:59.033 [main] INFO  com.demo.baseutil.Basetest - test typed into packing lot is entered
16:09:03.048 [main] INFO  com.demo.baseutil.Basetest - Validate remarks is clicked is clickable
16:09:05.341 [main] INFO  com.demo.baseutil.Basetest - Clicked on : remarks is clicked
16:09:07.350 [main] INFO  com.demo.baseutil.Basetest - Enter the value into remarks is entered
16:09:07.602 [main] INFO  com.demo.baseutil.Basetest - test typed into remarks is entered
16:09:11.604 [main] INFO  com.demo.baseutil.Basetest - Validate tlcloc is clicked is clickable
16:09:13.867 [main] INFO  com.demo.baseutil.Basetest - Clicked on : tlcloc is clicked
16:09:15.870 [main] INFO  com.demo.baseutil.Basetest - Enter the value into tlcloc is entered
16:09:16.140 [main] INFO  com.demo.baseutil.Basetest - test typed into tlcloc is entered
16:09:20.148 [main] INFO  com.demo.baseutil.Basetest - Scroll till the asset is scroll down
16:09:20.217 [main] INFO  com.demo.baseutil.Basetest - Scroll till the asset is scroll down completed
16:09:22.218 [main] INFO  com.demo.baseutil.Basetest - Validate asset is clicked is clickable
16:09:24.474 [main] INFO  com.demo.baseutil.Basetest - Clicked on : asset is clicked
16:09:26.481 [main] INFO  com.demo.baseutil.Basetest - Enter the value into vehicle is entered
16:09:26.710 [main] INFO  com.demo.baseutil.Basetest - vehicle typed into vehicle is entered
16:09:30.713 [main] INFO  com.demo.baseutil.Basetest - Validate assetsearch is clicked is clickable
16:09:33.054 [main] INFO  com.demo.baseutil.Basetest - Clicked on : assetsearch is clicked
16:09:35.054 [main] INFO  com.demo.baseutil.Basetest - Validate shippingdate is clicked is clickable
16:09:37.386 [main] INFO  com.demo.baseutil.Basetest - Clicked on : shippingdate is clicked
16:09:39.393 [main] INFO  com.demo.baseutil.Basetest - Validate datenext button is clicked is clickable
16:09:41.697 [main] INFO  com.demo.baseutil.Basetest - Clicked on : datenext button is clicked
16:09:43.702 [main] INFO  com.demo.baseutil.Basetest - Validate date is entered is clickable
16:09:45.971 [main] INFO  com.demo.baseutil.Basetest - Clicked on : date is entered
16:09:48.985 [main] INFO  com.demo.baseutil.Basetest - Validate date is selected is clickable
16:09:51.307 [main] INFO  com.demo.baseutil.Basetest - Clicked on : date is selected
16:09:54.321 [main] INFO  com.demo.baseutil.Basetest - Validate deliverydate is clicked is clickable
16:09:56.670 [main] INFO  com.demo.baseutil.Basetest - Clicked on : deliverydate is clicked
16:09:58.679 [main] INFO  com.demo.baseutil.Basetest - Validate datenext button is clicked is clickable
16:10:00.980 [main] INFO  com.demo.baseutil.Basetest - Clicked on : datenext button is clicked
16:10:02.984 [main] INFO  com.demo.baseutil.Basetest - Validate datenext button is clicked is clickable
16:10:05.239 [main] INFO  com.demo.baseutil.Basetest - Clicked on : datenext button is clicked
16:10:08.251 [main] INFO  com.demo.baseutil.Basetest - Validate date is entered is clickable
16:10:10.591 [main] INFO  com.demo.baseutil.Basetest - Clicked on : date is entered
16:10:12.594 [main] INFO  com.demo.baseutil.Basetest - Validate date is selected is clickable
16:10:14.916 [main] INFO  com.demo.baseutil.Basetest - Clicked on : date is selected
16:10:14.924 [main] INFO  com.demo.baseutil.Basetest - Scroll down successful
16:10:14.924 [main] INFO  com.demo.baseutil.Basetest - Validate container is clicked is clickable
16:10:17.206 [main] INFO  com.demo.baseutil.Basetest - Clicked on : container is clicked
16:10:17.206 [main] INFO  com.demo.baseutil.Basetest - Enter the value into container value is entered
16:10:17.437 [main] INFO  com.demo.baseutil.Basetest - container430430 typed into container value is entered
16:10:22.452 [main] INFO  com.demo.baseutil.Basetest - Validate container select is clicked is clickable
16:10:24.731 [main] INFO  com.demo.baseutil.Basetest - Clicked on : container select is clicked
16:10:26.747 [main] INFO  com.demo.baseutil.Basetest - Validate invoice select is clicked is clickable
16:10:29.007 [main] INFO  com.demo.baseutil.Basetest - Clicked on : invoice select is clicked
16:10:29.007 [main] INFO  com.demo.baseutil.Basetest - Enter the value into  invoice value is entered
16:10:29.213 [main] INFO  com.demo.baseutil.Basetest - 123 typed into  invoice value is entered
16:10:31.221 [main] INFO  com.demo.baseutil.Basetest - Validate seal select is clicked is clickable
16:10:33.559 [main] INFO  com.demo.baseutil.Basetest - Clicked on : seal select is clicked
16:10:33.559 [main] INFO  com.demo.baseutil.Basetest - Enter the value into seal value is entered
16:10:33.780 [main] INFO  com.demo.baseutil.Basetest - 123 typed into seal value is entered
16:10:35.804 [main] INFO  com.demo.baseutil.Basetest - Scroll down successful
16:10:37.817 [main] INFO  com.demo.baseutil.Basetest - Validate asn select is clicked is clickable
16:10:40.128 [main] INFO  com.demo.baseutil.Basetest - Clicked on : asn select is clicked
16:10:40.131 [main] INFO  com.demo.baseutil.Basetest - Enter the value into asn value is entered
16:10:40.477 [main] INFO  com.demo.baseutil.Basetest - 1054335548161 typed into asn value is entered
16:10:42.483 [main] INFO  com.demo.baseutil.Basetest - Validate lorry select is clicked is clickable
16:10:44.808 [main] INFO  com.demo.baseutil.Basetest - Clicked on : lorry select is clicked
16:10:44.808 [main] INFO  com.demo.baseutil.Basetest - Enter the value into lorry value is entered
16:10:45.071 [main] INFO  com.demo.baseutil.Basetest - 123 typed into lorry value is entered
16:10:47.100 [main] INFO  com.demo.baseutil.Basetest - Validate purchase is clicked is clickable
16:10:49.390 [main] INFO  com.demo.baseutil.Basetest - Clicked on : purchase is clicked
16:10:49.390 [main] INFO  com.demo.baseutil.Basetest - Enter the value into purchase is entered
16:10:49.661 [main] INFO  com.demo.baseutil.Basetest - 123 typed into purchase is entered
16:10:49.661 [main] INFO  com.demo.baseutil.Basetest - Validate bill is clicked is clickable
16:10:51.934 [main] INFO  com.demo.baseutil.Basetest - Clicked on : bill is clicked
16:10:51.934 [main] INFO  com.demo.baseutil.Basetest - Enter the value into purchase is entered
16:10:52.201 [main] INFO  com.demo.baseutil.Basetest - 12345 typed into purchase is entered
16:10:54.208 [main] INFO  com.demo.baseutil.Basetest - Validate document is clicked is clickable
16:10:56.477 [main] INFO  com.demo.baseutil.Basetest - Clicked on : document is clicked
16:10:56.477 [main] INFO  com.demo.baseutil.Basetest - Enter the value into document is entered
16:10:56.802 [main] INFO  com.demo.baseutil.Basetest - 12345 typed into document is entered
16:10:58.821 [main] INFO  com.demo.baseutil.Basetest - Validate Add Transaction is selected is clickable
16:11:01.162 [main] INFO  com.demo.baseutil.Basetest - Clicked on : Add Transaction is selected
16:11:23.265 [main] INFO  com.demo.baseutil.Basetest - Scroll down
16:11:25.266 [main] INFO  com.demo.baseutil.Basetest - Validate transaction is clicked is clickable
16:11:27.753 [main] INFO  com.demo.baseutil.Basetest - Clicked on : transaction is clicked
16:11:32.754 [main] INFO  com.demo.baseutil.Basetest - Validate add new is clicked is clickable
16:11:35.142 [main] INFO  com.demo.baseutil.Basetest - Clicked on : add new is clicked
16:11:40.155 [main] INFO  com.demo.baseutil.Basetest - Validate Product id is clicked is clickable
16:11:42.406 [main] INFO  com.demo.baseutil.Basetest - Clicked on : Product id is clicked
16:11:44.424 [main] INFO  com.demo.baseutil.Basetest - Enter the value into Saved Value is entered
16:11:44.650 [main] INFO  com.demo.baseutil.Basetest - F2PG10001057 typed into Saved Value is entered
16:11:46.664 [main] INFO  com.demo.baseutil.Basetest - Validate Product id is clicked is clickable
16:11:49.008 [main] INFO  com.demo.baseutil.Basetest - Clicked on : Product id is clicked
16:11:51.017 [main] INFO  com.demo.baseutil.Basetest - Validate Product id is clicked is clickable
16:11:53.261 [main] INFO  com.demo.baseutil.Basetest - Clicked on : Product id is clicked
16:11:55.276 [main] INFO  com.demo.baseutil.Basetest - Validate chooseprocess id is clicked is clickable
16:11:57.531 [main] INFO  com.demo.baseutil.Basetest - Clicked on : chooseprocess id is clicked
16:12:01.539 [main] INFO  com.demo.baseutil.Basetest - Enter the value into Observation is entered
16:12:01.782 [main] INFO  com.demo.baseutil.Basetest - Observation typed into Observation is entered
16:12:03.791 [main] INFO  com.demo.baseutil.Basetest - Validate chooseprocess id is clicked is clickable
16:12:06.664 [main] INFO  com.demo.baseutil.Basetest - Clicked on : chooseprocess id is clicked
16:12:09.668 [main] INFO  com.demo.baseutil.Basetest - Validate activity is clicked is clickable
16:12:11.915 [main] INFO  com.demo.baseutil.Basetest - Clicked on : activity is clicked
16:12:13.916 [main] INFO  com.demo.baseutil.Basetest - Enter the value into activity is entered
16:12:14.211 [main] INFO  com.demo.baseutil.Basetest - activity typed into activity is entered
16:12:17.215 [main] INFO  com.demo.baseutil.Basetest - Scroll till the sscc is scrolled down
16:12:17.306 [main] INFO  com.demo.baseutil.Basetest - Scroll till the sscc is scrolled down completed
16:12:20.314 [main] INFO  com.demo.baseutil.Basetest - Validate sscc is clicked is clickable
16:12:22.573 [main] INFO  com.demo.baseutil.Basetest - Clicked on : sscc is clicked
16:12:24.576 [main] INFO  com.demo.baseutil.Basetest - Enter the value into sscc is entered
16:12:24.810 [main] INFO  com.demo.baseutil.Basetest - 120004092410000019 typed into sscc is entered
16:12:27.822 [main] INFO  com.demo.baseutil.Basetest - Validate sscc arrow is clicked is clickable
16:12:30.083 [main] INFO  com.demo.baseutil.Basetest - Clicked on : sscc arrow is clicked
16:12:32.089 [main] INFO  com.demo.baseutil.Basetest - Scroll till the addd transaction button scrolled
16:12:32.163 [main] INFO  com.demo.baseutil.Basetest - Scroll till the addd transaction button scrolled completed
16:12:32.163 [main] INFO  com.demo.baseutil.Basetest - Validate Add Transaction is selected is clickable
16:12:34.428 [main] INFO  com.demo.baseutil.Basetest - Clicked on : Add Transaction is selected
16:12:39.559 [main] INFO  com.demo.baseutil.Basetest - Browser is closed sucessfuly
16:12:39.953 [main] INFO  com.demo.baseutil.Basetest - Browser is closed sucessfuly
16:12:48.272 [main] INFO  com.demo.baseutil.Basetest - Validate Sign in with FarmtoPlate account is clickable
16:12:50.521 [main] INFO  com.demo.baseutil.Basetest - Clicked on : Sign in with FarmtoPlate account
16:12:50.521 [main] INFO  com.demo.baseutil.Basetest - Url contains farmtoplateapps.io/login
16:12:50.521 [main] INFO  com.demo.baseutil.Basetest - Sign in title matched
16:12:50.521 [main] INFO  com.demo.baseutil.Basetest - UI verified for Sigin page.
16:12:50.521 [main] INFO  com.demo.baseutil.Basetest - Sign in function call
16:12:50.521 [main] INFO  com.demo.baseutil.Basetest - Validate email address field is clicked is clickable
16:12:52.775 [main] INFO  com.demo.baseutil.Basetest - Clicked on : email address field is clicked
16:12:52.775 [main] INFO  com.demo.baseutil.Basetest - Enter the value into Email Id Entered
16:12:53.046 [main] INFO  com.demo.baseutil.Basetest - manufact123@yopmail.com typed into Email Id Entered
16:12:53.046 [main] INFO  com.demo.baseutil.Basetest - Validate Enter the password is clickable
16:12:55.292 [main] INFO  com.demo.baseutil.Basetest - Clicked on : Enter the password
16:12:55.292 [main] INFO  com.demo.baseutil.Basetest - Enter the value into Password Id Entered
16:12:55.484 [main] INFO  com.demo.baseutil.Basetest - Admin@1234 typed into Password Id Entered
16:12:59.525 [main] INFO  com.demo.baseutil.Basetest - Scroll down
16:12:59.525 [main] INFO  com.demo.baseutil.Basetest - Validate Press the signin button is clickable
16:13:02.339 [main] INFO  com.demo.baseutil.Basetest - Clicked on : Press the signin button
16:13:04.621 [main] INFO  com.demo.baseutil.Basetest - HomePage title  is matched
16:13:14.637 [main] INFO  com.demo.baseutil.Basetest - Scroll till the scrolled to process
16:13:14.757 [main] INFO  com.demo.baseutil.Basetest - Scroll till the scrolled to process completed
16:13:19.765 [main] INFO  com.demo.baseutil.Basetest - Validate Process is clicked is clickable
16:13:22.111 [main] INFO  com.demo.baseutil.Basetest - Clicked on : Process is clicked
16:13:27.119 [main] INFO  com.demo.baseutil.Basetest - Validate Process add is clicked is clickable
16:13:29.441 [main] INFO  com.demo.baseutil.Basetest - Clicked on : Process add is clicked
16:13:34.443 [main] INFO  com.demo.baseutil.Basetest - Validate shared product id is clicked is clickable
16:13:36.721 [main] INFO  com.demo.baseutil.Basetest - Clicked on : shared product id is clicked
16:13:40.732 [main] INFO  com.demo.baseutil.Basetest - Validate Product id is clicked is clickable
16:13:43.065 [main] INFO  com.demo.baseutil.Basetest - Clicked on : Product id is clicked
16:13:51.335 [main] INFO  com.demo.baseutil.Basetest - Validate Product id is selected is clickable
16:13:53.657 [main] INFO  com.demo.baseutil.Basetest - Clicked on : Product id is selected
16:13:55.667 [main] INFO  com.demo.baseutil.Basetest - Validate process name is clicked is clickable
16:13:57.934 [main] INFO  com.demo.baseutil.Basetest - Clicked on : process name is clicked
16:13:59.942 [main] INFO  com.demo.baseutil.Basetest - Enter the value into process name Value is entered
16:14:00.226 [main] INFO  com.demo.baseutil.Basetest - processdisagg typed into process name Value is entered
16:14:02.232 [main] INFO  com.demo.baseutil.Basetest - Validate process loc is clicked is clickable
16:14:04.501 [main] INFO  com.demo.baseutil.Basetest - Clicked on : process loc is clicked
16:14:06.515 [main] INFO  com.demo.baseutil.Basetest - Enter the value into process name Value is entered
16:14:06.781 [main] INFO  com.demo.baseutil.Basetest - test typed into process name Value is entered
16:14:14.782 [main] INFO  com.demo.baseutil.Basetest - Validate process loc is clicked is clickable
16:14:17.041 [main] INFO  com.demo.baseutil.Basetest - Clicked on : process loc is clicked
16:14:22.041 [main] INFO  com.demo.baseutil.Basetest - Validate process type is clicked is clickable
16:14:24.299 [main] INFO  com.demo.baseutil.Basetest - Clicked on : process type is clicked
16:14:26.334 [main] INFO  com.demo.baseutil.Basetest - Scroll down successful
16:14:26.335 [main] INFO  com.demo.baseutil.Basetest - Validate process disagg is clicked is clickable
16:14:28.595 [main] INFO  com.demo.baseutil.Basetest - Clicked on : process disagg is clicked
16:14:30.602 [main] INFO  com.demo.baseutil.Basetest - Scroll till the process add is scrolled
16:14:30.694 [main] INFO  com.demo.baseutil.Basetest - Scroll till the process add is scrolled completed
16:14:30.694 [main] INFO  com.demo.baseutil.Basetest - Validate process add button is clicked is clickable
16:14:33.007 [main] INFO  com.demo.baseutil.Basetest - Clicked on : process add button is clicked
16:14:43.024 [main] INFO  com.demo.baseutil.Basetest - Scroll till the scrolled to process
16:14:43.134 [main] INFO  com.demo.baseutil.Basetest - Scroll till the scrolled to process completed
16:14:48.147 [main] INFO  com.demo.baseutil.Basetest - Validate Process is clicked is clickable
16:14:50.534 [main] INFO  com.demo.baseutil.Basetest - Clicked on : Process is clicked
16:14:55.538 [main] INFO  com.demo.baseutil.Basetest - Validate Process add is clicked is clickable
16:14:57.872 [main] INFO  com.demo.baseutil.Basetest - Clicked on : Process add is clicked
16:15:02.884 [main] INFO  com.demo.baseutil.Basetest - Validate shared product id is clicked is clickable
16:15:05.158 [main] INFO  com.demo.baseutil.Basetest - Clicked on : shared product id is clicked
16:15:09.173 [main] INFO  com.demo.baseutil.Basetest - Validate Product id is clicked is clickable
16:15:11.425 [main] INFO  com.demo.baseutil.Basetest - Clicked on : Product id is clicked
16:15:19.737 [main] INFO  com.demo.baseutil.Basetest - Validate Product id is selected is clickable
16:15:21.985 [main] INFO  com.demo.baseutil.Basetest - Clicked on : Product id is selected
16:15:28.012 [main] INFO  com.demo.baseutil.Basetest - Validate process name is clicked is clickable
16:15:30.297 [main] INFO  com.demo.baseutil.Basetest - Clicked on : process name is clicked
16:15:32.304 [main] INFO  com.demo.baseutil.Basetest - Enter the value into process name Value is entered
16:15:32.524 [main] INFO  com.demo.baseutil.Basetest - processobs typed into process name Value is entered
16:15:34.536 [main] INFO  com.demo.baseutil.Basetest - Validate process loc is clicked is clickable
16:15:36.919 [main] INFO  com.demo.baseutil.Basetest - Clicked on : process loc is clicked
16:15:38.920 [main] INFO  com.demo.baseutil.Basetest - Enter the value into process name Value is entered
16:15:39.166 [main] INFO  com.demo.baseutil.Basetest - test typed into process name Value is entered
16:15:47.169 [main] INFO  com.demo.baseutil.Basetest - Validate process loc is clicked is clickable
16:15:49.393 [main] INFO  com.demo.baseutil.Basetest - Clicked on : process loc is clicked
16:15:54.408 [main] INFO  com.demo.baseutil.Basetest - Validate process type is clicked is clickable
16:15:56.634 [main] INFO  com.demo.baseutil.Basetest - Clicked on : process type is clicked
16:15:58.659 [main] INFO  com.demo.baseutil.Basetest - Scroll down successful
16:15:58.659 [main] INFO  com.demo.baseutil.Basetest - Validate process obs is clicked is clickable
16:16:00.955 [main] INFO  com.demo.baseutil.Basetest - Clicked on : process obs is clicked
16:16:02.970 [main] INFO  com.demo.baseutil.Basetest - Scroll till the process add is scrolled
16:16:03.044 [main] INFO  com.demo.baseutil.Basetest - Scroll till the process add is scrolled completed
16:16:07.053 [main] INFO  com.demo.baseutil.Basetest - Validate process add button is clicked is clickable
16:16:09.355 [main] INFO  com.demo.baseutil.Basetest - Clicked on : process add button is clicked
16:16:16.378 [main] INFO  com.demo.baseutil.Basetest - Validate Process is clicked is clickable
16:16:18.767 [main] INFO  com.demo.baseutil.Basetest - Clicked on : Process is clicked
16:16:23.783 [main] INFO  com.demo.baseutil.Basetest - Validate Process add is clicked is clickable
16:16:26.081 [main] INFO  com.demo.baseutil.Basetest - Clicked on : Process add is clicked
16:16:31.097 [main] INFO  com.demo.baseutil.Basetest - Validate shared product id is clicked is clickable
16:16:33.356 [main] INFO  com.demo.baseutil.Basetest - Clicked on : shared product id is clicked
16:16:37.356 [main] INFO  com.demo.baseutil.Basetest - Validate Product id is clicked is clickable
16:16:39.634 [main] INFO  com.demo.baseutil.Basetest - Clicked on : Product id is clicked
16:16:48.945 [main] INFO  com.demo.baseutil.Basetest - Validate Product id is selected is clickable
16:16:51.323 [main] INFO  com.demo.baseutil.Basetest - Clicked on : Product id is selected
16:16:53.331 [main] INFO  com.demo.baseutil.Basetest - Validate process name is clicked is clickable
16:16:55.600 [main] INFO  com.demo.baseutil.Basetest - Clicked on : process name is clicked
16:16:57.603 [main] INFO  com.demo.baseutil.Basetest - Enter the value into process name Value is entered
16:16:57.854 [main] INFO  com.demo.baseutil.Basetest - processtran typed into process name Value is entered
16:16:59.855 [main] INFO  com.demo.baseutil.Basetest - Validate process loc is clicked is clickable
16:17:02.148 [main] INFO  com.demo.baseutil.Basetest - Clicked on : process loc is clicked
16:17:04.154 [main] INFO  com.demo.baseutil.Basetest - Enter the value into process name Value is entered
16:17:04.360 [main] INFO  com.demo.baseutil.Basetest - test typed into process name Value is entered
16:17:09.373 [main] INFO  com.demo.baseutil.Basetest - Validate process loc is clicked is clickable
16:17:11.618 [main] INFO  com.demo.baseutil.Basetest - Clicked on : process loc is clicked
16:17:16.618 [main] INFO  com.demo.baseutil.Basetest - Validate process type is clicked is clickable
16:17:18.876 [main] INFO  com.demo.baseutil.Basetest - Clicked on : process type is clicked
16:17:20.923 [main] INFO  com.demo.baseutil.Basetest - Scroll down successful
16:17:20.923 [main] INFO  com.demo.baseutil.Basetest - Validate process trans is clicked is clickable
16:17:23.165 [main] INFO  com.demo.baseutil.Basetest - Clicked on : process trans is clicked
16:17:25.181 [main] INFO  com.demo.baseutil.Basetest - Scroll till the process add is scrolled
16:17:25.266 [main] INFO  com.demo.baseutil.Basetest - Scroll till the process add is scrolled completed
16:17:25.266 [main] INFO  com.demo.baseutil.Basetest - Validate process add button is clicked is clickable
16:17:27.589 [main] INFO  com.demo.baseutil.Basetest - Clicked on : process add button is clicked
16:17:33.701 [main] INFO  com.demo.baseutil.Basetest - Browser is closed sucessfuly
16:17:34.087 [main] INFO  com.demo.baseutil.Basetest - Browser is closed sucessfuly
16:17:52.186 [main] INFO  com.demo.baseutil.Basetest - Validate Sign in with FarmtoPlate account is clickable
16:17:54.443 [main] INFO  com.demo.baseutil.Basetest - Clicked on : Sign in with FarmtoPlate account
16:17:54.443 [main] INFO  com.demo.baseutil.Basetest - Url contains farmtoplateapps.io/login
16:17:54.443 [main] INFO  com.demo.baseutil.Basetest - Sign in title matched
16:17:54.443 [main] INFO  com.demo.baseutil.Basetest - UI verified for Sigin page.
16:17:54.443 [main] INFO  com.demo.baseutil.Basetest - Sign in function call
16:17:54.443 [main] INFO  com.demo.baseutil.Basetest - Validate email address field is clicked is clickable
16:17:56.683 [main] INFO  com.demo.baseutil.Basetest - Clicked on : email address field is clicked
16:17:56.683 [main] INFO  com.demo.baseutil.Basetest - Enter the value into Email Id Entered
16:17:56.979 [main] INFO  com.demo.baseutil.Basetest - manufact123@yopmail.com typed into Email Id Entered
16:17:56.979 [main] INFO  com.demo.baseutil.Basetest - Validate Enter the password is clickable
16:17:59.232 [main] INFO  com.demo.baseutil.Basetest - Clicked on : Enter the password
16:17:59.232 [main] INFO  com.demo.baseutil.Basetest - Enter the value into Password Id Entered
16:17:59.451 [main] INFO  com.demo.baseutil.Basetest - Admin@1234 typed into Password Id Entered
16:18:03.500 [main] INFO  com.demo.baseutil.Basetest - Scroll down
16:18:03.500 [main] INFO  com.demo.baseutil.Basetest - Validate Press the signin button is clickable
16:18:06.164 [main] INFO  com.demo.baseutil.Basetest - Clicked on : Press the signin button
16:18:08.174 [main] INFO  com.demo.baseutil.Basetest - HomePage title  is matched
16:18:18.202 [main] INFO  com.demo.baseutil.Basetest - Scroll till the transaction is scrolled
16:18:18.272 [main] INFO  com.demo.baseutil.Basetest - Scroll till the transaction is scrolled completed
16:18:18.272 [main] INFO  com.demo.baseutil.Basetest - Validate transaction is clicked is clickable
16:18:20.576 [main] INFO  com.demo.baseutil.Basetest - Clicked on : transaction is clicked
16:18:25.587 [main] INFO  com.demo.baseutil.Basetest - Validate add new is clicked is clickable
16:18:27.947 [main] INFO  com.demo.baseutil.Basetest - Clicked on : add new is clicked
16:18:32.949 [main] INFO  com.demo.baseutil.Basetest - Validate sharedproduct is clicked is clickable
16:18:35.227 [main] INFO  com.demo.baseutil.Basetest - Clicked on : sharedproduct is clicked
16:18:40.231 [main] INFO  com.demo.baseutil.Basetest - Validate Product id is clicked is clickable
16:18:42.600 [main] INFO  com.demo.baseutil.Basetest - Clicked on : Product id is clicked
16:18:44.817 [main] INFO  com.demo.baseutil.Basetest - Validate Productselect is clicked is clickable
16:18:47.843 [main] INFO  com.demo.baseutil.Basetest - Clicked on : Productselect is clicked
16:18:49.846 [main] INFO  com.demo.baseutil.Basetest - Validate chooseprocess id is clicked is clickable
16:18:52.135 [main] INFO  com.demo.baseutil.Basetest - Clicked on : chooseprocess id is clicked
16:18:54.135 [main] INFO  com.demo.baseutil.Basetest - Enter the value into Harvestiong/commission is entered
16:18:54.391 [main] INFO  com.demo.baseutil.Basetest - disagg typed into Harvestiong/commission is entered
16:18:59.396 [main] INFO  com.demo.baseutil.Basetest - Validate process is selected is clickable
16:19:01.627 [main] INFO  com.demo.baseutil.Basetest - Clicked on : process is selected
16:19:07.629 [main] INFO  com.demo.baseutil.Basetest - Validate activity is selected is clickable
16:19:09.911 [main] INFO  com.demo.baseutil.Basetest - Clicked on : activity is selected
16:19:09.912 [main] INFO  com.demo.baseutil.Basetest - Enter the value into activity Value is entered
16:19:10.099 [main] INFO  com.demo.baseutil.Basetest - abcd typed into activity Value is entered
16:19:10.099 [main] INFO  com.demo.baseutil.Basetest - Scroll till the scrolled to sscc1
16:19:10.176 [main] INFO  com.demo.baseutil.Basetest - Scroll till the scrolled to sscc1 completed
16:19:10.176 [main] INFO  com.demo.baseutil.Basetest - Validate sscc1 is selected is clickable
16:19:12.426 [main] INFO  com.demo.baseutil.Basetest - Clicked on : sscc1 is selected
16:19:12.426 [main] INFO  com.demo.baseutil.Basetest - Enter the value into sscc Value is entered
16:19:12.710 [main] INFO  com.demo.baseutil.Basetest - 120004092410000019 typed into sscc Value is entered
16:19:12.710 [main] INFO  com.demo.baseutil.Basetest - Validate sscc arrow is selected is clickable
16:19:14.987 [main] INFO  com.demo.baseutil.Basetest - Clicked on : sscc arrow is selected
16:19:21.002 [main] INFO  com.demo.baseutil.Basetest - Scroll till the scrolled to document
16:19:21.126 [main] INFO  com.demo.baseutil.Basetest - Scroll till the scrolled to document completed
16:19:24.137 [main] INFO  com.demo.baseutil.Basetest - Validate document is clicked is clickable
16:19:26.394 [main] INFO  com.demo.baseutil.Basetest - Clicked on : document is clicked
16:19:26.394 [main] INFO  com.demo.baseutil.Basetest - Enter the value into document is entered
16:19:26.673 [main] INFO  com.demo.baseutil.Basetest - 1234567 typed into document is entered
16:19:28.684 [main] INFO  com.demo.baseutil.Basetest - Validate bill is clicked is clickable
16:19:30.969 [main] INFO  com.demo.baseutil.Basetest - Clicked on : bill is clicked
16:19:30.969 [main] INFO  com.demo.baseutil.Basetest - Enter the value into purchase is entered
16:19:31.200 [main] INFO  com.demo.baseutil.Basetest - 12345 typed into purchase is entered
16:19:33.208 [main] INFO  com.demo.baseutil.Basetest - Validate product descriptiom is clicked is clickable
16:19:35.509 [main] INFO  com.demo.baseutil.Basetest - Clicked on : product descriptiom is clicked
16:19:35.509 [main] INFO  com.demo.baseutil.Basetest - Enter the value into Product desc is entered
16:19:35.715 [main] INFO  com.demo.baseutil.Basetest - abcd typed into Product desc is entered
16:19:37.729 [main] INFO  com.demo.baseutil.Basetest - Validate remarks is clicked is clickable
16:19:40.008 [main] INFO  com.demo.baseutil.Basetest - Clicked on : remarks is clicked
16:19:42.018 [main] INFO  com.demo.baseutil.Basetest - Enter the value into remarks is entered
16:19:42.216 [main] INFO  com.demo.baseutil.Basetest - test typed into remarks is entered
16:19:46.230 [main] INFO  com.demo.baseutil.Basetest - Scroll till the remarks area is scroll
16:19:46.334 [main] INFO  com.demo.baseutil.Basetest - Scroll till the remarks area is scroll completed
16:19:46.334 [main] INFO  com.demo.baseutil.Basetest - Validate remarks is clicked is clickable
16:19:48.601 [main] INFO  com.demo.baseutil.Basetest - Clicked on : remarks is clicked
16:19:50.614 [main] INFO  com.demo.baseutil.Basetest - Enter the value into remarks is entered
16:19:50.896 [main] INFO  com.demo.baseutil.Basetest - test typed into remarks is entered
16:19:54.898 [main] INFO  com.demo.baseutil.Basetest - Validate addsign is clicked is clickable
16:19:57.175 [main] INFO  com.demo.baseutil.Basetest - Clicked on : addsign is clicked
16:19:59.176 [main] INFO  com.demo.baseutil.Basetest - Validate typesign is clicked is clickable
16:20:01.485 [main] INFO  com.demo.baseutil.Basetest - Clicked on : typesign is clicked
16:20:03.491 [main] INFO  com.demo.baseutil.Basetest - Validate pacesign is clicked is clickable
16:20:05.763 [main] INFO  com.demo.baseutil.Basetest - Clicked on : pacesign is clicked
16:20:07.772 [main] INFO  com.demo.baseutil.Basetest - Enter the value into placesign is entered
16:20:08.040 [main] INFO  com.demo.baseutil.Basetest - deep typed into placesign is entered
16:20:12.051 [main] INFO  com.demo.baseutil.Basetest - Validate signsubmit is clicked is clickable
16:20:14.407 [main] INFO  com.demo.baseutil.Basetest - Clicked on : signsubmit is clicked
16:20:16.411 [main] INFO  com.demo.baseutil.Basetest - Scroll till the add trans is scrolled
16:20:16.489 [main] INFO  com.demo.baseutil.Basetest - Scroll till the add trans is scrolled completed
16:20:16.489 [main] INFO  com.demo.baseutil.Basetest - Validate Add Transaction is selected is clickable
16:20:18.780 [main] INFO  com.demo.baseutil.Basetest - Clicked on : Add Transaction is selected
16:20:18.914 [main] INFO  com.demo.baseutil.Basetest - Browser is closed sucessfuly
16:20:19.262 [main] INFO  com.demo.baseutil.Basetest - Browser is closed sucessfuly
16:20:36.409 [main] INFO  com.demo.baseutil.Basetest - Validate Sign in with FarmtoPlate account is clickable
16:20:38.656 [main] INFO  com.demo.baseutil.Basetest - Clicked on : Sign in with FarmtoPlate account
16:20:38.657 [main] INFO  com.demo.baseutil.Basetest - Url contains farmtoplateapps.io/login
16:20:38.657 [main] INFO  com.demo.baseutil.Basetest - Sign in title matched
16:20:38.657 [main] INFO  com.demo.baseutil.Basetest - UI verified for Sigin page.
16:20:38.657 [main] INFO  com.demo.baseutil.Basetest - Sign in function call
16:20:38.657 [main] INFO  com.demo.baseutil.Basetest - Validate email address field is clicked is clickable
16:20:40.909 [main] INFO  com.demo.baseutil.Basetest - Clicked on : email address field is clicked
16:20:40.909 [main] INFO  com.demo.baseutil.Basetest - Enter the value into Email Id Entered
16:20:41.151 [main] INFO  com.demo.baseutil.Basetest - manufact123@yopmail.com typed into Email Id Entered
16:20:41.151 [main] INFO  com.demo.baseutil.Basetest - Validate Enter the password is clickable
16:20:43.376 [main] INFO  com.demo.baseutil.Basetest - Clicked on : Enter the password
16:20:43.376 [main] INFO  com.demo.baseutil.Basetest - Enter the value into Password Id Entered
16:20:43.586 [main] INFO  com.demo.baseutil.Basetest - Admin@1234 typed into Password Id Entered
16:20:47.632 [main] INFO  com.demo.baseutil.Basetest - Scroll down
16:20:47.632 [main] INFO  com.demo.baseutil.Basetest - Validate Press the signin button is clickable
16:20:50.113 [main] INFO  com.demo.baseutil.Basetest - Clicked on : Press the signin button
16:20:52.114 [main] INFO  com.demo.baseutil.Basetest - HomePage title  is matched
16:21:06.207 [main] INFO  com.demo.baseutil.Basetest - Scroll down
16:21:08.209 [main] INFO  com.demo.baseutil.Basetest - Validate Products is clicked is clickable
16:21:10.547 [main] INFO  com.demo.baseutil.Basetest - Clicked on : Products is clicked
16:21:15.561 [main] INFO  com.demo.baseutil.Basetest - Validate Add new is clicked is clickable
16:21:17.866 [main] INFO  com.demo.baseutil.Basetest - Clicked on : Add new is clicked
16:21:19.879 [main] INFO  com.demo.baseutil.Basetest - Validate Click on productcategory is clickable
16:21:22.233 [main] INFO  com.demo.baseutil.Basetest - Clicked on : Click on productcategory
16:21:22.233 [main] INFO  com.demo.baseutil.Basetest - Validate productbasedfood is clicked is clickable
16:21:24.548 [main] INFO  com.demo.baseutil.Basetest - Clicked on : productbasedfood is clicked
16:21:24.548 [main] INFO  com.demo.baseutil.Basetest - Validate product name is selected is clickable
16:21:26.819 [main] INFO  com.demo.baseutil.Basetest - Clicked on : product name is selected
16:21:26.819 [main] INFO  com.demo.baseutil.Basetest - Enter the value into enter the product
16:21:27.108 [main] INFO  com.demo.baseutil.Basetest - wheat1090 typed into enter the product
16:21:27.109 [main] INFO  com.demo.baseutil.Basetest - Validate Click on productid is clickable
16:21:29.355 [main] INFO  com.demo.baseutil.Basetest - Clicked on : Click on productid
16:21:29.355 [main] INFO  com.demo.baseutil.Basetest - Validate Click on checkbox is clickable
16:21:31.617 [main] INFO  com.demo.baseutil.Basetest - Clicked on : Click on checkbox
16:21:31.617 [main] INFO  com.demo.baseutil.Basetest - Validate Click on autogenerate is clickable
16:21:33.865 [main] INFO  com.demo.baseutil.Basetest - Clicked on : Click on autogenerate
16:21:33.865 [main] INFO  com.demo.baseutil.Basetest - Validate Click on productdesc is clickable
16:21:36.155 [main] INFO  com.demo.baseutil.Basetest - Clicked on : Click on productdesc
16:21:36.155 [main] INFO  com.demo.baseutil.Basetest - Enter the value into Enetered the product desc
16:21:36.397 [main] INFO  com.demo.baseutil.Basetest - test typed into Enetered the product desc
16:21:36.397 [main] INFO  com.demo.baseutil.Basetest - Validate Click on upload is clickable
16:21:38.662 [main] INFO  com.demo.baseutil.Basetest - Clicked on : Click on upload
16:21:48.733 [main] INFO  com.demo.baseutil.Basetest - Scroll down
16:21:48.733 [main] INFO  com.demo.baseutil.Basetest - Validate Click on ingrediant name is clickable
16:21:51.108 [main] INFO  com.demo.baseutil.Basetest - Clicked on : Click on ingrediant name
16:21:51.108 [main] INFO  com.demo.baseutil.Basetest - Enter the value into ingredient name is entered
16:21:51.308 [main] INFO  com.demo.baseutil.Basetest - wheat typed into ingredient name is entered
16:21:54.327 [main] INFO  com.demo.baseutil.Basetest - Validate Click on ingrediant name is clickable
16:21:56.600 [main] INFO  com.demo.baseutil.Basetest - Clicked on : Click on ingrediant name
16:21:56.601 [main] INFO  com.demo.baseutil.Basetest - Enter the value into nutri name is entered
16:21:56.813 [main] INFO  com.demo.baseutil.Basetest - fact typed into nutri name is entered
16:21:56.813 [main] INFO  com.demo.baseutil.Basetest - Validate Click on ingrediant QTY is clickable
16:21:59.110 [main] INFO  com.demo.baseutil.Basetest - Clicked on : Click on ingrediant QTY
16:21:59.112 [main] INFO  com.demo.baseutil.Basetest - Enter the value into nutri qty is entered
16:21:59.387 [main] INFO  com.demo.baseutil.Basetest - 1 typed into nutri qty is entered
16:21:59.387 [main] INFO  com.demo.baseutil.Basetest - Validate Click on ingrediant drop is clickable
16:22:01.660 [main] INFO  com.demo.baseutil.Basetest - Clicked on : Click on ingrediant drop
16:22:03.676 [main] INFO  com.demo.baseutil.Basetest - Validate Click on ingrediant value is clickable
16:22:05.914 [main] INFO  com.demo.baseutil.Basetest - Clicked on : Click on ingrediant value
16:22:11.964 [main] INFO  com.demo.baseutil.Basetest - Scroll down
16:22:13.992 [main] INFO  com.demo.baseutil.Basetest - Scroll down successful
16:22:13.992 [main] INFO  com.demo.baseutil.Basetest - Validate Click on ingrediant name is clickable
16:22:16.306 [main] INFO  com.demo.baseutil.Basetest - Clicked on : Click on ingrediant name
16:22:16.306 [main] INFO  com.demo.baseutil.Basetest - Validate Click on ingrediant name is clickable
16:22:18.563 [main] INFO  com.demo.baseutil.Basetest - Clicked on : Click on ingrediant name
16:22:18.563 [main] INFO  com.demo.baseutil.Basetest - Validate Click on ingrediant name is clickable
16:22:20.871 [main] INFO  com.demo.baseutil.Basetest - Clicked on : Click on ingrediant name
16:22:20.871 [main] INFO  com.demo.baseutil.Basetest - Enter the value into price is entered
16:22:21.105 [main] INFO  com.demo.baseutil.Basetest - 1 typed into price is entered
16:22:21.105 [main] INFO  com.demo.baseutil.Basetest - Validate Click on currency is clickable
16:22:23.360 [main] INFO  com.demo.baseutil.Basetest - Clicked on : Click on currency
16:22:23.360 [main] INFO  com.demo.baseutil.Basetest - Validate Click on currency value is clickable
16:22:25.629 [main] INFO  com.demo.baseutil.Basetest - Clicked on : Click on currency value
16:22:25.629 [main] INFO  com.demo.baseutil.Basetest - Validate Click on typepacking value is clickable
16:22:27.925 [main] INFO  com.demo.baseutil.Basetest - Clicked on : Click on typepacking value
16:22:27.926 [main] INFO  com.demo.baseutil.Basetest - Enter the value into typepacking is entered
16:22:28.136 [main] INFO  com.demo.baseutil.Basetest - 1 typed into typepacking is entered
16:22:28.136 [main] INFO  com.demo.baseutil.Basetest - Validate Click on length value is clickable
16:22:30.440 [main] INFO  com.demo.baseutil.Basetest - Clicked on : Click on length value
16:22:30.440 [main] INFO  com.demo.baseutil.Basetest - Enter the value into length is entered
16:22:30.627 [main] INFO  com.demo.baseutil.Basetest - 1 typed into length is entered
16:22:30.628 [main] INFO  com.demo.baseutil.Basetest - Validate Click on breath value is clickable
16:22:32.903 [main] INFO  com.demo.baseutil.Basetest - Clicked on : Click on breath value
16:22:32.903 [main] INFO  com.demo.baseutil.Basetest - Enter the value into breath is entered
16:22:33.146 [main] INFO  com.demo.baseutil.Basetest - 1 typed into breath is entered
16:22:33.146 [main] INFO  com.demo.baseutil.Basetest - Validate Click on height value is clickable
16:22:35.455 [main] INFO  com.demo.baseutil.Basetest - Clicked on : Click on height value
16:22:35.455 [main] INFO  com.demo.baseutil.Basetest - Enter the value into height is entered
16:22:35.682 [main] INFO  com.demo.baseutil.Basetest - 1 typed into height is entered
16:22:37.707 [main] INFO  com.demo.baseutil.Basetest - Scroll down successful
16:22:37.707 [main] INFO  com.demo.baseutil.Basetest - Validate Click on checkbox1 is clickable
16:22:40.028 [main] INFO  com.demo.baseutil.Basetest - Clicked on : Click on checkbox1
16:22:49.079 [main] INFO  com.demo.baseutil.Basetest - Scroll down
16:22:49.079 [main] INFO  com.demo.baseutil.Basetest - Validate Click on gln1 is clickable
16:22:51.372 [main] INFO  com.demo.baseutil.Basetest - Clicked on : Click on gln1
16:22:51.372 [main] INFO  com.demo.baseutil.Basetest - Enter the value into gln1 is entered
16:22:51.596 [main] INFO  com.demo.baseutil.Basetest - test typed into gln1 is entered
16:22:55.598 [main] INFO  com.demo.baseutil.Basetest - Validate Click on autosearch is clickable
16:22:57.914 [main] INFO  com.demo.baseutil.Basetest - Clicked on : Click on autosearch
16:22:59.926 [main] INFO  com.demo.baseutil.Basetest - Validate Click on gln2 is clickable
16:23:02.176 [main] INFO  com.demo.baseutil.Basetest - Clicked on : Click on gln2
16:23:02.176 [main] INFO  com.demo.baseutil.Basetest - Enter the value into gln2 is entered
16:23:02.354 [main] INFO  com.demo.baseutil.Basetest - test typed into gln2 is entered
16:23:06.367 [main] INFO  com.demo.baseutil.Basetest - Validate Click on autosearch is clickable
16:23:08.679 [main] INFO  com.demo.baseutil.Basetest - Clicked on : Click on autosearch
16:23:13.680 [main] INFO  com.demo.baseutil.Basetest - Validate Click on gln3 is clickable
16:23:15.939 [main] INFO  com.demo.baseutil.Basetest - Clicked on : Click on gln3
16:23:15.939 [main] INFO  com.demo.baseutil.Basetest - Enter the value into gln3 is entered
16:23:16.169 [main] INFO  com.demo.baseutil.Basetest - test typed into gln3 is entered
16:23:18.175 [main] INFO  com.demo.baseutil.Basetest - Scroll till the scrolldown to table:
16:23:18.266 [main] INFO  com.demo.baseutil.Basetest - Scroll till the scrolldown to table: completed
16:23:20.284 [main] INFO  com.demo.baseutil.Basetest - Validate Click on autosearch is clickable
16:23:22.612 [main] INFO  com.demo.baseutil.Basetest - Clicked on : Click on autosearch
16:23:28.655 [main] INFO  com.demo.baseutil.Basetest - Scroll down
16:23:30.656 [main] INFO  com.demo.baseutil.Basetest - Validate Click on registerproduct is clickable
16:23:33.010 [main] INFO  com.demo.baseutil.Basetest - Clicked on : Click on registerproduct
16:23:56.779 [main] INFO  com.demo.baseutil.Basetest - Browser is closed sucessfuly
16:23:57.109 [main] INFO  com.demo.baseutil.Basetest - Browser is closed sucessfuly
16:24:08.124 [main] INFO  com.demo.baseutil.Basetest - Validate Sign in with FarmtoPlate account is clickable
16:24:10.372 [main] INFO  com.demo.baseutil.Basetest - Clicked on : Sign in with FarmtoPlate account
16:24:10.372 [main] INFO  com.demo.baseutil.Basetest - Url contains farmtoplateapps.io/login
16:24:10.391 [main] INFO  com.demo.baseutil.Basetest - Sign in title matched
16:24:10.391 [main] INFO  com.demo.baseutil.Basetest - UI verified for Sigin page.
16:24:10.391 [main] INFO  com.demo.baseutil.Basetest - Sign in function call
16:24:10.391 [main] INFO  com.demo.baseutil.Basetest - Validate email address field is clicked is clickable
16:24:12.688 [main] INFO  com.demo.baseutil.Basetest - Clicked on : email address field is clicked
16:24:12.688 [main] INFO  com.demo.baseutil.Basetest - Enter the value into Email Id Entered
16:24:12.968 [main] INFO  com.demo.baseutil.Basetest - manufact123@yopmail.com typed into Email Id Entered
16:24:12.968 [main] INFO  com.demo.baseutil.Basetest - Validate Enter the password is clickable
16:24:15.208 [main] INFO  com.demo.baseutil.Basetest - Clicked on : Enter the password
16:24:15.208 [main] INFO  com.demo.baseutil.Basetest - Enter the value into Password Id Entered
16:24:15.408 [main] INFO  com.demo.baseutil.Basetest - Admin@1234 typed into Password Id Entered
16:24:19.456 [main] INFO  com.demo.baseutil.Basetest - Scroll down
16:24:19.456 [main] INFO  com.demo.baseutil.Basetest - Validate Press the signin button is clickable
16:24:22.068 [main] INFO  com.demo.baseutil.Basetest - Clicked on : Press the signin button
16:24:24.074 [main] INFO  com.demo.baseutil.Basetest - HomePage title  is matched
16:24:38.140 [main] INFO  com.demo.baseutil.Basetest - Scroll down
16:24:40.155 [main] INFO  com.demo.baseutil.Basetest - Validate Process is clicked is clickable
16:24:42.486 [main] INFO  com.demo.baseutil.Basetest - Clicked on : Process is clicked
16:24:47.500 [main] INFO  com.demo.baseutil.Basetest - Validate Process add is clicked is clickable
16:24:49.802 [main] INFO  com.demo.baseutil.Basetest - Clicked on : Process add is clicked
16:24:54.810 [main] INFO  com.demo.baseutil.Basetest - Validate Product id is clicked is clickable
16:24:57.150 [main] INFO  com.demo.baseutil.Basetest - Clicked on : Product id is clicked
16:25:01.423 [main] INFO  com.demo.baseutil.Basetest - Validate Product id is clicked is clickable
16:25:03.690 [main] INFO  com.demo.baseutil.Basetest - Clicked on : Product id is clicked
16:25:05.692 [main] INFO  com.demo.baseutil.Basetest - Validate Product id is clicked is clickable
16:25:07.967 [main] INFO  com.demo.baseutil.Basetest - Clicked on : Product id is clicked
16:25:09.974 [main] INFO  com.demo.baseutil.Basetest - Validate outside is clicked is clickable
16:25:12.253 [main] INFO  com.demo.baseutil.Basetest - Clicked on : outside is clicked
16:25:18.310 [main] INFO  com.demo.baseutil.Basetest - Scroll down
16:25:18.310 [main] INFO  com.demo.baseutil.Basetest - Validate process name is clicked is clickable
16:25:20.551 [main] INFO  com.demo.baseutil.Basetest - Clicked on : process name is clicked
16:25:22.558 [main] INFO  com.demo.baseutil.Basetest - Enter the value into process name Value is entered
16:25:22.811 [main] INFO  com.demo.baseutil.Basetest - processcomm typed into process name Value is entered
16:25:24.837 [main] INFO  com.demo.baseutil.Basetest - Scroll down successful
16:25:24.837 [main] INFO  com.demo.baseutil.Basetest - Validate process loc is clicked is clickable
16:25:27.137 [main] INFO  com.demo.baseutil.Basetest - Clicked on : process loc is clicked
16:25:29.142 [main] INFO  com.demo.baseutil.Basetest - Enter the value into process name Value is entered
16:25:29.374 [main] INFO  com.demo.baseutil.Basetest - 8964214814014 typed into process name Value is entered
16:25:34.384 [main] INFO  com.demo.baseutil.Basetest - Validate process loc is clicked is clickable
16:25:36.760 [main] INFO  com.demo.baseutil.Basetest - Clicked on : process loc is clicked
16:25:38.771 [main] INFO  com.demo.baseutil.Basetest - Validate process type is clicked is clickable
16:25:41.019 [main] INFO  com.demo.baseutil.Basetest - Clicked on : process type is clicked
16:25:43.048 [main] INFO  com.demo.baseutil.Basetest - Scroll down successful
16:25:43.048 [main] INFO  com.demo.baseutil.Basetest - Validate process comm is clicked is clickable
16:25:45.333 [main] INFO  com.demo.baseutil.Basetest - Clicked on : process comm is clicked
16:25:51.416 [main] INFO  com.demo.baseutil.Basetest - Scroll down
16:25:51.416 [main] INFO  com.demo.baseutil.Basetest - Validate process add button is clicked is clickable
16:25:53.705 [main] INFO  com.demo.baseutil.Basetest - Clicked on : process add button is clicked
16:26:10.802 [main] INFO  com.demo.baseutil.Basetest - Scroll down
16:26:12.814 [main] INFO  com.demo.baseutil.Basetest - Validate Process is clicked is clickable
16:26:15.212 [main] INFO  com.demo.baseutil.Basetest - Clicked on : Process is clicked
16:26:20.222 [main] INFO  com.demo.baseutil.Basetest - Validate Process add is clicked is clickable
16:26:22.602 [main] INFO  com.demo.baseutil.Basetest - Clicked on : Process add is clicked
16:26:27.617 [main] INFO  com.demo.baseutil.Basetest - Validate Product id is clicked is clickable
16:26:29.916 [main] INFO  com.demo.baseutil.Basetest - Clicked on : Product id is clicked
16:26:34.217 [main] INFO  com.demo.baseutil.Basetest - Validate Product id is clicked is clickable
16:26:36.473 [main] INFO  com.demo.baseutil.Basetest - Clicked on : Product id is clicked
16:26:38.478 [main] INFO  com.demo.baseutil.Basetest - Validate Product id is clicked is clickable
16:26:40.814 [main] INFO  com.demo.baseutil.Basetest - Clicked on : Product id is clicked
16:26:42.817 [main] INFO  com.demo.baseutil.Basetest - Validate outside is clicked is clickable
16:26:45.154 [main] INFO  com.demo.baseutil.Basetest - Clicked on : outside is clicked
16:26:51.224 [main] INFO  com.demo.baseutil.Basetest - Scroll down
16:26:51.224 [main] INFO  com.demo.baseutil.Basetest - Validate process name is clicked is clickable
16:26:53.539 [main] INFO  com.demo.baseutil.Basetest - Clicked on : process name is clicked
16:26:55.539 [main] INFO  com.demo.baseutil.Basetest - Enter the value into process name Value is entered
16:26:55.773 [main] INFO  com.demo.baseutil.Basetest - processcooling typed into process name Value is entered
16:26:57.807 [main] INFO  com.demo.baseutil.Basetest - Scroll down successful
16:26:57.807 [main] INFO  com.demo.baseutil.Basetest - Validate process loc is clicked is clickable
16:27:00.088 [main] INFO  com.demo.baseutil.Basetest - Clicked on : process loc is clicked
16:27:02.097 [main] INFO  com.demo.baseutil.Basetest - Enter the value into process name Value is entered
16:27:02.304 [main] INFO  com.demo.baseutil.Basetest - 8964214814014 typed into process name Value is entered
16:27:07.322 [main] INFO  com.demo.baseutil.Basetest - Validate process loc is clicked is clickable
16:27:09.599 [main] INFO  com.demo.baseutil.Basetest - Clicked on : process loc is clicked
16:27:11.608 [main] INFO  com.demo.baseutil.Basetest - Validate process type is clicked is clickable
16:27:13.888 [main] INFO  com.demo.baseutil.Basetest - Clicked on : process type is clicked
16:27:15.905 [main] INFO  com.demo.baseutil.Basetest - Scroll down successful
16:27:15.905 [main] INFO  com.demo.baseutil.Basetest - Validate process trans is clicked is clickable
16:27:18.176 [main] INFO  com.demo.baseutil.Basetest - Clicked on : process trans is clicked
16:27:24.260 [main] INFO  com.demo.baseutil.Basetest - Scroll down
16:27:24.260 [main] INFO  com.demo.baseutil.Basetest - Validate process add button is clicked is clickable
16:27:26.537 [main] INFO  com.demo.baseutil.Basetest - Clicked on : process add button is clicked
16:27:43.592 [main] INFO  com.demo.baseutil.Basetest - Scroll down
16:27:45.592 [main] INFO  com.demo.baseutil.Basetest - Validate Process is clicked is clickable
16:27:47.931 [main] INFO  com.demo.baseutil.Basetest - Clicked on : Process is clicked
16:27:52.946 [main] INFO  com.demo.baseutil.Basetest - Validate Process add is clicked is clickable
16:27:55.273 [main] INFO  com.demo.baseutil.Basetest - Clicked on : Process add is clicked
16:28:00.279 [main] INFO  com.demo.baseutil.Basetest - Validate Product id is clicked is clickable
16:28:02.549 [main] INFO  com.demo.baseutil.Basetest - Clicked on : Product id is clicked
16:28:06.812 [main] INFO  com.demo.baseutil.Basetest - Validate Product id is clicked is clickable
16:28:09.063 [main] INFO  com.demo.baseutil.Basetest - Clicked on : Product id is clicked
16:28:11.070 [main] INFO  com.demo.baseutil.Basetest - Validate Product id is clicked is clickable
16:28:13.344 [main] INFO  com.demo.baseutil.Basetest - Clicked on : Product id is clicked
16:28:15.350 [main] INFO  com.demo.baseutil.Basetest - Validate outside is clicked is clickable
16:28:17.657 [main] INFO  com.demo.baseutil.Basetest - Clicked on : outside is clicked
16:28:23.704 [main] INFO  com.demo.baseutil.Basetest - Scroll down
16:28:23.704 [main] INFO  com.demo.baseutil.Basetest - Validate process name is clicked is clickable
16:28:25.972 [main] INFO  com.demo.baseutil.Basetest - Clicked on : process name is clicked
16:28:27.976 [main] INFO  com.demo.baseutil.Basetest - Enter the value into process name Value is entered
16:28:28.236 [main] INFO  com.demo.baseutil.Basetest - processobsnosscc typed into process name Value is entered
16:28:30.253 [main] INFO  com.demo.baseutil.Basetest - Scroll down successful
16:28:30.253 [main] INFO  com.demo.baseutil.Basetest - Validate process loc is clicked is clickable
16:28:32.482 [main] INFO  com.demo.baseutil.Basetest - Clicked on : process loc is clicked
16:28:34.490 [main] INFO  com.demo.baseutil.Basetest - Enter the value into process name Value is entered
16:28:34.711 [main] INFO  com.demo.baseutil.Basetest - 8964214814014 typed into process name Value is entered
16:28:39.724 [main] INFO  com.demo.baseutil.Basetest - Validate process loc is clicked is clickable
16:28:41.948 [main] INFO  com.demo.baseutil.Basetest - Clicked on : process loc is clicked
16:28:43.950 [main] INFO  com.demo.baseutil.Basetest - Validate process type is clicked is clickable
16:28:46.179 [main] INFO  com.demo.baseutil.Basetest - Clicked on : process type is clicked
16:28:48.207 [main] INFO  com.demo.baseutil.Basetest - Scroll down successful
16:28:48.207 [main] INFO  com.demo.baseutil.Basetest - Validate process trans is clicked is clickable
16:28:50.495 [main] INFO  com.demo.baseutil.Basetest - Clicked on : process trans is clicked
16:28:52.510 [main] INFO  com.demo.baseutil.Basetest - Validate kdesscc  is clicked is clickable
16:28:54.781 [main] INFO  com.demo.baseutil.Basetest - Clicked on : kdesscc  is clicked
16:29:00.850 [main] INFO  com.demo.baseutil.Basetest - Scroll down
16:29:00.850 [main] INFO  com.demo.baseutil.Basetest - Validate process add button is clicked is clickable
16:29:03.135 [main] INFO  com.demo.baseutil.Basetest - Clicked on : process add button is clicked
16:29:08.250 [main] INFO  com.demo.baseutil.Basetest - Browser is closed sucessfuly
16:29:08.696 [main] INFO  com.demo.baseutil.Basetest - Browser is closed sucessfuly
16:29:21.900 [main] INFO  com.demo.baseutil.Basetest - Validate Sign in with FarmtoPlate account is clickable
16:29:24.162 [main] INFO  com.demo.baseutil.Basetest - Clicked on : Sign in with FarmtoPlate account
16:29:24.162 [main] INFO  com.demo.baseutil.Basetest - Url contains farmtoplateapps.io/login
16:29:24.177 [main] INFO  com.demo.baseutil.Basetest - Sign in title matched
16:29:24.177 [main] INFO  com.demo.baseutil.Basetest - UI verified for Sigin page.
16:29:24.177 [main] INFO  com.demo.baseutil.Basetest - Sign in function call
16:29:24.177 [main] INFO  com.demo.baseutil.Basetest - Validate email address field is clicked is clickable
16:29:26.446 [main] INFO  com.demo.baseutil.Basetest - Clicked on : email address field is clicked
16:29:26.446 [main] INFO  com.demo.baseutil.Basetest - Enter the value into Email Id Entered
16:29:26.717 [main] INFO  com.demo.baseutil.Basetest - manufact123@yopmail.com typed into Email Id Entered
16:29:26.717 [main] INFO  com.demo.baseutil.Basetest - Validate Enter the password is clickable
16:29:28.981 [main] INFO  com.demo.baseutil.Basetest - Clicked on : Enter the password
16:29:28.981 [main] INFO  com.demo.baseutil.Basetest - Enter the value into Password Id Entered
16:29:29.200 [main] INFO  com.demo.baseutil.Basetest - Admin@1234 typed into Password Id Entered
16:29:33.252 [main] INFO  com.demo.baseutil.Basetest - Scroll down
16:29:33.252 [main] INFO  com.demo.baseutil.Basetest - Validate Press the signin button is clickable
16:29:35.883 [main] INFO  com.demo.baseutil.Basetest - Clicked on : Press the signin button
16:29:38.017 [main] INFO  com.demo.baseutil.Basetest - HomePage title  is matched
16:29:58.118 [main] INFO  com.demo.baseutil.Basetest - Validate Asset & Infrastructure Data is clicked is clickable
16:30:00.364 [main] INFO  com.demo.baseutil.Basetest - Clicked on : Asset & Infrastructure Data is clicked
16:30:02.371 [main] INFO  com.demo.baseutil.Basetest - Validate Assets is clicked is clickable
16:30:04.815 [main] INFO  com.demo.baseutil.Basetest - Clicked on : Assets is clicked
16:30:06.816 [main] INFO  com.demo.baseutil.Basetest - Validate Add new is clicked is clickable
16:30:09.135 [main] INFO  com.demo.baseutil.Basetest - Clicked on : Add new is clicked
16:30:11.139 [main] INFO  com.demo.baseutil.Basetest - Validate Asset type is clicked is clickable
16:30:13.385 [main] INFO  com.demo.baseutil.Basetest - Clicked on : Asset type is clicked
16:30:13.385 [main] INFO  com.demo.baseutil.Basetest - Validate Click on Vehicle Name is clickable
16:30:15.637 [main] INFO  com.demo.baseutil.Basetest - Clicked on : Click on Vehicle Name
16:30:17.639 [main] INFO  com.demo.baseutil.Basetest - Validate container name is clicked is clickable
16:30:19.891 [main] INFO  com.demo.baseutil.Basetest - Clicked on : container name is clicked
16:30:19.891 [main] INFO  com.demo.baseutil.Basetest - Enter the value into enter the container name
16:30:20.200 [main] INFO  com.demo.baseutil.Basetest - container600600 typed into enter the container name
16:30:22.212 [main] INFO  com.demo.baseutil.Basetest - Validate length is clicked is clickable
16:30:24.491 [main] INFO  com.demo.baseutil.Basetest - Clicked on : length is clicked
16:30:26.500 [main] INFO  com.demo.baseutil.Basetest - Enter the value into enter the length
16:30:26.716 [main] INFO  com.demo.baseutil.Basetest - 10 typed into enter the length
16:30:26.716 [main] INFO  com.demo.baseutil.Basetest - Validate breadth is clicked is clickable
16:30:28.984 [main] INFO  com.demo.baseutil.Basetest - Clicked on : breadth is clicked
16:30:28.984 [main] INFO  com.demo.baseutil.Basetest - Enter the value into breath entered
16:30:29.190 [main] INFO  com.demo.baseutil.Basetest - 10 typed into breath entered
16:30:31.198 [main] INFO  com.demo.baseutil.Basetest - Validate height is clicked is clickable
16:30:33.450 [main] INFO  com.demo.baseutil.Basetest - Clicked on : height is clicked
16:30:35.466 [main] INFO  com.demo.baseutil.Basetest - Enter the value into height entered
16:30:35.665 [main] INFO  com.demo.baseutil.Basetest - 20 typed into height entered
16:30:37.675 [main] INFO  com.demo.baseutil.Basetest - Validate dom is clicked is clickable
16:30:39.917 [main] INFO  com.demo.baseutil.Basetest - Clicked on : dom is clicked
16:30:41.933 [main] INFO  com.demo.baseutil.Basetest - Validate ft is clicked is clickable
16:30:44.221 [main] INFO  com.demo.baseutil.Basetest - Clicked on : ft is clicked
16:30:46.223 [main] INFO  com.demo.baseutil.Basetest - Validate wt is clicked is clickable
16:30:48.521 [main] INFO  com.demo.baseutil.Basetest - Clicked on : wt is clicked
16:30:50.524 [main] INFO  com.demo.baseutil.Basetest - Enter the value into weight entered
16:30:50.750 [main] INFO  com.demo.baseutil.Basetest - 1000 typed into weight entered
16:30:52.754 [main] INFO  com.demo.baseutil.Basetest - Validate wtcap is clicked is clickable
16:30:55.048 [main] INFO  com.demo.baseutil.Basetest - Clicked on : wtcap is clicked
16:30:57.050 [main] INFO  com.demo.baseutil.Basetest - Validate tons is clicked is clickable
16:30:59.295 [main] INFO  com.demo.baseutil.Basetest - Clicked on : tons is clicked
16:31:01.308 [main] INFO  com.demo.baseutil.Basetest - Validate Click on Add button is clickable
16:31:03.598 [main] INFO  com.demo.baseutil.Basetest - Clicked on : Click on Add button
16:31:11.619 [main] INFO  com.demo.baseutil.Basetest - Validate transaction is clicked is clickable
16:31:14.090 [main] INFO  com.demo.baseutil.Basetest - Clicked on : transaction is clicked
16:31:19.099 [main] INFO  com.demo.baseutil.Basetest - Validate add new is clicked is clickable
16:31:21.447 [main] INFO  com.demo.baseutil.Basetest - Clicked on : add new is clicked
16:31:26.463 [main] INFO  com.demo.baseutil.Basetest - Validate Product id is clicked is clickable
16:31:28.713 [main] INFO  com.demo.baseutil.Basetest - Clicked on : Product id is clicked
16:31:30.721 [main] INFO  com.demo.baseutil.Basetest - Enter the value into Saved Value is entered
16:31:31.002 [main] INFO  com.demo.baseutil.Basetest - F2PG10001058 typed into Saved Value is entered
16:31:33.013 [main] INFO  com.demo.baseutil.Basetest - Validate Product id is clicked is clickable
16:31:35.254 [main] INFO  com.demo.baseutil.Basetest - Clicked on : Product id is clicked
16:31:37.263 [main] INFO  com.demo.baseutil.Basetest - Validate Product id is clicked is clickable
16:31:39.565 [main] INFO  com.demo.baseutil.Basetest - Clicked on : Product id is clicked
16:31:41.565 [main] INFO  com.demo.baseutil.Basetest - Validate chooseprocess id is clicked is clickable
16:31:43.894 [main] INFO  com.demo.baseutil.Basetest - Clicked on : chooseprocess id is clicked
16:31:45.898 [main] INFO  com.demo.baseutil.Basetest - Enter the value into Harvestiong/commission is entered
16:31:46.099 [main] INFO  com.demo.baseutil.Basetest - processcomm typed into Harvestiong/commission is entered
16:31:48.110 [main] INFO  com.demo.baseutil.Basetest - Validate chooseprocess id is clicked is clickable
16:31:50.444 [main] INFO  com.demo.baseutil.Basetest - Clicked on : chooseprocess id is clicked
16:31:53.460 [main] INFO  com.demo.baseutil.Basetest - Validate Process commision is selected is clickable
16:31:55.806 [main] INFO  com.demo.baseutil.Basetest - Clicked on : Process commision is selected
16:31:57.827 [main] INFO  com.demo.baseutil.Basetest - Scroll down successful
16:31:57.827 [main] INFO  com.demo.baseutil.Basetest - Validate date is selected is clickable
16:32:00.162 [main] INFO  com.demo.baseutil.Basetest - Clicked on : date is selected
16:32:01.175 [main] INFO  com.demo.baseutil.Basetest - Validate date netx button is clickable
16:32:03.474 [main] INFO  com.demo.baseutil.Basetest - Clicked on : date netx button
16:32:03.474 [main] INFO  com.demo.baseutil.Basetest - Validate date is entered is clickable
16:32:05.792 [main] INFO  com.demo.baseutil.Basetest - Clicked on : date is entered
16:32:07.803 [main] INFO  com.demo.baseutil.Basetest - Validate date is selected is clickable
16:32:10.078 [main] INFO  com.demo.baseutil.Basetest - Clicked on : date is selected
16:32:16.164 [main] INFO  com.demo.baseutil.Basetest - Scroll down
16:32:16.164 [main] INFO  com.demo.baseutil.Basetest - Validate activity is selected is clickable
16:32:18.406 [main] INFO  com.demo.baseutil.Basetest - Clicked on : activity is selected
16:32:18.406 [main] INFO  com.demo.baseutil.Basetest - Enter the value into activity Value is entered
16:32:18.673 [main] INFO  com.demo.baseutil.Basetest - abcd typed into activity Value is entered
16:32:20.675 [main] INFO  com.demo.baseutil.Basetest - Validate packing type dropdown is selected is clickable
16:32:22.952 [main] INFO  com.demo.baseutil.Basetest - Clicked on : packing type dropdown is selected
16:32:22.952 [main] INFO  com.demo.baseutil.Basetest - Validate packing type dropdown is selected is clickable
16:32:25.204 [main] INFO  com.demo.baseutil.Basetest - Clicked on : packing type dropdown is selected
16:32:31.265 [main] INFO  com.demo.baseutil.Basetest - Scroll down
16:32:31.265 [main] INFO  com.demo.baseutil.Basetest - Validate tlc is clicked is clickable
16:32:33.520 [main] INFO  com.demo.baseutil.Basetest - Clicked on : tlc is clicked
16:32:33.520 [main] INFO  com.demo.baseutil.Basetest - Enter the value into Tlc no is entered
16:32:33.813 [main] INFO  com.demo.baseutil.Basetest - 1234567890 typed into Tlc no is entered
16:32:33.813 [main] INFO  com.demo.baseutil.Basetest - Validate location is clicked is clickable
16:32:36.057 [main] INFO  com.demo.baseutil.Basetest - Clicked on : location is clicked
16:32:36.057 [main] INFO  com.demo.baseutil.Basetest - Enter the value into location no is entered
16:32:36.318 [main] INFO  com.demo.baseutil.Basetest - test typed into location no is entered
16:32:36.318 [main] INFO  com.demo.baseutil.Basetest - Validate commodity is clicked is clickable
16:32:38.544 [main] INFO  com.demo.baseutil.Basetest - Clicked on : commodity is clicked
16:32:38.544 [main] INFO  com.demo.baseutil.Basetest - Enter the value into commodity is entered
16:32:38.812 [main] INFO  com.demo.baseutil.Basetest - commodity typed into commodity is entered
16:32:38.812 [main] INFO  com.demo.baseutil.Basetest - Scroll till the scrolled to down
16:32:38.894 [main] INFO  com.demo.baseutil.Basetest - Scroll till the scrolled to down completed
16:32:38.894 [main] INFO  com.demo.baseutil.Basetest - Validate count sgtin is clicked is clickable
16:32:41.192 [main] INFO  com.demo.baseutil.Basetest - Clicked on : count sgtin is clicked
16:32:41.192 [main] INFO  com.demo.baseutil.Basetest - Enter the value into countsgtin is entered
16:32:41.379 [main] INFO  com.demo.baseutil.Basetest - 123 typed into countsgtin is entered
16:32:41.379 [main] INFO  com.demo.baseutil.Basetest - Validate weightsgtin sgtin is clicked is clickable
16:32:43.623 [main] INFO  com.demo.baseutil.Basetest - Clicked on : weightsgtin sgtin is clicked
16:32:43.623 [main] INFO  com.demo.baseutil.Basetest - Enter the value into weightsgtin is entered
16:32:43.872 [main] INFO  com.demo.baseutil.Basetest - 1234567 typed into weightsgtin is entered
16:32:43.872 [main] INFO  com.demo.baseutil.Basetest - Validate itemsgtin sgtin is clicked is clickable
16:32:46.141 [main] INFO  com.demo.baseutil.Basetest - Clicked on : itemsgtin sgtin is clicked
16:32:46.141 [main] INFO  com.demo.baseutil.Basetest - Validate itemgtin is entered is clickable
16:32:48.392 [main] INFO  com.demo.baseutil.Basetest - Clicked on : itemgtin is entered
16:32:48.392 [main] INFO  com.demo.baseutil.Basetest - Validate filed is clicked is clickable
16:32:50.633 [main] INFO  com.demo.baseutil.Basetest - Clicked on : filed is clicked
16:32:50.633 [main] INFO  com.demo.baseutil.Basetest - Enter the value into filed is entered
16:32:50.849 [main] INFO  com.demo.baseutil.Basetest - filed typed into filed is entered
16:32:50.849 [main] INFO  com.demo.baseutil.Basetest - Validate container is clicked is clickable
16:32:53.156 [main] INFO  com.demo.baseutil.Basetest - Clicked on : container is clicked
16:32:53.156 [main] INFO  com.demo.baseutil.Basetest - Enter the value into filed is entered
16:32:53.407 [main] INFO  com.demo.baseutil.Basetest - container600600 typed into filed is entered
16:32:57.415 [main] INFO  com.demo.baseutil.Basetest - Validate Selected the conatiner is clickable
16:32:59.675 [main] INFO  com.demo.baseutil.Basetest - Clicked on : Selected the conatiner
16:33:00.690 [main] INFO  com.demo.baseutil.Basetest - Validate document is clicked is clickable
16:33:02.972 [main] INFO  com.demo.baseutil.Basetest - Clicked on : document is clicked
16:33:02.972 [main] INFO  com.demo.baseutil.Basetest - Enter the value into document is entered
16:33:03.425 [main] INFO  com.demo.baseutil.Basetest - 1234567 typed into document is entered
16:33:07.516 [main] INFO  com.demo.baseutil.Basetest - Scroll down
16:33:07.516 [main] INFO  com.demo.baseutil.Basetest - Validate Add Transaction is selected is clickable
16:33:09.912 [main] INFO  com.demo.baseutil.Basetest - Clicked on : Add Transaction is selected
16:33:14.926 [main] INFO  com.demo.baseutil.Basetest - Scroll till the Transaction is scrolled
16:33:15.028 [main] INFO  com.demo.baseutil.Basetest - Scroll till the Transaction is scrolled completed
16:33:15.028 [main] INFO  com.demo.baseutil.Basetest - Validate transaction is clicked is clickable
16:33:17.372 [main] INFO  com.demo.baseutil.Basetest - Clicked on : transaction is clicked
16:33:19.379 [main] INFO  com.demo.baseutil.Basetest - Validate productid is selected is clickable
16:33:21.665 [main] INFO  com.demo.baseutil.Basetest - Clicked on : productid is selected
16:33:21.665 [main] INFO  com.demo.baseutil.Basetest - Enter the value into enter the productid
16:33:21.933 [main] INFO  com.demo.baseutil.Basetest - F2PG10001058 typed into enter the productid
16:33:21.933 [main] INFO  com.demo.baseutil.Basetest - Validate search is selected is clickable
16:33:24.203 [main] INFO  com.demo.baseutil.Basetest - Clicked on : search is selected
16:33:24.203 [main] INFO  com.demo.baseutil.Basetest - Validate search button is clicked is clickable
16:33:26.478 [main] INFO  com.demo.baseutil.Basetest - Clicked on : search button is clicked
16:33:28.506 [main] INFO  com.demo.baseutil.Basetest - Scroll up
16:33:30.530 [main] INFO  com.demo.baseutil.Basetest - Scroll up
16:33:34.533 [main] INFO  com.demo.baseutil.Basetest - Validate transaction is clicked is clickable
16:33:36.903 [main] INFO  com.demo.baseutil.Basetest - Clicked on : transaction is clicked
16:33:41.904 [main] INFO  com.demo.baseutil.Basetest - Scroll till the Transaction is scrolled
16:33:41.970 [main] INFO  com.demo.baseutil.Basetest - Scroll till the Transaction is scrolled completed
16:33:41.970 [main] INFO  com.demo.baseutil.Basetest - Validate transaction is clicked is clickable
16:33:44.271 [main] INFO  com.demo.baseutil.Basetest - Clicked on : transaction is clicked
16:33:49.287 [main] INFO  com.demo.baseutil.Basetest - Validate add new is clicked is clickable
16:33:51.593 [main] INFO  com.demo.baseutil.Basetest - Clicked on : add new is clicked
16:33:56.596 [main] INFO  com.demo.baseutil.Basetest - Validate Product id is clicked is clickable
16:33:58.860 [main] INFO  com.demo.baseutil.Basetest - Clicked on : Product id is clicked
16:34:00.869 [main] INFO  com.demo.baseutil.Basetest - Enter the value into Saved Value is entered
16:34:01.100 [main] INFO  com.demo.baseutil.Basetest - F2PG10001058 typed into Saved Value is entered
16:34:03.103 [main] INFO  com.demo.baseutil.Basetest - Validate Product id is clicked is clickable
16:34:05.363 [main] INFO  com.demo.baseutil.Basetest - Clicked on : Product id is clicked
16:34:07.378 [main] INFO  com.demo.baseutil.Basetest - Validate Product id is clicked is clickable
16:34:09.670 [main] INFO  com.demo.baseutil.Basetest - Clicked on : Product id is clicked
16:34:11.687 [main] INFO  com.demo.baseutil.Basetest - Validate chooseprocess id is clicked is clickable
16:34:14.012 [main] INFO  com.demo.baseutil.Basetest - Clicked on : chooseprocess id is clicked
16:34:16.027 [main] INFO  com.demo.baseutil.Basetest - Enter the value into Transformation is entered
16:34:16.267 [main] INFO  com.demo.baseutil.Basetest - transformation typed into Transformation is entered
16:34:18.271 [main] INFO  com.demo.baseutil.Basetest - Validate chooseprocess id is clicked is clickable
16:34:20.560 [main] INFO  com.demo.baseutil.Basetest - Clicked on : chooseprocess id is clicked
16:34:23.569 [main] INFO  com.demo.baseutil.Basetest - Validate Process Transformation is selected is clickable
16:34:25.848 [main] INFO  com.demo.baseutil.Basetest - Clicked on : Process Transformation is selected
16:34:30.855 [main] INFO  com.demo.baseutil.Basetest - Validate date is selected is clickable
16:34:33.192 [main] INFO  com.demo.baseutil.Basetest - Clicked on : date is selected
16:34:34.211 [main] INFO  com.demo.baseutil.Basetest - Validate date prev button is clickable
16:34:36.510 [main] INFO  com.demo.baseutil.Basetest - Clicked on : date prev button
16:34:36.510 [main] INFO  com.demo.baseutil.Basetest - Validate date is entered is clickable
16:34:38.784 [main] INFO  com.demo.baseutil.Basetest - Clicked on : date is entered
16:34:40.787 [main] INFO  com.demo.baseutil.Basetest - Validate date is selected is clickable
16:34:43.176 [main] INFO  com.demo.baseutil.Basetest - Clicked on : date is selected
16:34:45.176 [main] INFO  com.demo.baseutil.Basetest - Validate date is selected is clickable
16:34:47.481 [main] INFO  com.demo.baseutil.Basetest - Clicked on : date is selected
16:34:48.495 [main] INFO  com.demo.baseutil.Basetest - Validate date next button is clickable
16:34:50.811 [main] INFO  com.demo.baseutil.Basetest - Clicked on : date next button
16:34:50.811 [main] INFO  com.demo.baseutil.Basetest - Validate date is entered is clickable
16:34:53.067 [main] INFO  com.demo.baseutil.Basetest - Clicked on : date is entered
16:34:55.070 [main] INFO  com.demo.baseutil.Basetest - Validate date is selected is clickable
16:34:57.374 [main] INFO  com.demo.baseutil.Basetest - Clicked on : date is selected
16:35:03.447 [main] INFO  com.demo.baseutil.Basetest - Scroll down
16:35:03.447 [main] INFO  com.demo.baseutil.Basetest - Validate activity is selected is clickable
16:35:05.742 [main] INFO  com.demo.baseutil.Basetest - Clicked on : activity is selected
16:35:05.742 [main] INFO  com.demo.baseutil.Basetest - Enter the value into activity Value is entered
16:35:05.953 [main] INFO  com.demo.baseutil.Basetest - abcd typed into activity Value is entered
16:35:07.968 [main] INFO  com.demo.baseutil.Basetest - Validate newlgtin is clicked is clickable
16:35:10.286 [main] INFO  com.demo.baseutil.Basetest - Clicked on : newlgtin is clicked
16:35:10.286 [main] INFO  com.demo.baseutil.Basetest - Enter the value into lotvalue is entered
16:35:10.576 [main] INFO  com.demo.baseutil.Basetest - 341004092410000031 typed into lotvalue is entered
16:35:13.582 [main] INFO  com.demo.baseutil.Basetest - Validate newlgtinarrow is clicked is clickable
16:35:15.840 [main] INFO  com.demo.baseutil.Basetest - Clicked on : newlgtinarrow is clicked
16:35:18.841 [main] INFO  com.demo.baseutil.Basetest - Scroll till the packing type scrolled
16:35:18.910 [main] INFO  com.demo.baseutil.Basetest - Scroll till the packing type scrolled completed
16:35:20.915 [main] INFO  com.demo.baseutil.Basetest - Validate qtyconsumed is clicked is clickable
16:35:23.303 [main] INFO  com.demo.baseutil.Basetest - Clicked on : qtyconsumed is clicked
16:35:23.303 [main] INFO  com.demo.baseutil.Basetest - Enter the value into qtyconsumeda is entered
16:35:23.551 [main] INFO  com.demo.baseutil.Basetest - 1 typed into qtyconsumeda is entered
16:35:23.551 [main] INFO  com.demo.baseutil.Basetest - Validate packingtype is selected is clickable
16:35:25.830 [main] INFO  com.demo.baseutil.Basetest - Clicked on : packingtype is selected
16:35:27.836 [main] INFO  com.demo.baseutil.Basetest - Validate packingtypeselect is selected is clickable
16:35:30.205 [main] INFO  com.demo.baseutil.Basetest - Clicked on : packingtypeselect is selected
16:35:32.221 [main] INFO  com.demo.baseutil.Basetest - Scroll till the batch scrolled
16:35:32.309 [main] INFO  com.demo.baseutil.Basetest - Scroll till the batch scrolled completed
16:35:34.321 [main] INFO  com.demo.baseutil.Basetest - Validate remarks is selected is clickable
16:35:36.629 [main] INFO  com.demo.baseutil.Basetest - Clicked on : remarks is selected
16:35:36.629 [main] INFO  com.demo.baseutil.Basetest - Enter the value into remarks Value is entered
16:35:36.841 [main] INFO  com.demo.baseutil.Basetest - test typed into remarks Value is entered
16:35:36.841 [main] INFO  com.demo.baseutil.Basetest - Validate document is selected is clickable
16:35:39.090 [main] INFO  com.demo.baseutil.Basetest - Clicked on : document is selected
16:35:39.090 [main] INFO  com.demo.baseutil.Basetest - Enter the value into document Value is entered
16:35:39.331 [main] INFO  com.demo.baseutil.Basetest - 12345 typed into document Value is entered
16:35:39.331 [main] INFO  com.demo.baseutil.Basetest - Scroll till the addtran is scrolled
16:35:39.398 [main] INFO  com.demo.baseutil.Basetest - Scroll till the addtran is scrolled completed
16:35:41.405 [main] INFO  com.demo.baseutil.Basetest - Validate tlc is selected is clickable
16:35:43.688 [main] INFO  com.demo.baseutil.Basetest - Clicked on : tlc is selected
16:35:43.688 [main] INFO  com.demo.baseutil.Basetest - Enter the value into tlc Value is entered
16:35:44.012 [main] INFO  com.demo.baseutil.Basetest - 12345 typed into tlc Value is entered
16:35:44.012 [main] INFO  com.demo.baseutil.Basetest - Validate count sgtin is clicked is clickable
16:35:46.300 [main] INFO  com.demo.baseutil.Basetest - Clicked on : count sgtin is clicked
16:35:46.300 [main] INFO  com.demo.baseutil.Basetest - Enter the value into countsgtin is entered
16:35:46.525 [main] INFO  com.demo.baseutil.Basetest - 123 typed into countsgtin is entered
16:35:46.525 [main] INFO  com.demo.baseutil.Basetest - Validate itemsgtin is selected is clickable
16:35:48.791 [main] INFO  com.demo.baseutil.Basetest - Clicked on : itemsgtin is selected
16:35:48.791 [main] INFO  com.demo.baseutil.Basetest - Validate itemsgtinvalue is selected is clickable
16:35:51.068 [main] INFO  com.demo.baseutil.Basetest - Clicked on : itemsgtinvalue is selected
16:35:51.068 [main] INFO  com.demo.baseutil.Basetest - Validate Add Transaction is selected is clickable
16:35:53.374 [main] INFO  com.demo.baseutil.Basetest - Clicked on : Add Transaction is selected
16:36:10.457 [main] INFO  com.demo.baseutil.Basetest - Scroll down
16:36:12.462 [main] INFO  com.demo.baseutil.Basetest - Validate transaction is clicked is clickable
16:36:14.803 [main] INFO  com.demo.baseutil.Basetest - Clicked on : transaction is clicked
16:36:19.806 [main] INFO  com.demo.baseutil.Basetest - Validate productid is selected is clickable
16:36:22.108 [main] INFO  com.demo.baseutil.Basetest - Clicked on : productid is selected
16:36:22.108 [main] INFO  com.demo.baseutil.Basetest - Enter the value into enter the productid
16:36:22.357 [main] INFO  com.demo.baseutil.Basetest - F2PG10001058 typed into enter the productid
16:36:22.357 [main] INFO  com.demo.baseutil.Basetest - Validate productid is selected is clickable
16:36:24.607 [main] INFO  com.demo.baseutil.Basetest - Clicked on : productid is selected
16:36:26.627 [main] INFO  com.demo.baseutil.Basetest - Validate productid is selected is clickable
16:36:28.948 [main] INFO  com.demo.baseutil.Basetest - Clicked on : productid is selected
16:36:34.955 [main] INFO  com.demo.baseutil.Basetest - Validate search is selected is clickable
16:36:37.316 [main] INFO  com.demo.baseutil.Basetest - Clicked on : search is selected
16:36:43.367 [main] INFO  com.demo.baseutil.Basetest - Scroll up
16:36:45.391 [main] INFO  com.demo.baseutil.Basetest - Scroll up
16:36:49.395 [main] INFO  com.demo.baseutil.Basetest - Validate transaction is clicked is clickable
16:36:51.762 [main] INFO  com.demo.baseutil.Basetest - Clicked on : transaction is clicked
16:36:56.768 [main] INFO  com.demo.baseutil.Basetest - Validate add new is clicked is clickable
16:36:59.117 [main] INFO  com.demo.baseutil.Basetest - Clicked on : add new is clicked
16:37:04.125 [main] INFO  com.demo.baseutil.Basetest - Validate Product id is clicked is clickable
16:37:06.367 [main] INFO  com.demo.baseutil.Basetest - Clicked on : Product id is clicked
16:37:08.374 [main] INFO  com.demo.baseutil.Basetest - Enter the value into Saved Value is entered
16:37:08.591 [main] INFO  com.demo.baseutil.Basetest - F2PG10001058 typed into Saved Value is entered
16:37:10.604 [main] INFO  com.demo.baseutil.Basetest - Validate Product id is clicked is clickable
16:37:12.967 [main] INFO  com.demo.baseutil.Basetest - Clicked on : Product id is clicked
16:37:14.977 [main] INFO  com.demo.baseutil.Basetest - Validate Product id is clicked is clickable
16:37:17.245 [main] INFO  com.demo.baseutil.Basetest - Clicked on : Product id is clicked
16:37:19.247 [main] INFO  com.demo.baseutil.Basetest - Validate chooseprocess id is clicked is clickable
16:37:21.534 [main] INFO  com.demo.baseutil.Basetest - Clicked on : chooseprocess id is clicked
16:37:23.545 [main] INFO  com.demo.baseutil.Basetest - Enter the value into Observation is entered
16:37:23.775 [main] INFO  com.demo.baseutil.Basetest - processobsnosscc typed into Observation is entered
16:37:27.791 [main] INFO  com.demo.baseutil.Basetest - Validate chooseprocess id is clicked is clickable
16:37:30.113 [main] INFO  com.demo.baseutil.Basetest - Clicked on : chooseprocess id is clicked
16:37:33.121 [main] INFO  com.demo.baseutil.Basetest - Validate activity is clicked is clickable
16:37:35.398 [main] INFO  com.demo.baseutil.Basetest - Clicked on : activity is clicked
16:37:37.404 [main] INFO  com.demo.baseutil.Basetest - Enter the value into activity is entered
16:37:37.682 [main] INFO  com.demo.baseutil.Basetest - activity typed into activity is entered
16:37:40.686 [main] INFO  com.demo.baseutil.Basetest - Scroll till the add trans is scrolled down
16:37:40.762 [main] INFO  com.demo.baseutil.Basetest - Scroll till the add trans is scrolled down completed
16:37:43.776 [main] INFO  com.demo.baseutil.Basetest - Validate newbatchlot is clicked is clickable
16:37:46.096 [main] INFO  com.demo.baseutil.Basetest - Clicked on : newbatchlot is clicked
16:37:46.096 [main] INFO  com.demo.baseutil.Basetest - Enter the value into lot value is entered
16:37:46.351 [main] INFO  com.demo.baseutil.Basetest - 341004092410000032 typed into lot value is entered
16:37:46.351 [main] INFO  com.demo.baseutil.Basetest - Validate obslgtinarrow is clicked is clickable
16:37:48.621 [main] INFO  com.demo.baseutil.Basetest - Clicked on : obslgtinarrow is clicked
16:37:50.631 [main] INFO  com.demo.baseutil.Basetest - Scroll till the addd transaction button scrolled
16:37:50.702 [main] INFO  com.demo.baseutil.Basetest - Scroll till the addd transaction button scrolled completed
16:37:50.702 [main] INFO  com.demo.baseutil.Basetest - Validate Add Transaction is selected is clickable
16:37:52.920 [main] INFO  com.demo.baseutil.Basetest - Clicked on : Add Transaction is selected
16:38:20.003 [main] INFO  com.demo.baseutil.Basetest - Validate Asset & Infrastructure Data is clicked is clickable
16:38:22.260 [main] INFO  com.demo.baseutil.Basetest - Clicked on : Asset & Infrastructure Data is clicked
16:38:24.276 [main] INFO  com.demo.baseutil.Basetest - Validate Assets is clicked is clickable
16:38:26.655 [main] INFO  com.demo.baseutil.Basetest - Clicked on : Assets is clicked
16:38:28.662 [main] INFO  com.demo.baseutil.Basetest - Validate Add new is clicked is clickable
16:38:30.995 [main] INFO  com.demo.baseutil.Basetest - Clicked on : Add new is clicked
16:38:32.997 [main] INFO  com.demo.baseutil.Basetest - Validate Asset type is clicked is clickable
16:38:35.338 [main] INFO  com.demo.baseutil.Basetest - Clicked on : Asset type is clicked
16:38:35.338 [main] INFO  com.demo.baseutil.Basetest - Validate Click on Vehicle Name is clickable
16:38:37.580 [main] INFO  com.demo.baseutil.Basetest - Clicked on : Click on Vehicle Name
16:38:39.580 [main] INFO  com.demo.baseutil.Basetest - Validate container name is clicked is clickable
16:38:41.818 [main] INFO  com.demo.baseutil.Basetest - Clicked on : container name is clicked
16:38:41.819 [main] INFO  com.demo.baseutil.Basetest - Enter the value into enter the container name
16:38:42.124 [main] INFO  com.demo.baseutil.Basetest - container686686 typed into enter the container name
16:38:44.132 [main] INFO  com.demo.baseutil.Basetest - Validate length is clicked is clickable
16:38:46.447 [main] INFO  com.demo.baseutil.Basetest - Clicked on : length is clicked
16:38:48.455 [main] INFO  com.demo.baseutil.Basetest - Enter the value into enter the length
16:38:48.657 [main] INFO  com.demo.baseutil.Basetest - 10 typed into enter the length
16:38:48.657 [main] INFO  com.demo.baseutil.Basetest - Validate breadth is clicked is clickable
16:38:50.916 [main] INFO  com.demo.baseutil.Basetest - Clicked on : breadth is clicked
16:38:50.916 [main] INFO  com.demo.baseutil.Basetest - Enter the value into breath entered
16:38:51.139 [main] INFO  com.demo.baseutil.Basetest - 10 typed into breath entered
16:38:53.150 [main] INFO  com.demo.baseutil.Basetest - Validate height is clicked is clickable
16:38:55.417 [main] INFO  com.demo.baseutil.Basetest - Clicked on : height is clicked
16:38:57.427 [main] INFO  com.demo.baseutil.Basetest - Enter the value into height entered
16:38:57.688 [main] INFO  com.demo.baseutil.Basetest - 20 typed into height entered
16:38:59.688 [main] INFO  com.demo.baseutil.Basetest - Validate dom is clicked is clickable
16:39:01.943 [main] INFO  com.demo.baseutil.Basetest - Clicked on : dom is clicked
16:39:03.957 [main] INFO  com.demo.baseutil.Basetest - Validate ft is clicked is clickable
16:39:06.217 [main] INFO  com.demo.baseutil.Basetest - Clicked on : ft is clicked
16:39:08.221 [main] INFO  com.demo.baseutil.Basetest - Validate wt is clicked is clickable
16:39:10.507 [main] INFO  com.demo.baseutil.Basetest - Clicked on : wt is clicked
16:39:12.522 [main] INFO  com.demo.baseutil.Basetest - Enter the value into weight entered
16:39:12.771 [main] INFO  com.demo.baseutil.Basetest - 1000 typed into weight entered
16:39:14.773 [main] INFO  com.demo.baseutil.Basetest - Validate wtcap is clicked is clickable
16:39:17.083 [main] INFO  com.demo.baseutil.Basetest - Clicked on : wtcap is clicked
16:39:19.099 [main] INFO  com.demo.baseutil.Basetest - Validate tons is clicked is clickable
16:39:21.364 [main] INFO  com.demo.baseutil.Basetest - Clicked on : tons is clicked
16:39:23.380 [main] INFO  com.demo.baseutil.Basetest - Validate Click on Add button is clickable
16:39:25.650 [main] INFO  com.demo.baseutil.Basetest - Clicked on : Click on Add button
16:39:41.754 [main] INFO  com.demo.baseutil.Basetest - Scroll down
16:39:43.769 [main] INFO  com.demo.baseutil.Basetest - Validate transaction is clicked is clickable
16:39:46.249 [main] INFO  com.demo.baseutil.Basetest - Clicked on : transaction is clicked
16:39:53.259 [main] INFO  com.demo.baseutil.Basetest - Validate productid is selected is clickable
16:39:55.564 [main] INFO  com.demo.baseutil.Basetest - Clicked on : productid is selected
16:39:55.564 [main] INFO  com.demo.baseutil.Basetest - Enter the value into enter the productid
16:39:55.825 [main] INFO  com.demo.baseutil.Basetest - F2PG10001058 typed into enter the productid
16:39:55.825 [main] INFO  com.demo.baseutil.Basetest - Validate productid is selected is clickable
16:39:58.111 [main] INFO  com.demo.baseutil.Basetest - Clicked on : productid is selected
16:39:58.111 [main] INFO  com.demo.baseutil.Basetest - Validate search is selected is clickable
16:40:00.658 [main] INFO  com.demo.baseutil.Basetest - Clicked on : search is selected
16:40:00.658 [main] INFO  com.demo.baseutil.Basetest - Validate search button is clicked is clickable
16:40:02.931 [main] INFO  com.demo.baseutil.Basetest - Clicked on : search button is clicked
16:40:04.942 [main] INFO  com.demo.baseutil.Basetest - Validate eye button is clicked is clickable
16:40:07.305 [main] INFO  com.demo.baseutil.Basetest - Clicked on : eye button is clicked
16:40:09.311 [main] INFO  com.demo.baseutil.Basetest - Validate eye button is clicked is clickable
16:40:11.641 [main] INFO  com.demo.baseutil.Basetest - Clicked on : eye button is clicked
16:40:13.703 [main] INFO  com.demo.baseutil.Basetest - Scroll up
16:40:15.723 [main] INFO  com.demo.baseutil.Basetest - Scroll up
16:40:19.730 [main] INFO  com.demo.baseutil.Basetest - Validate transaction is clicked is clickable
16:40:22.112 [main] INFO  com.demo.baseutil.Basetest - Clicked on : transaction is clicked
16:40:27.113 [main] INFO  com.demo.baseutil.Basetest - Validate add new is clicked is clickable
16:40:29.426 [main] INFO  com.demo.baseutil.Basetest - Clicked on : add new is clicked
16:40:34.431 [main] INFO  com.demo.baseutil.Basetest - Validate Product id is clicked is clickable
16:40:36.726 [main] INFO  com.demo.baseutil.Basetest - Clicked on : Product id is clicked
16:40:38.740 [main] INFO  com.demo.baseutil.Basetest - Enter the value into Saved Value is entered
16:40:38.962 [main] INFO  com.demo.baseutil.Basetest - F2PG10001058 typed into Saved Value is entered
16:40:40.968 [main] INFO  com.demo.baseutil.Basetest - Validate Product id is clicked is clickable
16:40:43.232 [main] INFO  com.demo.baseutil.Basetest - Clicked on : Product id is clicked
16:40:45.245 [main] INFO  com.demo.baseutil.Basetest - Validate Product id is clicked is clickable
16:40:47.542 [main] INFO  com.demo.baseutil.Basetest - Clicked on : Product id is clicked
16:40:49.548 [main] INFO  com.demo.baseutil.Basetest - Validate chooseprocess id is clicked is clickable
16:40:51.826 [main] INFO  com.demo.baseutil.Basetest - Clicked on : chooseprocess id is clicked
16:40:53.841 [main] INFO  com.demo.baseutil.Basetest - Enter the value into Packing/aggregation is entered
16:40:54.060 [main] INFO  com.demo.baseutil.Basetest - packing typed into Packing/aggregation is entered
16:40:56.074 [main] INFO  com.demo.baseutil.Basetest - Validate chooseprocess id is clicked is clickable
16:40:58.381 [main] INFO  com.demo.baseutil.Basetest - Clicked on : chooseprocess id is clicked
16:41:02.387 [main] INFO  com.demo.baseutil.Basetest - Validate Process aggre is selected is clickable
16:41:04.659 [main] INFO  com.demo.baseutil.Basetest - Clicked on : Process aggre is selected
16:41:06.690 [main] INFO  com.demo.baseutil.Basetest - Scroll down successful
16:41:06.690 [main] INFO  com.demo.baseutil.Basetest - Validate org is selected is clickable
16:41:08.929 [main] INFO  com.demo.baseutil.Basetest - Clicked on : org is selected
16:41:10.937 [main] INFO  com.demo.baseutil.Basetest - Enter the value into org value is entered
16:41:11.124 [main] INFO  com.demo.baseutil.Basetest - dis typed into org value is entered
16:41:16.139 [main] INFO  com.demo.baseutil.Basetest - Validate org is selected is clickable
16:41:18.418 [main] INFO  com.demo.baseutil.Basetest - Clicked on : org is selected
16:41:20.420 [main] INFO  com.demo.baseutil.Basetest - Validate location is selected is clickable
16:41:30.777 [main] INFO  com.demo.baseutil.Basetest - Clicked on : location is selected
16:41:30.778 [main] INFO  com.demo.baseutil.Basetest - Enter the value into location value is entered
16:41:31.073 [main] INFO  com.demo.baseutil.Basetest - dis typed into location value is entered
16:41:36.087 [main] INFO  com.demo.baseutil.Basetest - Validate location is selected is clickable
16:41:38.434 [main] INFO  com.demo.baseutil.Basetest - Clicked on : location is selected
16:41:38.449 [main] INFO  com.demo.baseutil.Basetest - Scroll down successful
16:41:38.449 [main] INFO  com.demo.baseutil.Basetest - Validate activity is clicked is clickable
16:41:40.780 [main] INFO  com.demo.baseutil.Basetest - Clicked on : activity is clicked
16:41:42.782 [main] INFO  com.demo.baseutil.Basetest - Enter the value into activity is entered
16:41:43.051 [main] INFO  com.demo.baseutil.Basetest - activity typed into activity is entered
16:41:46.060 [main] INFO  com.demo.baseutil.Basetest - Scroll till the scrolles to lot
16:41:46.166 [main] INFO  com.demo.baseutil.Basetest - Scroll till the scrolles to lot completed
16:41:46.166 [main] INFO  com.demo.baseutil.Basetest - Validate sscc number is copied is clickable
16:41:48.493 [main] INFO  com.demo.baseutil.Basetest - Clicked on : sscc number is copied
16:41:57.670 [main] INFO  com.demo.baseutil.Basetest - Scroll up to the element: The lot is displayed after scroll up completed
16:42:00.682 [main] INFO  com.demo.baseutil.Basetest - Validate lot1 is clicked is clickable
16:42:02.977 [main] INFO  com.demo.baseutil.Basetest - Clicked on : lot1 is clicked
16:42:04.984 [main] INFO  com.demo.baseutil.Basetest - Enter the value into lotvalue is entered
16:42:05.442 [main] INFO  com.demo.baseutil.Basetest - 341004092410000032 typed into lotvalue is entered
16:42:07.450 [main] INFO  com.demo.baseutil.Basetest - Validate lot arrow is clicked is clickable
16:42:09.716 [main] INFO  com.demo.baseutil.Basetest - Clicked on : lot arrow is clicked
16:42:14.728 [main] INFO  com.demo.baseutil.Basetest - Scroll till the scrolled to remarks
16:42:14.857 [main] INFO  com.demo.baseutil.Basetest - Scroll till the scrolled to remarks completed
16:42:19.865 [main] INFO  com.demo.baseutil.Basetest - Validate remarks is clicked is clickable
16:42:22.159 [main] INFO  com.demo.baseutil.Basetest - Clicked on : remarks is clicked
16:42:24.231 [main] INFO  com.demo.baseutil.Basetest - Enter the value into remarks is entered
16:42:25.458 [main] INFO  com.demo.baseutil.Basetest - test typed into remarks is entered
16:42:29.470 [main] INFO  com.demo.baseutil.Basetest - Validate tlcpacklot is clicked is clickable
16:42:31.879 [main] INFO  com.demo.baseutil.Basetest - Clicked on : tlcpacklot is clicked
16:42:33.888 [main] INFO  com.demo.baseutil.Basetest - Enter the value into tlcloc is entered
16:42:34.136 [main] INFO  com.demo.baseutil.Basetest - test typed into tlcloc is entered
16:42:38.137 [main] INFO  com.demo.baseutil.Basetest - Validate tlcloc is clicked is clickable
16:42:40.841 [main] INFO  com.demo.baseutil.Basetest - Clicked on : tlcloc is clicked
16:42:42.852 [main] INFO  com.demo.baseutil.Basetest - Enter the value into tlcloc is entered
16:42:43.205 [main] INFO  com.demo.baseutil.Basetest - test typed into tlcloc is entered
16:42:47.215 [main] INFO  com.demo.baseutil.Basetest - Scroll till the asset is scroll down
16:42:47.348 [main] INFO  com.demo.baseutil.Basetest - Scroll till the asset is scroll down completed
16:42:49.362 [main] INFO  com.demo.baseutil.Basetest - Validate asset is clicked is clickable
16:42:51.641 [main] INFO  com.demo.baseutil.Basetest - Clicked on : asset is clicked
16:42:53.655 [main] INFO  com.demo.baseutil.Basetest - Enter the value into vehicle is entered
16:42:53.852 [main] INFO  com.demo.baseutil.Basetest - vehicle typed into vehicle is entered
16:42:57.865 [main] INFO  com.demo.baseutil.Basetest - Validate assetsearch is clicked is clickable
16:43:00.187 [main] INFO  com.demo.baseutil.Basetest - Clicked on : assetsearch is clicked
16:43:02.216 [main] INFO  com.demo.baseutil.Basetest - Validate shippingdate is clicked is clickable
16:43:04.879 [main] INFO  com.demo.baseutil.Basetest - Clicked on : shippingdate is clicked
16:43:06.880 [main] INFO  com.demo.baseutil.Basetest - Validate datenext button is clicked is clickable
16:43:09.811 [main] INFO  com.demo.baseutil.Basetest - Clicked on : datenext button is clicked
16:43:11.826 [main] INFO  com.demo.baseutil.Basetest - Validate date is entered is clickable
16:43:14.212 [main] INFO  com.demo.baseutil.Basetest - Clicked on : date is entered
16:43:17.214 [main] INFO  com.demo.baseutil.Basetest - Validate date is selected is clickable
16:43:20.024 [main] INFO  com.demo.baseutil.Basetest - Clicked on : date is selected
16:43:23.037 [main] INFO  com.demo.baseutil.Basetest - Validate deliverydate is clicked is clickable
16:43:25.391 [main] INFO  com.demo.baseutil.Basetest - Clicked on : deliverydate is clicked
16:43:27.394 [main] INFO  com.demo.baseutil.Basetest - Validate datenext button is clicked is clickable
16:43:29.631 [main] INFO  com.demo.baseutil.Basetest - Clicked on : datenext button is clicked
16:43:31.647 [main] INFO  com.demo.baseutil.Basetest - Validate datenext button is clicked is clickable
16:43:33.964 [main] INFO  com.demo.baseutil.Basetest - Clicked on : datenext button is clicked
16:43:36.979 [main] INFO  com.demo.baseutil.Basetest - Validate date is entered is clickable
16:43:39.295 [main] INFO  com.demo.baseutil.Basetest - Clicked on : date is entered
16:43:41.311 [main] INFO  com.demo.baseutil.Basetest - Validate date is selected is clickable
16:43:43.641 [main] INFO  com.demo.baseutil.Basetest - Clicked on : date is selected
16:43:43.657 [main] INFO  com.demo.baseutil.Basetest - Scroll down successful
16:43:43.657 [main] INFO  com.demo.baseutil.Basetest - Validate container is clicked is clickable
16:43:46.058 [main] INFO  com.demo.baseutil.Basetest - Clicked on : container is clicked
16:43:46.058 [main] INFO  com.demo.baseutil.Basetest - Enter the value into container value is entered
16:43:46.330 [main] INFO  com.demo.baseutil.Basetest - container686686 typed into container value is entered
16:43:51.337 [main] INFO  com.demo.baseutil.Basetest - Validate container select is clicked is clickable
16:43:53.728 [main] INFO  com.demo.baseutil.Basetest - Clicked on : container select is clicked
16:43:55.733 [main] INFO  com.demo.baseutil.Basetest - Validate invoice select is clicked is clickable
16:43:58.091 [main] INFO  com.demo.baseutil.Basetest - Clicked on : invoice select is clicked
16:43:58.091 [main] INFO  com.demo.baseutil.Basetest - Enter the value into  invoice value is entered
16:43:58.329 [main] INFO  com.demo.baseutil.Basetest - 123 typed into  invoice value is entered
16:44:00.338 [main] INFO  com.demo.baseutil.Basetest - Validate seal select is clicked is clickable
16:44:02.809 [main] INFO  com.demo.baseutil.Basetest - Clicked on : seal select is clicked
16:44:02.809 [main] INFO  com.demo.baseutil.Basetest - Enter the value into seal value is entered
16:44:03.099 [main] INFO  com.demo.baseutil.Basetest - 123 typed into seal value is entered
16:44:05.123 [main] INFO  com.demo.baseutil.Basetest - Scroll down successful
16:44:07.148 [main] INFO  com.demo.baseutil.Basetest - Validate asn select is clicked is clickable
16:44:09.616 [main] INFO  com.demo.baseutil.Basetest - Clicked on : asn select is clicked
16:44:09.616 [main] INFO  com.demo.baseutil.Basetest - Enter the value into asn value is entered
16:44:10.043 [main] INFO  com.demo.baseutil.Basetest - 0023604954006 typed into asn value is entered
16:44:12.055 [main] INFO  com.demo.baseutil.Basetest - Validate lorry select is clicked is clickable
16:44:14.404 [main] INFO  com.demo.baseutil.Basetest - Clicked on : lorry select is clicked
16:44:14.404 [main] INFO  com.demo.baseutil.Basetest - Enter the value into lorry value is entered
16:44:14.729 [main] INFO  com.demo.baseutil.Basetest - 123 typed into lorry value is entered
16:44:16.765 [main] INFO  com.demo.baseutil.Basetest - Validate purchase is clicked is clickable
16:44:19.092 [main] INFO  com.demo.baseutil.Basetest - Clicked on : purchase is clicked
16:44:19.092 [main] INFO  com.demo.baseutil.Basetest - Enter the value into purchase is entered
16:44:19.353 [main] INFO  com.demo.baseutil.Basetest - 123 typed into purchase is entered
16:44:19.353 [main] INFO  com.demo.baseutil.Basetest - Validate bill is clicked is clickable
16:44:21.705 [main] INFO  com.demo.baseutil.Basetest - Clicked on : bill is clicked
16:44:21.705 [main] INFO  com.demo.baseutil.Basetest - Enter the value into purchase is entered
16:44:22.079 [main] INFO  com.demo.baseutil.Basetest - 12345 typed into purchase is entered
16:44:24.089 [main] INFO  com.demo.baseutil.Basetest - Validate document is clicked is clickable
16:44:26.365 [main] INFO  com.demo.baseutil.Basetest - Clicked on : document is clicked
16:44:26.365 [main] INFO  com.demo.baseutil.Basetest - Enter the value into document is entered
16:44:26.645 [main] INFO  com.demo.baseutil.Basetest - 12345 typed into document is entered
16:44:28.683 [main] INFO  com.demo.baseutil.Basetest - Validate Add Transaction is selected is clickable
16:44:31.072 [main] INFO  com.demo.baseutil.Basetest - Clicked on : Add Transaction is selected
16:44:41.264 [main] INFO  com.demo.baseutil.Basetest - Browser is closed sucessfuly
16:44:42.211 [main] INFO  com.demo.baseutil.Basetest - Browser is closed sucessfuly
16:44:51.097 [main] INFO  com.demo.baseutil.Basetest - Validate Sign in with FarmtoPlate account is clickable
16:44:53.390 [main] INFO  com.demo.baseutil.Basetest - Clicked on : Sign in with FarmtoPlate account
16:44:53.405 [main] INFO  com.demo.baseutil.Basetest - Url contains farmtoplateapps.io/login
16:44:53.405 [main] INFO  com.demo.baseutil.Basetest - Sign in title matched
16:44:53.405 [main] INFO  com.demo.baseutil.Basetest - UI verified for Sigin page.
16:44:53.405 [main] INFO  com.demo.baseutil.Basetest - Sign in function call
16:44:53.405 [main] INFO  com.demo.baseutil.Basetest - Validate email address field is clicked is clickable
16:44:55.810 [main] INFO  com.demo.baseutil.Basetest - Clicked on : email address field is clicked
16:44:55.810 [main] INFO  com.demo.baseutil.Basetest - Enter the value into Email Id Entered
16:44:56.070 [main] INFO  com.demo.baseutil.Basetest - dist123@yopmail.com typed into Email Id Entered
16:44:56.070 [main] INFO  com.demo.baseutil.Basetest - Validate Enter the password is clickable
16:44:58.305 [main] INFO  com.demo.baseutil.Basetest - Clicked on : Enter the password
16:44:58.305 [main] INFO  com.demo.baseutil.Basetest - Enter the value into Password Id Entered
16:44:58.547 [main] INFO  com.demo.baseutil.Basetest - Admin@1234 typed into Password Id Entered
16:45:02.607 [main] INFO  com.demo.baseutil.Basetest - Scroll down
16:45:02.607 [main] INFO  com.demo.baseutil.Basetest - Validate Press the signin button is clickable
16:45:05.356 [main] INFO  com.demo.baseutil.Basetest - Clicked on : Press the signin button
16:45:08.087 [main] INFO  com.demo.baseutil.Basetest - HomePage title  is matched
16:45:15.110 [main] INFO  com.demo.baseutil.Basetest - Scroll till the scrolled to process
16:45:15.232 [main] INFO  com.demo.baseutil.Basetest - Scroll till the scrolled to process completed
16:45:17.238 [main] INFO  com.demo.baseutil.Basetest - Validate Process is clicked is clickable
16:45:19.670 [main] INFO  com.demo.baseutil.Basetest - Clicked on : Process is clicked
16:45:24.675 [main] INFO  com.demo.baseutil.Basetest - Validate Process add is clicked is clickable
16:45:27.119 [main] INFO  com.demo.baseutil.Basetest - Clicked on : Process add is clicked
16:45:32.153 [main] INFO  com.demo.baseutil.Basetest - Validate shared product id is clicked is clickable
16:45:34.424 [main] INFO  com.demo.baseutil.Basetest - Clicked on : shared product id is clicked
16:45:38.437 [main] INFO  com.demo.baseutil.Basetest - Validate Product id is clicked is clickable
16:45:40.753 [main] INFO  com.demo.baseutil.Basetest - Clicked on : Product id is clicked
16:45:47.098 [main] INFO  com.demo.baseutil.Basetest - Validate Product id is selected is clickable
16:46:17.753 [main] ERROR com.demo.baseutil.Basetest - Product id is selected is not clickable
16:46:17.753 [main] ERROR com.demo.baseutil.Basetest - Unable to click on Product id is selected
16:46:48.524 [main] INFO  com.demo.baseutil.Basetest - Browser is closed sucessfuly
16:46:49.040 [main] INFO  com.demo.baseutil.Basetest - Browser is closed sucessfuly
16:46:57.243 [main] INFO  com.demo.baseutil.Basetest - Validate Sign in with FarmtoPlate account is clickable
16:46:59.562 [main] INFO  com.demo.baseutil.Basetest - Clicked on : Sign in with FarmtoPlate account
16:46:59.578 [main] INFO  com.demo.baseutil.Basetest - Url contains farmtoplateapps.io/login
16:46:59.578 [main] INFO  com.demo.baseutil.Basetest - Sign in title matched
16:46:59.578 [main] INFO  com.demo.baseutil.Basetest - UI verified for Sigin page.
16:46:59.578 [main] INFO  com.demo.baseutil.Basetest - Sign in function call
16:46:59.578 [main] INFO  com.demo.baseutil.Basetest - Validate email address field is clicked is clickable
16:47:01.986 [main] INFO  com.demo.baseutil.Basetest - Clicked on : email address field is clicked
16:47:01.986 [main] INFO  com.demo.baseutil.Basetest - Enter the value into Email Id Entered
16:47:02.287 [main] INFO  com.demo.baseutil.Basetest - dist123@yopmail.com typed into Email Id Entered
16:47:02.287 [main] INFO  com.demo.baseutil.Basetest - Validate Enter the password is clickable
16:47:04.553 [main] INFO  com.demo.baseutil.Basetest - Clicked on : Enter the password
16:47:04.553 [main] INFO  com.demo.baseutil.Basetest - Enter the value into Password Id Entered
16:47:04.808 [main] INFO  com.demo.baseutil.Basetest - Admin@1234 typed into Password Id Entered
16:47:08.872 [main] INFO  com.demo.baseutil.Basetest - Scroll down
16:47:08.872 [main] INFO  com.demo.baseutil.Basetest - Validate Press the signin button is clickable
16:47:11.621 [main] INFO  com.demo.baseutil.Basetest - Clicked on : Press the signin button
16:47:13.759 [main] INFO  com.demo.baseutil.Basetest - HomePage title  is matched
16:47:23.778 [main] INFO  com.demo.baseutil.Basetest - Scroll till the transaction is scrolled
16:47:23.867 [main] INFO  com.demo.baseutil.Basetest - Scroll till the transaction is scrolled completed
16:47:23.867 [main] INFO  com.demo.baseutil.Basetest - Validate transaction is clicked is clickable
16:47:26.355 [main] INFO  com.demo.baseutil.Basetest - Clicked on : transaction is clicked
16:47:31.362 [main] INFO  com.demo.baseutil.Basetest - Validate add new is clicked is clickable
16:47:33.848 [main] INFO  com.demo.baseutil.Basetest - Clicked on : add new is clicked
16:47:38.858 [main] INFO  com.demo.baseutil.Basetest - Validate sharedproduct is clicked is clickable
16:47:41.860 [main] INFO  com.demo.baseutil.Basetest - Clicked on : sharedproduct is clicked
16:47:46.867 [main] INFO  com.demo.baseutil.Basetest - Validate Product id is clicked is clickable
16:47:49.242 [main] INFO  com.demo.baseutil.Basetest - Clicked on : Product id is clicked
16:47:51.258 [main] INFO  com.demo.baseutil.Basetest - Enter the value into Saved Value is entered
16:47:51.526 [main] INFO  com.demo.baseutil.Basetest - F2PG10001058 typed into Saved Value is entered
16:47:51.527 [main] INFO  com.demo.baseutil.Basetest - Validate Productselect is clicked is clickable
16:47:55.284 [main] INFO  com.demo.baseutil.Basetest - Clicked on : Productselect is clicked
16:47:57.295 [main] INFO  com.demo.baseutil.Basetest - Validate chooseprocess id is clicked is clickable
16:47:59.737 [main] INFO  com.demo.baseutil.Basetest - Clicked on : chooseprocess id is clicked
16:48:01.742 [main] INFO  com.demo.baseutil.Basetest - Enter the value into disaggregation is entered
16:48:02.089 [main] INFO  com.demo.baseutil.Basetest - processdis typed into disaggregation is entered
16:48:07.094 [main] INFO  com.demo.baseutil.Basetest - Validate process is selected is clickable
16:48:09.356 [main] INFO  com.demo.baseutil.Basetest - Clicked on : process is selected
16:48:15.361 [main] INFO  com.demo.baseutil.Basetest - Validate activity is selected is clickable
16:48:45.946 [main] ERROR com.demo.baseutil.Basetest - activity is selected is not clickable
16:48:45.946 [main] ERROR com.demo.baseutil.Basetest - Unable to click on activity is selected
16:49:16.702 [main] INFO  com.demo.baseutil.Basetest - Browser is closed sucessfuly
16:49:17.222 [main] INFO  com.demo.baseutil.Basetest - Browser is closed sucessfuly
16:49:28.643 [main] INFO  com.demo.baseutil.Basetest - Validate Sign in with FarmtoPlate account is clickable
16:49:31.128 [main] INFO  com.demo.baseutil.Basetest - Clicked on : Sign in with FarmtoPlate account
16:49:31.138 [main] INFO  com.demo.baseutil.Basetest - Url contains farmtoplateapps.io/login
16:49:31.138 [main] INFO  com.demo.baseutil.Basetest - Sign in title matched
16:49:31.138 [main] INFO  com.demo.baseutil.Basetest - UI verified for Sigin page.
16:49:31.138 [main] INFO  com.demo.baseutil.Basetest - Sign in function call
16:49:31.138 [main] INFO  com.demo.baseutil.Basetest - Validate email address field is clicked is clickable
16:49:33.475 [main] INFO  com.demo.baseutil.Basetest - Clicked on : email address field is clicked
16:49:33.475 [main] INFO  com.demo.baseutil.Basetest - Enter the value into Email Id Entered
16:49:33.815 [main] INFO  com.demo.baseutil.Basetest - ret123@yopmail.com typed into Email Id Entered
16:49:33.816 [main] INFO  com.demo.baseutil.Basetest - Validate Enter the password is clickable
16:49:36.111 [main] INFO  com.demo.baseutil.Basetest - Clicked on : Enter the password
16:49:36.111 [main] INFO  com.demo.baseutil.Basetest - Enter the value into Password Id Entered
16:49:36.301 [main] INFO  com.demo.baseutil.Basetest - Admin@1234 typed into Password Id Entered
16:49:40.391 [main] INFO  com.demo.baseutil.Basetest - Scroll down
16:49:40.392 [main] INFO  com.demo.baseutil.Basetest - Validate Press the signin button is clickable
16:49:43.867 [main] INFO  com.demo.baseutil.Basetest - Clicked on : Press the signin button
16:49:46.334 [main] INFO  com.demo.baseutil.Basetest - HomePage title  is matched
16:49:52.347 [main] INFO  com.demo.baseutil.Basetest - Scroll till the scrolled to process
16:49:54.575 [main] INFO  com.demo.baseutil.Basetest - Scroll till the scrolled to process completed
16:49:56.576 [main] INFO  com.demo.baseutil.Basetest - Validate Process is clicked is clickable
16:49:59.099 [main] INFO  com.demo.baseutil.Basetest - Clicked on : Process is clicked
16:50:04.111 [main] INFO  com.demo.baseutil.Basetest - Validate Process add is clicked is clickable
16:50:06.544 [main] INFO  com.demo.baseutil.Basetest - Clicked on : Process add is clicked
16:50:11.546 [main] INFO  com.demo.baseutil.Basetest - Validate shared product id is clicked is clickable
16:50:13.956 [main] INFO  com.demo.baseutil.Basetest - Clicked on : shared product id is clicked
16:50:17.958 [main] INFO  com.demo.baseutil.Basetest - Validate Product id is clicked is clickable
16:50:20.231 [main] INFO  com.demo.baseutil.Basetest - Clicked on : Product id is clicked
16:50:26.604 [main] INFO  com.demo.baseutil.Basetest - Validate Product id is selected is clickable
16:50:57.394 [main] ERROR com.demo.baseutil.Basetest - Product id is selected is not clickable
16:50:57.394 [main] ERROR com.demo.baseutil.Basetest - Unable to click on Product id is selected
16:51:28.205 [main] INFO  com.demo.baseutil.Basetest - Browser is closed sucessfuly
16:51:28.735 [main] INFO  com.demo.baseutil.Basetest - Browser is closed sucessfuly
16:51:30.365 [main] ERROR com.demo.baseutil.Basetest - Failed to close the Browser
