14:39:22.079 [main] INFO  com.demo.baseutil.Basetest - 
14:39:22.087 [main] INFO  com.demo.baseutil.Basetest - Running locally JavaMail
14:39:22.218 [main] INFO  com.demo.baseutil.Basetest2 - Folder creation for Extent
14:39:22.226 [main] INFO  com.demo.baseutil.Basetest - ExtentDir:-C:\Users\Deepti Jindal\eclipse-workspace2\com.NFR.Trace Performance latest/reports/Automation Report- 09_05_2024_14_39_22/Report/09_05_2024_14_39_22
14:39:22.342 [main] INFO  com.demo.baseutil.Basetest - Report Initiated
14:39:22.343 [main] INFO  com.demo.baseutil.Basetest - Screenshot folder created
14:39:33.644 [main] INFO  com.demo.baseutil.Basetest - Validate Sign in with FarmtoPlate account is clickable
14:39:35.993 [main] INFO  com.demo.baseutil.Basetest - Clicked on : Sign in with FarmtoPlate account
14:39:36.013 [main] INFO  com.demo.baseutil.Basetest - Url contains farmtoplateapps.io/login
14:39:36.024 [main] INFO  com.demo.baseutil.Basetest - Sign in title matched
14:39:36.024 [main] INFO  com.demo.baseutil.Basetest - UI verified for Sigin page.
14:39:36.024 [main] INFO  com.demo.baseutil.Basetest - Sign in function call
14:39:36.024 [main] INFO  com.demo.baseutil.Basetest - Validate email address field is clicked is clickable
14:39:38.264 [main] INFO  com.demo.baseutil.Basetest - Clicked on : email address field is clicked
14:39:38.265 [main] INFO  com.demo.baseutil.Basetest - Enter the value into Email Id Entered
14:39:38.601 [main] INFO  com.demo.baseutil.Basetest - farmtoplatef2p@paramountsoft.net typed into Email Id Entered
14:39:38.601 [main] INFO  com.demo.baseutil.Basetest - Validate Enter the password is clickable
14:39:40.858 [main] INFO  com.demo.baseutil.Basetest - Clicked on : Enter the password
14:39:40.858 [main] INFO  com.demo.baseutil.Basetest - Enter the value into Password Id Entered
14:39:41.091 [main] INFO  com.demo.baseutil.Basetest - Admin1234 typed into Password Id Entered
14:39:50.167 [main] INFO  com.demo.baseutil.Basetest - Scroll down
14:39:51.170 [main] INFO  com.demo.baseutil.Basetest - Validate Press the signin button is clickable
14:39:54.055 [main] INFO  com.demo.baseutil.Basetest - Clicked on : Press the signin button
14:40:02.079 [main] INFO  com.demo.baseutil.Basetest - HomePage title  is matched
14:40:15.094 [main] INFO  com.demo.baseutil.Basetest - Validate Network Management is clicked is clickable
14:40:17.574 [main] INFO  com.demo.baseutil.Basetest - Clicked on : Network Management is clicked
14:40:21.584 [main] INFO  com.demo.baseutil.Basetest - Validate Add new is clicked is clickable
14:40:23.975 [main] INFO  com.demo.baseutil.Basetest - Clicked on : Add new is clicked
14:40:25.978 [main] INFO  com.demo.baseutil.Basetest - Validate Organisation Name is clicked is clickable
14:40:28.412 [main] INFO  com.demo.baseutil.Basetest - Clicked on : Organisation Name is clicked
14:40:28.412 [main] INFO  com.demo.baseutil.Basetest - Enter the value into Organisation is Entered
14:40:28.773 [main] INFO  com.demo.baseutil.Basetest - dtWbjQCk typed into Organisation is Entered
14:40:28.773 [main] INFO  com.demo.baseutil.Basetest - Validate Organisation type is clicked is clickable
14:40:31.160 [main] INFO  com.demo.baseutil.Basetest - Clicked on : Organisation type is clicked
14:40:31.160 [main] INFO  com.demo.baseutil.Basetest - Validate upstream is selected is clickable
14:40:33.581 [main] INFO  com.demo.baseutil.Basetest - Clicked on : upstream is selected
14:40:33.581 [main] INFO  com.demo.baseutil.Basetest - Validate Organisation role is clicked is clickable
14:40:35.967 [main] INFO  com.demo.baseutil.Basetest - Clicked on : Organisation role is clicked
14:40:35.967 [main] INFO  com.demo.baseutil.Basetest - Validate Organisation role is selected is clickable
14:40:38.332 [main] INFO  com.demo.baseutil.Basetest - Clicked on : Organisation role is selected
14:40:38.332 [main] INFO  com.demo.baseutil.Basetest - Validate module is clicked is clickable
14:40:40.802 [main] INFO  com.demo.baseutil.Basetest - Clicked on : module is clicked
14:40:40.802 [main] INFO  com.demo.baseutil.Basetest - Validate module is selected is clickable
14:40:43.250 [main] INFO  com.demo.baseutil.Basetest - Clicked on : module is selected
14:40:43.250 [main] INFO  com.demo.baseutil.Basetest - Validate email field is clicked is clickable
14:40:45.628 [main] INFO  com.demo.baseutil.Basetest - Clicked on : email field is clicked
14:40:45.628 [main] INFO  com.demo.baseutil.Basetest - Enter the value into emailid is Entered
14:40:46.072 [main] INFO  com.demo.baseutil.Basetest - 86001avcyghg@yopmail.com typed into emailid is Entered
14:40:52.157 [main] INFO  com.demo.baseutil.Basetest - Scroll down
14:40:59.179 [main] INFO  com.demo.baseutil.Basetest - Validate Database Type is clicked is clickable
14:41:01.625 [main] INFO  com.demo.baseutil.Basetest - Clicked on : Database Type is clicked
14:41:01.625 [main] INFO  com.demo.baseutil.Basetest - Validate Db is selected is clickable
14:41:03.999 [main] INFO  com.demo.baseutil.Basetest - Clicked on : Db is selected
14:41:06.021 [main] INFO  com.demo.baseutil.Basetest - Scroll down successful
14:41:07.048 [main] INFO  com.demo.baseutil.Basetest - Validate Db is selected is clickable
14:41:09.473 [main] INFO  com.demo.baseutil.Basetest - Clicked on : Db is selected
14:41:11.485 [main] INFO  com.demo.baseutil.Basetest - Validate ordermgmt is selected is clickable
14:41:13.819 [main] INFO  com.demo.baseutil.Basetest - Clicked on : ordermgmt is selected
14:41:13.819 [main] INFO  com.demo.baseutil.Basetest - Validate Soil Dashboard is selected is clickable
14:41:16.239 [main] INFO  com.demo.baseutil.Basetest - Clicked on : Soil Dashboard is selected
14:41:16.239 [main] INFO  com.demo.baseutil.Basetest - Validate Submit Button is clicked is clickable
14:41:18.685 [main] INFO  com.demo.baseutil.Basetest - Clicked on : Submit Button is clicked
14:41:20.803 [main] INFO  com.demo.baseutil.Basetest - Validate Email address input field is clicked is clickable
14:41:24.613 [main] INFO  com.demo.baseutil.Basetest - Clicked on : Email address input field is clicked
14:41:24.613 [main] INFO  com.demo.baseutil.Basetest - Enter the value into email address is entered
14:41:24.947 [main] INFO  com.demo.baseutil.Basetest - 86001avcyghg@yopmail.com typed into email address is entered
14:41:24.947 [main] INFO  com.demo.baseutil.Basetest - Validate arrow button is clicked is clickable
14:41:28.582 [main] INFO  com.demo.baseutil.Basetest - Clicked on : arrow button is clicked
14:41:35.664 [main] INFO  com.demo.baseutil.Basetest - Validate first email is clicked is clickable
14:41:38.030 [main] INFO  com.demo.baseutil.Basetest - Clicked on : first email is clicked
14:41:40.129 [main] INFO  com.demo.baseutil.Basetest - Validate email address is clicked is clickable
14:41:42.509 [main] INFO  com.demo.baseutil.Basetest - Clicked on : email address is clicked
14:41:44.552 [main] INFO  com.demo.baseutil.Basetest - Validate pass is clicked is clickable
14:41:46.863 [main] INFO  com.demo.baseutil.Basetest - Clicked on : pass is clicked
14:41:46.865 [main] INFO  com.demo.baseutil.Basetest - Enter the value into Password is entered
14:41:47.131 [main] INFO  com.demo.baseutil.Basetest - Admin@1234 typed into Password is entered
14:41:47.131 [main] INFO  com.demo.baseutil.Basetest - Validate confirm password is clicked is clickable
14:41:49.465 [main] INFO  com.demo.baseutil.Basetest - Clicked on : confirm password is clicked
14:41:49.466 [main] INFO  com.demo.baseutil.Basetest - Enter the value into Confirm Password is entered
14:41:49.768 [main] INFO  com.demo.baseutil.Basetest - Admin@1234 typed into Confirm Password is entered
14:41:56.125 [main] INFO  com.demo.baseutil.Basetest - Scroll down
14:41:56.127 [main] INFO  com.demo.baseutil.Basetest - Validate button is clicked is clickable
14:41:58.467 [main] INFO  com.demo.baseutil.Basetest - Clicked on : button is clicked
14:42:00.473 [main] INFO  com.demo.baseutil.Basetest - Validate email address field is clicked is clickable
14:42:02.997 [main] INFO  com.demo.baseutil.Basetest - Clicked on : email address field is clicked
14:42:02.997 [main] INFO  com.demo.baseutil.Basetest - Enter the value into Email Id Entered
14:42:03.313 [main] INFO  com.demo.baseutil.Basetest - 86001avcyghg@yopmail.com typed into Email Id Entered
14:42:03.313 [main] INFO  com.demo.baseutil.Basetest - Validate Enter the password is clickable
14:42:05.760 [main] INFO  com.demo.baseutil.Basetest - Clicked on : Enter the password
14:42:05.760 [main] INFO  com.demo.baseutil.Basetest - Enter the value into Password Id Entered
14:42:06.082 [main] INFO  com.demo.baseutil.Basetest - Admin@1234 typed into Password Id Entered
14:42:10.180 [main] INFO  com.demo.baseutil.Basetest - Scroll down
14:42:10.180 [main] INFO  com.demo.baseutil.Basetest - Validate Press the signin button is clickable
14:42:12.947 [main] INFO  com.demo.baseutil.Basetest - Clicked on : Press the signin button
14:42:15.977 [main] INFO  com.demo.baseutil.Basetest - Scroll down successful
14:42:16.997 [main] INFO  com.demo.baseutil.Basetest - Validate Press the button is clickable
14:42:19.454 [main] INFO  com.demo.baseutil.Basetest - Clicked on : Press the button
14:42:19.470 [main] INFO  com.demo.baseutil.Basetest - Scroll down successful
14:42:19.470 [main] INFO  com.demo.baseutil.Basetest - Validate Press the signin button is clickable
14:42:21.835 [main] INFO  com.demo.baseutil.Basetest - Clicked on : Press the signin button
14:42:23.844 [main] INFO  com.demo.baseutil.Basetest - Validate Press the button is clickable
14:42:26.277 [main] INFO  com.demo.baseutil.Basetest - Clicked on : Press the button
14:42:29.281 [main] INFO  com.demo.baseutil.Basetest - Validate Click on First is clickable
14:42:31.638 [main] INFO  com.demo.baseutil.Basetest - Clicked on : Click on First
14:42:31.638 [main] INFO  com.demo.baseutil.Basetest - Enter the value into enter the  First
14:42:31.915 [main] INFO  com.demo.baseutil.Basetest - First typed into enter the  First
14:42:31.915 [main] INFO  com.demo.baseutil.Basetest - Validate Click on last is clickable
14:42:34.277 [main] INFO  com.demo.baseutil.Basetest - Clicked on : Click on last
14:42:34.277 [main] INFO  com.demo.baseutil.Basetest - Enter the value into enter the  Last
14:42:34.590 [main] INFO  com.demo.baseutil.Basetest - Last typed into enter the  Last
14:42:34.590 [main] INFO  com.demo.baseutil.Basetest - Validate Click on dest is clickable
14:42:37.025 [main] INFO  com.demo.baseutil.Basetest - Clicked on : Click on dest
14:42:37.025 [main] INFO  com.demo.baseutil.Basetest - Enter the value into enter the  dest
14:42:37.249 [main] INFO  com.demo.baseutil.Basetest - dest typed into enter the  dest
14:42:37.249 [main] INFO  com.demo.baseutil.Basetest - Validate Click on Submit is clickable
14:42:39.612 [main] INFO  com.demo.baseutil.Basetest - Clicked on : Click on Submit
14:42:39.613 [main] INFO  com.demo.baseutil.Basetest - Validate Click on address is clickable
14:42:44.474 [main] INFO  com.demo.baseutil.Basetest - Clicked on : Click on address
14:42:44.474 [main] INFO  com.demo.baseutil.Basetest - Enter the value into enter the  address
14:42:44.829 [main] INFO  com.demo.baseutil.Basetest - 123 William Street, New York, NY, USA typed into enter the  address
14:42:46.840 [main] INFO  com.demo.baseutil.Basetest - Validate comapny name is clicked is clickable
14:42:49.222 [main] INFO  com.demo.baseutil.Basetest - Clicked on : comapny name is clicked
14:42:49.222 [main] INFO  com.demo.baseutil.Basetest - Validate Click on state is clickable
14:42:51.594 [main] INFO  com.demo.baseutil.Basetest - Clicked on : Click on state
14:42:51.595 [main] INFO  com.demo.baseutil.Basetest - Enter the value into Enetered the state
14:42:51.866 [main] INFO  com.demo.baseutil.Basetest - NY typed into Enetered the state
14:42:51.866 [main] INFO  com.demo.baseutil.Basetest - Validate Click on zip is clickable
14:42:54.278 [main] INFO  com.demo.baseutil.Basetest - Clicked on : Click on zip
14:42:54.278 [main] INFO  com.demo.baseutil.Basetest - Enter the value into Enetred the Zip
14:42:54.516 [main] INFO  com.demo.baseutil.Basetest - 10038-3804 typed into Enetred the Zip
14:42:54.516 [main] INFO  com.demo.baseutil.Basetest - Validate Click on city is clickable
14:42:56.880 [main] INFO  com.demo.baseutil.Basetest - Clicked on : Click on city
14:42:56.880 [main] INFO  com.demo.baseutil.Basetest - Enter the value into Enetered the city
14:42:57.182 [main] INFO  com.demo.baseutil.Basetest - New York typed into Enetered the city
14:42:57.182 [main] INFO  com.demo.baseutil.Basetest - Validate Click on country is clickable
14:42:59.613 [main] INFO  com.demo.baseutil.Basetest - Clicked on : Click on country
14:42:59.613 [main] INFO  com.demo.baseutil.Basetest - Enter the value into Enetered the country
14:42:59.881 [main] INFO  com.demo.baseutil.Basetest - United States typed into Enetered the country
14:43:05.997 [main] INFO  com.demo.baseutil.Basetest - Scroll down
14:43:08.005 [main] INFO  com.demo.baseutil.Basetest - Validate Click on Submit is clickable
14:43:10.321 [main] INFO  com.demo.baseutil.Basetest - Clicked on : Click on Submit
14:43:11.494 [main] INFO  com.demo.baseutil.Basetest - Browser is closed sucessfuly
14:43:12.383 [main] INFO  com.demo.baseutil.Basetest - Browser is closed sucessfuly
14:43:25.823 [main] INFO  com.demo.baseutil.Basetest - Validate Sign in with FarmtoPlate account is clickable
14:43:28.244 [main] INFO  com.demo.baseutil.Basetest - Clicked on : Sign in with FarmtoPlate account
14:43:28.259 [main] INFO  com.demo.baseutil.Basetest - Url contains farmtoplateapps.io/login
14:43:28.267 [main] INFO  com.demo.baseutil.Basetest - Sign in title matched
14:43:28.267 [main] INFO  com.demo.baseutil.Basetest - UI verified for Sigin page.
14:43:28.267 [main] INFO  com.demo.baseutil.Basetest - Sign in function call
14:43:28.267 [main] INFO  com.demo.baseutil.Basetest - Validate email address field is clicked is clickable
14:43:30.581 [main] INFO  com.demo.baseutil.Basetest - Clicked on : email address field is clicked
14:43:30.581 [main] INFO  com.demo.baseutil.Basetest - Enter the value into Email Id Entered
14:43:30.831 [main] INFO  com.demo.baseutil.Basetest - 300@yopmail.com typed into Email Id Entered
14:43:30.832 [main] INFO  com.demo.baseutil.Basetest - Validate Enter the password is clickable
14:43:33.078 [main] INFO  com.demo.baseutil.Basetest - Clicked on : Enter the password
14:43:33.078 [main] INFO  com.demo.baseutil.Basetest - Enter the value into Password Id Entered
14:43:33.290 [main] INFO  com.demo.baseutil.Basetest - Admin@1234 typed into Password Id Entered
14:43:37.341 [main] INFO  com.demo.baseutil.Basetest - Scroll down
14:43:37.341 [main] INFO  com.demo.baseutil.Basetest - Validate Press the signin button is clickable
14:43:40.061 [main] INFO  com.demo.baseutil.Basetest - Clicked on : Press the signin button
14:43:42.426 [main] INFO  com.demo.baseutil.Basetest - HomePage title  is matched
14:43:52.432 [main] INFO  com.demo.baseutil.Basetest - Validate click on dashboard is clickable
14:43:54.883 [main] INFO  com.demo.baseutil.Basetest - Clicked on : click on dashboard
14:43:56.892 [main] INFO  com.demo.baseutil.Basetest - Validate click on organisation network is clickable
14:43:59.202 [main] INFO  com.demo.baseutil.Basetest - Clicked on : click on organisation network
14:44:04.237 [main] INFO  com.demo.baseutil.Basetest - Sign in title matched
14:44:04.237 [main] INFO  com.demo.baseutil.Basetest - UI verified for Organisation network page.
14:44:06.287 [main] INFO  com.demo.baseutil.Basetest - Validate click on product register is clickable
14:44:08.628 [main] INFO  com.demo.baseutil.Basetest - Clicked on : click on product register
14:44:15.707 [main] INFO  com.demo.baseutil.Basetest - Sign in title matched
14:44:15.707 [main] INFO  com.demo.baseutil.Basetest - UI verified for Product page.
14:44:16.749 [main] INFO  com.demo.baseutil.Basetest - Validate click on lots is clickable
14:44:19.167 [main] INFO  com.demo.baseutil.Basetest - Clicked on : click on lots
14:44:25.229 [main] INFO  com.demo.baseutil.Basetest - Sign in title matched
14:44:25.229 [main] INFO  com.demo.baseutil.Basetest - UI verified for Lots page.
14:44:27.625 [main] INFO  com.demo.baseutil.Basetest - Browser is closed sucessfuly
14:44:28.215 [main] INFO  com.demo.baseutil.Basetest - Browser is closed sucessfuly
14:44:38.278 [main] INFO  com.demo.baseutil.Basetest - Validate Sign in with FarmtoPlate account is clickable
14:44:40.738 [main] INFO  com.demo.baseutil.Basetest - Clicked on : Sign in with FarmtoPlate account
14:44:40.746 [main] INFO  com.demo.baseutil.Basetest - Url contains farmtoplateapps.io/login
14:44:40.752 [main] INFO  com.demo.baseutil.Basetest - Sign in title matched
14:44:40.752 [main] INFO  com.demo.baseutil.Basetest - UI verified for Sigin page.
14:44:40.752 [main] INFO  com.demo.baseutil.Basetest - Sign in function call
14:44:40.752 [main] INFO  com.demo.baseutil.Basetest - Validate email address field is clicked is clickable
14:44:43.204 [main] INFO  com.demo.baseutil.Basetest - Clicked on : email address field is clicked
14:44:43.204 [main] INFO  com.demo.baseutil.Basetest - Enter the value into Email Id Entered
14:44:43.490 [main] INFO  com.demo.baseutil.Basetest - 300@yopmail.com typed into Email Id Entered
14:44:43.491 [main] INFO  com.demo.baseutil.Basetest - Validate Enter the password is clickable
14:44:45.755 [main] INFO  com.demo.baseutil.Basetest - Clicked on : Enter the password
14:44:45.755 [main] INFO  com.demo.baseutil.Basetest - Enter the value into Password Id Entered
14:44:45.956 [main] INFO  com.demo.baseutil.Basetest - Admin@1234 typed into Password Id Entered
14:44:50.024 [main] INFO  com.demo.baseutil.Basetest - Scroll down
14:44:50.024 [main] INFO  com.demo.baseutil.Basetest - Validate Press the signin button is clickable
14:44:52.705 [main] INFO  com.demo.baseutil.Basetest - Clicked on : Press the signin button
14:44:54.710 [main] INFO  com.demo.baseutil.Basetest - HomePage title  is matched
14:45:04.729 [main] INFO  com.demo.baseutil.Basetest - Validate Network Management is clicked is clickable
14:45:07.230 [main] INFO  com.demo.baseutil.Basetest - Clicked on : Network Management is clicked
14:45:12.238 [main] INFO  com.demo.baseutil.Basetest - Validate Add new is clicked is clickable
14:45:14.567 [main] INFO  com.demo.baseutil.Basetest - Clicked on : Add new is clicked
14:45:16.577 [main] INFO  com.demo.baseutil.Basetest - Validate Organisation Name is clicked is clickable
14:45:18.935 [main] INFO  com.demo.baseutil.Basetest - Clicked on : Organisation Name is clicked
14:45:18.935 [main] INFO  com.demo.baseutil.Basetest - Enter the value into Organisation is Entered
14:45:19.249 [main] INFO  com.demo.baseutil.Basetest - Kuhzjjqn typed into Organisation is Entered
14:45:19.249 [main] INFO  com.demo.baseutil.Basetest - Validate Organisation type is clicked is clickable
14:45:21.680 [main] INFO  com.demo.baseutil.Basetest - Clicked on : Organisation type is clicked
14:45:21.680 [main] INFO  com.demo.baseutil.Basetest - Validate upstream is selected is clickable
14:45:24.012 [main] INFO  com.demo.baseutil.Basetest - Clicked on : upstream is selected
14:45:24.012 [main] INFO  com.demo.baseutil.Basetest - Validate Organisation role is clicked is clickable
14:45:26.419 [main] INFO  com.demo.baseutil.Basetest - Clicked on : Organisation role is clicked
14:45:26.419 [main] INFO  com.demo.baseutil.Basetest - Validate Organisation role is selected is clickable
14:45:28.825 [main] INFO  com.demo.baseutil.Basetest - Clicked on : Organisation role is selected
14:45:28.825 [main] INFO  com.demo.baseutil.Basetest - Validate module is clicked is clickable
14:45:31.238 [main] INFO  com.demo.baseutil.Basetest - Clicked on : module is clicked
14:45:31.238 [main] INFO  com.demo.baseutil.Basetest - Validate module is selected is clickable
14:45:33.647 [main] INFO  com.demo.baseutil.Basetest - Clicked on : module is selected
14:45:33.647 [main] INFO  com.demo.baseutil.Basetest - Validate email field is clicked is clickable
14:45:35.992 [main] INFO  com.demo.baseutil.Basetest - Clicked on : email field is clicked
14:45:35.992 [main] INFO  com.demo.baseutil.Basetest - Enter the value into emailid is Entered
14:45:36.393 [main] INFO  com.demo.baseutil.Basetest - uhvKlYDZ422@yopmail.com typed into emailid is Entered
14:45:37.413 [main] INFO  com.demo.baseutil.Basetest - Validate sendinvite button is clicked is clickable
14:45:39.825 [main] INFO  com.demo.baseutil.Basetest - Clicked on : sendinvite button is clicked
14:45:41.826 [main] INFO  com.demo.baseutil.Basetest - Validate submit is selected is clickable
14:45:44.191 [main] INFO  com.demo.baseutil.Basetest - Clicked on : submit is selected
14:45:59.309 [main] INFO  com.demo.baseutil.Basetest - Validate Email address input field is clicked is clickable
14:46:01.705 [main] INFO  com.demo.baseutil.Basetest - Clicked on : Email address input field is clicked
14:46:01.705 [main] INFO  com.demo.baseutil.Basetest - Enter the value into email address is entered
14:46:02.042 [main] INFO  com.demo.baseutil.Basetest - uhvKlYDZ422@yopmail.com typed into email address is entered
14:46:02.042 [main] INFO  com.demo.baseutil.Basetest - Validate arrow button is clicked is clickable
14:46:05.108 [main] INFO  com.demo.baseutil.Basetest - Clicked on : arrow button is clicked
14:46:08.172 [main] INFO  com.demo.baseutil.Basetest - Validate first email is clicked is clickable
14:46:10.442 [main] INFO  com.demo.baseutil.Basetest - Clicked on : first email is clicked
14:46:12.530 [main] INFO  com.demo.baseutil.Basetest - Validate email address is clicked is clickable
14:46:14.970 [main] INFO  com.demo.baseutil.Basetest - Clicked on : email address is clicked
14:46:17.019 [main] INFO  com.demo.baseutil.Basetest - Validate pass is clicked is clickable
14:46:19.400 [main] INFO  com.demo.baseutil.Basetest - Clicked on : pass is clicked
14:46:19.400 [main] INFO  com.demo.baseutil.Basetest - Enter the value into Password is entered
14:46:19.710 [main] INFO  com.demo.baseutil.Basetest - Admin@1234 typed into Password is entered
14:46:19.710 [main] INFO  com.demo.baseutil.Basetest - Validate confirm password is clicked is clickable
14:46:22.085 [main] INFO  com.demo.baseutil.Basetest - Clicked on : confirm password is clicked
14:46:22.085 [main] INFO  com.demo.baseutil.Basetest - Enter the value into Confirm Password is entered
14:46:22.392 [main] INFO  com.demo.baseutil.Basetest - Admin@1234 typed into Confirm Password is entered
14:46:28.495 [main] INFO  com.demo.baseutil.Basetest - Scroll down
14:46:28.495 [main] INFO  com.demo.baseutil.Basetest - Validate button is clicked is clickable
14:46:30.889 [main] INFO  com.demo.baseutil.Basetest - Clicked on : button is clicked
14:46:32.891 [main] INFO  com.demo.baseutil.Basetest - Validate email address field is clicked is clickable
14:46:35.352 [main] INFO  com.demo.baseutil.Basetest - Clicked on : email address field is clicked
14:46:35.352 [main] INFO  com.demo.baseutil.Basetest - Enter the value into Email Id Entered
14:46:35.774 [main] INFO  com.demo.baseutil.Basetest - uhvKlYDZ422@yopmail.com typed into Email Id Entered
14:46:35.774 [main] INFO  com.demo.baseutil.Basetest - Validate Enter the password is clickable
14:46:38.138 [main] INFO  com.demo.baseutil.Basetest - Clicked on : Enter the password
14:46:38.138 [main] INFO  com.demo.baseutil.Basetest - Enter the value into Password Id Entered
14:46:38.450 [main] INFO  com.demo.baseutil.Basetest - Admin@1234 typed into Password Id Entered
14:46:42.540 [main] INFO  com.demo.baseutil.Basetest - Scroll down
14:46:42.540 [main] INFO  com.demo.baseutil.Basetest - Validate Press the signin button is clickable
14:46:45.307 [main] INFO  com.demo.baseutil.Basetest - Clicked on : Press the signin button
14:46:51.322 [main] INFO  com.demo.baseutil.Basetest - Validate Press the continue button is clickable
14:46:53.682 [main] INFO  com.demo.baseutil.Basetest - Clicked on : Press the continue button
14:46:53.697 [main] INFO  com.demo.baseutil.Basetest - Scroll down successful
14:46:57.786 [main] INFO  com.demo.baseutil.Basetest - Scroll down
14:47:02.803 [main] INFO  com.demo.baseutil.Basetest - Scroll down successful
14:47:02.803 [main] INFO  com.demo.baseutil.Basetest - Validate Press the signin button is clickable
14:47:05.216 [main] INFO  com.demo.baseutil.Basetest - Clicked on : Press the signin button
14:47:05.216 [main] INFO  com.demo.baseutil.Basetest - Validate Press the button is clickable
14:47:07.500 [main] INFO  com.demo.baseutil.Basetest - Clicked on : Press the button
14:47:07.621 [main] INFO  com.demo.baseutil.Basetest - Browser is closed sucessfuly
14:47:08.194 [main] INFO  com.demo.baseutil.Basetest - Browser is closed sucessfuly
14:47:19.164 [main] INFO  com.demo.baseutil.Basetest - Validate Sign in with FarmtoPlate account is clickable
14:47:21.514 [main] INFO  com.demo.baseutil.Basetest - Clicked on : Sign in with FarmtoPlate account
14:47:21.526 [main] INFO  com.demo.baseutil.Basetest - Url contains farmtoplateapps.io/login
14:47:21.531 [main] INFO  com.demo.baseutil.Basetest - Sign in title matched
14:47:21.531 [main] INFO  com.demo.baseutil.Basetest - UI verified for Sigin page.
14:47:21.531 [main] INFO  com.demo.baseutil.Basetest - Sign in function call
14:47:21.531 [main] INFO  com.demo.baseutil.Basetest - Validate email address field is clicked is clickable
14:47:23.767 [main] INFO  com.demo.baseutil.Basetest - Clicked on : email address field is clicked
14:47:23.767 [main] INFO  com.demo.baseutil.Basetest - Enter the value into Email Id Entered
14:47:24.080 [main] INFO  com.demo.baseutil.Basetest - 300@yopmail.com typed into Email Id Entered
14:47:24.080 [main] INFO  com.demo.baseutil.Basetest - Validate Enter the password is clickable
14:47:26.342 [main] INFO  com.demo.baseutil.Basetest - Clicked on : Enter the password
14:47:26.342 [main] INFO  com.demo.baseutil.Basetest - Enter the value into Password Id Entered
14:47:26.547 [main] INFO  com.demo.baseutil.Basetest - Admin@1234 typed into Password Id Entered
14:47:30.605 [main] INFO  com.demo.baseutil.Basetest - Scroll down
14:47:30.605 [main] INFO  com.demo.baseutil.Basetest - Validate Press the signin button is clickable
14:47:33.261 [main] INFO  com.demo.baseutil.Basetest - Clicked on : Press the signin button
14:47:35.431 [main] INFO  com.demo.baseutil.Basetest - HomePage title  is matched
14:47:47.505 [main] INFO  com.demo.baseutil.Basetest - Validate Asset & Infrastructure Data is clicked is clickable
14:47:49.881 [main] INFO  com.demo.baseutil.Basetest - Clicked on : Asset & Infrastructure Data is clicked
14:47:51.897 [main] INFO  com.demo.baseutil.Basetest - Validate Assets is clicked is clickable
14:47:54.223 [main] INFO  com.demo.baseutil.Basetest - Clicked on : Assets is clicked
14:47:56.231 [main] INFO  com.demo.baseutil.Basetest - Validate Add new is clicked is clickable
14:47:58.696 [main] INFO  com.demo.baseutil.Basetest - Clicked on : Add new is clicked
14:48:00.707 [main] INFO  com.demo.baseutil.Basetest - Validate Asset type is clicked is clickable
14:48:03.152 [main] INFO  com.demo.baseutil.Basetest - Clicked on : Asset type is clicked
14:48:03.152 [main] INFO  com.demo.baseutil.Basetest - Validate vehicle is selected is clickable
14:48:05.525 [main] INFO  com.demo.baseutil.Basetest - Clicked on : vehicle is selected
14:48:05.526 [main] INFO  com.demo.baseutil.Basetest - Validate Click on Vehicle Name is clickable
14:48:07.834 [main] INFO  com.demo.baseutil.Basetest - Clicked on : Click on Vehicle Name
14:48:07.834 [main] INFO  com.demo.baseutil.Basetest - Enter the value into enter the vehicle name
14:48:08.123 [main] INFO  com.demo.baseutil.Basetest - Loading Vehiclegeb typed into enter the vehicle name
14:48:08.138 [main] INFO  com.demo.baseutil.Basetest - Validate Click on Vehicle Number is clickable
14:48:10.514 [main] INFO  com.demo.baseutil.Basetest - Clicked on : Click on Vehicle Number
14:48:10.514 [main] INFO  com.demo.baseutil.Basetest - Enter the value into Enter the vehicle number
14:48:10.840 [main] INFO  com.demo.baseutil.Basetest - WNOEyiis typed into Enter the vehicle number
14:48:10.840 [main] INFO  com.demo.baseutil.Basetest - Validate click the dropdown of carrier is clickable
14:48:13.183 [main] INFO  com.demo.baseutil.Basetest - Clicked on : click the dropdown of carrier
14:48:13.183 [main] INFO  com.demo.baseutil.Basetest - Validate click the tanker is clickable
14:48:15.512 [main] INFO  com.demo.baseutil.Basetest - Clicked on : click the tanker
14:48:15.512 [main] INFO  com.demo.baseutil.Basetest - Validate Click on Make is clickable
14:48:17.832 [main] INFO  com.demo.baseutil.Basetest - Clicked on : Click on Make
14:48:17.832 [main] INFO  com.demo.baseutil.Basetest - Enter the value into enter the make
14:48:18.073 [main] INFO  com.demo.baseutil.Basetest - Mahindra typed into enter the make
14:48:18.073 [main] INFO  com.demo.baseutil.Basetest - Validate Click on Model is clickable
14:48:20.364 [main] INFO  com.demo.baseutil.Basetest - Clicked on : Click on Model
14:48:20.364 [main] INFO  com.demo.baseutil.Basetest - Enter the value into enter the model
14:48:20.612 [main] INFO  com.demo.baseutil.Basetest - XUV typed into enter the model
14:48:20.612 [main] INFO  com.demo.baseutil.Basetest - Validate Click on Model is clickable
14:48:22.949 [main] INFO  com.demo.baseutil.Basetest - Clicked on : Click on Model
14:48:22.949 [main] INFO  com.demo.baseutil.Basetest - Enter the value into enter the model
14:48:23.266 [main] INFO  com.demo.baseutil.Basetest - XUV typed into enter the model
14:48:23.266 [main] INFO  com.demo.baseutil.Basetest - Validate Click on Vehicle Number is clickable
14:48:25.584 [main] INFO  com.demo.baseutil.Basetest - Clicked on : Click on Vehicle Number
14:48:25.584 [main] INFO  com.demo.baseutil.Basetest - Enter the value into Enter the engine number
14:48:25.873 [main] INFO  com.demo.baseutil.Basetest - dohgaWei typed into Enter the engine number
14:48:25.873 [main] INFO  com.demo.baseutil.Basetest - Validate Click on Class-GVWR is clickable
14:48:28.215 [main] INFO  com.demo.baseutil.Basetest - Clicked on : Click on Class-GVWR
14:48:28.215 [main] INFO  com.demo.baseutil.Basetest - Enter the value into enter the classgvwr
14:48:28.573 [main] INFO  com.demo.baseutil.Basetest - Class I typed into enter the classgvwr
14:48:28.573 [main] INFO  com.demo.baseutil.Basetest - Validate Click on Weight Capacity is clickable
14:48:30.989 [main] INFO  com.demo.baseutil.Basetest - Clicked on : Click on Weight Capacity
14:48:30.989 [main] INFO  com.demo.baseutil.Basetest - Enter the value into enter the weight capacity
14:48:31.196 [main] INFO  com.demo.baseutil.Basetest - 100 typed into enter the weight capacity
14:48:35.285 [main] INFO  com.demo.baseutil.Basetest - Scroll down
14:48:35.301 [main] INFO  com.demo.baseutil.Basetest - Scroll down successful
14:48:35.301 [main] INFO  com.demo.baseutil.Basetest - Validate Click on Add button is clickable
14:48:37.752 [main] INFO  com.demo.baseutil.Basetest - Clicked on : Click on Add button
14:48:38.909 [main] INFO  com.demo.baseutil.Basetest - Browser is closed sucessfuly
14:48:39.459 [main] INFO  com.demo.baseutil.Basetest - Browser is closed sucessfuly
14:48:52.877 [main] INFO  com.demo.baseutil.Basetest - Validate Sign in with FarmtoPlate account is clickable
14:48:55.211 [main] INFO  com.demo.baseutil.Basetest - Clicked on : Sign in with FarmtoPlate account
14:48:55.217 [main] INFO  com.demo.baseutil.Basetest - Url contains farmtoplateapps.io/login
14:48:55.221 [main] INFO  com.demo.baseutil.Basetest - Sign in title matched
14:48:55.221 [main] INFO  com.demo.baseutil.Basetest - UI verified for Sigin page.
14:48:55.221 [main] INFO  com.demo.baseutil.Basetest - Sign in function call
14:48:55.221 [main] INFO  com.demo.baseutil.Basetest - Validate email address field is clicked is clickable
14:48:57.463 [main] INFO  com.demo.baseutil.Basetest - Clicked on : email address field is clicked
14:48:57.463 [main] INFO  com.demo.baseutil.Basetest - Enter the value into Email Id Entered
14:48:57.708 [main] INFO  com.demo.baseutil.Basetest - 300@yopmail.com typed into Email Id Entered
14:48:57.708 [main] INFO  com.demo.baseutil.Basetest - Validate Enter the password is clickable
14:48:59.910 [main] INFO  com.demo.baseutil.Basetest - Clicked on : Enter the password
14:48:59.910 [main] INFO  com.demo.baseutil.Basetest - Enter the value into Password Id Entered
14:49:00.130 [main] INFO  com.demo.baseutil.Basetest - Admin@1234 typed into Password Id Entered
14:49:04.186 [main] INFO  com.demo.baseutil.Basetest - Scroll down
14:49:04.186 [main] INFO  com.demo.baseutil.Basetest - Validate Press the signin button is clickable
14:49:06.817 [main] INFO  com.demo.baseutil.Basetest - Clicked on : Press the signin button
14:49:08.931 [main] INFO  com.demo.baseutil.Basetest - HomePage title  is matched
14:49:21.006 [main] INFO  com.demo.baseutil.Basetest - Validate Asset & Infrastructure Data is clicked is clickable
14:49:23.368 [main] INFO  com.demo.baseutil.Basetest - Clicked on : Asset & Infrastructure Data is clicked
14:49:25.370 [main] INFO  com.demo.baseutil.Basetest - Validate Infra is clicked is clickable
14:49:27.887 [main] INFO  com.demo.baseutil.Basetest - Clicked on : Infra is clicked
14:49:29.901 [main] INFO  com.demo.baseutil.Basetest - Validate Add new is clicked is clickable
14:49:32.272 [main] INFO  com.demo.baseutil.Basetest - Clicked on : Add new is clicked
14:49:34.289 [main] INFO  com.demo.baseutil.Basetest - Validate Click on Location Name is clickable
14:49:36.696 [main] INFO  com.demo.baseutil.Basetest - Clicked on : Click on Location Name
14:49:36.696 [main] INFO  com.demo.baseutil.Basetest - Enter the value into enter the location name
14:49:37.003 [main] INFO  com.demo.baseutil.Basetest - Warehouse B typed into enter the location name
14:49:37.003 [main] INFO  com.demo.baseutil.Basetest - Validate Asset type is clicked is clickable
14:49:39.413 [main] INFO  com.demo.baseutil.Basetest - Clicked on : Asset type is clicked
14:49:39.413 [main] INFO  com.demo.baseutil.Basetest - Validate vehicle is selected is clickable
14:49:41.703 [main] INFO  com.demo.baseutil.Basetest - Clicked on : vehicle is selected
14:49:41.703 [main] INFO  com.demo.baseutil.Basetest - Validate Click on GLN is clickable
14:49:44.147 [main] INFO  com.demo.baseutil.Basetest - Clicked on : Click on GLN
14:49:44.149 [main] INFO  com.demo.baseutil.Basetest - Enter the value into enter the GLN
14:49:44.522 [main] INFO  com.demo.baseutil.Basetest - 3762116946070 typed into enter the GLN
14:49:44.523 [main] INFO  com.demo.baseutil.Basetest - Validate Click on address is clickable
14:49:46.885 [main] INFO  com.demo.baseutil.Basetest - Clicked on : Click on address
14:49:46.885 [main] INFO  com.demo.baseutil.Basetest - Enter the value into enter the  address
14:49:47.374 [main] INFO  com.demo.baseutil.Basetest - Bangalore Palace, Palace Cross Road, Vasanth Nagar, Bengaluru, Karnataka, India typed into enter the  address
14:49:47.374 [main] INFO  com.demo.baseutil.Basetest - Validate Click on state is clickable
14:49:49.749 [main] INFO  com.demo.baseutil.Basetest - Clicked on : Click on state
14:49:49.749 [main] INFO  com.demo.baseutil.Basetest - Enter the value into Enetered the state
14:49:49.954 [main] INFO  com.demo.baseutil.Basetest - KA typed into Enetered the state
14:49:49.954 [main] INFO  com.demo.baseutil.Basetest - Validate Click on city is clickable
14:49:52.286 [main] INFO  com.demo.baseutil.Basetest - Clicked on : Click on city
14:49:52.286 [main] INFO  com.demo.baseutil.Basetest - Enter the value into Enetered the city
14:49:52.559 [main] INFO  com.demo.baseutil.Basetest - Bengaluru typed into Enetered the city
14:49:52.559 [main] INFO  com.demo.baseutil.Basetest - Validate Click on country is clickable
14:49:54.994 [main] INFO  com.demo.baseutil.Basetest - Clicked on : Click on country
14:49:54.994 [main] INFO  com.demo.baseutil.Basetest - Enter the value into Enetered the city
14:49:55.204 [main] INFO  com.demo.baseutil.Basetest - India typed into Enetered the city
14:49:55.204 [main] INFO  com.demo.baseutil.Basetest - Validate Click on zip is clickable
14:49:57.582 [main] INFO  com.demo.baseutil.Basetest - Clicked on : Click on zip
14:49:57.582 [main] INFO  com.demo.baseutil.Basetest - Enter the value into Enetred the Zip
14:49:57.907 [main] INFO  com.demo.baseutil.Basetest - 560052 typed into Enetred the Zip
14:50:01.999 [main] INFO  com.demo.baseutil.Basetest - Scroll down
14:50:01.999 [main] INFO  com.demo.baseutil.Basetest - Validate Click on Add button is clickable
14:50:04.386 [main] INFO  com.demo.baseutil.Basetest - Clicked on : Click on Add button
14:50:05.570 [main] INFO  com.demo.baseutil.Basetest - Browser is closed sucessfuly
14:50:06.154 [main] INFO  com.demo.baseutil.Basetest - Browser is closed sucessfuly
14:50:22.720 [main] INFO  com.demo.baseutil.Basetest - Validate Sign in with FarmtoPlate account is clickable
14:50:25.004 [main] INFO  com.demo.baseutil.Basetest - Clicked on : Sign in with FarmtoPlate account
14:50:25.011 [main] INFO  com.demo.baseutil.Basetest - Url contains farmtoplateapps.io/login
14:50:25.014 [main] INFO  com.demo.baseutil.Basetest - Sign in title matched
14:50:25.014 [main] INFO  com.demo.baseutil.Basetest - UI verified for Sigin page.
14:50:25.015 [main] INFO  com.demo.baseutil.Basetest - Sign in function call
14:50:25.015 [main] INFO  com.demo.baseutil.Basetest - Validate email address field is clicked is clickable
14:50:27.235 [main] INFO  com.demo.baseutil.Basetest - Clicked on : email address field is clicked
14:50:27.235 [main] INFO  com.demo.baseutil.Basetest - Enter the value into Email Id Entered
14:50:27.494 [main] INFO  com.demo.baseutil.Basetest - 300@yopmail.com typed into Email Id Entered
14:50:27.494 [main] INFO  com.demo.baseutil.Basetest - Validate Enter the password is clickable
14:50:29.720 [main] INFO  com.demo.baseutil.Basetest - Clicked on : Enter the password
14:50:29.720 [main] INFO  com.demo.baseutil.Basetest - Enter the value into Password Id Entered
14:50:29.962 [main] INFO  com.demo.baseutil.Basetest - Admin@1234 typed into Password Id Entered
14:50:34.045 [main] INFO  com.demo.baseutil.Basetest - Scroll down
14:50:34.045 [main] INFO  com.demo.baseutil.Basetest - Validate Press the signin button is clickable
14:50:36.756 [main] INFO  com.demo.baseutil.Basetest - Clicked on : Press the signin button
14:50:39.001 [main] INFO  com.demo.baseutil.Basetest - HomePage title  is matched
14:50:51.090 [main] INFO  com.demo.baseutil.Basetest - Validate Asset & Infrastructure Data is clicked is clickable
14:50:54.056 [main] INFO  com.demo.baseutil.Basetest - Clicked on : Asset & Infrastructure Data is clicked
14:50:56.059 [main] INFO  com.demo.baseutil.Basetest - Validate Assets is clicked is clickable
14:50:58.615 [main] INFO  com.demo.baseutil.Basetest - Clicked on : Assets is clicked
14:51:00.624 [main] INFO  com.demo.baseutil.Basetest - Validate Add new is clicked is clickable
14:51:03.035 [main] INFO  com.demo.baseutil.Basetest - Clicked on : Add new is clicked
14:51:05.041 [main] INFO  com.demo.baseutil.Basetest - Validate Asset type is clicked is clickable
14:51:07.493 [main] INFO  com.demo.baseutil.Basetest - Clicked on : Asset type is clicked
14:51:07.493 [main] INFO  com.demo.baseutil.Basetest - Validate Click on Vehicle Name is clickable
14:51:09.925 [main] INFO  com.demo.baseutil.Basetest - Clicked on : Click on Vehicle Name
14:51:11.928 [main] INFO  com.demo.baseutil.Basetest - Validate container name is clicked is clickable
14:51:14.224 [main] INFO  com.demo.baseutil.Basetest - Clicked on : container name is clicked
14:51:14.224 [main] INFO  com.demo.baseutil.Basetest - Enter the value into enter the container name
14:51:14.593 [main] INFO  com.demo.baseutil.Basetest - container802802 typed into enter the container name
14:51:16.597 [main] INFO  com.demo.baseutil.Basetest - Validate length is clicked is clickable
14:51:19.028 [main] INFO  com.demo.baseutil.Basetest - Clicked on : length is clicked
14:51:21.037 [main] INFO  com.demo.baseutil.Basetest - Enter the value into enter the length
14:51:21.354 [main] INFO  com.demo.baseutil.Basetest - 10 typed into enter the length
14:51:21.354 [main] INFO  com.demo.baseutil.Basetest - Validate breadth is clicked is clickable
14:51:23.751 [main] INFO  com.demo.baseutil.Basetest - Clicked on : breadth is clicked
14:51:23.752 [main] INFO  com.demo.baseutil.Basetest - Enter the value into breath entered
14:51:24.076 [main] INFO  com.demo.baseutil.Basetest - 10 typed into breath entered
14:51:26.082 [main] INFO  com.demo.baseutil.Basetest - Validate height is clicked is clickable
14:51:28.394 [main] INFO  com.demo.baseutil.Basetest - Clicked on : height is clicked
14:51:30.399 [main] INFO  com.demo.baseutil.Basetest - Enter the value into height entered
14:51:30.703 [main] INFO  com.demo.baseutil.Basetest - 20 typed into height entered
14:51:32.710 [main] INFO  com.demo.baseutil.Basetest - Validate dom is clicked is clickable
14:51:35.030 [main] INFO  com.demo.baseutil.Basetest - Clicked on : dom is clicked
14:51:37.045 [main] INFO  com.demo.baseutil.Basetest - Validate ft is clicked is clickable
14:51:39.422 [main] INFO  com.demo.baseutil.Basetest - Clicked on : ft is clicked
14:51:41.431 [main] INFO  com.demo.baseutil.Basetest - Validate wt is clicked is clickable
14:51:43.833 [main] INFO  com.demo.baseutil.Basetest - Clicked on : wt is clicked
14:51:45.836 [main] INFO  com.demo.baseutil.Basetest - Enter the value into weight entered
14:51:46.069 [main] INFO  com.demo.baseutil.Basetest - 1000 typed into weight entered
14:51:48.078 [main] INFO  com.demo.baseutil.Basetest - Validate wtcap is clicked is clickable
14:51:50.489 [main] INFO  com.demo.baseutil.Basetest - Clicked on : wtcap is clicked
14:51:52.496 [main] INFO  com.demo.baseutil.Basetest - Validate tons is clicked is clickable
14:51:54.920 [main] INFO  com.demo.baseutil.Basetest - Clicked on : tons is clicked
14:51:56.926 [main] INFO  com.demo.baseutil.Basetest - Validate Click on Add button is clickable
14:51:59.351 [main] INFO  com.demo.baseutil.Basetest - Clicked on : Click on Add button
14:52:05.497 [main] INFO  com.demo.baseutil.Basetest - Browser is closed sucessfuly
14:52:06.169 [main] INFO  com.demo.baseutil.Basetest - Browser is closed sucessfuly
14:52:20.828 [main] INFO  com.demo.baseutil.Basetest - Validate Sign in with FarmtoPlate account is clickable
14:52:23.087 [main] INFO  com.demo.baseutil.Basetest - Clicked on : Sign in with FarmtoPlate account
14:52:23.096 [main] INFO  com.demo.baseutil.Basetest - Url contains farmtoplateapps.io/login
14:52:23.103 [main] INFO  com.demo.baseutil.Basetest - Sign in title matched
14:52:23.103 [main] INFO  com.demo.baseutil.Basetest - UI verified for Sigin page.
14:52:23.103 [main] INFO  com.demo.baseutil.Basetest - Sign in function call
14:52:23.103 [main] INFO  com.demo.baseutil.Basetest - Validate email address field is clicked is clickable
14:52:25.367 [main] INFO  com.demo.baseutil.Basetest - Clicked on : email address field is clicked
14:52:25.367 [main] INFO  com.demo.baseutil.Basetest - Enter the value into Email Id Entered
14:52:25.674 [main] INFO  com.demo.baseutil.Basetest - 300@yopmail.com typed into Email Id Entered
14:52:25.674 [main] INFO  com.demo.baseutil.Basetest - Validate Enter the password is clickable
14:52:27.930 [main] INFO  com.demo.baseutil.Basetest - Clicked on : Enter the password
14:52:27.930 [main] INFO  com.demo.baseutil.Basetest - Enter the value into Password Id Entered
14:52:28.142 [main] INFO  com.demo.baseutil.Basetest - Admin@1234 typed into Password Id Entered
14:52:32.211 [main] INFO  com.demo.baseutil.Basetest - Scroll down
14:52:32.211 [main] INFO  com.demo.baseutil.Basetest - Validate Press the signin button is clickable
14:52:34.826 [main] INFO  com.demo.baseutil.Basetest - Clicked on : Press the signin button
14:52:37.210 [main] INFO  com.demo.baseutil.Basetest - HomePage title  is matched
14:52:53.318 [main] INFO  com.demo.baseutil.Basetest - Validate User Management is clicked is clickable
14:52:55.780 [main] INFO  com.demo.baseutil.Basetest - Clicked on : User Management is clicked
14:52:57.796 [main] INFO  com.demo.baseutil.Basetest - Validate users is clicked is clickable
14:53:00.295 [main] INFO  com.demo.baseutil.Basetest - Clicked on : users is clicked
14:53:02.301 [main] INFO  com.demo.baseutil.Basetest - Validate Add new is clicked is clickable
14:53:04.730 [main] INFO  com.demo.baseutil.Basetest - Clicked on : Add new is clicked
14:53:06.733 [main] INFO  com.demo.baseutil.Basetest - Validate first name is clicked is clickable
14:53:09.046 [main] INFO  com.demo.baseutil.Basetest - Clicked on : first name is clicked
14:53:11.051 [main] INFO  com.demo.baseutil.Basetest - Enter the value into first name is entered
14:53:11.342 [main] INFO  com.demo.baseutil.Basetest - abc typed into first name is entered
14:53:13.343 [main] INFO  com.demo.baseutil.Basetest - Validate last name is clicked is clickable
14:53:15.658 [main] INFO  com.demo.baseutil.Basetest - Clicked on : last name is clicked
14:53:17.666 [main] INFO  com.demo.baseutil.Basetest - Enter the value into lastname name is entered
14:53:18.003 [main] INFO  com.demo.baseutil.Basetest - abc typed into lastname name is entered
14:53:20.010 [main] INFO  com.demo.baseutil.Basetest - Validate modulename is clicked is clickable
14:53:22.377 [main] INFO  com.demo.baseutil.Basetest - Clicked on : modulename is clicked
14:53:24.382 [main] INFO  com.demo.baseutil.Basetest - Validate module name is clicked is clickable
14:53:26.680 [main] INFO  com.demo.baseutil.Basetest - Clicked on : module name is clicked
14:53:28.690 [main] INFO  com.demo.baseutil.Basetest - Validate assignrole is clicked is clickable
14:53:31.035 [main] INFO  com.demo.baseutil.Basetest - Clicked on : assignrole is clicked
14:53:33.048 [main] INFO  com.demo.baseutil.Basetest - Validate assignitem is clicked is clickable
14:53:35.285 [main] INFO  com.demo.baseutil.Basetest - Clicked on : assignitem is clicked
14:53:37.290 [main] INFO  com.demo.baseutil.Basetest - Validate emailuser is clicked is clickable
14:53:39.579 [main] INFO  com.demo.baseutil.Basetest - Clicked on : emailuser is clicked
14:53:41.580 [main] INFO  com.demo.baseutil.Basetest - Enter the value into eamil is entered
14:53:41.920 [main] INFO  com.demo.baseutil.Basetest - abc988@yopmail.com typed into eamil is entered
14:53:43.942 [main] INFO  com.demo.baseutil.Basetest - Validate countrycode is clicked is clickable
14:53:46.359 [main] INFO  com.demo.baseutil.Basetest - Clicked on : countrycode is clicked
14:53:48.364 [main] INFO  com.demo.baseutil.Basetest - Enter the value into countrycode is entered
14:53:48.666 [main] INFO  com.demo.baseutil.Basetest - +91 typed into countrycode is entered
14:53:52.680 [main] INFO  com.demo.baseutil.Basetest - Validate countrycode select is clicked is clickable
14:53:55.014 [main] INFO  com.demo.baseutil.Basetest - Clicked on : countrycode select is clicked
14:53:57.018 [main] INFO  com.demo.baseutil.Basetest - Validate phnumber is clicked is clickable
14:53:59.362 [main] INFO  com.demo.baseutil.Basetest - Clicked on : phnumber is clicked
14:54:01.364 [main] INFO  com.demo.baseutil.Basetest - Enter the value into phnumber is entered
14:54:01.596 [main] INFO  com.demo.baseutil.Basetest - 7478422958 typed into phnumber is entered
14:54:05.599 [main] INFO  com.demo.baseutil.Basetest - Validate send invite user  is clicked is clickable
14:54:07.996 [main] INFO  com.demo.baseutil.Basetest - Clicked on : send invite user  is clicked
14:54:12.117 [main] INFO  com.demo.baseutil.Basetest - Validate Email address input field is clicked is clickable
14:54:15.801 [main] INFO  com.demo.baseutil.Basetest - Clicked on : Email address input field is clicked
14:54:15.801 [main] INFO  com.demo.baseutil.Basetest - Enter the value into email address is entered
14:54:16.046 [main] INFO  com.demo.baseutil.Basetest - abc988@yopmail.com typed into email address is entered
14:54:16.046 [main] INFO  com.demo.baseutil.Basetest - Validate arrow button is clicked is clickable
14:54:18.489 [main] INFO  com.demo.baseutil.Basetest - Clicked on : arrow button is clicked
14:54:21.561 [main] INFO  com.demo.baseutil.Basetest - Validate first email is clicked is clickable
14:54:23.909 [main] INFO  com.demo.baseutil.Basetest - Clicked on : first email is clicked
14:54:25.996 [main] INFO  com.demo.baseutil.Basetest - Validate email address is clicked is clickable
14:54:28.306 [main] INFO  com.demo.baseutil.Basetest - Clicked on : email address is clicked
14:54:30.329 [main] INFO  com.demo.baseutil.Basetest - Validate pass is clicked is clickable
14:54:33.119 [main] INFO  com.demo.baseutil.Basetest - Clicked on : pass is clicked
14:54:33.119 [main] INFO  com.demo.baseutil.Basetest - Enter the value into Password is entered
14:54:33.431 [main] INFO  com.demo.baseutil.Basetest - Admin@1234 typed into Password is entered
14:54:33.431 [main] INFO  com.demo.baseutil.Basetest - Validate confirm password is clicked is clickable
14:54:35.822 [main] INFO  com.demo.baseutil.Basetest - Clicked on : confirm password is clicked
14:54:35.822 [main] INFO  com.demo.baseutil.Basetest - Enter the value into Confirm Password is entered
14:54:36.113 [main] INFO  com.demo.baseutil.Basetest - Admin@1234 typed into Confirm Password is entered
14:54:38.152 [main] INFO  com.demo.baseutil.Basetest - Scroll down successful
14:54:38.152 [main] INFO  com.demo.baseutil.Basetest - Validate button is clicked is clickable
14:54:40.560 [main] INFO  com.demo.baseutil.Basetest - Clicked on : button is clicked
14:54:42.562 [main] INFO  com.demo.baseutil.Basetest - Validate email address field is clicked is clickable
14:54:44.962 [main] INFO  com.demo.baseutil.Basetest - Clicked on : email address field is clicked
14:54:44.962 [main] INFO  com.demo.baseutil.Basetest - Enter the value into Email Id Entered
14:54:45.229 [main] INFO  com.demo.baseutil.Basetest - abc988@yopmail.com typed into Email Id Entered
14:54:45.229 [main] INFO  com.demo.baseutil.Basetest - Validate Enter the password is clickable
14:54:47.506 [main] INFO  com.demo.baseutil.Basetest - Clicked on : Enter the password
14:54:47.506 [main] INFO  com.demo.baseutil.Basetest - Enter the value into Password Id Entered
14:54:47.753 [main] INFO  com.demo.baseutil.Basetest - Admin@1234 typed into Password Id Entered
14:54:47.766 [main] INFO  com.demo.baseutil.Basetest - Scroll down successful
14:54:47.766 [main] INFO  com.demo.baseutil.Basetest - Validate Press the signin button is clickable
14:54:50.412 [main] INFO  com.demo.baseutil.Basetest - Clicked on : Press the signin button
14:54:53.434 [main] INFO  com.demo.baseutil.Basetest - Scroll down successful
14:54:54.454 [main] INFO  com.demo.baseutil.Basetest - Validate Press the button is clickable
14:54:56.783 [main] INFO  com.demo.baseutil.Basetest - Clicked on : Press the button
14:54:56.798 [main] INFO  com.demo.baseutil.Basetest - Scroll down successful
14:54:56.798 [main] INFO  com.demo.baseutil.Basetest - Validate Press the signin button is clickable
14:54:59.158 [main] INFO  com.demo.baseutil.Basetest - Clicked on : Press the signin button
14:55:01.170 [main] INFO  com.demo.baseutil.Basetest - Validate Press the button is clickable
14:55:03.459 [main] INFO  com.demo.baseutil.Basetest - Clicked on : Press the button
14:55:03.562 [main] INFO  com.demo.baseutil.Basetest - Browser is closed sucessfuly
14:55:04.097 [main] INFO  com.demo.baseutil.Basetest - Browser is closed sucessfuly
14:55:17.773 [main] INFO  com.demo.baseutil.Basetest - Validate Sign in with FarmtoPlate account is clickable
14:55:20.022 [main] INFO  com.demo.baseutil.Basetest - Clicked on : Sign in with FarmtoPlate account
14:55:20.041 [main] INFO  com.demo.baseutil.Basetest - Url contains farmtoplateapps.io/login
14:55:20.057 [main] INFO  com.demo.baseutil.Basetest - Sign in title matched
14:55:20.057 [main] INFO  com.demo.baseutil.Basetest - UI verified for Sigin page.
14:55:20.057 [main] INFO  com.demo.baseutil.Basetest - Sign in function call
14:55:20.058 [main] INFO  com.demo.baseutil.Basetest - Validate email address field is clicked is clickable
14:55:22.354 [main] INFO  com.demo.baseutil.Basetest - Clicked on : email address field is clicked
14:55:22.354 [main] INFO  com.demo.baseutil.Basetest - Enter the value into Email Id Entered
14:55:22.576 [main] INFO  com.demo.baseutil.Basetest - 300@yopmail.com typed into Email Id Entered
14:55:22.576 [main] INFO  com.demo.baseutil.Basetest - Validate Enter the password is clickable
14:55:24.803 [main] INFO  com.demo.baseutil.Basetest - Clicked on : Enter the password
14:55:24.803 [main] INFO  com.demo.baseutil.Basetest - Enter the value into Password Id Entered
14:55:25.042 [main] INFO  com.demo.baseutil.Basetest - Admin@1234 typed into Password Id Entered
14:55:29.108 [main] INFO  com.demo.baseutil.Basetest - Scroll down
14:55:29.108 [main] INFO  com.demo.baseutil.Basetest - Validate Press the signin button is clickable
14:55:31.722 [main] INFO  com.demo.baseutil.Basetest - Clicked on : Press the signin button
14:55:33.940 [main] INFO  com.demo.baseutil.Basetest - HomePage title  is matched
14:55:46.023 [main] INFO  com.demo.baseutil.Basetest - Validate User Management is clicked is clickable
14:55:48.519 [main] INFO  com.demo.baseutil.Basetest - Clicked on : User Management is clicked
14:55:50.532 [main] INFO  com.demo.baseutil.Basetest - Validate roles is clicked is clickable
14:55:53.132 [main] INFO  com.demo.baseutil.Basetest - Clicked on : roles is clicked
14:55:55.135 [main] INFO  com.demo.baseutil.Basetest - Validate Add new is clicked is clickable
14:55:57.529 [main] INFO  com.demo.baseutil.Basetest - Clicked on : Add new is clicked
14:56:02.535 [main] INFO  com.demo.baseutil.Basetest - Validate role name is clicked is clickable
14:56:04.855 [main] INFO  com.demo.baseutil.Basetest - Clicked on : role name is clicked
14:56:06.863 [main] INFO  com.demo.baseutil.Basetest - Enter the value into rolename is entered
14:56:07.177 [main] INFO  com.demo.baseutil.Basetest - rolename983 typed into rolename is entered
14:56:09.187 [main] INFO  com.demo.baseutil.Basetest - Validate roletype is clicked is clickable
14:56:11.587 [main] INFO  com.demo.baseutil.Basetest - Clicked on : roletype is clicked
14:56:13.594 [main] INFO  com.demo.baseutil.Basetest - Validate Admin is clicked is clickable
14:56:15.949 [main] INFO  com.demo.baseutil.Basetest - Clicked on : Admin is clicked
14:56:17.976 [main] INFO  com.demo.baseutil.Basetest - Scroll down successful
14:56:19.997 [main] INFO  com.demo.baseutil.Basetest - Validate modulename is clicked is clickable
14:56:22.472 [main] INFO  com.demo.baseutil.Basetest - Clicked on : modulename is clicked
14:56:24.477 [main] INFO  com.demo.baseutil.Basetest - Validate module name is clicked is clickable
14:56:26.872 [main] INFO  com.demo.baseutil.Basetest - Clicked on : module name is clicked
14:56:28.887 [main] INFO  com.demo.baseutil.Basetest - Validate orgdept is clicked is clickable
14:56:31.306 [main] INFO  com.demo.baseutil.Basetest - Clicked on : orgdept is clicked
14:56:33.313 [main] INFO  com.demo.baseutil.Basetest - Validate orgdeptselect is clicked is clickable
14:56:35.728 [main] INFO  com.demo.baseutil.Basetest - Clicked on : orgdeptselect is clicked
14:56:37.730 [main] INFO  com.demo.baseutil.Basetest - Validate nxtbutton is clicked is clickable
14:56:40.175 [main] INFO  com.demo.baseutil.Basetest - Clicked on : nxtbutton is clicked
14:56:48.186 [main] INFO  com.demo.baseutil.Basetest - Scroll till the nxtbutton1 scrolled
14:56:48.289 [main] INFO  com.demo.baseutil.Basetest - Scroll till the nxtbutton1 scrolled completed
14:56:50.304 [main] INFO  com.demo.baseutil.Basetest - Validate nxtbutton1 is clicked is clickable
14:56:52.779 [main] INFO  com.demo.baseutil.Basetest - Clicked on : nxtbutton1 is clicked
14:57:11.146 [main] INFO  com.demo.baseutil.Basetest - Validate update1 select is clicked is clickable
14:57:13.637 [main] INFO  com.demo.baseutil.Basetest - Clicked on : update1 select is clicked
14:57:15.645 [main] INFO  com.demo.baseutil.Basetest - Validate update2 is clicked is clickable
14:57:18.156 [main] INFO  com.demo.baseutil.Basetest - Clicked on : update2 is clicked
14:57:22.172 [main] INFO  com.demo.baseutil.Basetest - Validate alert1  is clicked is clickable
14:57:24.649 [main] INFO  com.demo.baseutil.Basetest - Clicked on : alert1  is clicked
14:57:26.665 [main] INFO  com.demo.baseutil.Basetest - Validate alert2  is clicked is clickable
14:57:29.141 [main] INFO  com.demo.baseutil.Basetest - Clicked on : alert2  is clicked
14:57:33.171 [main] INFO  com.demo.baseutil.Basetest - Scroll till the submitbtn scrolled
14:57:33.300 [main] INFO  com.demo.baseutil.Basetest - Scroll till the submitbtn scrolled completed
14:57:35.311 [main] INFO  com.demo.baseutil.Basetest - Validate submitbtn is clicked is clickable
14:57:37.717 [main] INFO  com.demo.baseutil.Basetest - Clicked on : submitbtn is clicked
14:57:43.091 [main] INFO  com.demo.baseutil.Basetest - Browser is closed sucessfuly
14:57:43.567 [main] INFO  com.demo.baseutil.Basetest - Browser is closed sucessfuly
14:57:56.793 [main] INFO  com.demo.baseutil.Basetest - Validate Sign in with FarmtoPlate account is clickable
14:57:59.141 [main] INFO  com.demo.baseutil.Basetest - Clicked on : Sign in with FarmtoPlate account
14:57:59.141 [main] INFO  com.demo.baseutil.Basetest - Url contains farmtoplateapps.io/login
14:57:59.156 [main] INFO  com.demo.baseutil.Basetest - Sign in title matched
14:57:59.156 [main] INFO  com.demo.baseutil.Basetest - UI verified for Sigin page.
14:57:59.156 [main] INFO  com.demo.baseutil.Basetest - Sign in function call
14:57:59.156 [main] INFO  com.demo.baseutil.Basetest - Validate email address field is clicked is clickable
14:58:01.952 [main] INFO  com.demo.baseutil.Basetest - Clicked on : email address field is clicked
14:58:01.952 [main] INFO  com.demo.baseutil.Basetest - Enter the value into Email Id Entered
14:58:02.290 [main] INFO  com.demo.baseutil.Basetest - 300@yopmail.com typed into Email Id Entered
14:58:02.290 [main] INFO  com.demo.baseutil.Basetest - Validate Enter the password is clickable
14:58:04.635 [main] INFO  com.demo.baseutil.Basetest - Clicked on : Enter the password
14:58:04.635 [main] INFO  com.demo.baseutil.Basetest - Enter the value into Password Id Entered
14:58:04.864 [main] INFO  com.demo.baseutil.Basetest - Admin@1234 typed into Password Id Entered
14:58:08.937 [main] INFO  com.demo.baseutil.Basetest - Scroll down
14:58:08.937 [main] INFO  com.demo.baseutil.Basetest - Validate Press the signin button is clickable
14:58:11.689 [main] INFO  com.demo.baseutil.Basetest - Clicked on : Press the signin button
14:58:13.925 [main] INFO  com.demo.baseutil.Basetest - HomePage title  is matched
14:58:28.030 [main] INFO  com.demo.baseutil.Basetest - Scroll down
14:58:30.034 [main] INFO  com.demo.baseutil.Basetest - Validate Products is clicked is clickable
14:58:32.550 [main] INFO  com.demo.baseutil.Basetest - Clicked on : Products is clicked
14:58:37.563 [main] INFO  com.demo.baseutil.Basetest - Validate Add new is clicked is clickable
14:58:39.909 [main] INFO  com.demo.baseutil.Basetest - Clicked on : Add new is clicked
14:58:41.921 [main] INFO  com.demo.baseutil.Basetest - Validate Click on productcategory is clickable
14:58:44.323 [main] INFO  com.demo.baseutil.Basetest - Clicked on : Click on productcategory
14:58:44.323 [main] INFO  com.demo.baseutil.Basetest - Validate productbasedfood is clicked is clickable
14:58:46.736 [main] INFO  com.demo.baseutil.Basetest - Clicked on : productbasedfood is clicked
14:58:46.736 [main] INFO  com.demo.baseutil.Basetest - Validate product name is selected is clickable
14:58:49.000 [main] INFO  com.demo.baseutil.Basetest - Clicked on : product name is selected
14:58:49.000 [main] INFO  com.demo.baseutil.Basetest - Enter the value into enter the product
14:58:49.351 [main] INFO  com.demo.baseutil.Basetest - wheat107684687187407541 typed into enter the product
14:58:49.351 [main] INFO  com.demo.baseutil.Basetest - Validate Click on productid is clickable
14:58:51.621 [main] INFO  com.demo.baseutil.Basetest - Clicked on : Click on productid
14:58:51.621 [main] INFO  com.demo.baseutil.Basetest - Validate Click on checkbox is clickable
14:58:54.018 [main] INFO  com.demo.baseutil.Basetest - Clicked on : Click on checkbox
14:58:54.018 [main] INFO  com.demo.baseutil.Basetest - Validate Click on autogenerate is clickable
14:58:56.426 [main] INFO  com.demo.baseutil.Basetest - Clicked on : Click on autogenerate
14:58:56.426 [main] INFO  com.demo.baseutil.Basetest - Validate Click on productdesc is clickable
14:58:58.852 [main] INFO  com.demo.baseutil.Basetest - Clicked on : Click on productdesc
14:58:58.852 [main] INFO  com.demo.baseutil.Basetest - Enter the value into Enetered the product desc
14:58:59.131 [main] INFO  com.demo.baseutil.Basetest - test typed into Enetered the product desc
14:58:59.131 [main] INFO  com.demo.baseutil.Basetest - Validate Click on upload is clickable
14:59:01.482 [main] INFO  com.demo.baseutil.Basetest - Clicked on : Click on upload
14:59:12.201 [main] INFO  com.demo.baseutil.Basetest - Scroll down
14:59:12.201 [main] INFO  com.demo.baseutil.Basetest - Validate Click on ingrediant name is clickable
14:59:14.566 [main] INFO  com.demo.baseutil.Basetest - Clicked on : Click on ingrediant name
14:59:14.566 [main] INFO  com.demo.baseutil.Basetest - Enter the value into ingredient name is entered
14:59:14.871 [main] INFO  com.demo.baseutil.Basetest - wheat typed into ingredient name is entered
14:59:17.887 [main] INFO  com.demo.baseutil.Basetest - Validate Click on ingrediant name is clickable
14:59:20.169 [main] INFO  com.demo.baseutil.Basetest - Clicked on : Click on ingrediant name
14:59:20.169 [main] INFO  com.demo.baseutil.Basetest - Enter the value into nutri name is entered
14:59:20.427 [main] INFO  com.demo.baseutil.Basetest - fact typed into nutri name is entered
14:59:20.427 [main] INFO  com.demo.baseutil.Basetest - Validate Click on ingrediant QTY is clickable
14:59:22.816 [main] INFO  com.demo.baseutil.Basetest - Clicked on : Click on ingrediant QTY
14:59:22.817 [main] INFO  com.demo.baseutil.Basetest - Enter the value into nutri qty is entered
14:59:23.162 [main] INFO  com.demo.baseutil.Basetest - 1 typed into nutri qty is entered
14:59:23.162 [main] INFO  com.demo.baseutil.Basetest - Validate Click on ingrediant drop is clickable
14:59:25.466 [main] INFO  com.demo.baseutil.Basetest - Clicked on : Click on ingrediant drop
14:59:27.479 [main] INFO  com.demo.baseutil.Basetest - Validate Click on ingrediant value is clickable
14:59:29.840 [main] INFO  com.demo.baseutil.Basetest - Clicked on : Click on ingrediant value
14:59:35.889 [main] INFO  com.demo.baseutil.Basetest - Scroll down
14:59:37.913 [main] INFO  com.demo.baseutil.Basetest - Scroll down successful
14:59:37.928 [main] INFO  com.demo.baseutil.Basetest - Validate Click on ingrediant name is clickable
14:59:40.273 [main] INFO  com.demo.baseutil.Basetest - Clicked on : Click on ingrediant name
14:59:40.273 [main] INFO  com.demo.baseutil.Basetest - Validate Click on ingrediant name is clickable
14:59:42.517 [main] INFO  com.demo.baseutil.Basetest - Clicked on : Click on ingrediant name
14:59:42.518 [main] INFO  com.demo.baseutil.Basetest - Validate Click on ingrediant name is clickable
14:59:44.880 [main] INFO  com.demo.baseutil.Basetest - Clicked on : Click on ingrediant name
14:59:44.880 [main] INFO  com.demo.baseutil.Basetest - Enter the value into price is entered
14:59:45.108 [main] INFO  com.demo.baseutil.Basetest - 1 typed into price is entered
14:59:45.108 [main] INFO  com.demo.baseutil.Basetest - Validate Click on currency is clickable
14:59:47.553 [main] INFO  com.demo.baseutil.Basetest - Clicked on : Click on currency
14:59:47.553 [main] INFO  com.demo.baseutil.Basetest - Validate Click on currency value is clickable
14:59:49.831 [main] INFO  com.demo.baseutil.Basetest - Clicked on : Click on currency value
14:59:49.831 [main] INFO  com.demo.baseutil.Basetest - Validate Click on typepacking value is clickable
14:59:52.144 [main] INFO  com.demo.baseutil.Basetest - Clicked on : Click on typepacking value
14:59:52.144 [main] INFO  com.demo.baseutil.Basetest - Enter the value into typepacking is entered
14:59:52.457 [main] INFO  com.demo.baseutil.Basetest - 1 typed into typepacking is entered
14:59:52.457 [main] INFO  com.demo.baseutil.Basetest - Validate Click on length value is clickable
14:59:54.818 [main] INFO  com.demo.baseutil.Basetest - Clicked on : Click on length value
14:59:54.818 [main] INFO  com.demo.baseutil.Basetest - Enter the value into length is entered
14:59:55.162 [main] INFO  com.demo.baseutil.Basetest - 1 typed into length is entered
14:59:55.162 [main] INFO  com.demo.baseutil.Basetest - Validate Click on breath value is clickable
14:59:57.587 [main] INFO  com.demo.baseutil.Basetest - Clicked on : Click on breath value
14:59:57.587 [main] INFO  com.demo.baseutil.Basetest - Enter the value into breath is entered
14:59:57.899 [main] INFO  com.demo.baseutil.Basetest - 1 typed into breath is entered
14:59:57.899 [main] INFO  com.demo.baseutil.Basetest - Validate Click on height value is clickable
15:00:00.365 [main] INFO  com.demo.baseutil.Basetest - Clicked on : Click on height value
15:00:00.365 [main] INFO  com.demo.baseutil.Basetest - Enter the value into height is entered
15:00:00.773 [main] INFO  com.demo.baseutil.Basetest - 1 typed into height is entered
15:00:02.797 [main] INFO  com.demo.baseutil.Basetest - Scroll down successful
15:00:02.797 [main] INFO  com.demo.baseutil.Basetest - Validate Click on checkbox1 is clickable
15:00:05.325 [main] INFO  com.demo.baseutil.Basetest - Clicked on : Click on checkbox1
15:00:14.425 [main] INFO  com.demo.baseutil.Basetest - Scroll down
15:00:14.425 [main] INFO  com.demo.baseutil.Basetest - Validate Click on gln1 is clickable
15:00:16.855 [main] INFO  com.demo.baseutil.Basetest - Clicked on : Click on gln1
15:00:16.855 [main] INFO  com.demo.baseutil.Basetest - Enter the value into gln1 is entered
15:00:17.214 [main] INFO  com.demo.baseutil.Basetest - warehouse typed into gln1 is entered
15:00:21.225 [main] INFO  com.demo.baseutil.Basetest - Validate Click on autosearch is clickable
15:00:23.659 [main] INFO  com.demo.baseutil.Basetest - Clicked on : Click on autosearch
15:00:25.667 [main] INFO  com.demo.baseutil.Basetest - Validate Click on gln2 is clickable
15:00:28.092 [main] INFO  com.demo.baseutil.Basetest - Clicked on : Click on gln2
15:00:28.092 [main] INFO  com.demo.baseutil.Basetest - Enter the value into gln2 is entered
15:00:28.451 [main] INFO  com.demo.baseutil.Basetest - warehouse typed into gln2 is entered
15:00:32.474 [main] INFO  com.demo.baseutil.Basetest - Validate Click on autosearch is clickable
15:00:34.862 [main] INFO  com.demo.baseutil.Basetest - Clicked on : Click on autosearch
15:00:39.863 [main] INFO  com.demo.baseutil.Basetest - Validate Click on gln3 is clickable
15:00:43.254 [main] INFO  com.demo.baseutil.Basetest - Clicked on : Click on gln3
15:00:43.254 [main] INFO  com.demo.baseutil.Basetest - Enter the value into gln3 is entered
15:00:43.728 [main] INFO  com.demo.baseutil.Basetest - warehouse typed into gln3 is entered
15:00:45.741 [main] INFO  com.demo.baseutil.Basetest - Scroll till the scrolldown to table:
15:00:45.819 [main] INFO  com.demo.baseutil.Basetest - Scroll till the scrolldown to table: completed
15:00:47.843 [main] INFO  com.demo.baseutil.Basetest - Validate Click on autosearch is clickable
15:00:50.359 [main] INFO  com.demo.baseutil.Basetest - Clicked on : Click on autosearch
15:00:56.451 [main] INFO  com.demo.baseutil.Basetest - Scroll down
15:00:58.459 [main] INFO  com.demo.baseutil.Basetest - Validate Click on registerproduct is clickable
15:01:00.943 [main] INFO  com.demo.baseutil.Basetest - Clicked on : Click on registerproduct
15:01:26.773 [main] INFO  com.demo.baseutil.Basetest - Browser is closed sucessfuly
15:01:27.414 [main] INFO  com.demo.baseutil.Basetest - Browser is closed sucessfuly
15:01:36.985 [main] INFO  com.demo.baseutil.Basetest - Validate Sign in with FarmtoPlate account is clickable
15:01:39.335 [main] INFO  com.demo.baseutil.Basetest - Clicked on : Sign in with FarmtoPlate account
15:01:39.335 [main] INFO  com.demo.baseutil.Basetest - Url contains farmtoplateapps.io/login
15:01:39.335 [main] INFO  com.demo.baseutil.Basetest - Sign in title matched
15:01:39.335 [main] INFO  com.demo.baseutil.Basetest - UI verified for Sigin page.
15:01:39.335 [main] INFO  com.demo.baseutil.Basetest - Sign in function call
15:01:39.335 [main] INFO  com.demo.baseutil.Basetest - Validate email address field is clicked is clickable
15:01:41.764 [main] INFO  com.demo.baseutil.Basetest - Clicked on : email address field is clicked
15:01:41.764 [main] INFO  com.demo.baseutil.Basetest - Enter the value into Email Id Entered
15:01:42.072 [main] INFO  com.demo.baseutil.Basetest - 300@yopmail.com typed into Email Id Entered
15:01:42.072 [main] INFO  com.demo.baseutil.Basetest - Validate Enter the password is clickable
15:01:44.396 [main] INFO  com.demo.baseutil.Basetest - Clicked on : Enter the password
15:01:44.396 [main] INFO  com.demo.baseutil.Basetest - Enter the value into Password Id Entered
15:01:44.622 [main] INFO  com.demo.baseutil.Basetest - Admin@1234 typed into Password Id Entered
15:01:48.681 [main] INFO  com.demo.baseutil.Basetest - Scroll down
15:01:48.681 [main] INFO  com.demo.baseutil.Basetest - Validate Press the signin button is clickable
15:01:51.441 [main] INFO  com.demo.baseutil.Basetest - Clicked on : Press the signin button
15:01:53.465 [main] INFO  com.demo.baseutil.Basetest - HomePage title  is matched
15:02:07.542 [main] INFO  com.demo.baseutil.Basetest - Scroll down
15:02:09.544 [main] INFO  com.demo.baseutil.Basetest - Validate Process is clicked is clickable
15:02:11.898 [main] INFO  com.demo.baseutil.Basetest - Clicked on : Process is clicked
15:02:16.904 [main] INFO  com.demo.baseutil.Basetest - Validate Process add is clicked is clickable
15:02:19.397 [main] INFO  com.demo.baseutil.Basetest - Clicked on : Process add is clicked
15:02:24.415 [main] INFO  com.demo.baseutil.Basetest - Validate Product id is clicked is clickable
15:02:26.893 [main] INFO  com.demo.baseutil.Basetest - Clicked on : Product id is clicked
15:02:40.219 [main] INFO  com.demo.baseutil.Basetest - Validate Product id is clicked is clickable
15:02:42.575 [main] INFO  com.demo.baseutil.Basetest - Clicked on : Product id is clicked
15:02:44.584 [main] INFO  com.demo.baseutil.Basetest - Validate Product id searchbox is clicked is clickable
15:02:46.967 [main] INFO  com.demo.baseutil.Basetest - Clicked on : Product id searchbox is clicked
15:02:48.974 [main] INFO  com.demo.baseutil.Basetest - Validate outside is clicked is clickable
15:02:51.394 [main] INFO  com.demo.baseutil.Basetest - Clicked on : outside is clicked
15:02:53.423 [main] INFO  com.demo.baseutil.Basetest - Scroll down successful
15:02:53.423 [main] INFO  com.demo.baseutil.Basetest - Validate process name is clicked is clickable
15:02:55.812 [main] INFO  com.demo.baseutil.Basetest - Clicked on : process name is clicked
15:02:57.817 [main] INFO  com.demo.baseutil.Basetest - Enter the value into process name Value is entered
15:02:58.106 [main] INFO  com.demo.baseutil.Basetest - processdisagg typed into process name Value is entered
15:03:04.187 [main] INFO  com.demo.baseutil.Basetest - Scroll down
15:03:06.196 [main] INFO  com.demo.baseutil.Basetest - Validate process loc is clicked is clickable
15:03:08.615 [main] INFO  com.demo.baseutil.Basetest - Clicked on : process loc is clicked
15:03:10.616 [main] INFO  com.demo.baseutil.Basetest - Enter the value into process name Value is entered
15:03:10.935 [main] INFO  com.demo.baseutil.Basetest - 1100110023456 typed into process name Value is entered
15:03:15.940 [main] INFO  com.demo.baseutil.Basetest - Validate process loc is clicked is clickable
15:03:18.305 [main] INFO  com.demo.baseutil.Basetest - Clicked on : process loc is clicked
15:03:23.307 [main] INFO  com.demo.baseutil.Basetest - Validate process type is clicked is clickable
15:03:25.621 [main] INFO  com.demo.baseutil.Basetest - Clicked on : process type is clicked
15:03:27.638 [main] INFO  com.demo.baseutil.Basetest - Scroll down successful
15:03:27.638 [main] INFO  com.demo.baseutil.Basetest - Validate process discomm is clicked is clickable
15:03:29.992 [main] INFO  com.demo.baseutil.Basetest - Clicked on : process discomm is clicked
15:03:36.067 [main] INFO  com.demo.baseutil.Basetest - Scroll down
15:03:36.067 [main] INFO  com.demo.baseutil.Basetest - Validate process add button is clicked is clickable
15:03:38.332 [main] INFO  com.demo.baseutil.Basetest - Clicked on : process add button is clicked
15:03:52.423 [main] INFO  com.demo.baseutil.Basetest - Scroll down
15:03:54.439 [main] INFO  com.demo.baseutil.Basetest - Validate Process is clicked is clickable
15:03:56.893 [main] INFO  com.demo.baseutil.Basetest - Clicked on : Process is clicked
15:04:01.898 [main] INFO  com.demo.baseutil.Basetest - Validate Process add is clicked is clickable
15:04:04.303 [main] INFO  com.demo.baseutil.Basetest - Clicked on : Process add is clicked
15:04:09.308 [main] INFO  com.demo.baseutil.Basetest - Validate Product id is clicked is clickable
15:04:11.612 [main] INFO  com.demo.baseutil.Basetest - Clicked on : Product id is clicked
15:04:15.889 [main] INFO  com.demo.baseutil.Basetest - Validate Product id is clicked is clickable
15:04:18.178 [main] INFO  com.demo.baseutil.Basetest - Clicked on : Product id is clicked
15:04:20.181 [main] INFO  com.demo.baseutil.Basetest - Validate Product id is clicked is clickable
15:04:24.776 [main] INFO  com.demo.baseutil.Basetest - Clicked on : Product id is clicked
15:04:26.785 [main] INFO  com.demo.baseutil.Basetest - Validate outside is clicked is clickable
15:04:29.148 [main] INFO  com.demo.baseutil.Basetest - Clicked on : outside is clicked
15:04:35.216 [main] INFO  com.demo.baseutil.Basetest - Scroll down
15:04:35.216 [main] INFO  com.demo.baseutil.Basetest - Validate process name is clicked is clickable
15:04:37.640 [main] INFO  com.demo.baseutil.Basetest - Clicked on : process name is clicked
15:04:39.653 [main] INFO  com.demo.baseutil.Basetest - Enter the value into process name Value is entered
15:04:40.028 [main] INFO  com.demo.baseutil.Basetest - processtrans typed into process name Value is entered
15:04:42.053 [main] INFO  com.demo.baseutil.Basetest - Scroll down successful
15:04:42.053 [main] INFO  com.demo.baseutil.Basetest - Validate process loc is clicked is clickable
15:04:44.295 [main] INFO  com.demo.baseutil.Basetest - Clicked on : process loc is clicked
15:04:46.301 [main] INFO  com.demo.baseutil.Basetest - Enter the value into process name Value is entered
15:04:46.638 [main] INFO  com.demo.baseutil.Basetest - 1100110023456 typed into process name Value is entered
15:04:51.650 [main] INFO  com.demo.baseutil.Basetest - Validate process loc is clicked is clickable
15:04:53.996 [main] INFO  com.demo.baseutil.Basetest - Clicked on : process loc is clicked
15:04:56.007 [main] INFO  com.demo.baseutil.Basetest - Validate process type is clicked is clickable
15:04:58.396 [main] INFO  com.demo.baseutil.Basetest - Clicked on : process type is clicked
15:05:00.420 [main] INFO  com.demo.baseutil.Basetest - Scroll down successful
15:05:00.420 [main] INFO  com.demo.baseutil.Basetest - Validate process trans is clicked is clickable
15:05:02.748 [main] INFO  com.demo.baseutil.Basetest - Clicked on : process trans is clicked
15:05:08.828 [main] INFO  com.demo.baseutil.Basetest - Scroll down
15:05:08.828 [main] INFO  com.demo.baseutil.Basetest - Validate process add button is clicked is clickable
15:05:11.112 [main] INFO  com.demo.baseutil.Basetest - Clicked on : process add button is clicked
15:05:25.190 [main] INFO  com.demo.baseutil.Basetest - Scroll down
15:05:27.202 [main] INFO  com.demo.baseutil.Basetest - Validate Process is clicked is clickable
15:05:29.627 [main] INFO  com.demo.baseutil.Basetest - Clicked on : Process is clicked
15:05:34.639 [main] INFO  com.demo.baseutil.Basetest - Validate Process add is clicked is clickable
15:05:37.106 [main] INFO  com.demo.baseutil.Basetest - Clicked on : Process add is clicked
15:05:42.108 [main] INFO  com.demo.baseutil.Basetest - Validate Product id is clicked is clickable
15:05:44.462 [main] INFO  com.demo.baseutil.Basetest - Clicked on : Product id is clicked
15:05:48.737 [main] INFO  com.demo.baseutil.Basetest - Validate Product id is clicked is clickable
15:05:50.991 [main] INFO  com.demo.baseutil.Basetest - Clicked on : Product id is clicked
15:05:52.997 [main] INFO  com.demo.baseutil.Basetest - Validate Product id is clicked is clickable
15:05:55.473 [main] INFO  com.demo.baseutil.Basetest - Clicked on : Product id is clicked
15:05:57.483 [main] INFO  com.demo.baseutil.Basetest - Validate outside is clicked is clickable
15:05:59.735 [main] INFO  com.demo.baseutil.Basetest - Clicked on : outside is clicked
15:06:05.805 [main] INFO  com.demo.baseutil.Basetest - Scroll down
15:06:05.805 [main] INFO  com.demo.baseutil.Basetest - Validate process name is clicked is clickable
15:06:08.070 [main] INFO  com.demo.baseutil.Basetest - Clicked on : process name is clicked
15:06:10.086 [main] INFO  com.demo.baseutil.Basetest - Enter the value into process name Value is entered
15:06:10.465 [main] INFO  com.demo.baseutil.Basetest - processcooling typed into process name Value is entered
15:06:12.496 [main] INFO  com.demo.baseutil.Basetest - Scroll down successful
15:06:12.496 [main] INFO  com.demo.baseutil.Basetest - Validate process loc is clicked is clickable
15:06:14.889 [main] INFO  com.demo.baseutil.Basetest - Clicked on : process loc is clicked
15:06:16.900 [main] INFO  com.demo.baseutil.Basetest - Enter the value into process name Value is entered
15:06:17.259 [main] INFO  com.demo.baseutil.Basetest - 1100110023456 typed into process name Value is entered
15:06:22.269 [main] INFO  com.demo.baseutil.Basetest - Validate process loc is clicked is clickable
15:06:24.799 [main] INFO  com.demo.baseutil.Basetest - Clicked on : process loc is clicked
15:06:26.804 [main] INFO  com.demo.baseutil.Basetest - Validate process type is clicked is clickable
15:06:29.247 [main] INFO  com.demo.baseutil.Basetest - Clicked on : process type is clicked
15:06:31.266 [main] INFO  com.demo.baseutil.Basetest - Scroll down successful
15:06:31.266 [main] INFO  com.demo.baseutil.Basetest - Validate process trans is clicked is clickable
15:06:33.664 [main] INFO  com.demo.baseutil.Basetest - Clicked on : process trans is clicked
15:06:39.756 [main] INFO  com.demo.baseutil.Basetest - Scroll down
15:06:39.756 [main] INFO  com.demo.baseutil.Basetest - Validate process add button is clicked is clickable
15:06:42.276 [main] INFO  com.demo.baseutil.Basetest - Clicked on : process add button is clicked
15:06:56.360 [main] INFO  com.demo.baseutil.Basetest - Scroll down
15:06:58.373 [main] INFO  com.demo.baseutil.Basetest - Validate Process is clicked is clickable
15:07:01.041 [main] INFO  com.demo.baseutil.Basetest - Clicked on : Process is clicked
15:07:06.051 [main] INFO  com.demo.baseutil.Basetest - Validate Process add is clicked is clickable
15:07:08.582 [main] INFO  com.demo.baseutil.Basetest - Clicked on : Process add is clicked
15:07:13.596 [main] INFO  com.demo.baseutil.Basetest - Validate Product id is clicked is clickable
15:07:16.076 [main] INFO  com.demo.baseutil.Basetest - Clicked on : Product id is clicked
15:07:20.495 [main] INFO  com.demo.baseutil.Basetest - Validate Product id is clicked is clickable
15:07:22.965 [main] INFO  com.demo.baseutil.Basetest - Clicked on : Product id is clicked
15:07:24.980 [main] INFO  com.demo.baseutil.Basetest - Validate Product id is clicked is clickable
15:07:27.465 [main] INFO  com.demo.baseutil.Basetest - Clicked on : Product id is clicked
15:07:29.480 [main] INFO  com.demo.baseutil.Basetest - Validate outside is clicked is clickable
15:07:31.918 [main] INFO  com.demo.baseutil.Basetest - Clicked on : outside is clicked
15:07:37.977 [main] INFO  com.demo.baseutil.Basetest - Scroll down
15:07:37.977 [main] INFO  com.demo.baseutil.Basetest - Validate process name is clicked is clickable
15:07:40.399 [main] INFO  com.demo.baseutil.Basetest - Clicked on : process name is clicked
15:07:42.414 [main] INFO  com.demo.baseutil.Basetest - Enter the value into process name Value is entered
15:07:42.742 [main] INFO  com.demo.baseutil.Basetest - processdiscomm typed into process name Value is entered
15:07:44.773 [main] INFO  com.demo.baseutil.Basetest - Scroll down successful
15:07:44.773 [main] INFO  com.demo.baseutil.Basetest - Validate process loc is clicked is clickable
15:07:47.215 [main] INFO  com.demo.baseutil.Basetest - Clicked on : process loc is clicked
15:07:49.227 [main] INFO  com.demo.baseutil.Basetest - Enter the value into process name Value is entered
15:07:49.547 [main] INFO  com.demo.baseutil.Basetest - 1100110023456 typed into process name Value is entered
15:07:54.562 [main] INFO  com.demo.baseutil.Basetest - Validate process loc is clicked is clickable
15:07:56.913 [main] INFO  com.demo.baseutil.Basetest - Clicked on : process loc is clicked
15:07:58.922 [main] INFO  com.demo.baseutil.Basetest - Validate process type is clicked is clickable
15:08:01.368 [main] INFO  com.demo.baseutil.Basetest - Clicked on : process type is clicked
15:08:03.384 [main] INFO  com.demo.baseutil.Basetest - Scroll down successful
15:08:03.384 [main] INFO  com.demo.baseutil.Basetest - Validate process trans is clicked is clickable
15:08:05.830 [main] INFO  com.demo.baseutil.Basetest - Clicked on : process trans is clicked
15:08:11.895 [main] INFO  com.demo.baseutil.Basetest - Scroll down
15:08:11.895 [main] INFO  com.demo.baseutil.Basetest - Validate process add button is clicked is clickable
15:08:14.411 [main] INFO  com.demo.baseutil.Basetest - Clicked on : process add button is clicked
15:08:16.661 [main] INFO  com.demo.baseutil.Basetest - Browser is closed sucessfuly
15:08:17.412 [main] INFO  com.demo.baseutil.Basetest - Browser is closed sucessfuly
15:08:28.538 [main] INFO  com.demo.baseutil.Basetest - Validate Sign in with FarmtoPlate account is clickable
15:08:31.050 [main] INFO  com.demo.baseutil.Basetest - Clicked on : Sign in with FarmtoPlate account
15:08:31.063 [main] INFO  com.demo.baseutil.Basetest - Url contains farmtoplateapps.io/login
15:08:31.072 [main] INFO  com.demo.baseutil.Basetest - Sign in title matched
15:08:31.072 [main] INFO  com.demo.baseutil.Basetest - UI verified for Sigin page.
15:08:31.072 [main] INFO  com.demo.baseutil.Basetest - Sign in function call
15:08:31.072 [main] INFO  com.demo.baseutil.Basetest - Validate email address field is clicked is clickable
15:08:33.516 [main] INFO  com.demo.baseutil.Basetest - Clicked on : email address field is clicked
15:08:33.516 [main] INFO  com.demo.baseutil.Basetest - Enter the value into Email Id Entered
15:08:33.930 [main] INFO  com.demo.baseutil.Basetest - 300@yopmail.com typed into Email Id Entered
15:08:33.931 [main] INFO  com.demo.baseutil.Basetest - Validate Enter the password is clickable
15:08:36.222 [main] INFO  com.demo.baseutil.Basetest - Clicked on : Enter the password
15:08:36.222 [main] INFO  com.demo.baseutil.Basetest - Enter the value into Password Id Entered
15:08:36.441 [main] INFO  com.demo.baseutil.Basetest - Admin@1234 typed into Password Id Entered
15:08:40.504 [main] INFO  com.demo.baseutil.Basetest - Scroll down
15:08:40.504 [main] INFO  com.demo.baseutil.Basetest - Validate Press the signin button is clickable
15:08:43.285 [main] INFO  com.demo.baseutil.Basetest - Clicked on : Press the signin button
15:08:45.746 [main] INFO  com.demo.baseutil.Basetest - HomePage title  is matched
15:09:05.845 [main] INFO  com.demo.baseutil.Basetest - Validate Asset & Infrastructure Data is clicked is clickable
15:09:08.257 [main] INFO  com.demo.baseutil.Basetest - Clicked on : Asset & Infrastructure Data is clicked
15:09:10.273 [main] INFO  com.demo.baseutil.Basetest - Validate Assets is clicked is clickable
15:09:12.657 [main] INFO  com.demo.baseutil.Basetest - Clicked on : Assets is clicked
15:09:14.664 [main] INFO  com.demo.baseutil.Basetest - Validate Add new is clicked is clickable
15:09:17.014 [main] INFO  com.demo.baseutil.Basetest - Clicked on : Add new is clicked
15:09:19.026 [main] INFO  com.demo.baseutil.Basetest - Validate Asset type is clicked is clickable
15:09:21.452 [main] INFO  com.demo.baseutil.Basetest - Clicked on : Asset type is clicked
15:09:21.453 [main] INFO  com.demo.baseutil.Basetest - Validate Click on Vehicle Name is clickable
15:09:23.854 [main] INFO  com.demo.baseutil.Basetest - Clicked on : Click on Vehicle Name
15:09:25.862 [main] INFO  com.demo.baseutil.Basetest - Validate container name is clicked is clickable
15:09:28.333 [main] INFO  com.demo.baseutil.Basetest - Clicked on : container name is clicked
15:09:28.333 [main] INFO  com.demo.baseutil.Basetest - Enter the value into enter the container name
15:09:28.748 [main] INFO  com.demo.baseutil.Basetest - container348348 typed into enter the container name
15:09:30.763 [main] INFO  com.demo.baseutil.Basetest - Validate length is clicked is clickable
15:09:33.181 [main] INFO  com.demo.baseutil.Basetest - Clicked on : length is clicked
15:09:35.187 [main] INFO  com.demo.baseutil.Basetest - Enter the value into enter the length
15:09:35.454 [main] INFO  com.demo.baseutil.Basetest - 10 typed into enter the length
15:09:35.454 [main] INFO  com.demo.baseutil.Basetest - Validate breadth is clicked is clickable
15:09:37.910 [main] INFO  com.demo.baseutil.Basetest - Clicked on : breadth is clicked
15:09:37.910 [main] INFO  com.demo.baseutil.Basetest - Enter the value into breath entered
15:09:38.246 [main] INFO  com.demo.baseutil.Basetest - 10 typed into breath entered
15:09:40.258 [main] INFO  com.demo.baseutil.Basetest - Validate height is clicked is clickable
15:09:42.619 [main] INFO  com.demo.baseutil.Basetest - Clicked on : height is clicked
15:09:44.620 [main] INFO  com.demo.baseutil.Basetest - Enter the value into height entered
15:09:44.948 [main] INFO  com.demo.baseutil.Basetest - 20 typed into height entered
15:09:46.969 [main] INFO  com.demo.baseutil.Basetest - Validate dom is clicked is clickable
15:09:49.349 [main] INFO  com.demo.baseutil.Basetest - Clicked on : dom is clicked
15:09:51.364 [main] INFO  com.demo.baseutil.Basetest - Validate ft is clicked is clickable
15:09:53.782 [main] INFO  com.demo.baseutil.Basetest - Clicked on : ft is clicked
15:09:55.798 [main] INFO  com.demo.baseutil.Basetest - Validate wt is clicked is clickable
15:09:58.173 [main] INFO  com.demo.baseutil.Basetest - Clicked on : wt is clicked
15:10:00.189 [main] INFO  com.demo.baseutil.Basetest - Enter the value into weight entered
15:10:00.543 [main] INFO  com.demo.baseutil.Basetest - 1000 typed into weight entered
15:10:02.554 [main] INFO  com.demo.baseutil.Basetest - Validate wtcap is clicked is clickable
15:10:04.990 [main] INFO  com.demo.baseutil.Basetest - Clicked on : wtcap is clicked
15:10:06.995 [main] INFO  com.demo.baseutil.Basetest - Validate tons is clicked is clickable
15:10:09.397 [main] INFO  com.demo.baseutil.Basetest - Clicked on : tons is clicked
15:10:11.400 [main] INFO  com.demo.baseutil.Basetest - Validate Click on Add button is clickable
15:10:13.921 [main] INFO  com.demo.baseutil.Basetest - Clicked on : Click on Add button
15:10:21.934 [main] INFO  com.demo.baseutil.Basetest - Validate transaction is clicked is clickable
15:10:24.695 [main] INFO  com.demo.baseutil.Basetest - Clicked on : transaction is clicked
15:10:29.699 [main] INFO  com.demo.baseutil.Basetest - Validate add new is clicked is clickable
15:11:11.001 [main] ERROR com.demo.baseutil.Basetest - add new is clicked is not clickable
15:11:11.001 [main] ERROR com.demo.baseutil.Basetest - Unable to click on add new is clicked
15:11:52.545 [main] INFO  com.demo.baseutil.Basetest - Browser is closed sucessfuly
15:11:53.420 [main] INFO  com.demo.baseutil.Basetest - Browser is closed sucessfuly
15:12:02.039 [main] INFO  com.demo.baseutil.Basetest - Validate Sign in with FarmtoPlate account is clickable
15:12:04.414 [main] INFO  com.demo.baseutil.Basetest - Clicked on : Sign in with FarmtoPlate account
15:12:04.421 [main] INFO  com.demo.baseutil.Basetest - Url contains farmtoplateapps.io/login
15:12:04.421 [main] INFO  com.demo.baseutil.Basetest - Sign in title matched
15:12:04.421 [main] INFO  com.demo.baseutil.Basetest - UI verified for Sigin page.
15:12:04.421 [main] INFO  com.demo.baseutil.Basetest - Sign in function call
15:12:04.421 [main] INFO  com.demo.baseutil.Basetest - Validate email address field is clicked is clickable
15:12:06.802 [main] INFO  com.demo.baseutil.Basetest - Clicked on : email address field is clicked
15:12:06.803 [main] INFO  com.demo.baseutil.Basetest - Enter the value into Email Id Entered
15:12:07.103 [main] INFO  com.demo.baseutil.Basetest - manufact123@yopmail.com typed into Email Id Entered
15:12:07.103 [main] INFO  com.demo.baseutil.Basetest - Validate Enter the password is clickable
15:12:09.464 [main] INFO  com.demo.baseutil.Basetest - Clicked on : Enter the password
15:12:09.464 [main] INFO  com.demo.baseutil.Basetest - Enter the value into Password Id Entered
15:12:09.688 [main] INFO  com.demo.baseutil.Basetest - Admin@1234 typed into Password Id Entered
15:12:13.747 [main] INFO  com.demo.baseutil.Basetest - Scroll down
15:12:13.747 [main] INFO  com.demo.baseutil.Basetest - Validate Press the signin button is clickable
15:12:17.204 [main] INFO  com.demo.baseutil.Basetest - Clicked on : Press the signin button
15:12:19.834 [main] INFO  com.demo.baseutil.Basetest - HomePage title  is matched
15:12:29.849 [main] INFO  com.demo.baseutil.Basetest - Scroll till the scrolled to process
15:12:29.928 [main] INFO  com.demo.baseutil.Basetest - Scroll till the scrolled to process completed
15:12:34.934 [main] INFO  com.demo.baseutil.Basetest - Validate Process is clicked is clickable
15:12:37.627 [main] INFO  com.demo.baseutil.Basetest - Clicked on : Process is clicked
15:12:42.633 [main] INFO  com.demo.baseutil.Basetest - Validate Process add is clicked is clickable
15:12:45.181 [main] INFO  com.demo.baseutil.Basetest - Clicked on : Process add is clicked
15:12:50.184 [main] INFO  com.demo.baseutil.Basetest - Validate shared product id is clicked is clickable
15:12:52.625 [main] INFO  com.demo.baseutil.Basetest - Clicked on : shared product id is clicked
15:12:56.626 [main] INFO  com.demo.baseutil.Basetest - Validate Product id is clicked is clickable
15:12:59.102 [main] INFO  com.demo.baseutil.Basetest - Clicked on : Product id is clicked
15:13:07.550 [main] INFO  com.demo.baseutil.Basetest - Validate Product id is selected is clickable
15:13:38.191 [main] ERROR com.demo.baseutil.Basetest - Product id is selected is not clickable
15:13:38.191 [main] ERROR com.demo.baseutil.Basetest - Unable to click on Product id is selected
15:14:09.091 [main] INFO  com.demo.baseutil.Basetest - Browser is closed sucessfuly
15:14:09.655 [main] INFO  com.demo.baseutil.Basetest - Browser is closed sucessfuly
15:14:32.572 [main] INFO  com.demo.baseutil.Basetest - Validate Sign in with FarmtoPlate account is clickable
15:14:35.030 [main] INFO  com.demo.baseutil.Basetest - Clicked on : Sign in with FarmtoPlate account
15:14:35.032 [main] INFO  com.demo.baseutil.Basetest - Url contains farmtoplateapps.io/login
15:14:35.049 [main] INFO  com.demo.baseutil.Basetest - Sign in title matched
15:14:35.049 [main] INFO  com.demo.baseutil.Basetest - UI verified for Sigin page.
15:14:35.049 [main] INFO  com.demo.baseutil.Basetest - Sign in function call
15:14:35.049 [main] INFO  com.demo.baseutil.Basetest - Validate email address field is clicked is clickable
15:14:37.506 [main] INFO  com.demo.baseutil.Basetest - Clicked on : email address field is clicked
15:14:37.506 [main] INFO  com.demo.baseutil.Basetest - Enter the value into Email Id Entered
15:14:37.880 [main] INFO  com.demo.baseutil.Basetest - manufact123@yopmail.com typed into Email Id Entered
15:14:37.880 [main] INFO  com.demo.baseutil.Basetest - Validate Enter the password is clickable
15:14:40.208 [main] INFO  com.demo.baseutil.Basetest - Clicked on : Enter the password
15:14:40.208 [main] INFO  com.demo.baseutil.Basetest - Enter the value into Password Id Entered
15:14:40.505 [main] INFO  com.demo.baseutil.Basetest - Admin@1234 typed into Password Id Entered
15:14:44.578 [main] INFO  com.demo.baseutil.Basetest - Scroll down
15:14:44.578 [main] INFO  com.demo.baseutil.Basetest - Validate Press the signin button is clickable
15:14:47.230 [main] INFO  com.demo.baseutil.Basetest - Clicked on : Press the signin button
15:14:49.239 [main] INFO  com.demo.baseutil.Basetest - HomePage title  is matched
15:14:59.267 [main] INFO  com.demo.baseutil.Basetest - Scroll till the transaction is scrolled
15:14:59.389 [main] INFO  com.demo.baseutil.Basetest - Scroll till the transaction is scrolled completed
15:14:59.389 [main] INFO  com.demo.baseutil.Basetest - Validate transaction is clicked is clickable
15:15:01.782 [main] INFO  com.demo.baseutil.Basetest - Clicked on : transaction is clicked
15:15:06.791 [main] INFO  com.demo.baseutil.Basetest - Validate add new is clicked is clickable
15:15:09.184 [main] INFO  com.demo.baseutil.Basetest - Clicked on : add new is clicked
15:15:14.188 [main] INFO  com.demo.baseutil.Basetest - Validate sharedproduct is clicked is clickable
15:15:16.550 [main] INFO  com.demo.baseutil.Basetest - Clicked on : sharedproduct is clicked
15:15:21.553 [main] INFO  com.demo.baseutil.Basetest - Validate Product id is clicked is clickable
15:15:23.894 [main] INFO  com.demo.baseutil.Basetest - Clicked on : Product id is clicked
15:15:26.118 [main] INFO  com.demo.baseutil.Basetest - Validate Productselect is clicked is clickable
15:15:29.308 [main] INFO  com.demo.baseutil.Basetest - Clicked on : Productselect is clicked
15:15:31.309 [main] INFO  com.demo.baseutil.Basetest - Validate chooseprocess id is clicked is clickable
15:15:33.664 [main] INFO  com.demo.baseutil.Basetest - Clicked on : chooseprocess id is clicked
15:15:35.667 [main] INFO  com.demo.baseutil.Basetest - Enter the value into Harvestiong/commission is entered
15:15:35.989 [main] INFO  com.demo.baseutil.Basetest - disagg typed into Harvestiong/commission is entered
15:15:41.003 [main] INFO  com.demo.baseutil.Basetest - Validate process is selected is clickable
15:15:43.408 [main] INFO  com.demo.baseutil.Basetest - Clicked on : process is selected
15:15:49.417 [main] INFO  com.demo.baseutil.Basetest - Validate activity is selected is clickable
15:15:51.829 [main] INFO  com.demo.baseutil.Basetest - Clicked on : activity is selected
15:15:51.829 [main] INFO  com.demo.baseutil.Basetest - Enter the value into activity Value is entered
15:15:52.132 [main] INFO  com.demo.baseutil.Basetest - abcd typed into activity Value is entered
15:15:52.154 [main] INFO  com.demo.baseutil.Basetest - Scroll till the scrolled to sscc1
15:15:52.275 [main] INFO  com.demo.baseutil.Basetest - Scroll till the scrolled to sscc1 completed
15:15:52.275 [main] INFO  com.demo.baseutil.Basetest - Validate sscc1 is selected is clickable
15:15:54.601 [main] INFO  com.demo.baseutil.Basetest - Clicked on : sscc1 is selected
15:15:54.615 [main] INFO  com.demo.baseutil.Basetest - Enter the value into sscc Value is entered
15:15:54.958 [main] INFO  com.demo.baseutil.Basetest - 460004092410000030 typed into sscc Value is entered
15:15:54.959 [main] INFO  com.demo.baseutil.Basetest - Validate sscc arrow is selected is clickable
15:15:57.344 [main] INFO  com.demo.baseutil.Basetest - Clicked on : sscc arrow is selected
15:16:03.355 [main] INFO  com.demo.baseutil.Basetest - Scroll till the scrolled to document
15:16:34.028 [main] ERROR com.demo.baseutil.Basetest - Scroll till the scrolled to document failed
15:16:37.059 [main] INFO  com.demo.baseutil.Basetest - Validate document is clicked is clickable
15:17:07.784 [main] ERROR com.demo.baseutil.Basetest - document is clicked is not clickable
15:17:07.784 [main] ERROR com.demo.baseutil.Basetest - Unable to click on document is clicked
15:17:38.638 [main] INFO  com.demo.baseutil.Basetest - Browser is closed sucessfuly
15:17:39.249 [main] INFO  com.demo.baseutil.Basetest - Browser is closed sucessfuly
15:18:01.840 [main] INFO  com.demo.baseutil.Basetest - Validate Sign in with FarmtoPlate account is clickable
15:18:04.236 [main] INFO  com.demo.baseutil.Basetest - Clicked on : Sign in with FarmtoPlate account
15:18:04.240 [main] INFO  com.demo.baseutil.Basetest - Url contains farmtoplateapps.io/login
15:18:04.245 [main] INFO  com.demo.baseutil.Basetest - Sign in title matched
15:18:04.245 [main] INFO  com.demo.baseutil.Basetest - UI verified for Sigin page.
15:18:04.245 [main] INFO  com.demo.baseutil.Basetest - Sign in function call
15:18:04.245 [main] INFO  com.demo.baseutil.Basetest - Validate email address field is clicked is clickable
15:18:06.505 [main] INFO  com.demo.baseutil.Basetest - Clicked on : email address field is clicked
15:18:06.505 [main] INFO  com.demo.baseutil.Basetest - Enter the value into Email Id Entered
15:18:06.760 [main] INFO  com.demo.baseutil.Basetest - manufact123@yopmail.com typed into Email Id Entered
15:18:06.760 [main] INFO  com.demo.baseutil.Basetest - Validate Enter the password is clickable
15:18:09.024 [main] INFO  com.demo.baseutil.Basetest - Clicked on : Enter the password
15:18:09.024 [main] INFO  com.demo.baseutil.Basetest - Enter the value into Password Id Entered
15:18:09.243 [main] INFO  com.demo.baseutil.Basetest - Admin@1234 typed into Password Id Entered
15:18:13.310 [main] INFO  com.demo.baseutil.Basetest - Scroll down
15:18:13.310 [main] INFO  com.demo.baseutil.Basetest - Validate Press the signin button is clickable
15:18:16.028 [main] INFO  com.demo.baseutil.Basetest - Clicked on : Press the signin button
15:18:18.083 [main] INFO  com.demo.baseutil.Basetest - HomePage title  is matched
15:18:32.193 [main] INFO  com.demo.baseutil.Basetest - Scroll down
15:18:34.209 [main] INFO  com.demo.baseutil.Basetest - Validate Products is clicked is clickable
15:18:37.310 [main] INFO  com.demo.baseutil.Basetest - Clicked on : Products is clicked
15:18:42.317 [main] INFO  com.demo.baseutil.Basetest - Validate Add new is clicked is clickable
15:18:44.774 [main] INFO  com.demo.baseutil.Basetest - Clicked on : Add new is clicked
15:18:46.788 [main] INFO  com.demo.baseutil.Basetest - Validate Click on productcategory is clickable
15:18:49.186 [main] INFO  com.demo.baseutil.Basetest - Clicked on : Click on productcategory
15:18:49.187 [main] INFO  com.demo.baseutil.Basetest - Validate productbasedfood is clicked is clickable
15:18:51.576 [main] INFO  com.demo.baseutil.Basetest - Clicked on : productbasedfood is clicked
15:18:51.576 [main] INFO  com.demo.baseutil.Basetest - Validate product name is selected is clickable
15:18:53.876 [main] INFO  com.demo.baseutil.Basetest - Clicked on : product name is selected
15:18:53.877 [main] INFO  com.demo.baseutil.Basetest - Enter the value into enter the product
15:18:54.237 [main] INFO  com.demo.baseutil.Basetest - wheat529 typed into enter the product
15:18:54.237 [main] INFO  com.demo.baseutil.Basetest - Validate Click on productid is clickable
15:18:56.696 [main] INFO  com.demo.baseutil.Basetest - Clicked on : Click on productid
15:18:56.696 [main] INFO  com.demo.baseutil.Basetest - Validate Click on checkbox is clickable
15:18:59.163 [main] INFO  com.demo.baseutil.Basetest - Clicked on : Click on checkbox
15:18:59.164 [main] INFO  com.demo.baseutil.Basetest - Validate Click on autogenerate is clickable
15:19:01.489 [main] INFO  com.demo.baseutil.Basetest - Clicked on : Click on autogenerate
15:19:01.499 [main] INFO  com.demo.baseutil.Basetest - Validate Click on productdesc is clickable
15:19:03.771 [main] INFO  com.demo.baseutil.Basetest - Clicked on : Click on productdesc
15:19:03.771 [main] INFO  com.demo.baseutil.Basetest - Enter the value into Enetered the product desc
15:19:04.061 [main] INFO  com.demo.baseutil.Basetest - test typed into Enetered the product desc
15:19:04.061 [main] INFO  com.demo.baseutil.Basetest - Validate Click on upload is clickable
15:19:06.509 [main] INFO  com.demo.baseutil.Basetest - Clicked on : Click on upload
15:19:16.664 [main] INFO  com.demo.baseutil.Basetest - Scroll down
15:19:16.664 [main] INFO  com.demo.baseutil.Basetest - Validate Click on ingrediant name is clickable
15:19:19.109 [main] INFO  com.demo.baseutil.Basetest - Clicked on : Click on ingrediant name
15:19:19.109 [main] INFO  com.demo.baseutil.Basetest - Enter the value into ingredient name is entered
15:19:19.468 [main] INFO  com.demo.baseutil.Basetest - wheat typed into ingredient name is entered
15:19:22.488 [main] INFO  com.demo.baseutil.Basetest - Validate Click on ingrediant name is clickable
15:19:24.804 [main] INFO  com.demo.baseutil.Basetest - Clicked on : Click on ingrediant name
15:19:24.804 [main] INFO  com.demo.baseutil.Basetest - Enter the value into nutri name is entered
15:19:25.163 [main] INFO  com.demo.baseutil.Basetest - fact typed into nutri name is entered
15:19:25.163 [main] INFO  com.demo.baseutil.Basetest - Validate Click on ingrediant QTY is clickable
15:19:27.589 [main] INFO  com.demo.baseutil.Basetest - Clicked on : Click on ingrediant QTY
15:19:27.605 [main] INFO  com.demo.baseutil.Basetest - Enter the value into nutri qty is entered
15:19:27.978 [main] INFO  com.demo.baseutil.Basetest - 1 typed into nutri qty is entered
15:19:27.978 [main] INFO  com.demo.baseutil.Basetest - Validate Click on ingrediant drop is clickable
15:19:30.434 [main] INFO  com.demo.baseutil.Basetest - Clicked on : Click on ingrediant drop
15:19:32.446 [main] INFO  com.demo.baseutil.Basetest - Validate Click on ingrediant value is clickable
15:19:34.908 [main] INFO  com.demo.baseutil.Basetest - Clicked on : Click on ingrediant value
15:19:40.996 [main] INFO  com.demo.baseutil.Basetest - Scroll down
15:19:43.027 [main] INFO  com.demo.baseutil.Basetest - Scroll down successful
15:19:43.027 [main] INFO  com.demo.baseutil.Basetest - Validate Click on ingrediant name is clickable
15:19:45.499 [main] INFO  com.demo.baseutil.Basetest - Clicked on : Click on ingrediant name
15:19:45.499 [main] INFO  com.demo.baseutil.Basetest - Validate Click on ingrediant name is clickable
15:19:47.938 [main] INFO  com.demo.baseutil.Basetest - Clicked on : Click on ingrediant name
15:19:47.939 [main] INFO  com.demo.baseutil.Basetest - Validate Click on ingrediant name is clickable
15:19:50.274 [main] INFO  com.demo.baseutil.Basetest - Clicked on : Click on ingrediant name
15:19:50.274 [main] INFO  com.demo.baseutil.Basetest - Enter the value into price is entered
15:19:50.513 [main] INFO  com.demo.baseutil.Basetest - 1 typed into price is entered
15:19:50.513 [main] INFO  com.demo.baseutil.Basetest - Validate Click on currency is clickable
15:19:52.757 [main] INFO  com.demo.baseutil.Basetest - Clicked on : Click on currency
15:19:52.757 [main] INFO  com.demo.baseutil.Basetest - Validate Click on currency value is clickable
15:19:55.024 [main] INFO  com.demo.baseutil.Basetest - Clicked on : Click on currency value
15:19:55.025 [main] INFO  com.demo.baseutil.Basetest - Validate Click on typepacking value is clickable
15:19:57.424 [main] INFO  com.demo.baseutil.Basetest - Clicked on : Click on typepacking value
15:19:57.424 [main] INFO  com.demo.baseutil.Basetest - Enter the value into typepacking is entered
15:19:57.752 [main] INFO  com.demo.baseutil.Basetest - 1 typed into typepacking is entered
15:19:57.754 [main] INFO  com.demo.baseutil.Basetest - Validate Click on length value is clickable
15:20:00.192 [main] INFO  com.demo.baseutil.Basetest - Clicked on : Click on length value
15:20:00.193 [main] INFO  com.demo.baseutil.Basetest - Enter the value into length is entered
15:20:00.710 [main] INFO  com.demo.baseutil.Basetest - 1 typed into length is entered
15:20:00.711 [main] INFO  com.demo.baseutil.Basetest - Validate Click on breath value is clickable
15:20:03.176 [main] INFO  com.demo.baseutil.Basetest - Clicked on : Click on breath value
15:20:03.177 [main] INFO  com.demo.baseutil.Basetest - Enter the value into breath is entered
15:20:03.502 [main] INFO  com.demo.baseutil.Basetest - 1 typed into breath is entered
15:20:03.502 [main] INFO  com.demo.baseutil.Basetest - Validate Click on height value is clickable
15:20:05.890 [main] INFO  com.demo.baseutil.Basetest - Clicked on : Click on height value
15:20:05.890 [main] INFO  com.demo.baseutil.Basetest - Enter the value into height is entered
15:20:06.163 [main] INFO  com.demo.baseutil.Basetest - 1 typed into height is entered
15:20:08.190 [main] INFO  com.demo.baseutil.Basetest - Scroll down successful
15:20:08.190 [main] INFO  com.demo.baseutil.Basetest - Validate Click on checkbox1 is clickable
15:20:10.557 [main] INFO  com.demo.baseutil.Basetest - Clicked on : Click on checkbox1
15:20:19.668 [main] INFO  com.demo.baseutil.Basetest - Scroll down
15:20:19.668 [main] INFO  com.demo.baseutil.Basetest - Validate Click on gln1 is clickable
15:20:22.096 [main] INFO  com.demo.baseutil.Basetest - Clicked on : Click on gln1
15:20:22.096 [main] INFO  com.demo.baseutil.Basetest - Enter the value into gln1 is entered
15:20:22.374 [main] INFO  com.demo.baseutil.Basetest - test typed into gln1 is entered
15:20:26.378 [main] INFO  com.demo.baseutil.Basetest - Validate Click on autosearch is clickable
15:20:29.271 [main] INFO  com.demo.baseutil.Basetest - Clicked on : Click on autosearch
15:20:31.277 [main] INFO  com.demo.baseutil.Basetest - Validate Click on gln2 is clickable
15:20:33.604 [main] INFO  com.demo.baseutil.Basetest - Clicked on : Click on gln2
15:20:33.604 [main] INFO  com.demo.baseutil.Basetest - Enter the value into gln2 is entered
15:20:33.831 [main] INFO  com.demo.baseutil.Basetest - test typed into gln2 is entered
15:20:37.838 [main] INFO  com.demo.baseutil.Basetest - Validate Click on autosearch is clickable
15:20:40.162 [main] INFO  com.demo.baseutil.Basetest - Clicked on : Click on autosearch
15:20:45.164 [main] INFO  com.demo.baseutil.Basetest - Validate Click on gln3 is clickable
15:20:47.837 [main] INFO  com.demo.baseutil.Basetest - Clicked on : Click on gln3
15:20:47.838 [main] INFO  com.demo.baseutil.Basetest - Enter the value into gln3 is entered
15:20:48.775 [main] INFO  com.demo.baseutil.Basetest - test typed into gln3 is entered
15:20:50.792 [main] INFO  com.demo.baseutil.Basetest - Scroll till the scrolldown to table:
15:20:50.861 [main] INFO  com.demo.baseutil.Basetest - Scroll till the scrolldown to table: completed
15:20:52.877 [main] INFO  com.demo.baseutil.Basetest - Validate Click on autosearch is clickable
15:20:55.224 [main] INFO  com.demo.baseutil.Basetest - Clicked on : Click on autosearch
15:21:01.297 [main] INFO  com.demo.baseutil.Basetest - Scroll down
15:21:03.302 [main] INFO  com.demo.baseutil.Basetest - Validate Click on registerproduct is clickable
15:21:05.738 [main] INFO  com.demo.baseutil.Basetest - Clicked on : Click on registerproduct
15:21:31.651 [main] INFO  com.demo.baseutil.Basetest - Browser is closed sucessfuly
15:21:31.960 [main] INFO  com.demo.baseutil.Basetest - Browser is closed sucessfuly
15:21:55.873 [main] INFO  com.demo.baseutil.Basetest - Validate Sign in with FarmtoPlate account is clickable
15:21:58.214 [main] INFO  com.demo.baseutil.Basetest - Clicked on : Sign in with FarmtoPlate account
15:21:58.221 [main] INFO  com.demo.baseutil.Basetest - Url contains farmtoplateapps.io/login
15:21:58.237 [main] INFO  com.demo.baseutil.Basetest - Sign in title matched
15:21:58.237 [main] INFO  com.demo.baseutil.Basetest - UI verified for Sigin page.
15:21:58.237 [main] INFO  com.demo.baseutil.Basetest - Sign in function call
15:21:58.237 [main] INFO  com.demo.baseutil.Basetest - Validate email address field is clicked is clickable
15:22:00.536 [main] INFO  com.demo.baseutil.Basetest - Clicked on : email address field is clicked
15:22:00.536 [main] INFO  com.demo.baseutil.Basetest - Enter the value into Email Id Entered
15:22:00.808 [main] INFO  com.demo.baseutil.Basetest - manufact123@yopmail.com typed into Email Id Entered
15:22:00.808 [main] INFO  com.demo.baseutil.Basetest - Validate Enter the password is clickable
15:22:03.102 [main] INFO  com.demo.baseutil.Basetest - Clicked on : Enter the password
15:22:03.102 [main] INFO  com.demo.baseutil.Basetest - Enter the value into Password Id Entered
15:22:03.337 [main] INFO  com.demo.baseutil.Basetest - Admin@1234 typed into Password Id Entered
15:22:07.389 [main] INFO  com.demo.baseutil.Basetest - Scroll down
15:22:07.389 [main] INFO  com.demo.baseutil.Basetest - Validate Press the signin button is clickable
15:22:10.070 [main] INFO  com.demo.baseutil.Basetest - Clicked on : Press the signin button
15:22:12.259 [main] INFO  com.demo.baseutil.Basetest - HomePage title  is matched
15:22:26.488 [main] INFO  com.demo.baseutil.Basetest - Scroll down
15:22:28.504 [main] INFO  com.demo.baseutil.Basetest - Validate Process is clicked is clickable
15:22:30.862 [main] INFO  com.demo.baseutil.Basetest - Clicked on : Process is clicked
15:22:35.869 [main] INFO  com.demo.baseutil.Basetest - Validate Process add is clicked is clickable
15:22:38.295 [main] INFO  com.demo.baseutil.Basetest - Clicked on : Process add is clicked
15:22:43.297 [main] INFO  com.demo.baseutil.Basetest - Validate Product id is clicked is clickable
15:22:45.590 [main] INFO  com.demo.baseutil.Basetest - Clicked on : Product id is clicked
15:22:50.037 [main] INFO  com.demo.baseutil.Basetest - Validate Product id is clicked is clickable
15:22:52.317 [main] INFO  com.demo.baseutil.Basetest - Clicked on : Product id is clicked
15:22:54.328 [main] INFO  com.demo.baseutil.Basetest - Validate Product id is clicked is clickable
15:22:57.035 [main] INFO  com.demo.baseutil.Basetest - Clicked on : Product id is clicked
15:22:59.041 [main] INFO  com.demo.baseutil.Basetest - Validate outside is clicked is clickable
15:23:01.422 [main] INFO  com.demo.baseutil.Basetest - Clicked on : outside is clicked
15:23:07.485 [main] INFO  com.demo.baseutil.Basetest - Scroll down
15:23:07.485 [main] INFO  com.demo.baseutil.Basetest - Validate process name is clicked is clickable
15:23:10.017 [main] INFO  com.demo.baseutil.Basetest - Clicked on : process name is clicked
15:23:12.021 [main] INFO  com.demo.baseutil.Basetest - Enter the value into process name Value is entered
15:23:12.329 [main] INFO  com.demo.baseutil.Basetest - processcomm typed into process name Value is entered
15:23:14.347 [main] INFO  com.demo.baseutil.Basetest - Scroll down successful
15:23:14.347 [main] INFO  com.demo.baseutil.Basetest - Validate process loc is clicked is clickable
15:23:16.672 [main] INFO  com.demo.baseutil.Basetest - Clicked on : process loc is clicked
15:23:18.781 [main] INFO  com.demo.baseutil.Basetest - Enter the value into process name Value is entered
15:23:19.628 [main] INFO  com.demo.baseutil.Basetest - 8964214814014 typed into process name Value is entered
15:23:24.639 [main] INFO  com.demo.baseutil.Basetest - Validate process loc is clicked is clickable
15:23:26.927 [main] INFO  com.demo.baseutil.Basetest - Clicked on : process loc is clicked
15:23:28.968 [main] INFO  com.demo.baseutil.Basetest - Validate process type is clicked is clickable
15:23:31.553 [main] INFO  com.demo.baseutil.Basetest - Clicked on : process type is clicked
15:23:33.574 [main] INFO  com.demo.baseutil.Basetest - Scroll down successful
15:23:33.574 [main] INFO  com.demo.baseutil.Basetest - Validate process comm is clicked is clickable
15:23:36.018 [main] INFO  com.demo.baseutil.Basetest - Clicked on : process comm is clicked
15:23:42.101 [main] INFO  com.demo.baseutil.Basetest - Scroll down
15:23:42.101 [main] INFO  com.demo.baseutil.Basetest - Validate process add button is clicked is clickable
15:23:44.509 [main] INFO  com.demo.baseutil.Basetest - Clicked on : process add button is clicked
15:24:01.946 [main] INFO  com.demo.baseutil.Basetest - Scroll down
15:24:03.954 [main] INFO  com.demo.baseutil.Basetest - Validate Process is clicked is clickable
15:24:06.686 [main] INFO  com.demo.baseutil.Basetest - Clicked on : Process is clicked
15:24:11.689 [main] INFO  com.demo.baseutil.Basetest - Validate Process add is clicked is clickable
15:24:14.093 [main] INFO  com.demo.baseutil.Basetest - Clicked on : Process add is clicked
15:24:19.103 [main] INFO  com.demo.baseutil.Basetest - Validate Product id is clicked is clickable
15:24:21.476 [main] INFO  com.demo.baseutil.Basetest - Clicked on : Product id is clicked
15:24:25.746 [main] INFO  com.demo.baseutil.Basetest - Validate Product id is clicked is clickable
15:24:28.111 [main] INFO  com.demo.baseutil.Basetest - Clicked on : Product id is clicked
15:24:30.118 [main] INFO  com.demo.baseutil.Basetest - Validate Product id is clicked is clickable
15:24:32.533 [main] INFO  com.demo.baseutil.Basetest - Clicked on : Product id is clicked
15:24:34.548 [main] INFO  com.demo.baseutil.Basetest - Validate outside is clicked is clickable
15:24:36.888 [main] INFO  com.demo.baseutil.Basetest - Clicked on : outside is clicked
15:24:42.989 [main] INFO  com.demo.baseutil.Basetest - Scroll down
15:24:42.989 [main] INFO  com.demo.baseutil.Basetest - Validate process name is clicked is clickable
15:24:45.746 [main] INFO  com.demo.baseutil.Basetest - Clicked on : process name is clicked
15:24:47.750 [main] INFO  com.demo.baseutil.Basetest - Enter the value into process name Value is entered
15:24:48.172 [main] INFO  com.demo.baseutil.Basetest - processcooling typed into process name Value is entered
15:24:50.204 [main] INFO  com.demo.baseutil.Basetest - Scroll down successful
15:24:50.204 [main] INFO  com.demo.baseutil.Basetest - Validate process loc is clicked is clickable
15:24:52.617 [main] INFO  com.demo.baseutil.Basetest - Clicked on : process loc is clicked
15:24:54.624 [main] INFO  com.demo.baseutil.Basetest - Enter the value into process name Value is entered
15:24:54.835 [main] INFO  com.demo.baseutil.Basetest - 8964214814014 typed into process name Value is entered
15:24:59.842 [main] INFO  com.demo.baseutil.Basetest - Validate process loc is clicked is clickable
15:25:02.598 [main] INFO  com.demo.baseutil.Basetest - Clicked on : process loc is clicked
15:25:04.651 [main] INFO  com.demo.baseutil.Basetest - Validate process type is clicked is clickable
15:25:07.362 [main] INFO  com.demo.baseutil.Basetest - Clicked on : process type is clicked
15:25:09.393 [main] INFO  com.demo.baseutil.Basetest - Scroll down successful
15:25:09.393 [main] INFO  com.demo.baseutil.Basetest - Validate process trans is clicked is clickable
15:25:11.754 [main] INFO  com.demo.baseutil.Basetest - Clicked on : process trans is clicked
15:25:18.221 [main] INFO  com.demo.baseutil.Basetest - Scroll down
15:25:18.221 [main] INFO  com.demo.baseutil.Basetest - Validate process add button is clicked is clickable
15:25:20.664 [main] INFO  com.demo.baseutil.Basetest - Clicked on : process add button is clicked
15:25:37.843 [main] INFO  com.demo.baseutil.Basetest - Scroll down
15:25:39.858 [main] INFO  com.demo.baseutil.Basetest - Validate Process is clicked is clickable
15:25:42.693 [main] INFO  com.demo.baseutil.Basetest - Clicked on : Process is clicked
15:25:47.695 [main] INFO  com.demo.baseutil.Basetest - Validate Process add is clicked is clickable
15:25:50.053 [main] INFO  com.demo.baseutil.Basetest - Clicked on : Process add is clicked
15:25:55.056 [main] INFO  com.demo.baseutil.Basetest - Validate Product id is clicked is clickable
15:25:57.475 [main] INFO  com.demo.baseutil.Basetest - Clicked on : Product id is clicked
15:26:01.757 [main] INFO  com.demo.baseutil.Basetest - Validate Product id is clicked is clickable
15:26:03.990 [main] INFO  com.demo.baseutil.Basetest - Clicked on : Product id is clicked
15:26:05.998 [main] INFO  com.demo.baseutil.Basetest - Validate Product id is clicked is clickable
15:26:08.369 [main] INFO  com.demo.baseutil.Basetest - Clicked on : Product id is clicked
15:26:10.373 [main] INFO  com.demo.baseutil.Basetest - Validate outside is clicked is clickable
15:26:12.675 [main] INFO  com.demo.baseutil.Basetest - Clicked on : outside is clicked
15:26:18.749 [main] INFO  com.demo.baseutil.Basetest - Scroll down
15:26:18.749 [main] INFO  com.demo.baseutil.Basetest - Validate process name is clicked is clickable
15:26:21.029 [main] INFO  com.demo.baseutil.Basetest - Clicked on : process name is clicked
15:26:23.033 [main] INFO  com.demo.baseutil.Basetest - Enter the value into process name Value is entered
15:26:23.297 [main] INFO  com.demo.baseutil.Basetest - processobsnosscc typed into process name Value is entered
15:26:25.329 [main] INFO  com.demo.baseutil.Basetest - Scroll down successful
15:26:25.329 [main] INFO  com.demo.baseutil.Basetest - Validate process loc is clicked is clickable
15:26:27.639 [main] INFO  com.demo.baseutil.Basetest - Clicked on : process loc is clicked
15:26:29.648 [main] INFO  com.demo.baseutil.Basetest - Enter the value into process name Value is entered
15:26:30.450 [main] INFO  com.demo.baseutil.Basetest - 8964214814014 typed into process name Value is entered
15:26:35.451 [main] INFO  com.demo.baseutil.Basetest - Validate process loc is clicked is clickable
15:26:37.698 [main] INFO  com.demo.baseutil.Basetest - Clicked on : process loc is clicked
15:26:39.703 [main] INFO  com.demo.baseutil.Basetest - Validate process type is clicked is clickable
15:26:41.949 [main] INFO  com.demo.baseutil.Basetest - Clicked on : process type is clicked
15:26:43.975 [main] INFO  com.demo.baseutil.Basetest - Scroll down successful
15:26:43.975 [main] INFO  com.demo.baseutil.Basetest - Validate process trans is clicked is clickable
15:26:46.252 [main] INFO  com.demo.baseutil.Basetest - Clicked on : process trans is clicked
15:26:48.259 [main] INFO  com.demo.baseutil.Basetest - Validate kdesscc  is clicked is clickable
15:26:50.603 [main] INFO  com.demo.baseutil.Basetest - Clicked on : kdesscc  is clicked
15:26:56.692 [main] INFO  com.demo.baseutil.Basetest - Scroll down
15:26:56.692 [main] INFO  com.demo.baseutil.Basetest - Validate process add button is clicked is clickable
15:26:59.163 [main] INFO  com.demo.baseutil.Basetest - Clicked on : process add button is clicked
15:27:04.295 [main] INFO  com.demo.baseutil.Basetest - Browser is closed sucessfuly
15:27:04.992 [main] INFO  com.demo.baseutil.Basetest - Browser is closed sucessfuly
15:27:27.227 [main] INFO  com.demo.baseutil.Basetest - Validate Sign in with FarmtoPlate account is clickable
15:27:29.560 [main] INFO  com.demo.baseutil.Basetest - Clicked on : Sign in with FarmtoPlate account
15:27:29.561 [main] INFO  com.demo.baseutil.Basetest - Url contains farmtoplateapps.io/login
15:27:29.576 [main] INFO  com.demo.baseutil.Basetest - Sign in title matched
15:27:29.576 [main] INFO  com.demo.baseutil.Basetest - UI verified for Sigin page.
15:27:29.576 [main] INFO  com.demo.baseutil.Basetest - Sign in function call
15:27:29.576 [main] INFO  com.demo.baseutil.Basetest - Validate email address field is clicked is clickable
15:27:31.870 [main] INFO  com.demo.baseutil.Basetest - Clicked on : email address field is clicked
15:27:31.870 [main] INFO  com.demo.baseutil.Basetest - Enter the value into Email Id Entered
15:27:32.147 [main] INFO  com.demo.baseutil.Basetest - manufact123@yopmail.com typed into Email Id Entered
15:27:32.147 [main] INFO  com.demo.baseutil.Basetest - Validate Enter the password is clickable
15:27:34.406 [main] INFO  com.demo.baseutil.Basetest - Clicked on : Enter the password
15:27:34.406 [main] INFO  com.demo.baseutil.Basetest - Enter the value into Password Id Entered
15:27:34.603 [main] INFO  com.demo.baseutil.Basetest - Admin@1234 typed into Password Id Entered
15:27:38.660 [main] INFO  com.demo.baseutil.Basetest - Scroll down
15:27:38.660 [main] INFO  com.demo.baseutil.Basetest - Validate Press the signin button is clickable
15:27:41.344 [main] INFO  com.demo.baseutil.Basetest - Clicked on : Press the signin button
15:27:43.600 [main] INFO  com.demo.baseutil.Basetest - HomePage title  is matched
15:28:03.677 [main] INFO  com.demo.baseutil.Basetest - Validate Asset & Infrastructure Data is clicked is clickable
15:28:06.004 [main] INFO  com.demo.baseutil.Basetest - Clicked on : Asset & Infrastructure Data is clicked
15:28:08.006 [main] INFO  com.demo.baseutil.Basetest - Validate Assets is clicked is clickable
15:28:10.411 [main] INFO  com.demo.baseutil.Basetest - Clicked on : Assets is clicked
15:28:12.422 [main] INFO  com.demo.baseutil.Basetest - Validate Add new is clicked is clickable
15:28:14.729 [main] INFO  com.demo.baseutil.Basetest - Clicked on : Add new is clicked
15:28:16.741 [main] INFO  com.demo.baseutil.Basetest - Validate Asset type is clicked is clickable
15:28:19.136 [main] INFO  com.demo.baseutil.Basetest - Clicked on : Asset type is clicked
15:28:19.136 [main] INFO  com.demo.baseutil.Basetest - Validate Click on Vehicle Name is clickable
15:28:21.456 [main] INFO  com.demo.baseutil.Basetest - Clicked on : Click on Vehicle Name
15:28:23.472 [main] INFO  com.demo.baseutil.Basetest - Validate container name is clicked is clickable
15:28:25.873 [main] INFO  com.demo.baseutil.Basetest - Clicked on : container name is clicked
15:28:25.873 [main] INFO  com.demo.baseutil.Basetest - Enter the value into enter the container name
15:28:26.261 [main] INFO  com.demo.baseutil.Basetest - container341341 typed into enter the container name
15:28:28.274 [main] INFO  com.demo.baseutil.Basetest - Validate length is clicked is clickable
15:28:30.639 [main] INFO  com.demo.baseutil.Basetest - Clicked on : length is clicked
15:28:32.645 [main] INFO  com.demo.baseutil.Basetest - Enter the value into enter the length
15:28:33.477 [main] INFO  com.demo.baseutil.Basetest - 10 typed into enter the length
15:28:33.477 [main] INFO  com.demo.baseutil.Basetest - Validate breadth is clicked is clickable
15:28:36.322 [main] INFO  com.demo.baseutil.Basetest - Clicked on : breadth is clicked
15:28:36.322 [main] INFO  com.demo.baseutil.Basetest - Enter the value into breath entered
15:28:36.599 [main] INFO  com.demo.baseutil.Basetest - 10 typed into breath entered
15:28:38.603 [main] INFO  com.demo.baseutil.Basetest - Validate height is clicked is clickable
15:28:40.993 [main] INFO  com.demo.baseutil.Basetest - Clicked on : height is clicked
15:28:42.995 [main] INFO  com.demo.baseutil.Basetest - Enter the value into height entered
15:28:43.364 [main] INFO  com.demo.baseutil.Basetest - 20 typed into height entered
15:28:45.370 [main] INFO  com.demo.baseutil.Basetest - Validate dom is clicked is clickable
15:28:47.759 [main] INFO  com.demo.baseutil.Basetest - Clicked on : dom is clicked
15:28:49.769 [main] INFO  com.demo.baseutil.Basetest - Validate ft is clicked is clickable
15:28:52.034 [main] INFO  com.demo.baseutil.Basetest - Clicked on : ft is clicked
15:28:54.070 [main] INFO  com.demo.baseutil.Basetest - Validate wt is clicked is clickable
15:28:57.421 [main] INFO  com.demo.baseutil.Basetest - Clicked on : wt is clicked
15:28:59.434 [main] INFO  com.demo.baseutil.Basetest - Enter the value into weight entered
15:28:59.727 [main] INFO  com.demo.baseutil.Basetest - 1000 typed into weight entered
15:29:01.738 [main] INFO  com.demo.baseutil.Basetest - Validate wtcap is clicked is clickable
15:29:04.071 [main] INFO  com.demo.baseutil.Basetest - Clicked on : wtcap is clicked
15:29:06.082 [main] INFO  com.demo.baseutil.Basetest - Validate tons is clicked is clickable
15:29:08.427 [main] INFO  com.demo.baseutil.Basetest - Clicked on : tons is clicked
15:29:10.437 [main] INFO  com.demo.baseutil.Basetest - Validate Click on Add button is clickable
15:29:12.844 [main] INFO  com.demo.baseutil.Basetest - Clicked on : Click on Add button
15:29:23.854 [main] INFO  com.demo.baseutil.Basetest - Validate transaction is clicked is clickable
15:29:26.222 [main] INFO  com.demo.baseutil.Basetest - Clicked on : transaction is clicked
15:29:31.224 [main] INFO  com.demo.baseutil.Basetest - Validate add new is clicked is clickable
15:29:33.610 [main] INFO  com.demo.baseutil.Basetest - Clicked on : add new is clicked
15:29:38.618 [main] INFO  com.demo.baseutil.Basetest - Validate Product id is clicked is clickable
15:29:40.886 [main] INFO  com.demo.baseutil.Basetest - Clicked on : Product id is clicked
15:29:42.894 [main] INFO  com.demo.baseutil.Basetest - Enter the value into Saved Value is entered
15:29:43.161 [main] INFO  com.demo.baseutil.Basetest - F2PG10001062 typed into Saved Value is entered
15:29:45.171 [main] INFO  com.demo.baseutil.Basetest - Validate Product id is clicked is clickable
15:29:47.520 [main] INFO  com.demo.baseutil.Basetest - Clicked on : Product id is clicked
15:29:49.529 [main] INFO  com.demo.baseutil.Basetest - Validate Product id is clicked is clickable
15:29:51.847 [main] INFO  com.demo.baseutil.Basetest - Clicked on : Product id is clicked
15:29:53.857 [main] INFO  com.demo.baseutil.Basetest - Validate chooseprocess id is clicked is clickable
15:29:56.110 [main] INFO  com.demo.baseutil.Basetest - Clicked on : chooseprocess id is clicked
15:29:58.112 [main] INFO  com.demo.baseutil.Basetest - Enter the value into Harvestiong/commission is entered
15:29:58.346 [main] INFO  com.demo.baseutil.Basetest - processcomm typed into Harvestiong/commission is entered
15:30:00.353 [main] INFO  com.demo.baseutil.Basetest - Validate chooseprocess id is clicked is clickable
15:30:02.721 [main] INFO  com.demo.baseutil.Basetest - Clicked on : chooseprocess id is clicked
15:30:05.729 [main] INFO  com.demo.baseutil.Basetest - Validate Process commision is selected is clickable
15:30:08.068 [main] INFO  com.demo.baseutil.Basetest - Clicked on : Process commision is selected
15:30:10.094 [main] INFO  com.demo.baseutil.Basetest - Scroll down successful
15:30:10.094 [main] INFO  com.demo.baseutil.Basetest - Validate date is selected is clickable
15:30:12.441 [main] INFO  com.demo.baseutil.Basetest - Clicked on : date is selected
15:30:13.456 [main] INFO  com.demo.baseutil.Basetest - Validate date netx button is clickable
15:30:15.899 [main] INFO  com.demo.baseutil.Basetest - Clicked on : date netx button
15:30:15.899 [main] INFO  com.demo.baseutil.Basetest - Validate date is entered is clickable
15:30:18.326 [main] INFO  com.demo.baseutil.Basetest - Clicked on : date is entered
15:30:20.336 [main] INFO  com.demo.baseutil.Basetest - Validate date is selected is clickable
15:30:22.711 [main] INFO  com.demo.baseutil.Basetest - Clicked on : date is selected
15:30:28.813 [main] INFO  com.demo.baseutil.Basetest - Scroll down
15:30:28.813 [main] INFO  com.demo.baseutil.Basetest - Validate activity is selected is clickable
15:30:31.244 [main] INFO  com.demo.baseutil.Basetest - Clicked on : activity is selected
15:30:31.244 [main] INFO  com.demo.baseutil.Basetest - Enter the value into activity Value is entered
15:30:31.565 [main] INFO  com.demo.baseutil.Basetest - abcd typed into activity Value is entered
15:30:33.569 [main] INFO  com.demo.baseutil.Basetest - Validate packing type dropdown is selected is clickable
15:30:35.960 [main] INFO  com.demo.baseutil.Basetest - Clicked on : packing type dropdown is selected
15:30:35.960 [main] INFO  com.demo.baseutil.Basetest - Validate packing type dropdown is selected is clickable
15:30:38.281 [main] INFO  com.demo.baseutil.Basetest - Clicked on : packing type dropdown is selected
15:30:44.368 [main] INFO  com.demo.baseutil.Basetest - Scroll down
15:30:44.368 [main] INFO  com.demo.baseutil.Basetest - Validate tlc is clicked is clickable
15:30:46.966 [main] INFO  com.demo.baseutil.Basetest - Clicked on : tlc is clicked
15:30:46.966 [main] INFO  com.demo.baseutil.Basetest - Enter the value into Tlc no is entered
15:30:47.344 [main] INFO  com.demo.baseutil.Basetest - 1234567890 typed into Tlc no is entered
15:30:47.344 [main] INFO  com.demo.baseutil.Basetest - Validate location is clicked is clickable
15:30:49.604 [main] INFO  com.demo.baseutil.Basetest - Clicked on : location is clicked
15:30:49.604 [main] INFO  com.demo.baseutil.Basetest - Enter the value into location no is entered
15:30:49.878 [main] INFO  com.demo.baseutil.Basetest - test typed into location no is entered
15:30:49.878 [main] INFO  com.demo.baseutil.Basetest - Validate commodity is clicked is clickable
15:30:52.259 [main] INFO  com.demo.baseutil.Basetest - Clicked on : commodity is clicked
15:30:52.259 [main] INFO  com.demo.baseutil.Basetest - Enter the value into commodity is entered
15:30:52.576 [main] INFO  com.demo.baseutil.Basetest - commodity typed into commodity is entered
15:30:52.576 [main] INFO  com.demo.baseutil.Basetest - Scroll till the scrolled to down
15:30:52.666 [main] INFO  com.demo.baseutil.Basetest - Scroll till the scrolled to down completed
15:30:52.666 [main] INFO  com.demo.baseutil.Basetest - Validate count sgtin is clicked is clickable
15:30:55.054 [main] INFO  com.demo.baseutil.Basetest - Clicked on : count sgtin is clicked
15:30:55.054 [main] INFO  com.demo.baseutil.Basetest - Enter the value into countsgtin is entered
15:30:55.381 [main] INFO  com.demo.baseutil.Basetest - 123 typed into countsgtin is entered
15:30:55.381 [main] INFO  com.demo.baseutil.Basetest - Validate weightsgtin sgtin is clicked is clickable
15:30:57.683 [main] INFO  com.demo.baseutil.Basetest - Clicked on : weightsgtin sgtin is clicked
15:30:57.683 [main] INFO  com.demo.baseutil.Basetest - Enter the value into weightsgtin is entered
15:30:57.932 [main] INFO  com.demo.baseutil.Basetest - 1234567 typed into weightsgtin is entered
15:30:57.932 [main] INFO  com.demo.baseutil.Basetest - Validate itemsgtin sgtin is clicked is clickable
15:31:00.335 [main] INFO  com.demo.baseutil.Basetest - Clicked on : itemsgtin sgtin is clicked
15:31:00.335 [main] INFO  com.demo.baseutil.Basetest - Validate itemgtin is entered is clickable
15:31:31.449 [main] ERROR com.demo.baseutil.Basetest - itemgtin is entered is not clickable
15:31:31.449 [main] ERROR com.demo.baseutil.Basetest - Unable to click on itemgtin is entered
15:32:02.898 [main] INFO  com.demo.baseutil.Basetest - Browser is closed sucessfuly
15:32:03.692 [main] INFO  com.demo.baseutil.Basetest - Browser is closed sucessfuly
15:32:12.040 [main] INFO  com.demo.baseutil.Basetest - Validate Sign in with FarmtoPlate account is clickable
15:32:14.370 [main] INFO  com.demo.baseutil.Basetest - Clicked on : Sign in with FarmtoPlate account
15:32:14.373 [main] INFO  com.demo.baseutil.Basetest - Url contains farmtoplateapps.io/login
15:32:14.390 [main] INFO  com.demo.baseutil.Basetest - Sign in title matched
15:32:14.390 [main] INFO  com.demo.baseutil.Basetest - UI verified for Sigin page.
15:32:14.390 [main] INFO  com.demo.baseutil.Basetest - Sign in function call
15:32:14.390 [main] INFO  com.demo.baseutil.Basetest - Validate email address field is clicked is clickable
15:32:16.787 [main] INFO  com.demo.baseutil.Basetest - Clicked on : email address field is clicked
15:32:16.787 [main] INFO  com.demo.baseutil.Basetest - Enter the value into Email Id Entered
15:32:17.130 [main] INFO  com.demo.baseutil.Basetest - dist123@yopmail.com typed into Email Id Entered
15:32:17.130 [main] INFO  com.demo.baseutil.Basetest - Validate Enter the password is clickable
15:32:19.401 [main] INFO  com.demo.baseutil.Basetest - Clicked on : Enter the password
15:32:19.401 [main] INFO  com.demo.baseutil.Basetest - Enter the value into Password Id Entered
15:32:19.601 [main] INFO  com.demo.baseutil.Basetest - Admin@1234 typed into Password Id Entered
15:32:23.684 [main] INFO  com.demo.baseutil.Basetest - Scroll down
15:32:23.684 [main] INFO  com.demo.baseutil.Basetest - Validate Press the signin button is clickable
15:32:26.384 [main] INFO  com.demo.baseutil.Basetest - Clicked on : Press the signin button
15:32:28.686 [main] INFO  com.demo.baseutil.Basetest - HomePage title  is matched
15:32:35.706 [main] INFO  com.demo.baseutil.Basetest - Scroll till the scrolled to process
15:32:35.825 [main] INFO  com.demo.baseutil.Basetest - Scroll till the scrolled to process completed
15:32:37.831 [main] INFO  com.demo.baseutil.Basetest - Validate Process is clicked is clickable
15:32:40.311 [main] INFO  com.demo.baseutil.Basetest - Clicked on : Process is clicked
15:32:45.320 [main] INFO  com.demo.baseutil.Basetest - Validate Process add is clicked is clickable
15:32:47.797 [main] INFO  com.demo.baseutil.Basetest - Clicked on : Process add is clicked
15:32:52.801 [main] INFO  com.demo.baseutil.Basetest - Validate shared product id is clicked is clickable
15:32:55.079 [main] INFO  com.demo.baseutil.Basetest - Clicked on : shared product id is clicked
15:32:59.100 [main] INFO  com.demo.baseutil.Basetest - Validate Product id is clicked is clickable
15:33:01.414 [main] INFO  com.demo.baseutil.Basetest - Clicked on : Product id is clicked
15:33:07.712 [main] INFO  com.demo.baseutil.Basetest - Validate Product id is selected is clickable
15:33:38.372 [main] ERROR com.demo.baseutil.Basetest - Product id is selected is not clickable
15:33:38.372 [main] ERROR com.demo.baseutil.Basetest - Unable to click on Product id is selected
15:34:09.645 [main] INFO  com.demo.baseutil.Basetest - Browser is closed sucessfuly
15:34:10.377 [main] INFO  com.demo.baseutil.Basetest - Browser is closed sucessfuly
15:34:32.055 [main] INFO  com.demo.baseutil.Basetest - Validate Sign in with FarmtoPlate account is clickable
15:34:34.446 [main] INFO  com.demo.baseutil.Basetest - Clicked on : Sign in with FarmtoPlate account
15:34:34.446 [main] INFO  com.demo.baseutil.Basetest - Url contains farmtoplateapps.io/login
15:34:34.446 [main] INFO  com.demo.baseutil.Basetest - Sign in title matched
15:34:34.446 [main] INFO  com.demo.baseutil.Basetest - UI verified for Sigin page.
15:34:34.446 [main] INFO  com.demo.baseutil.Basetest - Sign in function call
15:34:34.446 [main] INFO  com.demo.baseutil.Basetest - Validate email address field is clicked is clickable
15:34:36.731 [main] INFO  com.demo.baseutil.Basetest - Clicked on : email address field is clicked
15:34:36.731 [main] INFO  com.demo.baseutil.Basetest - Enter the value into Email Id Entered
15:34:37.066 [main] INFO  com.demo.baseutil.Basetest - dist123@yopmail.com typed into Email Id Entered
15:34:37.066 [main] INFO  com.demo.baseutil.Basetest - Validate Enter the password is clickable
15:34:39.379 [main] INFO  com.demo.baseutil.Basetest - Clicked on : Enter the password
15:34:39.379 [main] INFO  com.demo.baseutil.Basetest - Enter the value into Password Id Entered
15:34:39.596 [main] INFO  com.demo.baseutil.Basetest - Admin@1234 typed into Password Id Entered
15:34:43.665 [main] INFO  com.demo.baseutil.Basetest - Scroll down
15:34:43.665 [main] INFO  com.demo.baseutil.Basetest - Validate Press the signin button is clickable
15:34:46.334 [main] INFO  com.demo.baseutil.Basetest - Clicked on : Press the signin button
15:34:48.341 [main] INFO  com.demo.baseutil.Basetest - HomePage title  is matched
15:34:58.371 [main] INFO  com.demo.baseutil.Basetest - Scroll till the transaction is scrolled
15:34:58.496 [main] INFO  com.demo.baseutil.Basetest - Scroll till the transaction is scrolled completed
15:34:58.496 [main] INFO  com.demo.baseutil.Basetest - Validate transaction is clicked is clickable
15:35:00.899 [main] INFO  com.demo.baseutil.Basetest - Clicked on : transaction is clicked
15:35:05.912 [main] INFO  com.demo.baseutil.Basetest - Validate add new is clicked is clickable
15:35:08.341 [main] INFO  com.demo.baseutil.Basetest - Clicked on : add new is clicked
15:35:13.341 [main] INFO  com.demo.baseutil.Basetest - Validate sharedproduct is clicked is clickable
15:35:15.701 [main] INFO  com.demo.baseutil.Basetest - Clicked on : sharedproduct is clicked
15:35:20.711 [main] INFO  com.demo.baseutil.Basetest - Validate Product id is clicked is clickable
15:35:23.133 [main] INFO  com.demo.baseutil.Basetest - Clicked on : Product id is clicked
15:35:25.136 [main] INFO  com.demo.baseutil.Basetest - Enter the value into Saved Value is entered
15:35:25.388 [main] INFO  com.demo.baseutil.Basetest - F2PG10001062 typed into Saved Value is entered
15:35:25.388 [main] INFO  com.demo.baseutil.Basetest - Validate Productselect is clicked is clickable
15:35:29.167 [main] INFO  com.demo.baseutil.Basetest - Clicked on : Productselect is clicked
15:35:31.174 [main] INFO  com.demo.baseutil.Basetest - Validate chooseprocess id is clicked is clickable
15:35:33.510 [main] INFO  com.demo.baseutil.Basetest - Clicked on : chooseprocess id is clicked
15:35:35.526 [main] INFO  com.demo.baseutil.Basetest - Enter the value into disaggregation is entered
15:35:35.817 [main] INFO  com.demo.baseutil.Basetest - processdis typed into disaggregation is entered
15:35:40.828 [main] INFO  com.demo.baseutil.Basetest - Validate process is selected is clickable
15:35:43.201 [main] INFO  com.demo.baseutil.Basetest - Clicked on : process is selected
15:35:49.210 [main] INFO  com.demo.baseutil.Basetest - Validate activity is selected is clickable
15:36:19.808 [main] ERROR com.demo.baseutil.Basetest - activity is selected is not clickable
15:36:19.808 [main] ERROR com.demo.baseutil.Basetest - Unable to click on activity is selected
15:36:50.531 [main] INFO  com.demo.baseutil.Basetest - Browser is closed sucessfuly
15:36:51.127 [main] INFO  com.demo.baseutil.Basetest - Browser is closed sucessfuly
15:37:05.334 [main] INFO  com.demo.baseutil.Basetest - Validate Sign in with FarmtoPlate account is clickable
15:37:07.611 [main] INFO  com.demo.baseutil.Basetest - Clicked on : Sign in with FarmtoPlate account
15:37:07.611 [main] INFO  com.demo.baseutil.Basetest - Url contains farmtoplateapps.io/login
15:37:07.635 [main] INFO  com.demo.baseutil.Basetest - Sign in title matched
15:37:07.635 [main] INFO  com.demo.baseutil.Basetest - UI verified for Sigin page.
15:37:07.635 [main] INFO  com.demo.baseutil.Basetest - Sign in function call
15:37:07.635 [main] INFO  com.demo.baseutil.Basetest - Validate email address field is clicked is clickable
15:37:10.048 [main] INFO  com.demo.baseutil.Basetest - Clicked on : email address field is clicked
15:37:10.048 [main] INFO  com.demo.baseutil.Basetest - Enter the value into Email Id Entered
15:37:10.419 [main] INFO  com.demo.baseutil.Basetest - ret123@yopmail.com typed into Email Id Entered
15:37:10.419 [main] INFO  com.demo.baseutil.Basetest - Validate Enter the password is clickable
15:37:12.711 [main] INFO  com.demo.baseutil.Basetest - Clicked on : Enter the password
15:37:12.711 [main] INFO  com.demo.baseutil.Basetest - Enter the value into Password Id Entered
15:37:12.909 [main] INFO  com.demo.baseutil.Basetest - Admin@1234 typed into Password Id Entered
15:37:16.963 [main] INFO  com.demo.baseutil.Basetest - Scroll down
15:37:16.963 [main] INFO  com.demo.baseutil.Basetest - Validate Press the signin button is clickable
15:37:19.696 [main] INFO  com.demo.baseutil.Basetest - Clicked on : Press the signin button
15:37:21.907 [main] INFO  com.demo.baseutil.Basetest - HomePage title  is matched
15:37:27.917 [main] INFO  com.demo.baseutil.Basetest - Scroll till the scrolled to process
15:37:27.986 [main] INFO  com.demo.baseutil.Basetest - Scroll till the scrolled to process completed
15:37:30.002 [main] INFO  com.demo.baseutil.Basetest - Validate Process is clicked is clickable
15:37:32.488 [main] INFO  com.demo.baseutil.Basetest - Clicked on : Process is clicked
15:37:37.503 [main] INFO  com.demo.baseutil.Basetest - Validate Process add is clicked is clickable
15:37:40.208 [main] INFO  com.demo.baseutil.Basetest - Clicked on : Process add is clicked
15:37:45.224 [main] INFO  com.demo.baseutil.Basetest - Validate shared product id is clicked is clickable
15:37:47.469 [main] INFO  com.demo.baseutil.Basetest - Clicked on : shared product id is clicked
15:37:51.474 [main] INFO  com.demo.baseutil.Basetest - Validate Product id is clicked is clickable
15:37:54.213 [main] INFO  com.demo.baseutil.Basetest - Clicked on : Product id is clicked
15:38:00.498 [main] INFO  com.demo.baseutil.Basetest - Validate Product id is selected is clickable
15:38:31.190 [main] ERROR com.demo.baseutil.Basetest - Product id is selected is not clickable
15:38:31.190 [main] ERROR com.demo.baseutil.Basetest - Unable to click on Product id is selected
15:39:02.873 [main] INFO  com.demo.baseutil.Basetest - Browser is closed sucessfuly
15:39:03.500 [main] INFO  com.demo.baseutil.Basetest - Browser is closed sucessfuly
15:39:04.380 [main] ERROR com.demo.baseutil.Basetest - Failed to close the Browser
