17:21:39.766 [main] INFO  com.demo.baseutil.Basetest - 
17:21:39.782 [main] INFO  com.demo.baseutil.Basetest - Running locally JavaMail
17:21:39.932 [main] INFO  com.demo.baseutil.Basetest2 - Folder creation for Extent
17:21:39.941 [main] INFO  com.demo.baseutil.Basetest - ExtentDir:-C:\Users\Deepti Jindal\eclipse-workspace2\com.NFR.Trace QA latest/reports/Automation Report- 10_21_2024_17_21_39/Report/10_21_2024_17_21_39
17:21:40.074 [main] INFO  com.demo.baseutil.Basetest - Report Initiated
17:21:40.074 [main] INFO  com.demo.baseutil.Basetest - Screenshot folder created
17:22:06.389 [main] INFO  com.demo.baseutil.Basetest - Validate Sign in with FarmtoPlate account is clickable
17:22:09.434 [main] INFO  com.demo.baseutil.Basetest - Clicked on : Sign in with FarmtoPlate account
17:22:10.318 [main] INFO  com.demo.baseutil.Basetest - Url contains farmtoplateapps.io/login
17:22:10.336 [main] INFO  com.demo.baseutil.Basetest - Sign in title matched
17:22:10.336 [main] INFO  com.demo.baseutil.Basetest - UI verified for Sigin page.
17:22:10.336 [main] INFO  com.demo.baseutil.Basetest - Sign in function call
17:22:10.337 [main] INFO  com.demo.baseutil.Basetest - Validate email address field is clicked is clickable
17:22:12.834 [main] INFO  com.demo.baseutil.Basetest - Clicked on : email address field is clicked
17:22:12.835 [main] INFO  com.demo.baseutil.Basetest - Enter the value into Email Id Entered
17:22:13.578 [main] INFO  com.demo.baseutil.Basetest - farmtoplatef2p@paramountsoft.net typed into Email Id Entered
17:22:13.579 [main] INFO  com.demo.baseutil.Basetest - Validate Enter the password is clickable
17:22:16.089 [main] INFO  com.demo.baseutil.Basetest - Clicked on : Enter the password
17:22:16.089 [main] INFO  com.demo.baseutil.Basetest - Enter the value into Password Id Entered
17:22:16.480 [main] INFO  com.demo.baseutil.Basetest - Admin1234 typed into Password Id Entered
17:22:25.598 [main] INFO  com.demo.baseutil.Basetest - Scroll down
17:22:26.608 [main] INFO  com.demo.baseutil.Basetest - Validate Press the signin button is clickable
17:22:30.850 [main] INFO  com.demo.baseutil.Basetest - Clicked on : Press the signin button
17:22:38.863 [main] INFO  com.demo.baseutil.Basetest - HomePage title  is matched
17:22:51.885 [main] INFO  com.demo.baseutil.Basetest - Validate Network Management is clicked is clickable
17:22:54.476 [main] INFO  com.demo.baseutil.Basetest - Clicked on : Network Management is clicked
17:22:58.488 [main] INFO  com.demo.baseutil.Basetest - Validate Add new is clicked is clickable
17:23:00.813 [main] INFO  com.demo.baseutil.Basetest - Clicked on : Add new is clicked
17:23:02.819 [main] INFO  com.demo.baseutil.Basetest - Validate Organisation Name is clicked is clickable
17:23:05.624 [main] INFO  com.demo.baseutil.Basetest - Clicked on : Organisation Name is clicked
17:23:05.629 [main] INFO  com.demo.baseutil.Basetest - Enter the value into Organisation is Entered
17:23:06.272 [main] INFO  com.demo.baseutil.Basetest - ioOtngFe typed into Organisation is Entered
17:23:06.277 [main] INFO  com.demo.baseutil.Basetest - Validate Organisation type is clicked is clickable
17:23:08.799 [main] INFO  com.demo.baseutil.Basetest - Clicked on : Organisation type is clicked
17:23:08.799 [main] INFO  com.demo.baseutil.Basetest - Validate upstream is selected is clickable
17:23:11.371 [main] INFO  com.demo.baseutil.Basetest - Clicked on : upstream is selected
17:23:11.371 [main] INFO  com.demo.baseutil.Basetest - Validate Organisation role is clicked is clickable
17:23:13.900 [main] INFO  com.demo.baseutil.Basetest - Clicked on : Organisation role is clicked
17:23:13.901 [main] INFO  com.demo.baseutil.Basetest - Validate Organisation role is selected is clickable
17:23:16.583 [main] INFO  com.demo.baseutil.Basetest - Clicked on : Organisation role is selected
17:23:16.584 [main] INFO  com.demo.baseutil.Basetest - Validate module is clicked is clickable
17:23:19.210 [main] INFO  com.demo.baseutil.Basetest - Clicked on : module is clicked
17:23:19.211 [main] INFO  com.demo.baseutil.Basetest - Validate module is selected is clickable
17:23:21.786 [main] INFO  com.demo.baseutil.Basetest - Clicked on : module is selected
17:23:21.787 [main] INFO  com.demo.baseutil.Basetest - Validate email field is clicked is clickable
17:23:24.349 [main] INFO  com.demo.baseutil.Basetest - Clicked on : email field is clicked
17:23:24.351 [main] INFO  com.demo.baseutil.Basetest - Enter the value into emailid is Entered
17:23:25.134 [main] INFO  com.demo.baseutil.Basetest - 38301avcyghg@yopmail.com typed into emailid is Entered
17:23:31.238 [main] INFO  com.demo.baseutil.Basetest - Scroll down
17:23:38.264 [main] INFO  com.demo.baseutil.Basetest - Validate Database Type is clicked is clickable
17:23:40.794 [main] INFO  com.demo.baseutil.Basetest - Clicked on : Database Type is clicked
17:23:40.794 [main] INFO  com.demo.baseutil.Basetest - Validate Db is selected is clickable
17:23:43.512 [main] INFO  com.demo.baseutil.Basetest - Clicked on : Db is selected
17:23:45.556 [main] INFO  com.demo.baseutil.Basetest - Scroll down successful
17:23:46.565 [main] INFO  com.demo.baseutil.Basetest - Validate Db is selected is clickable
17:23:49.415 [main] INFO  com.demo.baseutil.Basetest - Clicked on : Db is selected
17:23:51.419 [main] INFO  com.demo.baseutil.Basetest - Validate ordermgmt is selected is clickable
17:23:53.986 [main] INFO  com.demo.baseutil.Basetest - Clicked on : ordermgmt is selected
17:23:53.986 [main] INFO  com.demo.baseutil.Basetest - Validate Soil Dashboard is selected is clickable
17:23:56.671 [main] INFO  com.demo.baseutil.Basetest - Clicked on : Soil Dashboard is selected
17:23:56.671 [main] INFO  com.demo.baseutil.Basetest - Validate Submit Button is clicked is clickable
17:23:59.468 [main] INFO  com.demo.baseutil.Basetest - Clicked on : Submit Button is clicked
17:24:01.793 [main] INFO  com.demo.baseutil.Basetest - Validate Email address input field is clicked is clickable
17:24:07.073 [main] INFO  com.demo.baseutil.Basetest - Clicked on : Email address input field is clicked
17:24:07.074 [main] INFO  com.demo.baseutil.Basetest - Enter the value into email address is entered
17:24:07.557 [main] INFO  com.demo.baseutil.Basetest - 38301avcyghg@yopmail.com typed into email address is entered
17:24:07.557 [main] INFO  com.demo.baseutil.Basetest - Validate arrow button is clicked is clickable
17:24:11.223 [main] INFO  com.demo.baseutil.Basetest - Clicked on : arrow button is clicked
17:24:21.599 [main] INFO  com.demo.baseutil.Basetest - Validate first email is clicked is clickable
17:24:24.230 [main] INFO  com.demo.baseutil.Basetest - Clicked on : first email is clicked
17:24:26.340 [main] INFO  com.demo.baseutil.Basetest - Validate email address is clicked is clickable
17:24:28.878 [main] INFO  com.demo.baseutil.Basetest - Clicked on : email address is clicked
17:24:31.114 [main] INFO  com.demo.baseutil.Basetest - Validate pass is clicked is clickable
17:24:35.424 [main] INFO  com.demo.baseutil.Basetest - Clicked on : pass is clicked
17:24:35.425 [main] INFO  com.demo.baseutil.Basetest - Enter the value into Password is entered
17:24:35.684 [main] INFO  com.demo.baseutil.Basetest - Admin@1234 typed into Password is entered
17:24:35.685 [main] INFO  com.demo.baseutil.Basetest - Validate confirm password is clicked is clickable
17:24:38.082 [main] INFO  com.demo.baseutil.Basetest - Clicked on : confirm password is clicked
17:24:38.082 [main] INFO  com.demo.baseutil.Basetest - Enter the value into Confirm Password is entered
17:24:38.427 [main] INFO  com.demo.baseutil.Basetest - Admin@1234 typed into Confirm Password is entered
17:24:44.512 [main] INFO  com.demo.baseutil.Basetest - Scroll down
17:24:44.512 [main] INFO  com.demo.baseutil.Basetest - Validate button is clicked is clickable
17:24:47.005 [main] INFO  com.demo.baseutil.Basetest - Clicked on : button is clicked
17:24:49.020 [main] INFO  com.demo.baseutil.Basetest - Validate email address field is clicked is clickable
17:24:51.553 [main] INFO  com.demo.baseutil.Basetest - Clicked on : email address field is clicked
17:24:51.554 [main] INFO  com.demo.baseutil.Basetest - Enter the value into Email Id Entered
17:24:52.127 [main] INFO  com.demo.baseutil.Basetest - 38301avcyghg@yopmail.com typed into Email Id Entered
17:24:52.128 [main] INFO  com.demo.baseutil.Basetest - Validate Enter the password is clickable
17:24:54.676 [main] INFO  com.demo.baseutil.Basetest - Clicked on : Enter the password
17:24:54.676 [main] INFO  com.demo.baseutil.Basetest - Enter the value into Password Id Entered
17:24:54.995 [main] INFO  com.demo.baseutil.Basetest - Admin@1234 typed into Password Id Entered
17:24:59.074 [main] INFO  com.demo.baseutil.Basetest - Scroll down
17:24:59.074 [main] INFO  com.demo.baseutil.Basetest - Validate Press the signin button is clickable
17:25:01.872 [main] INFO  com.demo.baseutil.Basetest - Clicked on : Press the signin button
17:25:08.971 [main] INFO  com.demo.baseutil.Basetest - Scroll down successful
17:25:09.978 [main] INFO  com.demo.baseutil.Basetest - Validate Press the button is clickable
17:25:13.887 [main] INFO  com.demo.baseutil.Basetest - Clicked on : Press the button
17:25:13.915 [main] INFO  com.demo.baseutil.Basetest - Scroll down successful
17:25:13.915 [main] INFO  com.demo.baseutil.Basetest - Validate Press the signin button is clickable
17:25:16.474 [main] INFO  com.demo.baseutil.Basetest - Clicked on : Press the signin button
17:25:18.478 [main] INFO  com.demo.baseutil.Basetest - Validate Press the button is clickable
17:25:20.944 [main] INFO  com.demo.baseutil.Basetest - Clicked on : Press the button
17:25:23.954 [main] INFO  com.demo.baseutil.Basetest - Validate Click on First is clickable
17:25:26.661 [main] INFO  com.demo.baseutil.Basetest - Clicked on : Click on First
17:25:26.661 [main] INFO  com.demo.baseutil.Basetest - Enter the value into enter the  First
17:25:27.042 [main] INFO  com.demo.baseutil.Basetest - First typed into enter the  First
17:25:27.043 [main] INFO  com.demo.baseutil.Basetest - Validate Click on last is clickable
17:25:29.638 [main] INFO  com.demo.baseutil.Basetest - Clicked on : Click on last
17:25:29.638 [main] INFO  com.demo.baseutil.Basetest - Enter the value into enter the  Last
17:25:29.947 [main] INFO  com.demo.baseutil.Basetest - Last typed into enter the  Last
17:25:29.948 [main] INFO  com.demo.baseutil.Basetest - Validate Click on dest is clickable
17:25:32.310 [main] INFO  com.demo.baseutil.Basetest - Clicked on : Click on dest
17:25:32.312 [main] INFO  com.demo.baseutil.Basetest - Enter the value into enter the  dest
17:25:32.700 [main] INFO  com.demo.baseutil.Basetest - dest typed into enter the  dest
17:25:32.701 [main] INFO  com.demo.baseutil.Basetest - Validate Click on Submit is clickable
17:25:35.249 [main] INFO  com.demo.baseutil.Basetest - Clicked on : Click on Submit
17:25:35.250 [main] INFO  com.demo.baseutil.Basetest - Validate Click on address is clickable
17:25:40.474 [main] INFO  com.demo.baseutil.Basetest - Clicked on : Click on address
17:25:40.475 [main] INFO  com.demo.baseutil.Basetest - Enter the value into enter the  address
17:25:41.033 [main] INFO  com.demo.baseutil.Basetest - 123 William Street, New York, NY, USA typed into enter the  address
17:25:43.037 [main] INFO  com.demo.baseutil.Basetest - Validate comapny name is clicked is clickable
17:25:45.563 [main] INFO  com.demo.baseutil.Basetest - Clicked on : comapny name is clicked
17:25:45.564 [main] INFO  com.demo.baseutil.Basetest - Validate Click on state is clickable
17:25:47.950 [main] INFO  com.demo.baseutil.Basetest - Clicked on : Click on state
17:25:47.951 [main] INFO  com.demo.baseutil.Basetest - Enter the value into Enetered the state
17:25:48.475 [main] INFO  com.demo.baseutil.Basetest - NY typed into Enetered the state
17:25:48.476 [main] INFO  com.demo.baseutil.Basetest - Validate Click on zip is clickable
17:25:51.123 [main] INFO  com.demo.baseutil.Basetest - Clicked on : Click on zip
17:25:51.124 [main] INFO  com.demo.baseutil.Basetest - Enter the value into Enetred the Zip
17:25:51.674 [main] INFO  com.demo.baseutil.Basetest - 10038-3804 typed into Enetred the Zip
17:25:51.675 [main] INFO  com.demo.baseutil.Basetest - Validate Click on city is clickable
17:25:54.202 [main] INFO  com.demo.baseutil.Basetest - Clicked on : Click on city
17:25:54.202 [main] INFO  com.demo.baseutil.Basetest - Enter the value into Enetered the city
17:25:54.701 [main] INFO  com.demo.baseutil.Basetest - New York typed into Enetered the city
17:25:54.702 [main] INFO  com.demo.baseutil.Basetest - Validate Click on country is clickable
17:25:57.246 [main] INFO  com.demo.baseutil.Basetest - Clicked on : Click on country
17:25:57.247 [main] INFO  com.demo.baseutil.Basetest - Enter the value into Enetered the country
17:25:57.888 [main] INFO  com.demo.baseutil.Basetest - United States typed into Enetered the country
17:25:57.889 [main] INFO  com.demo.baseutil.Basetest - Scroll till the scrolled to bankname
17:25:58.033 [main] INFO  com.demo.baseutil.Basetest - Scroll till the scrolled to bankname completed
17:25:58.033 [main] INFO  com.demo.baseutil.Basetest - Validate msmenumber is clicked is clickable
17:26:00.542 [main] INFO  com.demo.baseutil.Basetest - Clicked on : msmenumber is clicked
17:26:00.544 [main] INFO  com.demo.baseutil.Basetest - Enter the value into Enetered the msmnumber
17:26:01.070 [main] INFO  com.demo.baseutil.Basetest - 192983758890 typed into Enetered the msmnumber
17:26:01.071 [main] INFO  com.demo.baseutil.Basetest - Validate bankname is clicked is clickable
17:26:03.675 [main] INFO  com.demo.baseutil.Basetest - Clicked on : bankname is clicked
17:26:03.676 [main] INFO  com.demo.baseutil.Basetest - Enter the value into Enetered the bankname
17:26:04.317 [main] INFO  com.demo.baseutil.Basetest - Goldmann typed into Enetered the bankname
17:26:04.318 [main] INFO  com.demo.baseutil.Basetest - Validate accountname is clicked is clickable
17:26:06.774 [main] INFO  com.demo.baseutil.Basetest - Clicked on : accountname is clicked
17:26:06.774 [main] INFO  com.demo.baseutil.Basetest - Enter the value into Enetered the accountname
17:26:07.128 [main] INFO  com.demo.baseutil.Basetest - Gold digger typed into Enetered the accountname
17:26:07.131 [main] INFO  com.demo.baseutil.Basetest - Validate accountnumber is clicked is clickable
17:26:09.549 [main] INFO  com.demo.baseutil.Basetest - Clicked on : accountnumber is clicked
17:26:09.549 [main] INFO  com.demo.baseutil.Basetest - Enter the value into Enetered the accountnumber
17:26:10.113 [main] INFO  com.demo.baseutil.Basetest - 10000234500123 typed into Enetered the accountnumber
17:26:10.114 [main] INFO  com.demo.baseutil.Basetest - Validate ifscdrop is clicked is clickable
17:26:12.642 [main] INFO  com.demo.baseutil.Basetest - Clicked on : ifscdrop is clicked
17:26:12.642 [main] INFO  com.demo.baseutil.Basetest - Validate ifscdrop is clicked is clickable
17:26:15.178 [main] INFO  com.demo.baseutil.Basetest - Clicked on : ifscdrop is clicked
17:26:15.178 [main] INFO  com.demo.baseutil.Basetest - Validate ifsccode is clicked is clickable
17:26:17.705 [main] INFO  com.demo.baseutil.Basetest - Clicked on : ifsccode is clicked
17:26:17.706 [main] INFO  com.demo.baseutil.Basetest - Enter the value into Enetered the ifsccode
17:26:18.160 [main] INFO  com.demo.baseutil.Basetest - 1234IFSC908 typed into Enetered the ifsccode
17:26:24.282 [main] INFO  com.demo.baseutil.Basetest - Scroll down
17:26:26.288 [main] INFO  com.demo.baseutil.Basetest - Validate Click on Submit is clickable
17:26:28.864 [main] INFO  com.demo.baseutil.Basetest - Clicked on : Click on Submit
17:26:30.382 [main] INFO  com.demo.baseutil.Basetest - Browser is closed sucessfuly
17:26:31.290 [main] INFO  com.demo.baseutil.Basetest - Browser is closed sucessfuly
17:26:44.930 [main] INFO  com.demo.baseutil.Basetest - Validate Sign in with FarmtoPlate account is clickable
17:26:47.397 [main] INFO  com.demo.baseutil.Basetest - Clicked on : Sign in with FarmtoPlate account
17:26:47.411 [main] INFO  com.demo.baseutil.Basetest - Url contains farmtoplateapps.io/login
17:26:47.419 [main] INFO  com.demo.baseutil.Basetest - Sign in title matched
17:26:47.420 [main] INFO  com.demo.baseutil.Basetest - UI verified for Sigin page.
17:26:47.420 [main] INFO  com.demo.baseutil.Basetest - Sign in function call
17:26:47.420 [main] INFO  com.demo.baseutil.Basetest - Validate email address field is clicked is clickable
17:26:50.028 [main] INFO  com.demo.baseutil.Basetest - Clicked on : email address field is clicked
17:26:50.029 [main] INFO  com.demo.baseutil.Basetest - Enter the value into Email Id Entered
17:26:50.419 [main] INFO  com.demo.baseutil.Basetest - 139@yopmail.com typed into Email Id Entered
17:26:50.420 [main] INFO  com.demo.baseutil.Basetest - Validate Enter the password is clickable
17:26:52.721 [main] INFO  com.demo.baseutil.Basetest - Clicked on : Enter the password
17:26:52.722 [main] INFO  com.demo.baseutil.Basetest - Enter the value into Password Id Entered
17:26:53.026 [main] INFO  com.demo.baseutil.Basetest - Admin@1234 typed into Password Id Entered
17:26:57.101 [main] INFO  com.demo.baseutil.Basetest - Scroll down
17:26:57.101 [main] INFO  com.demo.baseutil.Basetest - Validate Press the signin button is clickable
17:27:00.066 [main] INFO  com.demo.baseutil.Basetest - Clicked on : Press the signin button
17:27:02.284 [main] INFO  com.demo.baseutil.Basetest - HomePage title  is matched
17:27:12.302 [main] INFO  com.demo.baseutil.Basetest - Validate click on trace is clickable
17:27:14.838 [main] INFO  com.demo.baseutil.Basetest - Clicked on : click on trace
17:27:16.852 [main] INFO  com.demo.baseutil.Basetest - Validate click on dashboard is clickable
17:27:19.448 [main] INFO  com.demo.baseutil.Basetest - Clicked on : click on dashboard
17:27:21.453 [main] INFO  com.demo.baseutil.Basetest - Validate click on organisation network is clickable
17:27:24.065 [main] INFO  com.demo.baseutil.Basetest - Clicked on : click on organisation network
17:27:29.141 [main] INFO  com.demo.baseutil.Basetest - Sign in title matched
17:27:29.141 [main] INFO  com.demo.baseutil.Basetest - UI verified for Organisation network page.
17:27:31.224 [main] INFO  com.demo.baseutil.Basetest - Validate click on product register is clickable
17:27:33.809 [main] INFO  com.demo.baseutil.Basetest - Clicked on : click on product register
17:27:40.863 [main] INFO  com.demo.baseutil.Basetest - Sign in title matched
17:27:40.863 [main] INFO  com.demo.baseutil.Basetest - UI verified for Product page.
17:27:41.928 [main] INFO  com.demo.baseutil.Basetest - Validate click on lots is clickable
17:27:44.464 [main] INFO  com.demo.baseutil.Basetest - Clicked on : click on lots
17:27:50.559 [main] INFO  com.demo.baseutil.Basetest - Sign in title matched
17:27:50.560 [main] INFO  com.demo.baseutil.Basetest - UI verified for Lots page.
17:27:53.227 [main] INFO  com.demo.baseutil.Basetest - Browser is closed sucessfuly
17:27:53.940 [main] INFO  com.demo.baseutil.Basetest - Browser is closed sucessfuly
17:28:08.730 [main] INFO  com.demo.baseutil.Basetest - Validate Sign in with FarmtoPlate account is clickable
17:28:11.210 [main] INFO  com.demo.baseutil.Basetest - Clicked on : Sign in with FarmtoPlate account
17:28:11.221 [main] INFO  com.demo.baseutil.Basetest - Url contains farmtoplateapps.io/login
17:28:11.232 [main] INFO  com.demo.baseutil.Basetest - Sign in title matched
17:28:11.232 [main] INFO  com.demo.baseutil.Basetest - UI verified for Sigin page.
17:28:11.232 [main] INFO  com.demo.baseutil.Basetest - Sign in function call
17:28:11.232 [main] INFO  com.demo.baseutil.Basetest - Validate email address field is clicked is clickable
17:28:13.508 [main] INFO  com.demo.baseutil.Basetest - Clicked on : email address field is clicked
17:28:13.508 [main] INFO  com.demo.baseutil.Basetest - Enter the value into Email Id Entered
17:28:13.903 [main] INFO  com.demo.baseutil.Basetest - 139@yopmail.com typed into Email Id Entered
17:28:13.904 [main] INFO  com.demo.baseutil.Basetest - Validate Enter the password is clickable
17:28:16.256 [main] INFO  com.demo.baseutil.Basetest - Clicked on : Enter the password
17:28:16.256 [main] INFO  com.demo.baseutil.Basetest - Enter the value into Password Id Entered
17:28:16.478 [main] INFO  com.demo.baseutil.Basetest - Admin@1234 typed into Password Id Entered
17:28:20.575 [main] INFO  com.demo.baseutil.Basetest - Scroll down
17:28:20.575 [main] INFO  com.demo.baseutil.Basetest - Validate Press the signin button is clickable
17:28:23.629 [main] INFO  com.demo.baseutil.Basetest - Clicked on : Press the signin button
17:28:26.052 [main] INFO  com.demo.baseutil.Basetest - HomePage title  is matched
17:28:36.076 [main] INFO  com.demo.baseutil.Basetest - Validate click on trace is clickable
17:28:38.623 [main] INFO  com.demo.baseutil.Basetest - Clicked on : click on trace
17:28:40.624 [main] INFO  com.demo.baseutil.Basetest - Validate Network Management is clicked is clickable
17:28:43.019 [main] INFO  com.demo.baseutil.Basetest - Clicked on : Network Management is clicked
17:28:48.021 [main] INFO  com.demo.baseutil.Basetest - Validate Add new is clicked is clickable
17:28:50.551 [main] INFO  com.demo.baseutil.Basetest - Clicked on : Add new is clicked
17:28:52.557 [main] INFO  com.demo.baseutil.Basetest - Validate Organisation Name is clicked is clickable
17:28:54.990 [main] INFO  com.demo.baseutil.Basetest - Clicked on : Organisation Name is clicked
17:28:54.990 [main] INFO  com.demo.baseutil.Basetest - Enter the value into Organisation is Entered
17:28:55.351 [main] INFO  com.demo.baseutil.Basetest - qbufedts typed into Organisation is Entered
17:28:55.351 [main] INFO  com.demo.baseutil.Basetest - Validate Organisation type is clicked is clickable
17:28:57.716 [main] INFO  com.demo.baseutil.Basetest - Clicked on : Organisation type is clicked
17:28:57.716 [main] INFO  com.demo.baseutil.Basetest - Validate upstream is selected is clickable
17:29:00.185 [main] INFO  com.demo.baseutil.Basetest - Clicked on : upstream is selected
17:29:00.185 [main] INFO  com.demo.baseutil.Basetest - Validate Organisation role is clicked is clickable
17:29:02.642 [main] INFO  com.demo.baseutil.Basetest - Clicked on : Organisation role is clicked
17:29:02.643 [main] INFO  com.demo.baseutil.Basetest - Validate Organisation role is selected is clickable
17:29:05.088 [main] INFO  com.demo.baseutil.Basetest - Clicked on : Organisation role is selected
17:29:05.088 [main] INFO  com.demo.baseutil.Basetest - Validate module is clicked is clickable
17:29:07.505 [main] INFO  com.demo.baseutil.Basetest - Clicked on : module is clicked
17:29:07.505 [main] INFO  com.demo.baseutil.Basetest - Validate module is selected is clickable
17:29:09.997 [main] INFO  com.demo.baseutil.Basetest - Clicked on : module is selected
17:29:09.997 [main] INFO  com.demo.baseutil.Basetest - Validate email field is clicked is clickable
17:29:12.457 [main] INFO  com.demo.baseutil.Basetest - Clicked on : email field is clicked
17:29:12.457 [main] INFO  com.demo.baseutil.Basetest - Enter the value into emailid is Entered
17:29:13.019 [main] INFO  com.demo.baseutil.Basetest - bamkjahj541@yopmail.com typed into emailid is Entered
17:29:14.035 [main] INFO  com.demo.baseutil.Basetest - Validate sendinvite button is clicked is clickable
17:29:16.515 [main] INFO  com.demo.baseutil.Basetest - Clicked on : sendinvite button is clicked
17:29:18.517 [main] INFO  com.demo.baseutil.Basetest - Validate submit is selected is clickable
17:29:20.978 [main] INFO  com.demo.baseutil.Basetest - Clicked on : submit is selected
17:29:36.190 [main] INFO  com.demo.baseutil.Basetest - Validate Email address input field is clicked is clickable
17:29:38.654 [main] INFO  com.demo.baseutil.Basetest - Clicked on : Email address input field is clicked
17:29:38.654 [main] INFO  com.demo.baseutil.Basetest - Enter the value into email address is entered
17:29:39.101 [main] INFO  com.demo.baseutil.Basetest - bamkjahj541@yopmail.com typed into email address is entered
17:29:39.104 [main] INFO  com.demo.baseutil.Basetest - Validate arrow button is clicked is clickable
17:29:42.593 [main] INFO  com.demo.baseutil.Basetest - Clicked on : arrow button is clicked
17:29:45.675 [main] INFO  com.demo.baseutil.Basetest - Validate first email is clicked is clickable
17:29:48.128 [main] INFO  com.demo.baseutil.Basetest - Clicked on : first email is clicked
17:29:50.205 [main] INFO  com.demo.baseutil.Basetest - Validate email address is clicked is clickable
17:29:52.576 [main] INFO  com.demo.baseutil.Basetest - Clicked on : email address is clicked
17:29:54.713 [main] INFO  com.demo.baseutil.Basetest - Validate pass is clicked is clickable
17:29:58.642 [main] INFO  com.demo.baseutil.Basetest - Clicked on : pass is clicked
17:29:58.642 [main] INFO  com.demo.baseutil.Basetest - Enter the value into Password is entered
17:29:59.211 [main] INFO  com.demo.baseutil.Basetest - Admin@1234 typed into Password is entered
17:29:59.211 [main] INFO  com.demo.baseutil.Basetest - Validate confirm password is clicked is clickable
17:30:01.675 [main] INFO  com.demo.baseutil.Basetest - Clicked on : confirm password is clicked
17:30:01.676 [main] INFO  com.demo.baseutil.Basetest - Enter the value into Confirm Password is entered
17:30:01.948 [main] INFO  com.demo.baseutil.Basetest - Admin@1234 typed into Confirm Password is entered
17:30:08.065 [main] INFO  com.demo.baseutil.Basetest - Scroll down
17:30:08.065 [main] INFO  com.demo.baseutil.Basetest - Validate button is clicked is clickable
17:30:10.545 [main] INFO  com.demo.baseutil.Basetest - Clicked on : button is clicked
17:30:12.550 [main] INFO  com.demo.baseutil.Basetest - Validate email address field is clicked is clickable
17:30:15.293 [main] INFO  com.demo.baseutil.Basetest - Clicked on : email address field is clicked
17:30:15.294 [main] INFO  com.demo.baseutil.Basetest - Enter the value into Email Id Entered
17:30:15.777 [main] INFO  com.demo.baseutil.Basetest - bamkjahj541@yopmail.com typed into Email Id Entered
17:30:15.777 [main] INFO  com.demo.baseutil.Basetest - Validate Enter the password is clickable
17:30:18.141 [main] INFO  com.demo.baseutil.Basetest - Clicked on : Enter the password
17:30:18.141 [main] INFO  com.demo.baseutil.Basetest - Enter the value into Password Id Entered
17:30:18.449 [main] INFO  com.demo.baseutil.Basetest - Admin@1234 typed into Password Id Entered
17:30:22.573 [main] INFO  com.demo.baseutil.Basetest - Scroll down
17:30:22.573 [main] INFO  com.demo.baseutil.Basetest - Validate Press the signin button is clickable
17:30:25.737 [main] INFO  com.demo.baseutil.Basetest - Clicked on : Press the signin button
17:30:31.739 [main] INFO  com.demo.baseutil.Basetest - Validate Press the continue button is clickable
17:30:34.366 [main] INFO  com.demo.baseutil.Basetest - Clicked on : Press the continue button
17:30:34.411 [main] INFO  com.demo.baseutil.Basetest - Scroll down successful
17:30:38.475 [main] INFO  com.demo.baseutil.Basetest - Scroll down
17:30:43.500 [main] INFO  com.demo.baseutil.Basetest - Scroll down successful
17:30:43.500 [main] INFO  com.demo.baseutil.Basetest - Validate Press the signin button is clickable
17:30:45.969 [main] INFO  com.demo.baseutil.Basetest - Clicked on : Press the signin button
17:30:45.969 [main] INFO  com.demo.baseutil.Basetest - Validate Press the button is clickable
17:30:48.597 [main] INFO  com.demo.baseutil.Basetest - Clicked on : Press the button
17:30:48.774 [main] INFO  com.demo.baseutil.Basetest - Browser is closed sucessfuly
17:30:49.456 [main] INFO  com.demo.baseutil.Basetest - Browser is closed sucessfuly
17:31:02.502 [main] INFO  com.demo.baseutil.Basetest - Validate Sign in with FarmtoPlate account is clickable
17:31:04.854 [main] INFO  com.demo.baseutil.Basetest - Clicked on : Sign in with FarmtoPlate account
17:31:04.869 [main] INFO  com.demo.baseutil.Basetest - Url contains farmtoplateapps.io/login
17:31:04.879 [main] INFO  com.demo.baseutil.Basetest - Sign in title matched
17:31:04.879 [main] INFO  com.demo.baseutil.Basetest - UI verified for Sigin page.
17:31:04.879 [main] INFO  com.demo.baseutil.Basetest - Sign in function call
17:31:04.879 [main] INFO  com.demo.baseutil.Basetest - Validate email address field is clicked is clickable
17:31:07.112 [main] INFO  com.demo.baseutil.Basetest - Clicked on : email address field is clicked
17:31:07.113 [main] INFO  com.demo.baseutil.Basetest - Enter the value into Email Id Entered
17:31:07.485 [main] INFO  com.demo.baseutil.Basetest - 139@yopmail.com typed into Email Id Entered
17:31:07.485 [main] INFO  com.demo.baseutil.Basetest - Validate Enter the password is clickable
17:31:09.823 [main] INFO  com.demo.baseutil.Basetest - Clicked on : Enter the password
17:31:09.823 [main] INFO  com.demo.baseutil.Basetest - Enter the value into Password Id Entered
17:31:10.118 [main] INFO  com.demo.baseutil.Basetest - Admin@1234 typed into Password Id Entered
17:31:14.289 [main] INFO  com.demo.baseutil.Basetest - Scroll down
17:31:14.289 [main] INFO  com.demo.baseutil.Basetest - Validate Press the signin button is clickable
17:31:16.996 [main] INFO  com.demo.baseutil.Basetest - Clicked on : Press the signin button
17:31:19.003 [main] INFO  com.demo.baseutil.Basetest - HomePage title  is matched
17:31:29.038 [main] INFO  com.demo.baseutil.Basetest - Validate click on trace is clickable
17:31:31.425 [main] INFO  com.demo.baseutil.Basetest - Clicked on : click on trace
17:31:37.512 [main] INFO  com.demo.baseutil.Basetest - Validate Asset & Infrastructure Data is clicked is clickable
17:31:40.280 [main] INFO  com.demo.baseutil.Basetest - Clicked on : Asset & Infrastructure Data is clicked
17:31:42.296 [main] INFO  com.demo.baseutil.Basetest - Validate Assets is clicked is clickable
17:31:45.009 [main] INFO  com.demo.baseutil.Basetest - Clicked on : Assets is clicked
17:31:47.023 [main] INFO  com.demo.baseutil.Basetest - Validate Add new is clicked is clickable
17:31:49.491 [main] INFO  com.demo.baseutil.Basetest - Clicked on : Add new is clicked
17:31:51.501 [main] INFO  com.demo.baseutil.Basetest - Validate Asset type is clicked is clickable
17:31:54.116 [main] INFO  com.demo.baseutil.Basetest - Clicked on : Asset type is clicked
17:31:54.116 [main] INFO  com.demo.baseutil.Basetest - Validate vehicle is selected is clickable
17:31:56.635 [main] INFO  com.demo.baseutil.Basetest - Clicked on : vehicle is selected
17:31:56.635 [main] INFO  com.demo.baseutil.Basetest - Validate Click on Vehicle Name is clickable
17:31:59.056 [main] INFO  com.demo.baseutil.Basetest - Clicked on : Click on Vehicle Name
17:31:59.057 [main] INFO  com.demo.baseutil.Basetest - Enter the value into enter the vehicle name
17:31:59.375 [main] INFO  com.demo.baseutil.Basetest - Loading VehicleaSvK typed into enter the vehicle name
17:31:59.375 [main] INFO  com.demo.baseutil.Basetest - Validate Click on Vehicle Number is clickable
17:32:01.823 [main] INFO  com.demo.baseutil.Basetest - Clicked on : Click on Vehicle Number
17:32:01.823 [main] INFO  com.demo.baseutil.Basetest - Enter the value into Enter the vehicle number
17:32:02.163 [main] INFO  com.demo.baseutil.Basetest - UjLYjiqK typed into Enter the vehicle number
17:32:02.163 [main] INFO  com.demo.baseutil.Basetest - Validate click the dropdown of carrier is clickable
17:32:04.750 [main] INFO  com.demo.baseutil.Basetest - Clicked on : click the dropdown of carrier
17:32:04.751 [main] INFO  com.demo.baseutil.Basetest - Validate click the tanker is clickable
17:32:07.262 [main] INFO  com.demo.baseutil.Basetest - Clicked on : click the tanker
17:32:07.262 [main] INFO  com.demo.baseutil.Basetest - Validate Click on Make is clickable
17:32:09.739 [main] INFO  com.demo.baseutil.Basetest - Clicked on : Click on Make
17:32:09.739 [main] INFO  com.demo.baseutil.Basetest - Enter the value into enter the make
17:32:10.012 [main] INFO  com.demo.baseutil.Basetest - Mahindra typed into enter the make
17:32:10.023 [main] INFO  com.demo.baseutil.Basetest - Validate Click on Model is clickable
17:32:12.438 [main] INFO  com.demo.baseutil.Basetest - Clicked on : Click on Model
17:32:12.438 [main] INFO  com.demo.baseutil.Basetest - Enter the value into enter the model
17:32:12.857 [main] INFO  com.demo.baseutil.Basetest - XUV typed into enter the model
17:32:12.858 [main] INFO  com.demo.baseutil.Basetest - Validate Click on Model is clickable
17:32:15.323 [main] INFO  com.demo.baseutil.Basetest - Clicked on : Click on Model
17:32:15.324 [main] INFO  com.demo.baseutil.Basetest - Enter the value into enter the model
17:32:15.763 [main] INFO  com.demo.baseutil.Basetest - XUV typed into enter the model
17:32:15.765 [main] INFO  com.demo.baseutil.Basetest - Validate Click on Vehicle Number is clickable
17:32:18.205 [main] INFO  com.demo.baseutil.Basetest - Clicked on : Click on Vehicle Number
17:32:18.205 [main] INFO  com.demo.baseutil.Basetest - Enter the value into Enter the engine number
17:32:18.663 [main] INFO  com.demo.baseutil.Basetest - IirVPidf typed into Enter the engine number
17:32:18.664 [main] INFO  com.demo.baseutil.Basetest - Validate Click on Class-GVWR is clickable
17:32:21.174 [main] INFO  com.demo.baseutil.Basetest - Clicked on : Click on Class-GVWR
17:32:21.174 [main] INFO  com.demo.baseutil.Basetest - Enter the value into enter the classgvwr
17:32:21.532 [main] INFO  com.demo.baseutil.Basetest - Class I typed into enter the classgvwr
17:32:21.532 [main] INFO  com.demo.baseutil.Basetest - Validate Click on Weight Capacity is clickable
17:32:24.041 [main] INFO  com.demo.baseutil.Basetest - Clicked on : Click on Weight Capacity
17:32:24.042 [main] INFO  com.demo.baseutil.Basetest - Enter the value into enter the weight capacity
17:32:24.767 [main] INFO  com.demo.baseutil.Basetest - 100 typed into enter the weight capacity
17:32:29.232 [main] INFO  com.demo.baseutil.Basetest - Scroll down
17:32:29.281 [main] INFO  com.demo.baseutil.Basetest - Scroll down successful
17:32:29.281 [main] INFO  com.demo.baseutil.Basetest - Validate Click on Add button is clickable
17:32:32.406 [main] INFO  com.demo.baseutil.Basetest - Clicked on : Click on Add button
17:32:33.558 [main] INFO  com.demo.baseutil.Basetest - Browser is closed sucessfuly
17:32:34.160 [main] INFO  com.demo.baseutil.Basetest - Browser is closed sucessfuly
17:32:47.977 [main] INFO  com.demo.baseutil.Basetest - Validate Sign in with FarmtoPlate account is clickable
17:32:50.337 [main] INFO  com.demo.baseutil.Basetest - Clicked on : Sign in with FarmtoPlate account
17:32:50.351 [main] INFO  com.demo.baseutil.Basetest - Url contains farmtoplateapps.io/login
17:32:50.361 [main] INFO  com.demo.baseutil.Basetest - Sign in title matched
17:32:50.361 [main] INFO  com.demo.baseutil.Basetest - UI verified for Sigin page.
17:32:50.361 [main] INFO  com.demo.baseutil.Basetest - Sign in function call
17:32:50.361 [main] INFO  com.demo.baseutil.Basetest - Validate email address field is clicked is clickable
17:32:52.760 [main] INFO  com.demo.baseutil.Basetest - Clicked on : email address field is clicked
17:32:52.760 [main] INFO  com.demo.baseutil.Basetest - Enter the value into Email Id Entered
17:32:55.368 [main] INFO  com.demo.baseutil.Basetest - 139@yopmail.com typed into Email Id Entered
17:32:55.369 [main] INFO  com.demo.baseutil.Basetest - Validate Enter the password is clickable
17:32:57.756 [main] INFO  com.demo.baseutil.Basetest - Clicked on : Enter the password
17:32:57.756 [main] INFO  com.demo.baseutil.Basetest - Enter the value into Password Id Entered
17:32:58.092 [main] INFO  com.demo.baseutil.Basetest - Admin@1234 typed into Password Id Entered
17:33:02.174 [main] INFO  com.demo.baseutil.Basetest - Scroll down
17:33:02.174 [main] INFO  com.demo.baseutil.Basetest - Validate Press the signin button is clickable
17:33:05.577 [main] INFO  com.demo.baseutil.Basetest - Clicked on : Press the signin button
17:33:07.886 [main] INFO  com.demo.baseutil.Basetest - HomePage title  is matched
17:33:17.903 [main] INFO  com.demo.baseutil.Basetest - Validate click on trace is clickable
17:33:20.484 [main] INFO  com.demo.baseutil.Basetest - Clicked on : click on trace
17:33:26.573 [main] INFO  com.demo.baseutil.Basetest - Validate Asset & Infrastructure Data is clicked is clickable
17:33:29.120 [main] INFO  com.demo.baseutil.Basetest - Clicked on : Asset & Infrastructure Data is clicked
17:33:31.122 [main] INFO  com.demo.baseutil.Basetest - Validate Infra is clicked is clickable
17:33:33.978 [main] INFO  com.demo.baseutil.Basetest - Clicked on : Infra is clicked
17:33:35.983 [main] INFO  com.demo.baseutil.Basetest - Validate Add new is clicked is clickable
17:33:38.766 [main] INFO  com.demo.baseutil.Basetest - Clicked on : Add new is clicked
17:33:40.779 [main] INFO  com.demo.baseutil.Basetest - Validate Click on Location Name is clickable
17:33:43.170 [main] INFO  com.demo.baseutil.Basetest - Clicked on : Click on Location Name
17:33:43.170 [main] INFO  com.demo.baseutil.Basetest - Enter the value into enter the location name
17:33:43.506 [main] INFO  com.demo.baseutil.Basetest - Warehouse B typed into enter the location name
17:33:43.506 [main] INFO  com.demo.baseutil.Basetest - Validate Asset type is clicked is clickable
17:33:45.900 [main] INFO  com.demo.baseutil.Basetest - Clicked on : Asset type is clicked
17:33:45.900 [main] INFO  com.demo.baseutil.Basetest - Validate vehicle is selected is clickable
17:33:48.308 [main] INFO  com.demo.baseutil.Basetest - Clicked on : vehicle is selected
17:33:48.310 [main] INFO  com.demo.baseutil.Basetest - Validate Click on GLN is clickable
17:33:51.100 [main] INFO  com.demo.baseutil.Basetest - Clicked on : Click on GLN
17:33:51.101 [main] INFO  com.demo.baseutil.Basetest - Enter the value into enter the GLN
17:33:51.455 [main] INFO  com.demo.baseutil.Basetest - 0537075120705 typed into enter the GLN
17:33:51.455 [main] INFO  com.demo.baseutil.Basetest - Validate Click on address is clickable
17:33:54.017 [main] INFO  com.demo.baseutil.Basetest - Clicked on : Click on address
17:33:54.021 [main] INFO  com.demo.baseutil.Basetest - Enter the value into enter the  address
17:33:54.770 [main] INFO  com.demo.baseutil.Basetest - Bangalore Palace, Palace Cross Road, Vasanth Nagar, Bengaluru, Karnataka, India typed into enter the  address
17:33:54.770 [main] INFO  com.demo.baseutil.Basetest - Validate Click on state is clickable
17:33:57.270 [main] INFO  com.demo.baseutil.Basetest - Clicked on : Click on state
17:33:57.270 [main] INFO  com.demo.baseutil.Basetest - Enter the value into Enetered the state
17:33:57.832 [main] INFO  com.demo.baseutil.Basetest - KA typed into Enetered the state
17:33:57.833 [main] INFO  com.demo.baseutil.Basetest - Validate Click on city is clickable
17:34:00.372 [main] INFO  com.demo.baseutil.Basetest - Clicked on : Click on city
17:34:00.373 [main] INFO  com.demo.baseutil.Basetest - Enter the value into Enetered the city
17:34:00.766 [main] INFO  com.demo.baseutil.Basetest - Bengaluru typed into Enetered the city
17:34:00.766 [main] INFO  com.demo.baseutil.Basetest - Validate Click on country is clickable
17:34:03.303 [main] INFO  com.demo.baseutil.Basetest - Clicked on : Click on country
17:34:03.306 [main] INFO  com.demo.baseutil.Basetest - Enter the value into Enetered the city
17:34:03.797 [main] INFO  com.demo.baseutil.Basetest - India typed into Enetered the city
17:34:03.797 [main] INFO  com.demo.baseutil.Basetest - Validate Click on zip is clickable
17:34:06.570 [main] INFO  com.demo.baseutil.Basetest - Clicked on : Click on zip
17:34:06.570 [main] INFO  com.demo.baseutil.Basetest - Enter the value into Enetred the Zip
17:34:07.008 [main] INFO  com.demo.baseutil.Basetest - 560052 typed into Enetred the Zip
17:34:11.119 [main] INFO  com.demo.baseutil.Basetest - Scroll down
17:34:11.119 [main] INFO  com.demo.baseutil.Basetest - Validate Click on Add button is clickable
17:34:13.687 [main] INFO  com.demo.baseutil.Basetest - Clicked on : Click on Add button
17:34:14.892 [main] INFO  com.demo.baseutil.Basetest - Browser is closed sucessfuly
17:34:15.986 [main] INFO  com.demo.baseutil.Basetest - Browser is closed sucessfuly
17:34:32.670 [main] INFO  com.demo.baseutil.Basetest - Validate Sign in with FarmtoPlate account is clickable
17:34:35.209 [main] INFO  com.demo.baseutil.Basetest - Clicked on : Sign in with FarmtoPlate account
17:34:35.230 [main] INFO  com.demo.baseutil.Basetest - Url contains farmtoplateapps.io/login
17:34:35.252 [main] INFO  com.demo.baseutil.Basetest - Sign in title matched
17:34:35.252 [main] INFO  com.demo.baseutil.Basetest - UI verified for Sigin page.
17:34:35.252 [main] INFO  com.demo.baseutil.Basetest - Sign in function call
17:34:35.252 [main] INFO  com.demo.baseutil.Basetest - Validate email address field is clicked is clickable
17:34:38.060 [main] INFO  com.demo.baseutil.Basetest - Clicked on : email address field is clicked
17:34:38.061 [main] INFO  com.demo.baseutil.Basetest - Enter the value into Email Id Entered
17:34:38.469 [main] INFO  com.demo.baseutil.Basetest - 139@yopmail.com typed into Email Id Entered
17:34:38.477 [main] INFO  com.demo.baseutil.Basetest - Validate Enter the password is clickable
17:34:40.820 [main] INFO  com.demo.baseutil.Basetest - Clicked on : Enter the password
17:34:40.821 [main] INFO  com.demo.baseutil.Basetest - Enter the value into Password Id Entered
17:34:41.169 [main] INFO  com.demo.baseutil.Basetest - Admin@1234 typed into Password Id Entered
17:34:45.285 [main] INFO  com.demo.baseutil.Basetest - Scroll down
17:34:45.285 [main] INFO  com.demo.baseutil.Basetest - Validate Press the signin button is clickable
17:34:48.492 [main] INFO  com.demo.baseutil.Basetest - Clicked on : Press the signin button
17:34:50.919 [main] INFO  com.demo.baseutil.Basetest - HomePage title  is matched
17:35:00.936 [main] INFO  com.demo.baseutil.Basetest - Validate click on trace is clickable
17:35:03.429 [main] INFO  com.demo.baseutil.Basetest - Clicked on : click on trace
17:35:09.523 [main] INFO  com.demo.baseutil.Basetest - Validate Asset & Infrastructure Data is clicked is clickable
17:35:12.222 [main] INFO  com.demo.baseutil.Basetest - Clicked on : Asset & Infrastructure Data is clicked
17:35:14.233 [main] INFO  com.demo.baseutil.Basetest - Validate Assets is clicked is clickable
17:35:16.874 [main] INFO  com.demo.baseutil.Basetest - Clicked on : Assets is clicked
17:35:21.880 [main] INFO  com.demo.baseutil.Basetest - Validate Add new is clicked is clickable
17:35:24.808 [main] INFO  com.demo.baseutil.Basetest - Clicked on : Add new is clicked
17:35:29.822 [main] INFO  com.demo.baseutil.Basetest - Validate Asset type is clicked is clickable
17:35:32.341 [main] INFO  com.demo.baseutil.Basetest - Clicked on : Asset type is clicked
17:35:32.342 [main] INFO  com.demo.baseutil.Basetest - Validate Click on Vehicle Name is clickable
17:35:34.847 [main] INFO  com.demo.baseutil.Basetest - Clicked on : Click on Vehicle Name
17:35:36.862 [main] INFO  com.demo.baseutil.Basetest - Validate container name is clicked is clickable
17:35:39.467 [main] INFO  com.demo.baseutil.Basetest - Clicked on : container name is clicked
17:35:39.467 [main] INFO  com.demo.baseutil.Basetest - Enter the value into enter the container name
17:35:40.091 [main] INFO  com.demo.baseutil.Basetest - containerr850850850 typed into enter the container name
17:35:42.114 [main] INFO  com.demo.baseutil.Basetest - Validate length is clicked is clickable
17:35:44.599 [main] INFO  com.demo.baseutil.Basetest - Clicked on : length is clicked
17:35:46.607 [main] INFO  com.demo.baseutil.Basetest - Enter the value into enter the length
17:35:46.892 [main] INFO  com.demo.baseutil.Basetest - 10 typed into enter the length
17:35:46.892 [main] INFO  com.demo.baseutil.Basetest - Validate breadth is clicked is clickable
17:35:49.418 [main] INFO  com.demo.baseutil.Basetest - Clicked on : breadth is clicked
17:35:49.419 [main] INFO  com.demo.baseutil.Basetest - Enter the value into breath entered
17:35:49.972 [main] INFO  com.demo.baseutil.Basetest - 10 typed into breath entered
17:35:51.983 [main] INFO  com.demo.baseutil.Basetest - Validate height is clicked is clickable
17:35:54.465 [main] INFO  com.demo.baseutil.Basetest - Clicked on : height is clicked
17:35:56.473 [main] INFO  com.demo.baseutil.Basetest - Enter the value into height entered
17:35:56.804 [main] INFO  com.demo.baseutil.Basetest - 20 typed into height entered
17:35:58.817 [main] INFO  com.demo.baseutil.Basetest - Validate dom is clicked is clickable
17:36:01.154 [main] INFO  com.demo.baseutil.Basetest - Clicked on : dom is clicked
17:36:03.161 [main] INFO  com.demo.baseutil.Basetest - Validate ft is clicked is clickable
17:36:05.674 [main] INFO  com.demo.baseutil.Basetest - Clicked on : ft is clicked
17:36:07.684 [main] INFO  com.demo.baseutil.Basetest - Validate wt is clicked is clickable
17:36:10.131 [main] INFO  com.demo.baseutil.Basetest - Clicked on : wt is clicked
17:36:12.138 [main] INFO  com.demo.baseutil.Basetest - Enter the value into weight entered
17:36:12.433 [main] INFO  com.demo.baseutil.Basetest - 1000 typed into weight entered
17:36:14.435 [main] INFO  com.demo.baseutil.Basetest - Validate wtcap is clicked is clickable
17:36:17.043 [main] INFO  com.demo.baseutil.Basetest - Clicked on : wtcap is clicked
17:36:19.060 [main] INFO  com.demo.baseutil.Basetest - Validate tons is clicked is clickable
17:36:21.378 [main] INFO  com.demo.baseutil.Basetest - Clicked on : tons is clicked
17:36:23.387 [main] INFO  com.demo.baseutil.Basetest - Validate Click on Add button is clickable
17:36:25.851 [main] INFO  com.demo.baseutil.Basetest - Clicked on : Click on Add button
17:36:32.016 [main] INFO  com.demo.baseutil.Basetest - Browser is closed sucessfuly
17:36:32.657 [main] INFO  com.demo.baseutil.Basetest - Browser is closed sucessfuly
17:36:46.443 [main] INFO  com.demo.baseutil.Basetest - Validate Sign in with FarmtoPlate account is clickable
17:36:48.865 [main] INFO  com.demo.baseutil.Basetest - Clicked on : Sign in with FarmtoPlate account
17:36:48.880 [main] INFO  com.demo.baseutil.Basetest - Url contains farmtoplateapps.io/login
17:36:48.899 [main] INFO  com.demo.baseutil.Basetest - Sign in title matched
17:36:48.900 [main] INFO  com.demo.baseutil.Basetest - UI verified for Sigin page.
17:36:48.900 [main] INFO  com.demo.baseutil.Basetest - Sign in function call
17:36:48.900 [main] INFO  com.demo.baseutil.Basetest - Validate email address field is clicked is clickable
17:36:51.210 [main] INFO  com.demo.baseutil.Basetest - Clicked on : email address field is clicked
17:36:51.211 [main] INFO  com.demo.baseutil.Basetest - Enter the value into Email Id Entered
17:36:51.593 [main] INFO  com.demo.baseutil.Basetest - 139@yopmail.com typed into Email Id Entered
17:36:51.593 [main] INFO  com.demo.baseutil.Basetest - Validate Enter the password is clickable
17:36:53.965 [main] INFO  com.demo.baseutil.Basetest - Clicked on : Enter the password
17:36:53.965 [main] INFO  com.demo.baseutil.Basetest - Enter the value into Password Id Entered
17:36:54.307 [main] INFO  com.demo.baseutil.Basetest - Admin@1234 typed into Password Id Entered
17:36:58.381 [main] INFO  com.demo.baseutil.Basetest - Scroll down
17:36:58.381 [main] INFO  com.demo.baseutil.Basetest - Validate Press the signin button is clickable
17:37:01.139 [main] INFO  com.demo.baseutil.Basetest - Clicked on : Press the signin button
17:37:04.225 [main] INFO  com.demo.baseutil.Basetest - HomePage title  is matched
17:37:14.247 [main] INFO  com.demo.baseutil.Basetest - Validate click on trace is clickable
17:37:16.609 [main] INFO  com.demo.baseutil.Basetest - Clicked on : click on trace
17:37:22.736 [main] INFO  com.demo.baseutil.Basetest - Validate User Management is clicked is clickable
17:37:25.199 [main] INFO  com.demo.baseutil.Basetest - Clicked on : User Management is clicked
17:37:27.214 [main] INFO  com.demo.baseutil.Basetest - Validate users is clicked is clickable
17:37:29.985 [main] INFO  com.demo.baseutil.Basetest - Clicked on : users is clicked
17:37:31.995 [main] INFO  com.demo.baseutil.Basetest - Validate Add new is clicked is clickable
17:37:34.626 [main] INFO  com.demo.baseutil.Basetest - Clicked on : Add new is clicked
17:37:36.633 [main] INFO  com.demo.baseutil.Basetest - Validate first name is clicked is clickable
17:37:39.145 [main] INFO  com.demo.baseutil.Basetest - Clicked on : first name is clicked
17:37:41.152 [main] INFO  com.demo.baseutil.Basetest - Enter the value into first name is entered
17:37:41.483 [main] INFO  com.demo.baseutil.Basetest - abc typed into first name is entered
17:37:43.496 [main] INFO  com.demo.baseutil.Basetest - Validate last name is clicked is clickable
17:37:45.849 [main] INFO  com.demo.baseutil.Basetest - Clicked on : last name is clicked
17:37:47.853 [main] INFO  com.demo.baseutil.Basetest - Enter the value into lastname name is entered
17:37:48.189 [main] INFO  com.demo.baseutil.Basetest - abc typed into lastname name is entered
17:37:50.199 [main] INFO  com.demo.baseutil.Basetest - Validate modulename is clicked is clickable
17:37:52.796 [main] INFO  com.demo.baseutil.Basetest - Clicked on : modulename is clicked
17:37:54.804 [main] INFO  com.demo.baseutil.Basetest - Validate module name is clicked is clickable
17:37:57.276 [main] INFO  com.demo.baseutil.Basetest - Clicked on : module name is clicked
17:37:59.278 [main] INFO  com.demo.baseutil.Basetest - Validate assignrole is clicked is clickable
17:38:01.823 [main] INFO  com.demo.baseutil.Basetest - Clicked on : assignrole is clicked
17:38:03.835 [main] INFO  com.demo.baseutil.Basetest - Validate assignitem is clicked is clickable
17:38:06.311 [main] INFO  com.demo.baseutil.Basetest - Clicked on : assignitem is clicked
17:38:08.315 [main] INFO  com.demo.baseutil.Basetest - Validate emailuser is clicked is clickable
17:38:10.862 [main] INFO  com.demo.baseutil.Basetest - Clicked on : emailuser is clicked
17:38:12.870 [main] INFO  com.demo.baseutil.Basetest - Enter the value into eamil is entered
17:38:13.490 [main] INFO  com.demo.baseutil.Basetest - abc169@yopmail.com typed into eamil is entered
17:38:15.498 [main] INFO  com.demo.baseutil.Basetest - Validate countrycode is clicked is clickable
17:38:18.062 [main] INFO  com.demo.baseutil.Basetest - Clicked on : countrycode is clicked
17:38:20.066 [main] INFO  com.demo.baseutil.Basetest - Enter the value into countrycode is entered
17:38:20.522 [main] INFO  com.demo.baseutil.Basetest - +91 typed into countrycode is entered
17:38:24.538 [main] INFO  com.demo.baseutil.Basetest - Validate countrycode select is clicked is clickable
17:38:27.054 [main] INFO  com.demo.baseutil.Basetest - Clicked on : countrycode select is clicked
17:38:29.068 [main] INFO  com.demo.baseutil.Basetest - Validate phnumber is clicked is clickable
17:38:31.547 [main] INFO  com.demo.baseutil.Basetest - Clicked on : phnumber is clicked
17:38:33.552 [main] INFO  com.demo.baseutil.Basetest - Enter the value into phnumber is entered
17:38:33.985 [main] INFO  com.demo.baseutil.Basetest - 0226444450 typed into phnumber is entered
17:38:37.986 [main] INFO  com.demo.baseutil.Basetest - Validate send invite user  is clicked is clickable
17:38:40.563 [main] INFO  com.demo.baseutil.Basetest - Clicked on : send invite user  is clicked
17:38:44.701 [main] INFO  com.demo.baseutil.Basetest - Validate Email address input field is clicked is clickable
17:38:49.957 [main] INFO  com.demo.baseutil.Basetest - Clicked on : Email address input field is clicked
17:38:49.957 [main] INFO  com.demo.baseutil.Basetest - Enter the value into email address is entered
17:38:50.551 [main] INFO  com.demo.baseutil.Basetest - abc169@yopmail.com typed into email address is entered
17:38:50.552 [main] INFO  com.demo.baseutil.Basetest - Validate arrow button is clicked is clickable
17:38:54.212 [main] INFO  com.demo.baseutil.Basetest - Clicked on : arrow button is clicked
17:38:57.310 [main] INFO  com.demo.baseutil.Basetest - Validate first email is clicked is clickable
17:38:59.781 [main] INFO  com.demo.baseutil.Basetest - Clicked on : first email is clicked
17:39:01.903 [main] INFO  com.demo.baseutil.Basetest - Validate email address is clicked is clickable
17:39:04.480 [main] INFO  com.demo.baseutil.Basetest - Clicked on : email address is clicked
17:39:07.589 [main] INFO  com.demo.baseutil.Basetest - Validate pass is clicked is clickable
17:39:11.291 [main] INFO  com.demo.baseutil.Basetest - Clicked on : pass is clicked
17:39:11.291 [main] INFO  com.demo.baseutil.Basetest - Enter the value into Password is entered
17:39:11.790 [main] INFO  com.demo.baseutil.Basetest - Admin@1234 typed into Password is entered
17:39:11.790 [main] INFO  com.demo.baseutil.Basetest - Validate confirm password is clicked is clickable
17:39:14.292 [main] INFO  com.demo.baseutil.Basetest - Clicked on : confirm password is clicked
17:39:14.292 [main] INFO  com.demo.baseutil.Basetest - Enter the value into Confirm Password is entered
17:39:14.683 [main] INFO  com.demo.baseutil.Basetest - Admin@1234 typed into Confirm Password is entered
17:39:16.755 [main] INFO  com.demo.baseutil.Basetest - Scroll down successful
17:39:16.755 [main] INFO  com.demo.baseutil.Basetest - Validate button is clicked is clickable
17:39:19.252 [main] INFO  com.demo.baseutil.Basetest - Clicked on : button is clicked
17:39:21.262 [main] INFO  com.demo.baseutil.Basetest - Validate email address field is clicked is clickable
17:39:23.863 [main] INFO  com.demo.baseutil.Basetest - Clicked on : email address field is clicked
17:39:23.863 [main] INFO  com.demo.baseutil.Basetest - Enter the value into Email Id Entered
17:39:24.463 [main] INFO  com.demo.baseutil.Basetest - abc169@yopmail.com typed into Email Id Entered
17:39:24.463 [main] INFO  com.demo.baseutil.Basetest - Validate Enter the password is clickable
17:39:26.858 [main] INFO  com.demo.baseutil.Basetest - Clicked on : Enter the password
17:39:26.858 [main] INFO  com.demo.baseutil.Basetest - Enter the value into Password Id Entered
17:39:27.248 [main] INFO  com.demo.baseutil.Basetest - Admin@1234 typed into Password Id Entered
17:39:27.271 [main] INFO  com.demo.baseutil.Basetest - Scroll down successful
17:39:27.271 [main] INFO  com.demo.baseutil.Basetest - Validate Press the signin button is clickable
17:39:30.464 [main] INFO  com.demo.baseutil.Basetest - Clicked on : Press the signin button
17:39:33.498 [main] INFO  com.demo.baseutil.Basetest - Scroll down successful
17:39:34.512 [main] INFO  com.demo.baseutil.Basetest - Validate Press the button is clickable
17:39:36.961 [main] INFO  com.demo.baseutil.Basetest - Clicked on : Press the button
17:39:36.978 [main] INFO  com.demo.baseutil.Basetest - Scroll down successful
17:39:36.978 [main] INFO  com.demo.baseutil.Basetest - Validate Press the signin button is clickable
17:39:39.463 [main] INFO  com.demo.baseutil.Basetest - Clicked on : Press the signin button
17:39:41.474 [main] INFO  com.demo.baseutil.Basetest - Validate Press the button is clickable
17:39:44.093 [main] INFO  com.demo.baseutil.Basetest - Clicked on : Press the button
17:39:44.262 [main] INFO  com.demo.baseutil.Basetest - Browser is closed sucessfuly
17:39:45.069 [main] INFO  com.demo.baseutil.Basetest - Browser is closed sucessfuly
17:39:58.125 [main] INFO  com.demo.baseutil.Basetest - Validate Sign in with FarmtoPlate account is clickable
17:40:00.598 [main] INFO  com.demo.baseutil.Basetest - Clicked on : Sign in with FarmtoPlate account
17:40:00.612 [main] INFO  com.demo.baseutil.Basetest - Url contains farmtoplateapps.io/login
17:40:00.628 [main] INFO  com.demo.baseutil.Basetest - Sign in title matched
17:40:00.628 [main] INFO  com.demo.baseutil.Basetest - UI verified for Sigin page.
17:40:00.629 [main] INFO  com.demo.baseutil.Basetest - Sign in function call
17:40:00.629 [main] INFO  com.demo.baseutil.Basetest - Validate email address field is clicked is clickable
17:40:03.309 [main] INFO  com.demo.baseutil.Basetest - Clicked on : email address field is clicked
17:40:03.310 [main] INFO  com.demo.baseutil.Basetest - Enter the value into Email Id Entered
17:40:03.685 [main] INFO  com.demo.baseutil.Basetest - 139@yopmail.com typed into Email Id Entered
17:40:03.686 [main] INFO  com.demo.baseutil.Basetest - Validate Enter the password is clickable
17:40:06.052 [main] INFO  com.demo.baseutil.Basetest - Clicked on : Enter the password
17:40:06.052 [main] INFO  com.demo.baseutil.Basetest - Enter the value into Password Id Entered
17:40:06.442 [main] INFO  com.demo.baseutil.Basetest - Admin@1234 typed into Password Id Entered
17:40:10.515 [main] INFO  com.demo.baseutil.Basetest - Scroll down
17:40:10.515 [main] INFO  com.demo.baseutil.Basetest - Validate Press the signin button is clickable
17:40:13.652 [main] INFO  com.demo.baseutil.Basetest - Clicked on : Press the signin button
17:40:16.023 [main] INFO  com.demo.baseutil.Basetest - HomePage title  is matched
17:40:26.031 [main] INFO  com.demo.baseutil.Basetest - Validate click on trace is clickable
17:40:28.536 [main] INFO  com.demo.baseutil.Basetest - Clicked on : click on trace
17:40:34.611 [main] INFO  com.demo.baseutil.Basetest - Validate User Management is clicked is clickable
17:40:37.314 [main] INFO  com.demo.baseutil.Basetest - Clicked on : User Management is clicked
17:40:39.320 [main] INFO  com.demo.baseutil.Basetest - Validate roles is clicked is clickable
17:40:41.913 [main] INFO  com.demo.baseutil.Basetest - Clicked on : roles is clicked
17:40:43.919 [main] INFO  com.demo.baseutil.Basetest - Validate Add new is clicked is clickable
17:40:46.394 [main] INFO  com.demo.baseutil.Basetest - Clicked on : Add new is clicked
17:40:51.409 [main] INFO  com.demo.baseutil.Basetest - Validate role name is clicked is clickable
17:40:53.822 [main] INFO  com.demo.baseutil.Basetest - Clicked on : role name is clicked
17:40:55.830 [main] INFO  com.demo.baseutil.Basetest - Enter the value into rolename is entered
17:40:56.246 [main] INFO  com.demo.baseutil.Basetest - rolename634 typed into rolename is entered
17:40:58.255 [main] INFO  com.demo.baseutil.Basetest - Validate roletype is clicked is clickable
17:41:00.799 [main] INFO  com.demo.baseutil.Basetest - Clicked on : roletype is clicked
17:41:02.807 [main] INFO  com.demo.baseutil.Basetest - Validate Admin is clicked is clickable
17:41:05.249 [main] INFO  com.demo.baseutil.Basetest - Clicked on : Admin is clicked
17:41:07.273 [main] INFO  com.demo.baseutil.Basetest - Scroll down successful
17:41:09.296 [main] INFO  com.demo.baseutil.Basetest - Validate modulename is clicked is clickable
17:41:11.772 [main] INFO  com.demo.baseutil.Basetest - Clicked on : modulename is clicked
17:41:13.781 [main] INFO  com.demo.baseutil.Basetest - Validate module name is clicked is clickable
17:41:16.290 [main] INFO  com.demo.baseutil.Basetest - Clicked on : module name is clicked
17:41:18.299 [main] INFO  com.demo.baseutil.Basetest - Validate orgdept is clicked is clickable
17:41:20.788 [main] INFO  com.demo.baseutil.Basetest - Clicked on : orgdept is clicked
17:41:22.795 [main] INFO  com.demo.baseutil.Basetest - Validate orgdeptselect is clicked is clickable
17:41:25.365 [main] INFO  com.demo.baseutil.Basetest - Clicked on : orgdeptselect is clicked
17:41:27.371 [main] INFO  com.demo.baseutil.Basetest - Validate nxtbutton is clicked is clickable
17:41:29.861 [main] INFO  com.demo.baseutil.Basetest - Clicked on : nxtbutton is clicked
17:41:37.864 [main] INFO  com.demo.baseutil.Basetest - Scroll till the nxtbutton1 scrolled
17:41:38.006 [main] INFO  com.demo.baseutil.Basetest - Scroll till the nxtbutton1 scrolled completed
17:41:40.020 [main] INFO  com.demo.baseutil.Basetest - Validate nxtbutton1 is clicked is clickable
17:41:42.621 [main] INFO  com.demo.baseutil.Basetest - Clicked on : nxtbutton1 is clicked
17:42:01.003 [main] INFO  com.demo.baseutil.Basetest - Validate update1 select is clicked is clickable
17:42:03.931 [main] INFO  com.demo.baseutil.Basetest - Clicked on : update1 select is clicked
17:42:05.939 [main] INFO  com.demo.baseutil.Basetest - Validate update2 is clicked is clickable
17:42:08.490 [main] INFO  com.demo.baseutil.Basetest - Clicked on : update2 is clicked
17:42:12.506 [main] INFO  com.demo.baseutil.Basetest - Validate alert1  is clicked is clickable
17:42:15.040 [main] INFO  com.demo.baseutil.Basetest - Clicked on : alert1  is clicked
17:42:17.044 [main] INFO  com.demo.baseutil.Basetest - Validate alert2  is clicked is clickable
17:42:19.652 [main] INFO  com.demo.baseutil.Basetest - Clicked on : alert2  is clicked
17:42:23.666 [main] INFO  com.demo.baseutil.Basetest - Scroll till the submitbtn scrolled
17:42:23.795 [main] INFO  com.demo.baseutil.Basetest - Scroll till the submitbtn scrolled completed
17:42:25.808 [main] INFO  com.demo.baseutil.Basetest - Validate submitbtn is clicked is clickable
17:42:28.279 [main] INFO  com.demo.baseutil.Basetest - Clicked on : submitbtn is clicked
17:42:33.645 [main] INFO  com.demo.baseutil.Basetest - Browser is closed sucessfuly
17:42:34.182 [main] INFO  com.demo.baseutil.Basetest - Browser is closed sucessfuly
17:42:48.113 [main] INFO  com.demo.baseutil.Basetest - Validate Sign in with FarmtoPlate account is clickable
17:42:50.540 [main] INFO  com.demo.baseutil.Basetest - Clicked on : Sign in with FarmtoPlate account
17:42:50.552 [main] INFO  com.demo.baseutil.Basetest - Url contains farmtoplateapps.io/login
17:42:50.564 [main] INFO  com.demo.baseutil.Basetest - Sign in title matched
17:42:50.564 [main] INFO  com.demo.baseutil.Basetest - UI verified for Sigin page.
17:42:50.564 [main] INFO  com.demo.baseutil.Basetest - Sign in function call
17:42:50.564 [main] INFO  com.demo.baseutil.Basetest - Validate email address field is clicked is clickable
17:42:52.891 [main] INFO  com.demo.baseutil.Basetest - Clicked on : email address field is clicked
17:42:52.892 [main] INFO  com.demo.baseutil.Basetest - Enter the value into Email Id Entered
17:42:53.483 [main] INFO  com.demo.baseutil.Basetest - distributorqa@yopmail.com typed into Email Id Entered
17:42:53.484 [main] INFO  com.demo.baseutil.Basetest - Validate Enter the password is clickable
17:42:55.993 [main] INFO  com.demo.baseutil.Basetest - Clicked on : Enter the password
17:42:55.993 [main] INFO  com.demo.baseutil.Basetest - Enter the value into Password Id Entered
17:42:56.379 [main] INFO  com.demo.baseutil.Basetest - Admin@1234 typed into Password Id Entered
17:43:00.491 [main] INFO  com.demo.baseutil.Basetest - Scroll down
17:43:00.491 [main] INFO  com.demo.baseutil.Basetest - Validate Press the signin button is clickable
17:43:03.629 [main] INFO  com.demo.baseutil.Basetest - Clicked on : Press the signin button
17:43:05.645 [main] INFO  com.demo.baseutil.Basetest - HomePage title  is matched
17:43:15.660 [main] INFO  com.demo.baseutil.Basetest - Validate click on trace is clickable
17:43:18.223 [main] INFO  com.demo.baseutil.Basetest - Clicked on : click on trace
17:43:20.240 [main] INFO  com.demo.baseutil.Basetest - Validate click on questionbank is clickable
17:43:23.050 [main] INFO  com.demo.baseutil.Basetest - Clicked on : click on questionbank
17:43:25.051 [main] INFO  com.demo.baseutil.Basetest - Validate click on addnew is clickable
17:43:27.586 [main] INFO  com.demo.baseutil.Basetest - Clicked on : click on addnew
17:43:29.600 [main] INFO  com.demo.baseutil.Basetest - Validate click on dropdown is clickable
17:43:32.121 [main] INFO  com.demo.baseutil.Basetest - Clicked on : click on dropdown
17:43:34.123 [main] INFO  com.demo.baseutil.Basetest - Validate click on companylevel is clickable
17:43:36.630 [main] INFO  com.demo.baseutil.Basetest - Clicked on : click on companylevel
17:43:38.632 [main] INFO  com.demo.baseutil.Basetest - Validate click on addbtn is clickable
17:43:41.264 [main] INFO  com.demo.baseutil.Basetest - Clicked on : click on addbtn
17:43:43.280 [main] INFO  com.demo.baseutil.Basetest - Validate click on ques1 is clickable
17:43:45.839 [main] INFO  com.demo.baseutil.Basetest - Clicked on : click on ques1
17:43:47.844 [main] INFO  com.demo.baseutil.Basetest - Validate click on addques is clickable
17:43:50.402 [main] INFO  com.demo.baseutil.Basetest - Clicked on : click on addques
17:43:50.404 [main] INFO  com.demo.baseutil.Basetest - Validate click on ques2 is clickable
17:43:52.824 [main] INFO  com.demo.baseutil.Basetest - Clicked on : click on ques2
17:43:54.830 [main] INFO  com.demo.baseutil.Basetest - Enter the value into ques2 is entered
17:43:55.306 [main] INFO  com.demo.baseutil.Basetest - ques2 typed into ques2 is entered
17:43:57.320 [main] INFO  com.demo.baseutil.Basetest - Validate click on addques is clickable
17:43:59.891 [main] INFO  com.demo.baseutil.Basetest - Clicked on : click on addques
17:44:01.907 [main] INFO  com.demo.baseutil.Basetest - Validate click on ques3 is clickable
17:44:04.455 [main] INFO  com.demo.baseutil.Basetest - Clicked on : click on ques3
17:44:06.461 [main] INFO  com.demo.baseutil.Basetest - Enter the value into ques3 is entered
17:44:06.830 [main] INFO  com.demo.baseutil.Basetest - ques3 typed into ques3 is entered
17:44:08.838 [main] INFO  com.demo.baseutil.Basetest - Validate click on addques is clickable
17:44:11.352 [main] INFO  com.demo.baseutil.Basetest - Clicked on : click on addques
17:44:11.352 [main] INFO  com.demo.baseutil.Basetest - Validate click on ques4 is clickable
17:44:13.957 [main] INFO  com.demo.baseutil.Basetest - Clicked on : click on ques4
17:44:15.961 [main] INFO  com.demo.baseutil.Basetest - Enter the value into ques4 is entered
17:44:16.357 [main] INFO  com.demo.baseutil.Basetest - ques4 typed into ques4 is entered
17:44:18.372 [main] INFO  com.demo.baseutil.Basetest - Scroll till the scroll to submit
17:44:18.525 [main] INFO  com.demo.baseutil.Basetest - Scroll till the scroll to submit completed
17:44:18.525 [main] INFO  com.demo.baseutil.Basetest - Validate click on addques is clickable
17:44:21.036 [main] INFO  com.demo.baseutil.Basetest - Clicked on : click on addques
17:44:21.036 [main] INFO  com.demo.baseutil.Basetest - Validate click on ques5 is clickable
17:44:23.522 [main] INFO  com.demo.baseutil.Basetest - Clicked on : click on ques5
17:44:25.526 [main] INFO  com.demo.baseutil.Basetest - Enter the value into ques5 is entered
17:44:26.037 [main] INFO  com.demo.baseutil.Basetest - ques5 typed into ques5 is entered
17:44:28.039 [main] INFO  com.demo.baseutil.Basetest - Validate click on addques is clickable
17:44:30.436 [main] INFO  com.demo.baseutil.Basetest - Clicked on : click on addques
17:44:30.436 [main] INFO  com.demo.baseutil.Basetest - Validate click on ques6 is clickable
17:44:32.871 [main] INFO  com.demo.baseutil.Basetest - Clicked on : click on ques6
17:44:34.875 [main] INFO  com.demo.baseutil.Basetest - Enter the value into ques6 is entered
17:44:35.385 [main] INFO  com.demo.baseutil.Basetest - ques6 typed into ques6 is entered
17:44:37.388 [main] INFO  com.demo.baseutil.Basetest - Validate click on addques is clickable
17:44:39.967 [main] INFO  com.demo.baseutil.Basetest - Clicked on : click on addques
17:44:39.967 [main] INFO  com.demo.baseutil.Basetest - Validate click on ques7 is clickable
17:44:42.389 [main] INFO  com.demo.baseutil.Basetest - Clicked on : click on ques7
17:44:44.393 [main] INFO  com.demo.baseutil.Basetest - Enter the value into ques7 is entered
17:44:44.891 [main] INFO  com.demo.baseutil.Basetest - ques7 typed into ques7 is entered
17:44:46.904 [main] INFO  com.demo.baseutil.Basetest - Validate click on addques is clickable
17:44:49.357 [main] INFO  com.demo.baseutil.Basetest - Clicked on : click on addques
17:44:49.357 [main] INFO  com.demo.baseutil.Basetest - Validate click on ques10 is clickable
17:44:51.901 [main] INFO  com.demo.baseutil.Basetest - Clicked on : click on ques10
17:44:53.909 [main] INFO  com.demo.baseutil.Basetest - Enter the value into ques8 is entered
17:44:54.392 [main] INFO  com.demo.baseutil.Basetest - ques8 typed into ques8 is entered
17:44:56.402 [main] INFO  com.demo.baseutil.Basetest - Scroll till the scrolled to submit
17:44:56.513 [main] INFO  com.demo.baseutil.Basetest - Scroll till the scrolled to submit completed
17:44:56.513 [main] INFO  com.demo.baseutil.Basetest - Validate click on addques is clickable
17:44:59.016 [main] INFO  com.demo.baseutil.Basetest - Clicked on : click on addques
17:44:59.016 [main] INFO  com.demo.baseutil.Basetest - Validate click on ques9 is clickable
17:45:01.539 [main] INFO  com.demo.baseutil.Basetest - Clicked on : click on ques9
17:45:03.543 [main] INFO  com.demo.baseutil.Basetest - Enter the value into ques9 is entered
17:45:04.032 [main] INFO  com.demo.baseutil.Basetest - ques9 typed into ques9 is entered
17:45:06.037 [main] INFO  com.demo.baseutil.Basetest - Scroll till the scrolled to addbtn
17:45:06.167 [main] INFO  com.demo.baseutil.Basetest - Scroll till the scrolled to addbtn completed
17:45:08.171 [main] INFO  com.demo.baseutil.Basetest - Validate click on addques is clickable
17:45:10.698 [main] INFO  com.demo.baseutil.Basetest - Clicked on : click on addques
17:45:10.698 [main] INFO  com.demo.baseutil.Basetest - Validate click on ques10 is clickable
17:45:13.120 [main] INFO  com.demo.baseutil.Basetest - Clicked on : click on ques10
17:45:15.127 [main] INFO  com.demo.baseutil.Basetest - Enter the value into ques10 is entered
17:45:15.910 [main] INFO  com.demo.baseutil.Basetest - ques10 typed into ques10 is entered
17:45:17.919 [main] INFO  com.demo.baseutil.Basetest - Scroll till the scrolled to addbtn
17:45:18.029 [main] INFO  com.demo.baseutil.Basetest - Scroll till the scrolled to addbtn completed
17:45:20.037 [main] INFO  com.demo.baseutil.Basetest - Validate click on submit is clickable
17:45:22.471 [main] INFO  com.demo.baseutil.Basetest - Clicked on : click on submit
17:45:24.486 [main] INFO  com.demo.baseutil.Basetest - Validate click on yesbtn is clickable
17:45:26.953 [main] INFO  com.demo.baseutil.Basetest - Clicked on : click on yesbtn
17:45:33.964 [main] INFO  com.demo.baseutil.Basetest - Validate click on check1 is clickable
17:45:36.441 [main] INFO  com.demo.baseutil.Basetest - Clicked on : click on check1
17:45:38.442 [main] INFO  com.demo.baseutil.Basetest - Validate click on check2 is clickable
17:45:40.916 [main] INFO  com.demo.baseutil.Basetest - Clicked on : click on check2
17:45:42.923 [main] INFO  com.demo.baseutil.Basetest - Validate click on check3 is clickable
17:45:45.457 [main] INFO  com.demo.baseutil.Basetest - Clicked on : click on check3
17:45:47.470 [main] INFO  com.demo.baseutil.Basetest - Validate click on check4 is clickable
17:45:49.940 [main] INFO  com.demo.baseutil.Basetest - Clicked on : click on check4
17:45:51.942 [main] INFO  com.demo.baseutil.Basetest - Validate click on check5 is clickable
17:45:54.414 [main] INFO  com.demo.baseutil.Basetest - Clicked on : click on check5
17:45:56.415 [main] INFO  com.demo.baseutil.Basetest - Scroll till the scroll to upwards
17:45:56.547 [main] INFO  com.demo.baseutil.Basetest - Scroll till the scroll to upwards completed
17:46:00.553 [main] INFO  com.demo.baseutil.Basetest - Validate click on subques is clickable
17:46:03.309 [main] INFO  com.demo.baseutil.Basetest - Clicked on : click on subques
17:46:06.324 [main] INFO  com.demo.baseutil.Basetest - Validate click on name is clickable
17:46:08.937 [main] INFO  com.demo.baseutil.Basetest - Clicked on : click on name
17:46:11.945 [main] INFO  com.demo.baseutil.Basetest - Enter the value into name is entered
17:46:12.437 [main] INFO  com.demo.baseutil.Basetest - AkGajraQabc typed into name is entered
17:46:14.465 [main] INFO  com.demo.baseutil.Basetest - Validate click on subsubmit is clickable
17:46:17.003 [main] INFO  com.demo.baseutil.Basetest - Clicked on : click on subsubmit
17:46:30.029 [main] INFO  com.demo.baseutil.Basetest - Validate click on questionbank is clickable
17:46:32.661 [main] INFO  com.demo.baseutil.Basetest - Clicked on : click on questionbank
17:46:34.675 [main] INFO  com.demo.baseutil.Basetest - Validate click on addnew is clickable
17:46:37.295 [main] INFO  com.demo.baseutil.Basetest - Clicked on : click on addnew
17:46:39.310 [main] INFO  com.demo.baseutil.Basetest - Validate click on dropdown is clickable
17:46:41.778 [main] INFO  com.demo.baseutil.Basetest - Clicked on : click on dropdown
17:46:43.791 [main] INFO  com.demo.baseutil.Basetest - Validate click on companylevel is clickable
17:46:46.384 [main] INFO  com.demo.baseutil.Basetest - Clicked on : click on companylevel
17:46:48.400 [main] INFO  com.demo.baseutil.Basetest - Validate click on addbtn is clickable
17:46:50.882 [main] INFO  com.demo.baseutil.Basetest - Clicked on : click on addbtn
17:46:55.920 [main] INFO  com.demo.baseutil.Basetest - Validate quest is deleting is clickable
17:46:58.170 [main] INFO  com.demo.baseutil.Basetest - Clicked on : quest is deleting
17:46:59.173 [main] INFO  com.demo.baseutil.Basetest - Validate delyes is clicked is clickable
17:47:01.835 [main] INFO  com.demo.baseutil.Basetest - Clicked on : delyes is clicked
17:47:07.883 [main] INFO  com.demo.baseutil.Basetest - Validate quest is deleting is clickable
17:47:10.232 [main] INFO  com.demo.baseutil.Basetest - Clicked on : quest is deleting
17:47:11.247 [main] INFO  com.demo.baseutil.Basetest - Validate delyes is clicked is clickable
17:47:13.941 [main] INFO  com.demo.baseutil.Basetest - Clicked on : delyes is clicked
17:47:19.982 [main] INFO  com.demo.baseutil.Basetest - Validate quest is deleting is clickable
17:47:22.271 [main] INFO  com.demo.baseutil.Basetest - Clicked on : quest is deleting
17:47:23.285 [main] INFO  com.demo.baseutil.Basetest - Validate delyes is clicked is clickable
17:47:25.800 [main] INFO  com.demo.baseutil.Basetest - Clicked on : delyes is clicked
17:47:31.859 [main] INFO  com.demo.baseutil.Basetest - Validate quest is deleting is clickable
17:47:34.119 [main] INFO  com.demo.baseutil.Basetest - Clicked on : quest is deleting
17:47:35.121 [main] INFO  com.demo.baseutil.Basetest - Validate delyes is clicked is clickable
17:47:37.601 [main] INFO  com.demo.baseutil.Basetest - Clicked on : delyes is clicked
17:47:43.652 [main] INFO  com.demo.baseutil.Basetest - Validate quest is deleting is clickable
17:47:45.922 [main] INFO  com.demo.baseutil.Basetest - Clicked on : quest is deleting
17:47:46.923 [main] INFO  com.demo.baseutil.Basetest - Validate delyes is clicked is clickable
17:47:49.446 [main] INFO  com.demo.baseutil.Basetest - Clicked on : delyes is clicked
17:47:55.478 [main] INFO  com.demo.baseutil.Basetest - Validate quest is deleting is clickable
17:47:57.735 [main] INFO  com.demo.baseutil.Basetest - Clicked on : quest is deleting
17:47:58.750 [main] INFO  com.demo.baseutil.Basetest - Validate delyes is clicked is clickable
17:48:01.210 [main] INFO  com.demo.baseutil.Basetest - Clicked on : delyes is clicked
17:48:07.266 [main] INFO  com.demo.baseutil.Basetest - Validate quest is deleting is clickable
17:48:09.554 [main] INFO  com.demo.baseutil.Basetest - Clicked on : quest is deleting
17:48:10.569 [main] INFO  com.demo.baseutil.Basetest - Validate delyes is clicked is clickable
17:48:13.078 [main] INFO  com.demo.baseutil.Basetest - Clicked on : delyes is clicked
17:48:19.139 [main] INFO  com.demo.baseutil.Basetest - Validate quest is deleting is clickable
17:48:21.389 [main] INFO  com.demo.baseutil.Basetest - Clicked on : quest is deleting
17:48:22.402 [main] INFO  com.demo.baseutil.Basetest - Validate delyes is clicked is clickable
17:48:24.815 [main] INFO  com.demo.baseutil.Basetest - Clicked on : delyes is clicked
17:48:30.864 [main] INFO  com.demo.baseutil.Basetest - Validate quest is deleting is clickable
17:48:33.151 [main] INFO  com.demo.baseutil.Basetest - Clicked on : quest is deleting
17:48:34.166 [main] INFO  com.demo.baseutil.Basetest - Validate delyes is clicked is clickable
17:48:36.560 [main] INFO  com.demo.baseutil.Basetest - Clicked on : delyes is clicked
17:48:42.860 [main] INFO  com.demo.baseutil.Basetest - Browser is closed sucessfuly
17:48:43.881 [main] INFO  com.demo.baseutil.Basetest - Browser is closed sucessfuly
17:48:56.690 [main] INFO  com.demo.baseutil.Basetest - Validate Sign in with FarmtoPlate account is clickable
17:48:59.146 [main] INFO  com.demo.baseutil.Basetest - Clicked on : Sign in with FarmtoPlate account
17:48:59.160 [main] INFO  com.demo.baseutil.Basetest - Url contains farmtoplateapps.io/login
17:48:59.171 [main] INFO  com.demo.baseutil.Basetest - Sign in title matched
17:48:59.171 [main] INFO  com.demo.baseutil.Basetest - UI verified for Sigin page.
17:48:59.171 [main] INFO  com.demo.baseutil.Basetest - Sign in function call
17:48:59.171 [main] INFO  com.demo.baseutil.Basetest - Validate email address field is clicked is clickable
17:49:01.874 [main] INFO  com.demo.baseutil.Basetest - Clicked on : email address field is clicked
17:49:01.880 [main] INFO  com.demo.baseutil.Basetest - Enter the value into Email Id Entered
17:49:02.191 [main] INFO  com.demo.baseutil.Basetest - 139@yopmail.com typed into Email Id Entered
17:49:02.191 [main] INFO  com.demo.baseutil.Basetest - Validate Enter the password is clickable
17:49:04.488 [main] INFO  com.demo.baseutil.Basetest - Clicked on : Enter the password
17:49:04.488 [main] INFO  com.demo.baseutil.Basetest - Enter the value into Password Id Entered
17:49:04.752 [main] INFO  com.demo.baseutil.Basetest - Admin@1234 typed into Password Id Entered
17:49:08.816 [main] INFO  com.demo.baseutil.Basetest - Scroll down
17:49:08.816 [main] INFO  com.demo.baseutil.Basetest - Validate Press the signin button is clickable
17:49:12.188 [main] INFO  com.demo.baseutil.Basetest - Clicked on : Press the signin button
17:49:15.325 [main] INFO  com.demo.baseutil.Basetest - HomePage title  is matched
17:49:25.344 [main] INFO  com.demo.baseutil.Basetest - Validate click on trace is clickable
17:49:27.856 [main] INFO  com.demo.baseutil.Basetest - Clicked on : click on trace
17:49:35.966 [main] INFO  com.demo.baseutil.Basetest - Scroll down
17:49:37.977 [main] INFO  com.demo.baseutil.Basetest - Validate Products is clicked is clickable
17:49:40.535 [main] INFO  com.demo.baseutil.Basetest - Clicked on : Products is clicked
17:49:45.541 [main] INFO  com.demo.baseutil.Basetest - Validate Add new is clicked is clickable
17:49:48.443 [main] INFO  com.demo.baseutil.Basetest - Clicked on : Add new is clicked
17:49:50.448 [main] INFO  com.demo.baseutil.Basetest - Validate Click on productcategory is clickable
17:49:53.012 [main] INFO  com.demo.baseutil.Basetest - Clicked on : Click on productcategory
17:49:53.012 [main] INFO  com.demo.baseutil.Basetest - Validate productbasedfood is clicked is clickable
17:49:55.492 [main] INFO  com.demo.baseutil.Basetest - Clicked on : productbasedfood is clicked
17:49:55.492 [main] INFO  com.demo.baseutil.Basetest - Validate product name is selected is clickable
17:49:57.981 [main] INFO  com.demo.baseutil.Basetest - Clicked on : product name is selected
17:49:57.981 [main] INFO  com.demo.baseutil.Basetest - Enter the value into enter the product
17:49:58.473 [main] INFO  com.demo.baseutil.Basetest - wheat101019068586910365 typed into enter the product
17:49:58.474 [main] INFO  com.demo.baseutil.Basetest - Validate Click on productid is clickable
17:50:00.870 [main] INFO  com.demo.baseutil.Basetest - Clicked on : Click on productid
17:50:00.871 [main] INFO  com.demo.baseutil.Basetest - Validate Click on checkbox is clickable
17:50:03.638 [main] INFO  com.demo.baseutil.Basetest - Clicked on : Click on checkbox
17:50:03.639 [main] INFO  com.demo.baseutil.Basetest - Validate Click on autogenerate is clickable
17:50:06.163 [main] INFO  com.demo.baseutil.Basetest - Clicked on : Click on autogenerate
17:50:06.163 [main] INFO  com.demo.baseutil.Basetest - Validate Click on productdesc is clickable
17:50:08.614 [main] INFO  com.demo.baseutil.Basetest - Clicked on : Click on productdesc
17:50:08.614 [main] INFO  com.demo.baseutil.Basetest - Enter the value into Enetered the product desc
17:50:09.020 [main] INFO  com.demo.baseutil.Basetest - test typed into Enetered the product desc
17:50:09.021 [main] INFO  com.demo.baseutil.Basetest - Validate Click on upload is clickable
17:50:11.483 [main] INFO  com.demo.baseutil.Basetest - Clicked on : Click on upload
17:50:22.596 [main] INFO  com.demo.baseutil.Basetest - Scroll down
17:50:22.596 [main] INFO  com.demo.baseutil.Basetest - Validate Click on ingrediant name is clickable
17:50:24.996 [main] INFO  com.demo.baseutil.Basetest - Clicked on : Click on ingrediant name
17:50:24.996 [main] INFO  com.demo.baseutil.Basetest - Enter the value into ingredient name is entered
17:50:25.435 [main] INFO  com.demo.baseutil.Basetest - wheat typed into ingredient name is entered
17:50:28.454 [main] INFO  com.demo.baseutil.Basetest - Validate Click on ingrediant name is clickable
17:50:30.864 [main] INFO  com.demo.baseutil.Basetest - Clicked on : Click on ingrediant name
17:50:30.864 [main] INFO  com.demo.baseutil.Basetest - Enter the value into nutri name is entered
17:50:31.249 [main] INFO  com.demo.baseutil.Basetest - fact typed into nutri name is entered
17:50:31.249 [main] INFO  com.demo.baseutil.Basetest - Validate Click on ingrediant QTY is clickable
17:50:33.664 [main] INFO  com.demo.baseutil.Basetest - Clicked on : Click on ingrediant QTY
17:50:33.664 [main] INFO  com.demo.baseutil.Basetest - Enter the value into nutri qty is entered
17:50:34.173 [main] INFO  com.demo.baseutil.Basetest - 1 typed into nutri qty is entered
17:50:34.173 [main] INFO  com.demo.baseutil.Basetest - Validate Click on ingrediant drop is clickable
17:50:36.757 [main] INFO  com.demo.baseutil.Basetest - Clicked on : Click on ingrediant drop
17:50:38.773 [main] INFO  com.demo.baseutil.Basetest - Validate Click on ingrediant value is clickable
17:50:41.225 [main] INFO  com.demo.baseutil.Basetest - Clicked on : Click on ingrediant value
17:50:47.295 [main] INFO  com.demo.baseutil.Basetest - Scroll down
17:50:49.326 [main] INFO  com.demo.baseutil.Basetest - Scroll down successful
17:50:49.326 [main] INFO  com.demo.baseutil.Basetest - Validate Click on ingrediant name is clickable
17:50:51.892 [main] INFO  com.demo.baseutil.Basetest - Clicked on : Click on ingrediant name
17:50:51.892 [main] INFO  com.demo.baseutil.Basetest - Validate Click on ingrediant name is clickable
17:50:54.443 [main] INFO  com.demo.baseutil.Basetest - Clicked on : Click on ingrediant name
17:50:54.443 [main] INFO  com.demo.baseutil.Basetest - Validate Click on ingrediant name is clickable
17:50:57.011 [main] INFO  com.demo.baseutil.Basetest - Clicked on : Click on ingrediant name
17:50:57.013 [main] INFO  com.demo.baseutil.Basetest - Enter the value into price is entered
17:50:57.373 [main] INFO  com.demo.baseutil.Basetest - 1 typed into price is entered
17:50:57.381 [main] INFO  com.demo.baseutil.Basetest - Validate Click on currency is clickable
17:50:59.860 [main] INFO  com.demo.baseutil.Basetest - Clicked on : Click on currency
17:50:59.860 [main] INFO  com.demo.baseutil.Basetest - Validate Click on currency value is clickable
17:51:02.420 [main] INFO  com.demo.baseutil.Basetest - Clicked on : Click on currency value
17:51:02.420 [main] INFO  com.demo.baseutil.Basetest - Validate Click on typepacking value is clickable
17:51:04.896 [main] INFO  com.demo.baseutil.Basetest - Clicked on : Click on typepacking value
17:51:04.896 [main] INFO  com.demo.baseutil.Basetest - Enter the value into typepacking is entered
17:51:05.418 [main] INFO  com.demo.baseutil.Basetest - 1 typed into typepacking is entered
17:51:05.419 [main] INFO  com.demo.baseutil.Basetest - Validate Click on length value is clickable
17:51:08.044 [main] INFO  com.demo.baseutil.Basetest - Clicked on : Click on length value
17:51:08.044 [main] INFO  com.demo.baseutil.Basetest - Enter the value into length is entered
17:51:08.375 [main] INFO  com.demo.baseutil.Basetest - 1 typed into length is entered
17:51:08.375 [main] INFO  com.demo.baseutil.Basetest - Validate Click on breath value is clickable
17:51:10.911 [main] INFO  com.demo.baseutil.Basetest - Clicked on : Click on breath value
17:51:10.911 [main] INFO  com.demo.baseutil.Basetest - Enter the value into breath is entered
17:51:11.365 [main] INFO  com.demo.baseutil.Basetest - 1 typed into breath is entered
17:51:11.365 [main] INFO  com.demo.baseutil.Basetest - Validate Click on height value is clickable
17:51:13.828 [main] INFO  com.demo.baseutil.Basetest - Clicked on : Click on height value
17:51:13.828 [main] INFO  com.demo.baseutil.Basetest - Enter the value into height is entered
17:51:14.215 [main] INFO  com.demo.baseutil.Basetest - 1 typed into height is entered
17:51:16.253 [main] INFO  com.demo.baseutil.Basetest - Scroll down successful
17:51:16.254 [main] INFO  com.demo.baseutil.Basetest - Validate Click on checkbox1 is clickable
17:51:18.814 [main] INFO  com.demo.baseutil.Basetest - Clicked on : Click on checkbox1
17:51:27.914 [main] INFO  com.demo.baseutil.Basetest - Scroll down
17:51:27.914 [main] INFO  com.demo.baseutil.Basetest - Validate Click on gln1 is clickable
17:51:30.496 [main] INFO  com.demo.baseutil.Basetest - Clicked on : Click on gln1
17:51:30.497 [main] INFO  com.demo.baseutil.Basetest - Enter the value into gln1 is entered
17:51:30.850 [main] INFO  com.demo.baseutil.Basetest - warehouse typed into gln1 is entered
17:51:34.851 [main] INFO  com.demo.baseutil.Basetest - Validate Click on autosearch is clickable
17:51:37.372 [main] INFO  com.demo.baseutil.Basetest - Clicked on : Click on autosearch
17:51:39.386 [main] INFO  com.demo.baseutil.Basetest - Validate Click on gln2 is clickable
17:51:41.679 [main] INFO  com.demo.baseutil.Basetest - Clicked on : Click on gln2
17:51:41.679 [main] INFO  com.demo.baseutil.Basetest - Enter the value into gln2 is entered
17:51:42.057 [main] INFO  com.demo.baseutil.Basetest - warehouse typed into gln2 is entered
17:51:46.067 [main] INFO  com.demo.baseutil.Basetest - Validate Click on autosearch is clickable
17:51:48.591 [main] INFO  com.demo.baseutil.Basetest - Clicked on : Click on autosearch
17:51:53.607 [main] INFO  com.demo.baseutil.Basetest - Validate Click on gln3 is clickable
17:51:56.127 [main] INFO  com.demo.baseutil.Basetest - Clicked on : Click on gln3
17:51:56.127 [main] INFO  com.demo.baseutil.Basetest - Enter the value into gln3 is entered
17:51:56.427 [main] INFO  com.demo.baseutil.Basetest - warehouse typed into gln3 is entered
17:51:58.429 [main] INFO  com.demo.baseutil.Basetest - Scroll till the scrolldown to table:
17:51:58.585 [main] INFO  com.demo.baseutil.Basetest - Scroll till the scrolldown to table: completed
17:52:00.592 [main] INFO  com.demo.baseutil.Basetest - Validate Click on autosearch is clickable
17:52:03.158 [main] INFO  com.demo.baseutil.Basetest - Clicked on : Click on autosearch
17:52:09.259 [main] INFO  com.demo.baseutil.Basetest - Scroll down
17:52:11.260 [main] INFO  com.demo.baseutil.Basetest - Validate Click on registerproduct is clickable
17:52:13.795 [main] INFO  com.demo.baseutil.Basetest - Clicked on : Click on registerproduct
17:52:39.495 [main] INFO  com.demo.baseutil.Basetest - Browser is closed sucessfuly
17:52:40.483 [main] INFO  com.demo.baseutil.Basetest - Browser is closed sucessfuly
17:52:52.020 [main] INFO  com.demo.baseutil.Basetest - Validate Sign in with FarmtoPlate account is clickable
17:52:54.563 [main] INFO  com.demo.baseutil.Basetest - Clicked on : Sign in with FarmtoPlate account
17:52:54.573 [main] INFO  com.demo.baseutil.Basetest - Url contains farmtoplateapps.io/login
17:52:54.581 [main] INFO  com.demo.baseutil.Basetest - Sign in title matched
17:52:54.581 [main] INFO  com.demo.baseutil.Basetest - UI verified for Sigin page.
17:52:54.582 [main] INFO  com.demo.baseutil.Basetest - Sign in function call
17:52:54.582 [main] INFO  com.demo.baseutil.Basetest - Validate email address field is clicked is clickable
17:52:57.153 [main] INFO  com.demo.baseutil.Basetest - Clicked on : email address field is clicked
17:52:57.153 [main] INFO  com.demo.baseutil.Basetest - Enter the value into Email Id Entered
17:52:57.475 [main] INFO  com.demo.baseutil.Basetest - 139@yopmail.com typed into Email Id Entered
17:52:57.475 [main] INFO  com.demo.baseutil.Basetest - Validate Enter the password is clickable
17:52:59.752 [main] INFO  com.demo.baseutil.Basetest - Clicked on : Enter the password
17:52:59.752 [main] INFO  com.demo.baseutil.Basetest - Enter the value into Password Id Entered
17:53:00.016 [main] INFO  com.demo.baseutil.Basetest - Admin@1234 typed into Password Id Entered
17:53:04.237 [main] INFO  com.demo.baseutil.Basetest - Scroll down
17:53:04.237 [main] INFO  com.demo.baseutil.Basetest - Validate Press the signin button is clickable
17:53:07.948 [main] INFO  com.demo.baseutil.Basetest - Clicked on : Press the signin button
17:53:11.141 [main] INFO  com.demo.baseutil.Basetest - HomePage title  is matched
17:53:21.165 [main] INFO  com.demo.baseutil.Basetest - Validate click on trace is clickable
17:53:23.686 [main] INFO  com.demo.baseutil.Basetest - Clicked on : click on trace
17:53:31.796 [main] INFO  com.demo.baseutil.Basetest - Scroll down
17:53:33.796 [main] INFO  com.demo.baseutil.Basetest - Validate Process is clicked is clickable
17:53:36.392 [main] INFO  com.demo.baseutil.Basetest - Clicked on : Process is clicked
17:53:41.394 [main] INFO  com.demo.baseutil.Basetest - Validate Process add is clicked is clickable
17:53:44.316 [main] INFO  com.demo.baseutil.Basetest - Clicked on : Process add is clicked
17:53:49.332 [main] INFO  com.demo.baseutil.Basetest - Validate Product id is clicked is clickable
17:53:51.841 [main] INFO  com.demo.baseutil.Basetest - Clicked on : Product id is clicked
17:54:05.380 [main] INFO  com.demo.baseutil.Basetest - Validate Product id is clicked is clickable
17:54:07.906 [main] INFO  com.demo.baseutil.Basetest - Clicked on : Product id is clicked
17:54:09.914 [main] INFO  com.demo.baseutil.Basetest - Validate Product id searchbox is clicked is clickable
17:54:12.373 [main] INFO  com.demo.baseutil.Basetest - Clicked on : Product id searchbox is clicked
17:54:14.387 [main] INFO  com.demo.baseutil.Basetest - Validate outside is clicked is clickable
17:54:16.914 [main] INFO  com.demo.baseutil.Basetest - Clicked on : outside is clicked
17:54:18.937 [main] INFO  com.demo.baseutil.Basetest - Scroll down successful
17:54:18.937 [main] INFO  com.demo.baseutil.Basetest - Validate process name is clicked is clickable
17:54:21.457 [main] INFO  com.demo.baseutil.Basetest - Clicked on : process name is clicked
17:54:23.463 [main] INFO  com.demo.baseutil.Basetest - Enter the value into process name Value is entered
17:54:23.961 [main] INFO  com.demo.baseutil.Basetest - processdisagg typed into process name Value is entered
17:54:30.064 [main] INFO  com.demo.baseutil.Basetest - Scroll down
17:54:32.070 [main] INFO  com.demo.baseutil.Basetest - Validate process loc is clicked is clickable
17:54:34.809 [main] INFO  com.demo.baseutil.Basetest - Clicked on : process loc is clicked
17:54:46.175 [main] INFO  com.demo.baseutil.Basetest - Validate process loc is clicked is clickable
17:54:48.733 [main] INFO  com.demo.baseutil.Basetest - Clicked on : process loc is clicked
17:54:53.743 [main] INFO  com.demo.baseutil.Basetest - Validate process type is clicked is clickable
17:54:56.265 [main] INFO  com.demo.baseutil.Basetest - Clicked on : process type is clicked
17:54:58.294 [main] INFO  com.demo.baseutil.Basetest - Scroll down successful
17:54:58.307 [main] INFO  com.demo.baseutil.Basetest - Validate process discomm is clicked is clickable
17:55:01.082 [main] INFO  com.demo.baseutil.Basetest - Clicked on : process discomm is clicked
17:55:07.176 [main] INFO  com.demo.baseutil.Basetest - Scroll down
17:55:07.177 [main] INFO  com.demo.baseutil.Basetest - Validate process add button is clicked is clickable
17:55:09.691 [main] INFO  com.demo.baseutil.Basetest - Clicked on : process add button is clicked
17:55:23.812 [main] INFO  com.demo.baseutil.Basetest - Scroll down
17:55:25.814 [main] INFO  com.demo.baseutil.Basetest - Validate Process is clicked is clickable
17:55:28.510 [main] INFO  com.demo.baseutil.Basetest - Clicked on : Process is clicked
17:55:33.520 [main] INFO  com.demo.baseutil.Basetest - Validate Process add is clicked is clickable
17:55:36.082 [main] INFO  com.demo.baseutil.Basetest - Clicked on : Process add is clicked
17:55:41.097 [main] INFO  com.demo.baseutil.Basetest - Validate Product id is clicked is clickable
17:55:43.587 [main] INFO  com.demo.baseutil.Basetest - Clicked on : Product id is clicked
17:55:47.973 [main] INFO  com.demo.baseutil.Basetest - Validate Product id is clicked is clickable
17:55:50.452 [main] INFO  com.demo.baseutil.Basetest - Clicked on : Product id is clicked
17:55:52.461 [main] INFO  com.demo.baseutil.Basetest - Validate Product id is clicked is clickable
17:55:55.030 [main] INFO  com.demo.baseutil.Basetest - Clicked on : Product id is clicked
17:55:57.037 [main] INFO  com.demo.baseutil.Basetest - Validate outside is clicked is clickable
17:55:59.490 [main] INFO  com.demo.baseutil.Basetest - Clicked on : outside is clicked
17:56:05.578 [main] INFO  com.demo.baseutil.Basetest - Scroll down
17:56:05.578 [main] INFO  com.demo.baseutil.Basetest - Validate process name is clicked is clickable
17:56:08.236 [main] INFO  com.demo.baseutil.Basetest - Clicked on : process name is clicked
17:56:10.243 [main] INFO  com.demo.baseutil.Basetest - Enter the value into process name Value is entered
17:56:10.677 [main] INFO  com.demo.baseutil.Basetest - processtrans typed into process name Value is entered
17:56:12.716 [main] INFO  com.demo.baseutil.Basetest - Scroll down successful
17:56:12.716 [main] INFO  com.demo.baseutil.Basetest - Validate process loc is clicked is clickable
17:56:15.232 [main] INFO  com.demo.baseutil.Basetest - Clicked on : process loc is clicked
17:56:17.243 [main] INFO  com.demo.baseutil.Basetest - Enter the value into process name Value is entered
17:56:17.625 [main] INFO  com.demo.baseutil.Basetest - 0956265002424 typed into process name Value is entered
17:56:22.628 [main] INFO  com.demo.baseutil.Basetest - Validate process loc is clicked is clickable
17:56:25.110 [main] INFO  com.demo.baseutil.Basetest - Clicked on : process loc is clicked
17:56:27.122 [main] INFO  com.demo.baseutil.Basetest - Validate process type is clicked is clickable
17:56:29.559 [main] INFO  com.demo.baseutil.Basetest - Clicked on : process type is clicked
17:56:31.595 [main] INFO  com.demo.baseutil.Basetest - Scroll down successful
17:56:31.595 [main] INFO  com.demo.baseutil.Basetest - Validate process trans is clicked is clickable
17:56:34.178 [main] INFO  com.demo.baseutil.Basetest - Clicked on : process trans is clicked
17:56:40.268 [main] INFO  com.demo.baseutil.Basetest - Scroll down
17:56:40.268 [main] INFO  com.demo.baseutil.Basetest - Validate process add button is clicked is clickable
17:56:42.755 [main] INFO  com.demo.baseutil.Basetest - Clicked on : process add button is clicked
17:56:56.834 [main] INFO  com.demo.baseutil.Basetest - Scroll down
17:56:58.844 [main] INFO  com.demo.baseutil.Basetest - Validate Process is clicked is clickable
17:57:01.391 [main] INFO  com.demo.baseutil.Basetest - Clicked on : Process is clicked
17:57:06.395 [main] INFO  com.demo.baseutil.Basetest - Validate Process add is clicked is clickable
17:57:08.968 [main] INFO  com.demo.baseutil.Basetest - Clicked on : Process add is clicked
17:57:13.977 [main] INFO  com.demo.baseutil.Basetest - Validate Product id is clicked is clickable
17:57:16.616 [main] INFO  com.demo.baseutil.Basetest - Clicked on : Product id is clicked
17:57:20.945 [main] INFO  com.demo.baseutil.Basetest - Validate Product id is clicked is clickable
17:57:23.500 [main] INFO  com.demo.baseutil.Basetest - Clicked on : Product id is clicked
17:57:25.508 [main] INFO  com.demo.baseutil.Basetest - Validate Product id is clicked is clickable
17:57:27.984 [main] INFO  com.demo.baseutil.Basetest - Clicked on : Product id is clicked
17:57:29.993 [main] INFO  com.demo.baseutil.Basetest - Validate outside is clicked is clickable
17:57:32.468 [main] INFO  com.demo.baseutil.Basetest - Clicked on : outside is clicked
17:57:38.567 [main] INFO  com.demo.baseutil.Basetest - Scroll down
17:57:38.567 [main] INFO  com.demo.baseutil.Basetest - Validate process name is clicked is clickable
17:57:41.099 [main] INFO  com.demo.baseutil.Basetest - Clicked on : process name is clicked
17:57:43.105 [main] INFO  com.demo.baseutil.Basetest - Enter the value into process name Value is entered
17:57:43.518 [main] INFO  com.demo.baseutil.Basetest - processcooling typed into process name Value is entered
17:57:45.546 [main] INFO  com.demo.baseutil.Basetest - Scroll down successful
17:57:45.546 [main] INFO  com.demo.baseutil.Basetest - Validate process loc is clicked is clickable
17:57:48.000 [main] INFO  com.demo.baseutil.Basetest - Clicked on : process loc is clicked
17:57:50.007 [main] INFO  com.demo.baseutil.Basetest - Enter the value into process name Value is entered
17:57:50.471 [main] INFO  com.demo.baseutil.Basetest - 0956265002424 typed into process name Value is entered
17:57:55.478 [main] INFO  com.demo.baseutil.Basetest - Validate process loc is clicked is clickable
17:57:58.009 [main] INFO  com.demo.baseutil.Basetest - Clicked on : process loc is clicked
17:58:00.013 [main] INFO  com.demo.baseutil.Basetest - Validate process type is clicked is clickable
17:58:02.623 [main] INFO  com.demo.baseutil.Basetest - Clicked on : process type is clicked
17:58:04.649 [main] INFO  com.demo.baseutil.Basetest - Scroll down successful
17:58:04.649 [main] INFO  com.demo.baseutil.Basetest - Validate process trans is clicked is clickable
17:58:07.119 [main] INFO  com.demo.baseutil.Basetest - Clicked on : process trans is clicked
17:58:13.229 [main] INFO  com.demo.baseutil.Basetest - Scroll down
17:58:13.229 [main] INFO  com.demo.baseutil.Basetest - Validate process add button is clicked is clickable
17:58:15.870 [main] INFO  com.demo.baseutil.Basetest - Clicked on : process add button is clicked
17:58:29.980 [main] INFO  com.demo.baseutil.Basetest - Scroll down
17:58:31.989 [main] INFO  com.demo.baseutil.Basetest - Validate Process is clicked is clickable
17:58:34.766 [main] INFO  com.demo.baseutil.Basetest - Clicked on : Process is clicked
17:58:39.778 [main] INFO  com.demo.baseutil.Basetest - Validate Process add is clicked is clickable
17:58:42.323 [main] INFO  com.demo.baseutil.Basetest - Clicked on : Process add is clicked
17:58:47.334 [main] INFO  com.demo.baseutil.Basetest - Validate Product id is clicked is clickable
17:58:49.834 [main] INFO  com.demo.baseutil.Basetest - Clicked on : Product id is clicked
17:58:54.449 [main] INFO  com.demo.baseutil.Basetest - Validate Product id is clicked is clickable
17:58:56.899 [main] INFO  com.demo.baseutil.Basetest - Clicked on : Product id is clicked
17:58:58.907 [main] INFO  com.demo.baseutil.Basetest - Validate Product id is clicked is clickable
17:59:01.445 [main] INFO  com.demo.baseutil.Basetest - Clicked on : Product id is clicked
17:59:03.451 [main] INFO  com.demo.baseutil.Basetest - Validate outside is clicked is clickable
17:59:05.847 [main] INFO  com.demo.baseutil.Basetest - Clicked on : outside is clicked
17:59:11.947 [main] INFO  com.demo.baseutil.Basetest - Scroll down
17:59:11.947 [main] INFO  com.demo.baseutil.Basetest - Validate process name is clicked is clickable
17:59:14.431 [main] INFO  com.demo.baseutil.Basetest - Clicked on : process name is clicked
17:59:16.439 [main] INFO  com.demo.baseutil.Basetest - Enter the value into process name Value is entered
17:59:16.901 [main] INFO  com.demo.baseutil.Basetest - processdiscomm typed into process name Value is entered
17:59:18.953 [main] INFO  com.demo.baseutil.Basetest - Scroll down successful
17:59:18.953 [main] INFO  com.demo.baseutil.Basetest - Validate process loc is clicked is clickable
17:59:21.467 [main] INFO  com.demo.baseutil.Basetest - Clicked on : process loc is clicked
17:59:23.471 [main] INFO  com.demo.baseutil.Basetest - Enter the value into process name Value is entered
17:59:23.888 [main] INFO  com.demo.baseutil.Basetest - 0956265002424 typed into process name Value is entered
17:59:28.893 [main] INFO  com.demo.baseutil.Basetest - Validate process loc is clicked is clickable
17:59:31.386 [main] INFO  com.demo.baseutil.Basetest - Clicked on : process loc is clicked
17:59:33.396 [main] INFO  com.demo.baseutil.Basetest - Validate process type is clicked is clickable
17:59:35.888 [main] INFO  com.demo.baseutil.Basetest - Clicked on : process type is clicked
17:59:37.914 [main] INFO  com.demo.baseutil.Basetest - Scroll down successful
17:59:37.914 [main] INFO  com.demo.baseutil.Basetest - Validate process trans is clicked is clickable
17:59:40.373 [main] INFO  com.demo.baseutil.Basetest - Clicked on : process trans is clicked
17:59:46.460 [main] INFO  com.demo.baseutil.Basetest - Scroll down
17:59:46.460 [main] INFO  com.demo.baseutil.Basetest - Validate process add button is clicked is clickable
17:59:48.984 [main] INFO  com.demo.baseutil.Basetest - Clicked on : process add button is clicked
17:59:51.356 [main] INFO  com.demo.baseutil.Basetest - Browser is closed sucessfuly
17:59:52.575 [main] INFO  com.demo.baseutil.Basetest - Browser is closed sucessfuly
18:00:04.973 [main] INFO  com.demo.baseutil.Basetest - Validate Sign in with FarmtoPlate account is clickable
18:00:07.411 [main] INFO  com.demo.baseutil.Basetest - Clicked on : Sign in with FarmtoPlate account
18:00:07.422 [main] INFO  com.demo.baseutil.Basetest - Url contains farmtoplateapps.io/login
18:00:07.433 [main] INFO  com.demo.baseutil.Basetest - Sign in title matched
18:00:07.433 [main] INFO  com.demo.baseutil.Basetest - UI verified for Sigin page.
18:00:07.433 [main] INFO  com.demo.baseutil.Basetest - Sign in function call
18:00:07.433 [main] INFO  com.demo.baseutil.Basetest - Validate email address field is clicked is clickable
18:00:09.767 [main] INFO  com.demo.baseutil.Basetest - Clicked on : email address field is clicked
18:00:09.768 [main] INFO  com.demo.baseutil.Basetest - Enter the value into Email Id Entered
18:00:11.029 [main] INFO  com.demo.baseutil.Basetest - 139@yopmail.com typed into Email Id Entered
18:00:11.029 [main] INFO  com.demo.baseutil.Basetest - Validate Enter the password is clickable
18:00:13.348 [main] INFO  com.demo.baseutil.Basetest - Clicked on : Enter the password
18:00:13.349 [main] INFO  com.demo.baseutil.Basetest - Enter the value into Password Id Entered
18:00:13.752 [main] INFO  com.demo.baseutil.Basetest - Admin@1234 typed into Password Id Entered
18:00:17.832 [main] INFO  com.demo.baseutil.Basetest - Scroll down
18:00:17.832 [main] INFO  com.demo.baseutil.Basetest - Validate Press the signin button is clickable
18:00:20.886 [main] INFO  com.demo.baseutil.Basetest - Clicked on : Press the signin button
18:00:23.180 [main] INFO  com.demo.baseutil.Basetest - HomePage title  is matched
18:00:41.206 [main] INFO  com.demo.baseutil.Basetest - Validate click on trace is clickable
18:00:43.773 [main] INFO  com.demo.baseutil.Basetest - Clicked on : click on trace
18:00:49.884 [main] INFO  com.demo.baseutil.Basetest - Validate Asset & Infrastructure Data is clicked is clickable
18:00:52.352 [main] INFO  com.demo.baseutil.Basetest - Clicked on : Asset & Infrastructure Data is clicked
18:00:54.361 [main] INFO  com.demo.baseutil.Basetest - Validate Assets is clicked is clickable
18:00:57.016 [main] INFO  com.demo.baseutil.Basetest - Clicked on : Assets is clicked
18:01:02.017 [main] INFO  com.demo.baseutil.Basetest - Validate Add new is clicked is clickable
18:01:04.632 [main] INFO  com.demo.baseutil.Basetest - Clicked on : Add new is clicked
18:01:09.639 [main] INFO  com.demo.baseutil.Basetest - Validate Asset type is clicked is clickable
18:01:12.074 [main] INFO  com.demo.baseutil.Basetest - Clicked on : Asset type is clicked
18:01:12.074 [main] INFO  com.demo.baseutil.Basetest - Validate Click on Vehicle Name is clickable
18:01:14.530 [main] INFO  com.demo.baseutil.Basetest - Clicked on : Click on Vehicle Name
18:01:16.544 [main] INFO  com.demo.baseutil.Basetest - Validate container name is clicked is clickable
18:01:18.994 [main] INFO  com.demo.baseutil.Basetest - Clicked on : container name is clicked
18:01:18.994 [main] INFO  com.demo.baseutil.Basetest - Enter the value into enter the container name
18:01:19.465 [main] INFO  com.demo.baseutil.Basetest - containerr965965965 typed into enter the container name
18:01:21.487 [main] INFO  com.demo.baseutil.Basetest - Validate length is clicked is clickable
18:01:23.876 [main] INFO  com.demo.baseutil.Basetest - Clicked on : length is clicked
18:01:25.887 [main] INFO  com.demo.baseutil.Basetest - Enter the value into enter the length
18:01:26.289 [main] INFO  com.demo.baseutil.Basetest - 10 typed into enter the length
18:01:26.290 [main] INFO  com.demo.baseutil.Basetest - Validate breadth is clicked is clickable
18:01:28.843 [main] INFO  com.demo.baseutil.Basetest - Clicked on : breadth is clicked
18:01:28.843 [main] INFO  com.demo.baseutil.Basetest - Enter the value into breath entered
18:01:29.249 [main] INFO  com.demo.baseutil.Basetest - 10 typed into breath entered
18:01:31.259 [main] INFO  com.demo.baseutil.Basetest - Validate height is clicked is clickable
18:01:33.659 [main] INFO  com.demo.baseutil.Basetest - Clicked on : height is clicked
18:01:35.666 [main] INFO  com.demo.baseutil.Basetest - Enter the value into height entered
18:01:36.020 [main] INFO  com.demo.baseutil.Basetest - 20 typed into height entered
18:01:38.027 [main] INFO  com.demo.baseutil.Basetest - Validate dom is clicked is clickable
18:01:40.469 [main] INFO  com.demo.baseutil.Basetest - Clicked on : dom is clicked
18:01:42.483 [main] INFO  com.demo.baseutil.Basetest - Validate ft is clicked is clickable
18:01:44.959 [main] INFO  com.demo.baseutil.Basetest - Clicked on : ft is clicked
18:01:46.968 [main] INFO  com.demo.baseutil.Basetest - Validate wt is clicked is clickable
18:01:49.409 [main] INFO  com.demo.baseutil.Basetest - Clicked on : wt is clicked
18:01:51.417 [main] INFO  com.demo.baseutil.Basetest - Enter the value into weight entered
18:01:52.051 [main] INFO  com.demo.baseutil.Basetest - 1000 typed into weight entered
18:01:54.055 [main] INFO  com.demo.baseutil.Basetest - Validate wtcap is clicked is clickable
18:01:56.467 [main] INFO  com.demo.baseutil.Basetest - Clicked on : wtcap is clicked
18:01:58.472 [main] INFO  com.demo.baseutil.Basetest - Validate tons is clicked is clickable
18:02:00.962 [main] INFO  com.demo.baseutil.Basetest - Clicked on : tons is clicked
18:02:02.969 [main] INFO  com.demo.baseutil.Basetest - Validate Click on Add button is clickable
18:02:05.549 [main] INFO  com.demo.baseutil.Basetest - Clicked on : Click on Add button
18:02:16.561 [main] INFO  com.demo.baseutil.Basetest - Scroll till the transaction
18:02:16.683 [main] INFO  com.demo.baseutil.Basetest - Scroll till the transaction completed
18:02:16.684 [main] INFO  com.demo.baseutil.Basetest - Validate transaction is clicked is clickable
18:02:19.346 [main] INFO  com.demo.baseutil.Basetest - Clicked on : transaction is clicked
18:02:24.359 [main] INFO  com.demo.baseutil.Basetest - Validate add new is clicked is clickable
18:02:26.999 [main] INFO  com.demo.baseutil.Basetest - Clicked on : add new is clicked
18:02:32.012 [main] INFO  com.demo.baseutil.Basetest - Validate Product id is clicked is clickable
18:02:34.429 [main] INFO  com.demo.baseutil.Basetest - Clicked on : Product id is clicked
18:02:36.440 [main] INFO  com.demo.baseutil.Basetest - Enter the value into Saved Value is entered
18:02:36.831 [main] INFO  com.demo.baseutil.Basetest - F2PG10002496 typed into Saved Value is entered
18:02:38.845 [main] INFO  com.demo.baseutil.Basetest - Validate Product id is clicked is clickable
18:02:41.289 [main] INFO  com.demo.baseutil.Basetest - Clicked on : Product id is clicked
18:02:43.293 [main] INFO  com.demo.baseutil.Basetest - Validate Product id is clicked is clickable
18:02:45.621 [main] INFO  com.demo.baseutil.Basetest - Clicked on : Product id is clicked
18:02:47.633 [main] INFO  com.demo.baseutil.Basetest - Validate chooseprocess id is clicked is clickable
18:02:50.111 [main] INFO  com.demo.baseutil.Basetest - Clicked on : chooseprocess id is clicked
18:02:52.118 [main] INFO  com.demo.baseutil.Basetest - Enter the value into Harvestiong/commission is entered
18:02:52.553 [main] INFO  com.demo.baseutil.Basetest - Harvesting typed into Harvestiong/commission is entered
18:02:54.562 [main] INFO  com.demo.baseutil.Basetest - Validate chooseprocess id is clicked is clickable
18:02:57.147 [main] INFO  com.demo.baseutil.Basetest - Clicked on : chooseprocess id is clicked
18:03:00.156 [main] INFO  com.demo.baseutil.Basetest - Validate Process commision is selected is clickable
18:03:02.654 [main] INFO  com.demo.baseutil.Basetest - Clicked on : Process commision is selected
18:03:04.682 [main] INFO  com.demo.baseutil.Basetest - Scroll down successful
18:03:04.698 [main] INFO  com.demo.baseutil.Basetest - Validate date is selected is clickable
18:03:07.226 [main] INFO  com.demo.baseutil.Basetest - Clicked on : date is selected
18:03:08.230 [main] INFO  com.demo.baseutil.Basetest - Validate date netx button is clickable
18:03:10.957 [main] INFO  com.demo.baseutil.Basetest - Clicked on : date netx button
18:03:10.957 [main] INFO  com.demo.baseutil.Basetest - Validate date is entered is clickable
18:03:13.455 [main] INFO  com.demo.baseutil.Basetest - Clicked on : date is entered
18:03:15.466 [main] INFO  com.demo.baseutil.Basetest - Validate date is selected is clickable
18:03:18.072 [main] INFO  com.demo.baseutil.Basetest - Clicked on : date is selected
18:03:24.161 [main] INFO  com.demo.baseutil.Basetest - Scroll down
18:03:24.161 [main] INFO  com.demo.baseutil.Basetest - Validate activity is selected is clickable
18:03:26.626 [main] INFO  com.demo.baseutil.Basetest - Clicked on : activity is selected
18:03:26.626 [main] INFO  com.demo.baseutil.Basetest - Enter the value into activity Value is entered
18:03:26.980 [main] INFO  com.demo.baseutil.Basetest - abcd typed into activity Value is entered
18:03:28.995 [main] INFO  com.demo.baseutil.Basetest - Validate packing type dropdown is selected is clickable
18:03:31.325 [main] INFO  com.demo.baseutil.Basetest - Clicked on : packing type dropdown is selected
18:03:31.325 [main] INFO  com.demo.baseutil.Basetest - Validate packing type dropdown is selected is clickable
18:03:33.802 [main] INFO  com.demo.baseutil.Basetest - Clicked on : packing type dropdown is selected
18:03:39.894 [main] INFO  com.demo.baseutil.Basetest - Scroll down
18:03:39.894 [main] INFO  com.demo.baseutil.Basetest - Validate tlc is clicked is clickable
18:03:42.272 [main] INFO  com.demo.baseutil.Basetest - Clicked on : tlc is clicked
18:03:42.272 [main] INFO  com.demo.baseutil.Basetest - Enter the value into Tlc no is entered
18:03:42.556 [main] INFO  com.demo.baseutil.Basetest - 1234567890 typed into Tlc no is entered
18:03:42.557 [main] INFO  com.demo.baseutil.Basetest - Validate location is clicked is clickable
18:03:45.024 [main] INFO  com.demo.baseutil.Basetest - Clicked on : location is clicked
18:03:45.024 [main] INFO  com.demo.baseutil.Basetest - Enter the value into location no is entered
18:03:45.373 [main] INFO  com.demo.baseutil.Basetest - location typed into location no is entered
18:03:45.373 [main] INFO  com.demo.baseutil.Basetest - Validate commodity is clicked is clickable
18:03:47.957 [main] INFO  com.demo.baseutil.Basetest - Clicked on : commodity is clicked
18:03:47.957 [main] INFO  com.demo.baseutil.Basetest - Enter the value into commodity is entered
18:03:48.348 [main] INFO  com.demo.baseutil.Basetest - commodity typed into commodity is entered
18:03:52.427 [main] INFO  com.demo.baseutil.Basetest - Scroll down
18:03:52.427 [main] INFO  com.demo.baseutil.Basetest - Validate filed is clicked is clickable
18:03:54.790 [main] INFO  com.demo.baseutil.Basetest - Clicked on : filed is clicked
18:03:54.790 [main] INFO  com.demo.baseutil.Basetest - Enter the value into filed is entered
18:03:55.105 [main] INFO  com.demo.baseutil.Basetest - filed typed into filed is entered
18:03:55.105 [main] INFO  com.demo.baseutil.Basetest - Validate container is clicked is clickable
18:03:57.457 [main] INFO  com.demo.baseutil.Basetest - Clicked on : container is clicked
18:03:57.457 [main] INFO  com.demo.baseutil.Basetest - Enter the value into filed is entered
18:03:57.981 [main] INFO  com.demo.baseutil.Basetest - containerr965965965 typed into filed is entered
18:04:01.996 [main] INFO  com.demo.baseutil.Basetest - Validate Selected the conatiner is clickable
18:04:04.415 [main] INFO  com.demo.baseutil.Basetest - Clicked on : Selected the conatiner
18:04:05.419 [main] INFO  com.demo.baseutil.Basetest - Validate count sgtin is clicked is clickable
18:04:07.891 [main] INFO  com.demo.baseutil.Basetest - Clicked on : count sgtin is clicked
18:04:07.891 [main] INFO  com.demo.baseutil.Basetest - Enter the value into countsgtin is entered
18:04:08.223 [main] INFO  com.demo.baseutil.Basetest - 123 typed into countsgtin is entered
18:04:08.223 [main] INFO  com.demo.baseutil.Basetest - Validate weightsgtin sgtin is clicked is clickable
18:04:10.673 [main] INFO  com.demo.baseutil.Basetest - Clicked on : weightsgtin sgtin is clicked
18:04:10.673 [main] INFO  com.demo.baseutil.Basetest - Enter the value into weightsgtin is entered
18:04:11.119 [main] INFO  com.demo.baseutil.Basetest - 1234567 typed into weightsgtin is entered
18:04:11.119 [main] INFO  com.demo.baseutil.Basetest - Validate itemsgtin sgtin is clicked is clickable
18:04:13.632 [main] INFO  com.demo.baseutil.Basetest - Clicked on : itemsgtin sgtin is clicked
18:04:13.632 [main] INFO  com.demo.baseutil.Basetest - Validate itemgtin is entered is clickable
18:04:16.183 [main] INFO  com.demo.baseutil.Basetest - Clicked on : itemgtin is entered
18:04:16.183 [main] INFO  com.demo.baseutil.Basetest - Validate document is clicked is clickable
18:04:18.606 [main] INFO  com.demo.baseutil.Basetest - Clicked on : document is clicked
18:04:18.606 [main] INFO  com.demo.baseutil.Basetest - Enter the value into document is entered
18:04:19.002 [main] INFO  com.demo.baseutil.Basetest - 1234567 typed into document is entered
18:04:23.093 [main] INFO  com.demo.baseutil.Basetest - Scroll down
18:04:23.093 [main] INFO  com.demo.baseutil.Basetest - Validate Add Transaction is selected is clickable
18:04:25.561 [main] INFO  com.demo.baseutil.Basetest - Clicked on : Add Transaction is selected
18:04:41.586 [main] INFO  com.demo.baseutil.Basetest - Validate click on trace is clickable
18:04:43.959 [main] INFO  com.demo.baseutil.Basetest - Clicked on : click on trace
18:04:55.968 [main] INFO  com.demo.baseutil.Basetest - Validate click on trace is clickable
18:04:58.328 [main] INFO  com.demo.baseutil.Basetest - Clicked on : click on trace
18:05:04.407 [main] INFO  com.demo.baseutil.Basetest - Validate Asset & Infrastructure Data is clicked is clickable
18:05:06.776 [main] INFO  com.demo.baseutil.Basetest - Clicked on : Asset & Infrastructure Data is clicked
18:05:08.784 [main] INFO  com.demo.baseutil.Basetest - Validate Assets is clicked is clickable
18:05:11.424 [main] INFO  com.demo.baseutil.Basetest - Clicked on : Assets is clicked
18:05:16.430 [main] INFO  com.demo.baseutil.Basetest - Validate Add new is clicked is clickable
18:05:19.613 [main] INFO  com.demo.baseutil.Basetest - Clicked on : Add new is clicked
18:05:24.621 [main] INFO  com.demo.baseutil.Basetest - Validate Asset type is clicked is clickable
18:05:27.081 [main] INFO  com.demo.baseutil.Basetest - Clicked on : Asset type is clicked
18:05:27.081 [main] INFO  com.demo.baseutil.Basetest - Validate Click on Vehicle Name is clickable
18:05:29.582 [main] INFO  com.demo.baseutil.Basetest - Clicked on : Click on Vehicle Name
18:05:31.591 [main] INFO  com.demo.baseutil.Basetest - Validate container name is clicked is clickable
18:05:34.185 [main] INFO  com.demo.baseutil.Basetest - Clicked on : container name is clicked
18:05:34.185 [main] INFO  com.demo.baseutil.Basetest - Enter the value into enter the container name
18:05:34.642 [main] INFO  com.demo.baseutil.Basetest - containerr900900900 typed into enter the container name
18:05:36.666 [main] INFO  com.demo.baseutil.Basetest - Validate length is clicked is clickable
18:05:39.004 [main] INFO  com.demo.baseutil.Basetest - Clicked on : length is clicked
18:05:41.011 [main] INFO  com.demo.baseutil.Basetest - Enter the value into enter the length
18:05:41.365 [main] INFO  com.demo.baseutil.Basetest - 10 typed into enter the length
18:05:41.365 [main] INFO  com.demo.baseutil.Basetest - Validate breadth is clicked is clickable
18:05:43.803 [main] INFO  com.demo.baseutil.Basetest - Clicked on : breadth is clicked
18:05:43.803 [main] INFO  com.demo.baseutil.Basetest - Enter the value into breath entered
18:05:44.160 [main] INFO  com.demo.baseutil.Basetest - 10 typed into breath entered
18:05:46.170 [main] INFO  com.demo.baseutil.Basetest - Validate height is clicked is clickable
18:05:48.574 [main] INFO  com.demo.baseutil.Basetest - Clicked on : height is clicked
18:05:50.577 [main] INFO  com.demo.baseutil.Basetest - Enter the value into height entered
18:05:50.943 [main] INFO  com.demo.baseutil.Basetest - 20 typed into height entered
18:05:52.971 [main] INFO  com.demo.baseutil.Basetest - Validate dom is clicked is clickable
18:05:55.381 [main] INFO  com.demo.baseutil.Basetest - Clicked on : dom is clicked
18:05:57.390 [main] INFO  com.demo.baseutil.Basetest - Validate ft is clicked is clickable
18:06:00.014 [main] INFO  com.demo.baseutil.Basetest - Clicked on : ft is clicked
18:06:02.021 [main] INFO  com.demo.baseutil.Basetest - Validate wt is clicked is clickable
18:06:05.119 [main] INFO  com.demo.baseutil.Basetest - Clicked on : wt is clicked
18:06:07.127 [main] INFO  com.demo.baseutil.Basetest - Enter the value into weight entered
18:06:07.659 [main] INFO  com.demo.baseutil.Basetest - 1000 typed into weight entered
18:06:09.684 [main] INFO  com.demo.baseutil.Basetest - Validate wtcap is clicked is clickable
18:06:12.129 [main] INFO  com.demo.baseutil.Basetest - Clicked on : wtcap is clicked
18:06:14.141 [main] INFO  com.demo.baseutil.Basetest - Validate tons is clicked is clickable
18:06:16.628 [main] INFO  com.demo.baseutil.Basetest - Clicked on : tons is clicked
18:06:18.639 [main] INFO  com.demo.baseutil.Basetest - Validate Click on Add button is clickable
18:06:21.127 [main] INFO  com.demo.baseutil.Basetest - Clicked on : Click on Add button
18:06:37.331 [main] INFO  com.demo.baseutil.Basetest - Scroll down
18:06:39.346 [main] INFO  com.demo.baseutil.Basetest - Validate transaction is clicked is clickable
18:06:41.773 [main] INFO  com.demo.baseutil.Basetest - Clicked on : transaction is clicked
18:06:48.790 [main] INFO  com.demo.baseutil.Basetest - Validate productid is selected is clickable
18:06:51.436 [main] INFO  com.demo.baseutil.Basetest - Clicked on : productid is selected
18:06:51.441 [main] INFO  com.demo.baseutil.Basetest - Enter the value into enter the productid
18:06:51.843 [main] INFO  com.demo.baseutil.Basetest - F2PG10002496 typed into enter the productid
18:06:51.843 [main] INFO  com.demo.baseutil.Basetest - Validate productid is selected is clickable
18:06:54.278 [main] INFO  com.demo.baseutil.Basetest - Clicked on : productid is selected
18:06:54.278 [main] INFO  com.demo.baseutil.Basetest - Validate search is selected is clickable
18:06:56.754 [main] INFO  com.demo.baseutil.Basetest - Clicked on : search is selected
18:06:56.754 [main] INFO  com.demo.baseutil.Basetest - Validate search button is clicked is clickable
18:06:59.139 [main] INFO  com.demo.baseutil.Basetest - Clicked on : search button is clicked
18:07:01.639 [main] INFO  com.demo.baseutil.Basetest - Scroll up
18:07:03.688 [main] INFO  com.demo.baseutil.Basetest - Scroll up
18:07:07.702 [main] INFO  com.demo.baseutil.Basetest - Validate transaction is clicked is clickable
18:07:10.234 [main] INFO  com.demo.baseutil.Basetest - Clicked on : transaction is clicked
18:07:15.243 [main] INFO  com.demo.baseutil.Basetest - Validate add new is clicked is clickable
18:07:17.963 [main] INFO  com.demo.baseutil.Basetest - Clicked on : add new is clicked
18:07:22.974 [main] INFO  com.demo.baseutil.Basetest - Validate Product id is clicked is clickable
18:07:25.472 [main] INFO  com.demo.baseutil.Basetest - Clicked on : Product id is clicked
18:07:27.479 [main] INFO  com.demo.baseutil.Basetest - Enter the value into Saved Value is entered
18:07:27.854 [main] INFO  com.demo.baseutil.Basetest - F2PG10002496 typed into Saved Value is entered
18:07:29.858 [main] INFO  com.demo.baseutil.Basetest - Validate Product id is clicked is clickable
18:07:32.221 [main] INFO  com.demo.baseutil.Basetest - Clicked on : Product id is clicked
18:07:34.233 [main] INFO  com.demo.baseutil.Basetest - Validate Product id is clicked is clickable
18:07:36.731 [main] INFO  com.demo.baseutil.Basetest - Clicked on : Product id is clicked
18:07:38.733 [main] INFO  com.demo.baseutil.Basetest - Validate chooseprocess id is clicked is clickable
18:07:41.203 [main] INFO  com.demo.baseutil.Basetest - Clicked on : chooseprocess id is clicked
18:07:43.210 [main] INFO  com.demo.baseutil.Basetest - Enter the value into Packing/aggregation is entered
18:07:43.674 [main] INFO  com.demo.baseutil.Basetest - Packing typed into Packing/aggregation is entered
18:07:45.683 [main] INFO  com.demo.baseutil.Basetest - Validate chooseprocess id is clicked is clickable
18:07:48.145 [main] INFO  com.demo.baseutil.Basetest - Clicked on : chooseprocess id is clicked
18:07:52.158 [main] INFO  com.demo.baseutil.Basetest - Validate Process aggre is selected is clickable
18:07:54.688 [main] INFO  com.demo.baseutil.Basetest - Clicked on : Process aggre is selected
18:07:56.710 [main] INFO  com.demo.baseutil.Basetest - Scroll down successful
18:07:56.710 [main] INFO  com.demo.baseutil.Basetest - Validate org is selected is clickable
18:07:59.167 [main] INFO  com.demo.baseutil.Basetest - Clicked on : org is selected
18:08:01.169 [main] INFO  com.demo.baseutil.Basetest - Enter the value into org value is entered
18:08:01.578 [main] INFO  com.demo.baseutil.Basetest - 178 typed into org value is entered
18:08:06.597 [main] INFO  com.demo.baseutil.Basetest - Validate org is selected is clickable
18:08:09.094 [main] INFO  com.demo.baseutil.Basetest - Clicked on : org is selected
18:08:12.101 [main] INFO  com.demo.baseutil.Basetest - Validate location is selected is clickable
18:08:32.575 [main] ERROR com.demo.baseutil.Basetest - location is selected is not clickable
18:08:32.575 [main] ERROR com.demo.baseutil.Basetest - Unable to click on location is selected
18:08:53.185 [main] INFO  com.demo.baseutil.Basetest - Browser is closed sucessfuly
18:08:54.605 [main] INFO  com.demo.baseutil.Basetest - Browser is closed sucessfuly
18:08:56.067 [main] ERROR com.demo.baseutil.Basetest - Failed to close the Browser
