13:10:38.053 [main] INFO  com.demo.baseutil.Basetest - 
13:10:38.059 [main] INFO  com.demo.baseutil.Basetest - Running locally JavaMail
13:10:38.182 [main] INFO  com.demo.baseutil.Basetest2 - Folder creation for Extent
13:10:38.188 [main] INFO  com.demo.baseutil.Basetest - ExtentDir:-C:\Users\Deepti Jindal\eclipse-workspace2\com.NFR.Trace QA latest/reports/Automation Report- 09_16_2024_13_10_38/Report/09_16_2024_13_10_38
13:10:38.290 [main] INFO  com.demo.baseutil.Basetest - Report Initiated
13:10:38.290 [main] INFO  com.demo.baseutil.Basetest - Screenshot folder created
13:10:49.827 [main] INFO  com.demo.baseutil.Basetest - Validate Sign in with FarmtoPlate account is clickable
13:10:52.310 [main] INFO  com.demo.baseutil.Basetest - Clicked on : Sign in with FarmtoPlate account
13:10:52.320 [main] INFO  com.demo.baseutil.Basetest - Url contains farmtoplateapps.io/login
13:10:52.328 [main] INFO  com.demo.baseutil.Basetest - Sign in title matched
13:10:52.329 [main] INFO  com.demo.baseutil.Basetest - UI verified for Sigin page.
13:10:52.329 [main] INFO  com.demo.baseutil.Basetest - Sign in function call
13:10:52.329 [main] INFO  com.demo.baseutil.Basetest - Validate email address field is clicked is clickable
13:10:54.572 [main] INFO  com.demo.baseutil.Basetest - Clicked on : email address field is clicked
13:10:54.573 [main] INFO  com.demo.baseutil.Basetest - Enter the value into Email Id Entered
13:10:54.954 [main] INFO  com.demo.baseutil.Basetest - farmtoplatef2p@paramountsoft.net typed into Email Id Entered
13:10:54.954 [main] INFO  com.demo.baseutil.Basetest - Validate Enter the password is clickable
13:10:57.207 [main] INFO  com.demo.baseutil.Basetest - Clicked on : Enter the password
13:10:57.208 [main] INFO  com.demo.baseutil.Basetest - Enter the value into Password Id Entered
13:10:57.424 [main] INFO  com.demo.baseutil.Basetest - Admin1234 typed into Password Id Entered
13:11:06.510 [main] INFO  com.demo.baseutil.Basetest - Scroll down
13:11:07.526 [main] INFO  com.demo.baseutil.Basetest - Validate Press the signin button is clickable
13:11:10.655 [main] INFO  com.demo.baseutil.Basetest - Clicked on : Press the signin button
13:11:18.666 [main] INFO  com.demo.baseutil.Basetest - HomePage title  is matched
13:11:31.687 [main] INFO  com.demo.baseutil.Basetest - Validate Network Management is clicked is clickable
13:11:34.138 [main] INFO  com.demo.baseutil.Basetest - Clicked on : Network Management is clicked
13:11:38.140 [main] INFO  com.demo.baseutil.Basetest - Validate Add new is clicked is clickable
13:11:40.434 [main] INFO  com.demo.baseutil.Basetest - Clicked on : Add new is clicked
13:11:42.446 [main] INFO  com.demo.baseutil.Basetest - Validate Organisation Name is clicked is clickable
13:11:44.920 [main] INFO  com.demo.baseutil.Basetest - Clicked on : Organisation Name is clicked
13:11:44.920 [main] INFO  com.demo.baseutil.Basetest - Enter the value into Organisation is Entered
13:11:45.332 [main] INFO  com.demo.baseutil.Basetest - KbdDWiXC typed into Organisation is Entered
13:11:45.332 [main] INFO  com.demo.baseutil.Basetest - Validate Organisation type is clicked is clickable
13:11:47.783 [main] INFO  com.demo.baseutil.Basetest - Clicked on : Organisation type is clicked
13:11:47.783 [main] INFO  com.demo.baseutil.Basetest - Validate upstream is selected is clickable
13:11:50.243 [main] INFO  com.demo.baseutil.Basetest - Clicked on : upstream is selected
13:11:50.243 [main] INFO  com.demo.baseutil.Basetest - Validate Organisation role is clicked is clickable
13:11:52.622 [main] INFO  com.demo.baseutil.Basetest - Clicked on : Organisation role is clicked
13:11:52.622 [main] INFO  com.demo.baseutil.Basetest - Validate Organisation role is selected is clickable
13:11:55.009 [main] INFO  com.demo.baseutil.Basetest - Clicked on : Organisation role is selected
13:11:55.010 [main] INFO  com.demo.baseutil.Basetest - Validate module is clicked is clickable
13:11:57.421 [main] INFO  com.demo.baseutil.Basetest - Clicked on : module is clicked
13:11:57.421 [main] INFO  com.demo.baseutil.Basetest - Validate module is selected is clickable
13:11:59.792 [main] INFO  com.demo.baseutil.Basetest - Clicked on : module is selected
13:11:59.793 [main] INFO  com.demo.baseutil.Basetest - Validate email field is clicked is clickable
13:12:02.169 [main] INFO  com.demo.baseutil.Basetest - Clicked on : email field is clicked
13:12:02.171 [main] INFO  com.demo.baseutil.Basetest - Enter the value into emailid is Entered
13:12:02.614 [main] INFO  com.demo.baseutil.Basetest - 84501avcyghg@yopmail.com typed into emailid is Entered
13:12:08.700 [main] INFO  com.demo.baseutil.Basetest - Scroll down
13:12:15.761 [main] INFO  com.demo.baseutil.Basetest - Validate Database Type is clicked is clickable
13:12:18.630 [main] INFO  com.demo.baseutil.Basetest - Clicked on : Database Type is clicked
13:12:18.630 [main] INFO  com.demo.baseutil.Basetest - Validate Db is selected is clickable
13:12:21.045 [main] INFO  com.demo.baseutil.Basetest - Clicked on : Db is selected
13:12:23.176 [main] INFO  com.demo.baseutil.Basetest - Scroll down successful
13:12:24.182 [main] INFO  com.demo.baseutil.Basetest - Validate Db is selected is clickable
13:12:26.496 [main] INFO  com.demo.baseutil.Basetest - Clicked on : Db is selected
13:12:28.655 [main] INFO  com.demo.baseutil.Basetest - Validate ordermgmt is selected is clickable
13:12:31.051 [main] INFO  com.demo.baseutil.Basetest - Clicked on : ordermgmt is selected
13:12:31.052 [main] INFO  com.demo.baseutil.Basetest - Validate Soil Dashboard is selected is clickable
13:12:33.497 [main] INFO  com.demo.baseutil.Basetest - Clicked on : Soil Dashboard is selected
13:12:33.498 [main] INFO  com.demo.baseutil.Basetest - Validate Submit Button is clicked is clickable
13:12:35.897 [main] INFO  com.demo.baseutil.Basetest - Clicked on : Submit Button is clicked
13:12:38.021 [main] INFO  com.demo.baseutil.Basetest - Validate Email address input field is clicked is clickable
13:12:41.706 [main] INFO  com.demo.baseutil.Basetest - Clicked on : Email address input field is clicked
13:12:41.707 [main] INFO  com.demo.baseutil.Basetest - Enter the value into email address is entered
13:12:42.078 [main] INFO  com.demo.baseutil.Basetest - 84501avcyghg@yopmail.com typed into email address is entered
13:12:42.078 [main] INFO  com.demo.baseutil.Basetest - Validate arrow button is clicked is clickable
13:12:51.132 [main] INFO  com.demo.baseutil.Basetest - Clicked on : arrow button is clicked
13:12:58.828 [main] INFO  com.demo.baseutil.Basetest - Validate first email is clicked is clickable
13:13:02.164 [main] INFO  com.demo.baseutil.Basetest - Clicked on : first email is clicked
13:13:04.271 [main] INFO  com.demo.baseutil.Basetest - Validate email address is clicked is clickable
13:13:06.608 [main] INFO  com.demo.baseutil.Basetest - Clicked on : email address is clicked
13:13:08.639 [main] INFO  com.demo.baseutil.Basetest - Validate pass is clicked is clickable
13:13:23.117 [main] INFO  com.demo.baseutil.Basetest - Clicked on : pass is clicked
13:13:23.117 [main] INFO  com.demo.baseutil.Basetest - Enter the value into Password is entered
13:13:23.441 [main] INFO  com.demo.baseutil.Basetest - Admin@1234 typed into Password is entered
13:13:23.441 [main] INFO  com.demo.baseutil.Basetest - Validate confirm password is clicked is clickable
13:13:25.853 [main] INFO  com.demo.baseutil.Basetest - Clicked on : confirm password is clicked
13:13:25.853 [main] INFO  com.demo.baseutil.Basetest - Enter the value into Confirm Password is entered
13:13:26.159 [main] INFO  com.demo.baseutil.Basetest - Admin@1234 typed into Confirm Password is entered
13:13:32.244 [main] INFO  com.demo.baseutil.Basetest - Scroll down
13:13:32.244 [main] INFO  com.demo.baseutil.Basetest - Validate button is clicked is clickable
13:13:34.664 [main] INFO  com.demo.baseutil.Basetest - Clicked on : button is clicked
13:13:36.680 [main] INFO  com.demo.baseutil.Basetest - Validate email address field is clicked is clickable
13:13:45.006 [main] INFO  com.demo.baseutil.Basetest - Clicked on : email address field is clicked
13:13:45.007 [main] INFO  com.demo.baseutil.Basetest - Enter the value into Email Id Entered
13:13:45.390 [main] INFO  com.demo.baseutil.Basetest - 84501avcyghg@yopmail.com typed into Email Id Entered
13:13:45.390 [main] INFO  com.demo.baseutil.Basetest - Validate Enter the password is clickable
13:13:47.703 [main] INFO  com.demo.baseutil.Basetest - Clicked on : Enter the password
13:13:47.704 [main] INFO  com.demo.baseutil.Basetest - Enter the value into Password Id Entered
13:13:48.026 [main] INFO  com.demo.baseutil.Basetest - Admin@1234 typed into Password Id Entered
13:13:52.134 [main] INFO  com.demo.baseutil.Basetest - Scroll down
13:13:52.134 [main] INFO  com.demo.baseutil.Basetest - Validate Press the signin button is clickable
13:13:54.909 [main] INFO  com.demo.baseutil.Basetest - Clicked on : Press the signin button
13:13:57.926 [main] INFO  com.demo.baseutil.Basetest - Scroll down successful
13:13:58.950 [main] INFO  com.demo.baseutil.Basetest - Validate Press the button is clickable
13:14:01.418 [main] INFO  com.demo.baseutil.Basetest - Clicked on : Press the button
13:14:01.434 [main] INFO  com.demo.baseutil.Basetest - Scroll down successful
13:14:01.434 [main] INFO  com.demo.baseutil.Basetest - Validate Press the signin button is clickable
13:14:03.920 [main] INFO  com.demo.baseutil.Basetest - Clicked on : Press the signin button
13:14:05.925 [main] INFO  com.demo.baseutil.Basetest - Validate Press the button is clickable
13:14:08.277 [main] INFO  com.demo.baseutil.Basetest - Clicked on : Press the button
13:14:11.292 [main] INFO  com.demo.baseutil.Basetest - Validate Click on First is clickable
13:14:13.698 [main] INFO  com.demo.baseutil.Basetest - Clicked on : Click on First
13:14:13.698 [main] INFO  com.demo.baseutil.Basetest - Enter the value into enter the  First
13:14:13.983 [main] INFO  com.demo.baseutil.Basetest - First typed into enter the  First
13:14:13.983 [main] INFO  com.demo.baseutil.Basetest - Validate Click on last is clickable
13:14:16.381 [main] INFO  com.demo.baseutil.Basetest - Clicked on : Click on last
13:14:16.381 [main] INFO  com.demo.baseutil.Basetest - Enter the value into enter the  Last
13:14:16.658 [main] INFO  com.demo.baseutil.Basetest - Last typed into enter the  Last
13:14:16.658 [main] INFO  com.demo.baseutil.Basetest - Validate Click on dest is clickable
13:14:19.092 [main] INFO  com.demo.baseutil.Basetest - Clicked on : Click on dest
13:14:19.092 [main] INFO  com.demo.baseutil.Basetest - Enter the value into enter the  dest
13:14:19.425 [main] INFO  com.demo.baseutil.Basetest - dest typed into enter the  dest
13:14:19.427 [main] INFO  com.demo.baseutil.Basetest - Validate Click on Submit is clickable
13:14:21.859 [main] INFO  com.demo.baseutil.Basetest - Clicked on : Click on Submit
13:14:21.859 [main] INFO  com.demo.baseutil.Basetest - Validate Click on address is clickable
13:14:26.703 [main] INFO  com.demo.baseutil.Basetest - Clicked on : Click on address
13:14:26.703 [main] INFO  com.demo.baseutil.Basetest - Enter the value into enter the  address
13:14:27.091 [main] INFO  com.demo.baseutil.Basetest - 123 William Street, New York, NY, USA typed into enter the  address
13:14:29.099 [main] INFO  com.demo.baseutil.Basetest - Validate comapny name is clicked is clickable
13:14:31.535 [main] INFO  com.demo.baseutil.Basetest - Clicked on : comapny name is clicked
13:14:31.536 [main] INFO  com.demo.baseutil.Basetest - Validate Click on state is clickable
13:14:33.949 [main] INFO  com.demo.baseutil.Basetest - Clicked on : Click on state
13:14:33.949 [main] INFO  com.demo.baseutil.Basetest - Enter the value into Enetered the state
13:14:34.241 [main] INFO  com.demo.baseutil.Basetest - NY typed into Enetered the state
13:14:34.241 [main] INFO  com.demo.baseutil.Basetest - Validate Click on zip is clickable
13:14:36.651 [main] INFO  com.demo.baseutil.Basetest - Clicked on : Click on zip
13:14:36.666 [main] INFO  com.demo.baseutil.Basetest - Enter the value into Enetred the Zip
13:14:37.073 [main] INFO  com.demo.baseutil.Basetest - 10038-3804 typed into Enetred the Zip
13:14:37.074 [main] INFO  com.demo.baseutil.Basetest - Validate Click on city is clickable
13:14:39.417 [main] INFO  com.demo.baseutil.Basetest - Clicked on : Click on city
13:14:39.417 [main] INFO  com.demo.baseutil.Basetest - Enter the value into Enetered the city
13:14:39.676 [main] INFO  com.demo.baseutil.Basetest - New York typed into Enetered the city
13:14:39.676 [main] INFO  com.demo.baseutil.Basetest - Validate Click on country is clickable
13:14:42.069 [main] INFO  com.demo.baseutil.Basetest - Clicked on : Click on country
13:14:42.070 [main] INFO  com.demo.baseutil.Basetest - Enter the value into Enetered the country
13:14:42.372 [main] INFO  com.demo.baseutil.Basetest - United States typed into Enetered the country
13:14:42.372 [main] INFO  com.demo.baseutil.Basetest - Scroll till the scrolled to bankname
13:14:42.450 [main] INFO  com.demo.baseutil.Basetest - Scroll till the scrolled to bankname completed
13:14:42.450 [main] INFO  com.demo.baseutil.Basetest - Validate msmenumber is clicked is clickable
13:14:44.814 [main] INFO  com.demo.baseutil.Basetest - Clicked on : msmenumber is clicked
13:14:44.814 [main] INFO  com.demo.baseutil.Basetest - Enter the value into Enetered the msmnumber
13:14:45.132 [main] INFO  com.demo.baseutil.Basetest - 192983758890 typed into Enetered the msmnumber
13:14:45.132 [main] INFO  com.demo.baseutil.Basetest - Validate bankname is clicked is clickable
13:14:47.499 [main] INFO  com.demo.baseutil.Basetest - Clicked on : bankname is clicked
13:14:47.499 [main] INFO  com.demo.baseutil.Basetest - Enter the value into Enetered the bankname
13:14:47.874 [main] INFO  com.demo.baseutil.Basetest - Goldmann typed into Enetered the bankname
13:14:47.874 [main] INFO  com.demo.baseutil.Basetest - Validate accountname is clicked is clickable
13:14:50.251 [main] INFO  com.demo.baseutil.Basetest - Clicked on : accountname is clicked
13:14:50.251 [main] INFO  com.demo.baseutil.Basetest - Enter the value into Enetered the accountname
13:14:50.467 [main] INFO  com.demo.baseutil.Basetest - Gold digger typed into Enetered the accountname
13:14:50.471 [main] INFO  com.demo.baseutil.Basetest - Validate accountnumber is clicked is clickable
13:14:52.837 [main] INFO  com.demo.baseutil.Basetest - Clicked on : accountnumber is clicked
13:14:52.837 [main] INFO  com.demo.baseutil.Basetest - Enter the value into Enetered the accountnumber
13:14:53.150 [main] INFO  com.demo.baseutil.Basetest - 10000234500123 typed into Enetered the accountnumber
13:14:53.150 [main] INFO  com.demo.baseutil.Basetest - Validate ifscdrop is clicked is clickable
13:14:55.604 [main] INFO  com.demo.baseutil.Basetest - Clicked on : ifscdrop is clicked
13:14:55.604 [main] INFO  com.demo.baseutil.Basetest - Validate ifscdrop is clicked is clickable
13:14:57.959 [main] INFO  com.demo.baseutil.Basetest - Clicked on : ifscdrop is clicked
13:14:57.959 [main] INFO  com.demo.baseutil.Basetest - Validate ifsccode is clicked is clickable
13:15:00.284 [main] INFO  com.demo.baseutil.Basetest - Clicked on : ifsccode is clicked
13:15:00.284 [main] INFO  com.demo.baseutil.Basetest - Enter the value into Enetered the ifsccode
13:15:00.579 [main] INFO  com.demo.baseutil.Basetest - 1234IFSC908 typed into Enetered the ifsccode
13:15:06.675 [main] INFO  com.demo.baseutil.Basetest - Scroll down
13:15:08.682 [main] INFO  com.demo.baseutil.Basetest - Validate Click on Submit is clickable
13:15:11.087 [main] INFO  com.demo.baseutil.Basetest - Clicked on : Click on Submit
13:15:12.325 [main] INFO  com.demo.baseutil.Basetest - Browser is closed sucessfuly
13:15:12.923 [main] INFO  com.demo.baseutil.Basetest - Browser is closed sucessfuly
13:15:22.338 [main] INFO  com.demo.baseutil.Basetest - Validate Sign in with FarmtoPlate account is clickable
13:15:24.652 [main] INFO  com.demo.baseutil.Basetest - Clicked on : Sign in with FarmtoPlate account
13:15:24.665 [main] INFO  com.demo.baseutil.Basetest - Url contains farmtoplateapps.io/login
13:15:24.673 [main] INFO  com.demo.baseutil.Basetest - Sign in title matched
13:15:24.673 [main] INFO  com.demo.baseutil.Basetest - UI verified for Sigin page.
13:15:24.673 [main] INFO  com.demo.baseutil.Basetest - Sign in function call
13:15:24.673 [main] INFO  com.demo.baseutil.Basetest - Validate email address field is clicked is clickable
13:15:26.929 [main] INFO  com.demo.baseutil.Basetest - Clicked on : email address field is clicked
13:15:26.929 [main] INFO  com.demo.baseutil.Basetest - Enter the value into Email Id Entered
13:15:27.157 [main] INFO  com.demo.baseutil.Basetest - 139@yopmail.com typed into Email Id Entered
13:15:27.157 [main] INFO  com.demo.baseutil.Basetest - Validate Enter the password is clickable
13:15:29.390 [main] INFO  com.demo.baseutil.Basetest - Clicked on : Enter the password
13:15:29.390 [main] INFO  com.demo.baseutil.Basetest - Enter the value into Password Id Entered
13:15:29.591 [main] INFO  com.demo.baseutil.Basetest - Admin@1234 typed into Password Id Entered
13:15:33.667 [main] INFO  com.demo.baseutil.Basetest - Scroll down
13:15:33.668 [main] INFO  com.demo.baseutil.Basetest - Validate Press the signin button is clickable
13:15:36.391 [main] INFO  com.demo.baseutil.Basetest - Clicked on : Press the signin button
13:15:38.805 [main] INFO  com.demo.baseutil.Basetest - HomePage title  is matched
13:15:48.832 [main] INFO  com.demo.baseutil.Basetest - Validate click on trace is clickable
13:15:51.326 [main] INFO  com.demo.baseutil.Basetest - Clicked on : click on trace
13:15:53.331 [main] INFO  com.demo.baseutil.Basetest - Validate click on dashboard is clickable
13:15:55.872 [main] INFO  com.demo.baseutil.Basetest - Clicked on : click on dashboard
13:15:57.881 [main] INFO  com.demo.baseutil.Basetest - Validate click on organisation network is clickable
13:16:00.339 [main] INFO  com.demo.baseutil.Basetest - Clicked on : click on organisation network
13:16:05.393 [main] INFO  com.demo.baseutil.Basetest - Sign in title matched
13:16:05.393 [main] INFO  com.demo.baseutil.Basetest - UI verified for Organisation network page.
13:16:07.427 [main] INFO  com.demo.baseutil.Basetest - Validate click on product register is clickable
13:16:09.813 [main] INFO  com.demo.baseutil.Basetest - Clicked on : click on product register
13:16:16.870 [main] INFO  com.demo.baseutil.Basetest - Sign in title matched
13:16:16.870 [main] INFO  com.demo.baseutil.Basetest - UI verified for Product page.
13:16:17.910 [main] INFO  com.demo.baseutil.Basetest - Validate click on lots is clickable
13:16:20.331 [main] INFO  com.demo.baseutil.Basetest - Clicked on : click on lots
13:16:26.459 [main] INFO  com.demo.baseutil.Basetest - Sign in title matched
13:16:26.460 [main] INFO  com.demo.baseutil.Basetest - UI verified for Lots page.
13:16:28.915 [main] INFO  com.demo.baseutil.Basetest - Browser is closed sucessfuly
13:16:29.358 [main] INFO  com.demo.baseutil.Basetest - Browser is closed sucessfuly
13:16:38.075 [main] INFO  com.demo.baseutil.Basetest - Validate Sign in with FarmtoPlate account is clickable
13:16:40.383 [main] INFO  com.demo.baseutil.Basetest - Clicked on : Sign in with FarmtoPlate account
13:16:40.398 [main] INFO  com.demo.baseutil.Basetest - Url contains farmtoplateapps.io/login
13:16:40.404 [main] INFO  com.demo.baseutil.Basetest - Sign in title matched
13:16:40.404 [main] INFO  com.demo.baseutil.Basetest - UI verified for Sigin page.
13:16:40.404 [main] INFO  com.demo.baseutil.Basetest - Sign in function call
13:16:40.404 [main] INFO  com.demo.baseutil.Basetest - Validate email address field is clicked is clickable
13:16:42.648 [main] INFO  com.demo.baseutil.Basetest - Clicked on : email address field is clicked
13:16:42.648 [main] INFO  com.demo.baseutil.Basetest - Enter the value into Email Id Entered
13:16:42.934 [main] INFO  com.demo.baseutil.Basetest - 139@yopmail.com typed into Email Id Entered
13:16:42.935 [main] INFO  com.demo.baseutil.Basetest - Validate Enter the password is clickable
13:16:45.183 [main] INFO  com.demo.baseutil.Basetest - Clicked on : Enter the password
13:16:45.183 [main] INFO  com.demo.baseutil.Basetest - Enter the value into Password Id Entered
13:16:45.439 [main] INFO  com.demo.baseutil.Basetest - Admin@1234 typed into Password Id Entered
13:16:49.502 [main] INFO  com.demo.baseutil.Basetest - Scroll down
13:16:49.502 [main] INFO  com.demo.baseutil.Basetest - Validate Press the signin button is clickable
13:16:52.191 [main] INFO  com.demo.baseutil.Basetest - Clicked on : Press the signin button
13:16:54.680 [main] INFO  com.demo.baseutil.Basetest - HomePage title  is matched
13:17:04.692 [main] INFO  com.demo.baseutil.Basetest - Validate click on trace is clickable
13:17:07.159 [main] INFO  com.demo.baseutil.Basetest - Clicked on : click on trace
13:17:09.239 [main] INFO  com.demo.baseutil.Basetest - Validate Network Management is clicked is clickable
13:17:11.826 [main] INFO  com.demo.baseutil.Basetest - Clicked on : Network Management is clicked
13:17:16.831 [main] INFO  com.demo.baseutil.Basetest - Validate Add new is clicked is clickable
13:17:19.791 [main] INFO  com.demo.baseutil.Basetest - Clicked on : Add new is clicked
13:17:21.798 [main] INFO  com.demo.baseutil.Basetest - Validate Organisation Name is clicked is clickable
13:17:24.168 [main] INFO  com.demo.baseutil.Basetest - Clicked on : Organisation Name is clicked
13:17:24.168 [main] INFO  com.demo.baseutil.Basetest - Enter the value into Organisation is Entered
13:17:24.552 [main] INFO  com.demo.baseutil.Basetest - ruLbbrby typed into Organisation is Entered
13:17:24.552 [main] INFO  com.demo.baseutil.Basetest - Validate Organisation type is clicked is clickable
13:17:26.933 [main] INFO  com.demo.baseutil.Basetest - Clicked on : Organisation type is clicked
13:17:26.933 [main] INFO  com.demo.baseutil.Basetest - Validate upstream is selected is clickable
13:17:29.366 [main] INFO  com.demo.baseutil.Basetest - Clicked on : upstream is selected
13:17:29.366 [main] INFO  com.demo.baseutil.Basetest - Validate Organisation role is clicked is clickable
13:17:32.507 [main] INFO  com.demo.baseutil.Basetest - Clicked on : Organisation role is clicked
13:17:32.507 [main] INFO  com.demo.baseutil.Basetest - Validate Organisation role is selected is clickable
13:17:34.871 [main] INFO  com.demo.baseutil.Basetest - Clicked on : Organisation role is selected
13:17:34.871 [main] INFO  com.demo.baseutil.Basetest - Validate module is clicked is clickable
13:17:37.889 [main] INFO  com.demo.baseutil.Basetest - Clicked on : module is clicked
13:17:37.889 [main] INFO  com.demo.baseutil.Basetest - Validate module is selected is clickable
13:17:40.189 [main] INFO  com.demo.baseutil.Basetest - Clicked on : module is selected
13:17:40.189 [main] INFO  com.demo.baseutil.Basetest - Validate email field is clicked is clickable
13:17:43.227 [main] INFO  com.demo.baseutil.Basetest - Clicked on : email field is clicked
13:17:43.227 [main] INFO  com.demo.baseutil.Basetest - Enter the value into emailid is Entered
13:17:43.740 [main] INFO  com.demo.baseutil.Basetest - jueFjmcL19@yopmail.com typed into emailid is Entered
13:17:44.754 [main] INFO  com.demo.baseutil.Basetest - Validate sendinvite button is clicked is clickable
13:17:47.252 [main] INFO  com.demo.baseutil.Basetest - Clicked on : sendinvite button is clicked
13:17:49.256 [main] INFO  com.demo.baseutil.Basetest - Validate submit is selected is clickable
13:17:51.650 [main] INFO  com.demo.baseutil.Basetest - Clicked on : submit is selected
13:18:06.837 [main] INFO  com.demo.baseutil.Basetest - Validate Email address input field is clicked is clickable
13:18:09.224 [main] INFO  com.demo.baseutil.Basetest - Clicked on : Email address input field is clicked
13:18:09.224 [main] INFO  com.demo.baseutil.Basetest - Enter the value into email address is entered
13:18:09.584 [main] INFO  com.demo.baseutil.Basetest - jueFjmcL19@yopmail.com typed into email address is entered
13:18:09.584 [main] INFO  com.demo.baseutil.Basetest - Validate arrow button is clicked is clickable
13:18:13.133 [main] INFO  com.demo.baseutil.Basetest - Clicked on : arrow button is clicked
13:18:16.234 [main] INFO  com.demo.baseutil.Basetest - Validate first email is clicked is clickable
13:18:18.584 [main] INFO  com.demo.baseutil.Basetest - Clicked on : first email is clicked
13:18:20.801 [main] INFO  com.demo.baseutil.Basetest - Validate email address is clicked is clickable
13:18:24.231 [main] INFO  com.demo.baseutil.Basetest - Clicked on : email address is clicked
13:18:26.265 [main] INFO  com.demo.baseutil.Basetest - Validate pass is clicked is clickable
13:18:29.512 [main] INFO  com.demo.baseutil.Basetest - Clicked on : pass is clicked
13:18:29.512 [main] INFO  com.demo.baseutil.Basetest - Enter the value into Password is entered
13:18:29.833 [main] INFO  com.demo.baseutil.Basetest - Admin@1234 typed into Password is entered
13:18:29.833 [main] INFO  com.demo.baseutil.Basetest - Validate confirm password is clicked is clickable
13:18:32.213 [main] INFO  com.demo.baseutil.Basetest - Clicked on : confirm password is clicked
13:18:32.213 [main] INFO  com.demo.baseutil.Basetest - Enter the value into Confirm Password is entered
13:18:32.469 [main] INFO  com.demo.baseutil.Basetest - Admin@1234 typed into Confirm Password is entered
13:18:38.555 [main] INFO  com.demo.baseutil.Basetest - Scroll down
13:18:38.555 [main] INFO  com.demo.baseutil.Basetest - Validate button is clicked is clickable
13:18:40.930 [main] INFO  com.demo.baseutil.Basetest - Clicked on : button is clicked
13:18:42.932 [main] INFO  com.demo.baseutil.Basetest - Validate email address field is clicked is clickable
13:18:45.398 [main] INFO  com.demo.baseutil.Basetest - Clicked on : email address field is clicked
13:18:45.398 [main] INFO  com.demo.baseutil.Basetest - Enter the value into Email Id Entered
13:18:45.783 [main] INFO  com.demo.baseutil.Basetest - jueFjmcL19@yopmail.com typed into Email Id Entered
13:18:45.783 [main] INFO  com.demo.baseutil.Basetest - Validate Enter the password is clickable
13:18:48.161 [main] INFO  com.demo.baseutil.Basetest - Clicked on : Enter the password
13:18:48.161 [main] INFO  com.demo.baseutil.Basetest - Enter the value into Password Id Entered
13:18:48.407 [main] INFO  com.demo.baseutil.Basetest - Admin@1234 typed into Password Id Entered
13:18:52.472 [main] INFO  com.demo.baseutil.Basetest - Scroll down
13:18:52.472 [main] INFO  com.demo.baseutil.Basetest - Validate Press the signin button is clickable
13:18:55.265 [main] INFO  com.demo.baseutil.Basetest - Clicked on : Press the signin button
13:19:01.278 [main] INFO  com.demo.baseutil.Basetest - Validate Press the continue button is clickable
13:19:03.663 [main] INFO  com.demo.baseutil.Basetest - Clicked on : Press the continue button
13:19:03.679 [main] INFO  com.demo.baseutil.Basetest - Scroll down successful
13:19:07.759 [main] INFO  com.demo.baseutil.Basetest - Scroll down
13:19:12.789 [main] INFO  com.demo.baseutil.Basetest - Scroll down successful
13:19:12.789 [main] INFO  com.demo.baseutil.Basetest - Validate Press the signin button is clickable
13:19:15.051 [main] INFO  com.demo.baseutil.Basetest - Clicked on : Press the signin button
13:19:15.051 [main] INFO  com.demo.baseutil.Basetest - Validate Press the button is clickable
13:19:18.652 [main] INFO  com.demo.baseutil.Basetest - Clicked on : Press the button
13:19:18.781 [main] INFO  com.demo.baseutil.Basetest - Browser is closed sucessfuly
13:19:19.330 [main] INFO  com.demo.baseutil.Basetest - Browser is closed sucessfuly
13:19:28.819 [main] INFO  com.demo.baseutil.Basetest - Validate Sign in with FarmtoPlate account is clickable
13:19:31.224 [main] INFO  com.demo.baseutil.Basetest - Clicked on : Sign in with FarmtoPlate account
13:19:31.234 [main] INFO  com.demo.baseutil.Basetest - Url contains farmtoplateapps.io/login
13:19:31.241 [main] INFO  com.demo.baseutil.Basetest - Sign in title matched
13:19:31.242 [main] INFO  com.demo.baseutil.Basetest - UI verified for Sigin page.
13:19:31.242 [main] INFO  com.demo.baseutil.Basetest - Sign in function call
13:19:31.242 [main] INFO  com.demo.baseutil.Basetest - Validate email address field is clicked is clickable
13:19:33.517 [main] INFO  com.demo.baseutil.Basetest - Clicked on : email address field is clicked
13:19:33.518 [main] INFO  com.demo.baseutil.Basetest - Enter the value into Email Id Entered
13:19:33.822 [main] INFO  com.demo.baseutil.Basetest - 139@yopmail.com typed into Email Id Entered
13:19:33.822 [main] INFO  com.demo.baseutil.Basetest - Validate Enter the password is clickable
13:19:36.053 [main] INFO  com.demo.baseutil.Basetest - Clicked on : Enter the password
13:19:36.053 [main] INFO  com.demo.baseutil.Basetest - Enter the value into Password Id Entered
13:19:36.297 [main] INFO  com.demo.baseutil.Basetest - Admin@1234 typed into Password Id Entered
13:19:40.345 [main] INFO  com.demo.baseutil.Basetest - Scroll down
13:19:40.345 [main] INFO  com.demo.baseutil.Basetest - Validate Press the signin button is clickable
13:19:43.216 [main] INFO  com.demo.baseutil.Basetest - Clicked on : Press the signin button
13:19:45.236 [main] INFO  com.demo.baseutil.Basetest - HomePage title  is matched
13:19:55.257 [main] INFO  com.demo.baseutil.Basetest - Validate click on trace is clickable
13:19:57.601 [main] INFO  com.demo.baseutil.Basetest - Clicked on : click on trace
13:20:03.649 [main] INFO  com.demo.baseutil.Basetest - Validate Asset & Infrastructure Data is clicked is clickable
13:20:05.991 [main] INFO  com.demo.baseutil.Basetest - Clicked on : Asset & Infrastructure Data is clicked
13:20:07.999 [main] INFO  com.demo.baseutil.Basetest - Validate Assets is clicked is clickable
13:20:10.401 [main] INFO  com.demo.baseutil.Basetest - Clicked on : Assets is clicked
13:20:12.407 [main] INFO  com.demo.baseutil.Basetest - Validate Add new is clicked is clickable
13:20:14.864 [main] INFO  com.demo.baseutil.Basetest - Clicked on : Add new is clicked
13:20:16.881 [main] INFO  com.demo.baseutil.Basetest - Validate Asset type is clicked is clickable
13:20:19.159 [main] INFO  com.demo.baseutil.Basetest - Clicked on : Asset type is clicked
13:20:19.159 [main] INFO  com.demo.baseutil.Basetest - Validate vehicle is selected is clickable
13:20:21.882 [main] INFO  com.demo.baseutil.Basetest - Clicked on : vehicle is selected
13:20:21.882 [main] INFO  com.demo.baseutil.Basetest - Validate Click on Vehicle Name is clickable
13:20:24.207 [main] INFO  com.demo.baseutil.Basetest - Clicked on : Click on Vehicle Name
13:20:24.209 [main] INFO  com.demo.baseutil.Basetest - Enter the value into enter the vehicle name
13:20:24.435 [main] INFO  com.demo.baseutil.Basetest - Loading VehicleDIa typed into enter the vehicle name
13:20:24.435 [main] INFO  com.demo.baseutil.Basetest - Validate Click on Vehicle Number is clickable
13:20:26.708 [main] INFO  com.demo.baseutil.Basetest - Clicked on : Click on Vehicle Number
13:20:26.709 [main] INFO  com.demo.baseutil.Basetest - Enter the value into Enter the vehicle number
13:20:26.932 [main] INFO  com.demo.baseutil.Basetest - ejOHbWaO typed into Enter the vehicle number
13:20:26.932 [main] INFO  com.demo.baseutil.Basetest - Validate click the dropdown of carrier is clickable
13:20:29.289 [main] INFO  com.demo.baseutil.Basetest - Clicked on : click the dropdown of carrier
13:20:29.289 [main] INFO  com.demo.baseutil.Basetest - Validate click the tanker is clickable
13:20:31.568 [main] INFO  com.demo.baseutil.Basetest - Clicked on : click the tanker
13:20:31.568 [main] INFO  com.demo.baseutil.Basetest - Validate Click on Make is clickable
13:20:33.794 [main] INFO  com.demo.baseutil.Basetest - Clicked on : Click on Make
13:20:33.794 [main] INFO  com.demo.baseutil.Basetest - Enter the value into enter the make
13:20:34.001 [main] INFO  com.demo.baseutil.Basetest - Mahindra typed into enter the make
13:20:34.002 [main] INFO  com.demo.baseutil.Basetest - Validate Click on Model is clickable
13:20:36.306 [main] INFO  com.demo.baseutil.Basetest - Clicked on : Click on Model
13:20:36.306 [main] INFO  com.demo.baseutil.Basetest - Enter the value into enter the model
13:20:36.487 [main] INFO  com.demo.baseutil.Basetest - XUV typed into enter the model
13:20:36.488 [main] INFO  com.demo.baseutil.Basetest - Validate Click on Model is clickable
13:20:38.817 [main] INFO  com.demo.baseutil.Basetest - Clicked on : Click on Model
13:20:38.817 [main] INFO  com.demo.baseutil.Basetest - Enter the value into enter the model
13:20:39.139 [main] INFO  com.demo.baseutil.Basetest - XUV typed into enter the model
13:20:39.139 [main] INFO  com.demo.baseutil.Basetest - Validate Click on Vehicle Number is clickable
13:20:41.485 [main] INFO  com.demo.baseutil.Basetest - Clicked on : Click on Vehicle Number
13:20:41.486 [main] INFO  com.demo.baseutil.Basetest - Enter the value into Enter the engine number
13:20:41.804 [main] INFO  com.demo.baseutil.Basetest - imhidjBH typed into Enter the engine number
13:20:41.804 [main] INFO  com.demo.baseutil.Basetest - Validate Click on Class-GVWR is clickable
13:20:44.201 [main] INFO  com.demo.baseutil.Basetest - Clicked on : Click on Class-GVWR
13:20:44.202 [main] INFO  com.demo.baseutil.Basetest - Enter the value into enter the classgvwr
13:20:44.415 [main] INFO  com.demo.baseutil.Basetest - Class I typed into enter the classgvwr
13:20:44.415 [main] INFO  com.demo.baseutil.Basetest - Validate Click on Weight Capacity is clickable
13:20:46.797 [main] INFO  com.demo.baseutil.Basetest - Clicked on : Click on Weight Capacity
13:20:46.798 [main] INFO  com.demo.baseutil.Basetest - Enter the value into enter the weight capacity
13:20:47.093 [main] INFO  com.demo.baseutil.Basetest - 100 typed into enter the weight capacity
13:20:51.170 [main] INFO  com.demo.baseutil.Basetest - Scroll down
13:20:51.193 [main] INFO  com.demo.baseutil.Basetest - Scroll down successful
13:20:51.193 [main] INFO  com.demo.baseutil.Basetest - Validate Click on Add button is clickable
13:20:53.480 [main] INFO  com.demo.baseutil.Basetest - Clicked on : Click on Add button
13:20:54.693 [main] INFO  com.demo.baseutil.Basetest - Browser is closed sucessfuly
13:20:55.021 [main] INFO  com.demo.baseutil.Basetest - Browser is closed sucessfuly
13:21:04.775 [main] INFO  com.demo.baseutil.Basetest - Validate Sign in with FarmtoPlate account is clickable
13:21:07.074 [main] INFO  com.demo.baseutil.Basetest - Clicked on : Sign in with FarmtoPlate account
13:21:07.083 [main] INFO  com.demo.baseutil.Basetest - Url contains farmtoplateapps.io/login
13:21:07.088 [main] INFO  com.demo.baseutil.Basetest - Sign in title matched
13:21:07.088 [main] INFO  com.demo.baseutil.Basetest - UI verified for Sigin page.
13:21:07.088 [main] INFO  com.demo.baseutil.Basetest - Sign in function call
13:21:07.088 [main] INFO  com.demo.baseutil.Basetest - Validate email address field is clicked is clickable
13:21:09.315 [main] INFO  com.demo.baseutil.Basetest - Clicked on : email address field is clicked
13:21:09.316 [main] INFO  com.demo.baseutil.Basetest - Enter the value into Email Id Entered
13:21:09.633 [main] INFO  com.demo.baseutil.Basetest - 139@yopmail.com typed into Email Id Entered
13:21:09.634 [main] INFO  com.demo.baseutil.Basetest - Validate Enter the password is clickable
13:21:11.903 [main] INFO  com.demo.baseutil.Basetest - Clicked on : Enter the password
13:21:11.903 [main] INFO  com.demo.baseutil.Basetest - Enter the value into Password Id Entered
13:21:12.103 [main] INFO  com.demo.baseutil.Basetest - Admin@1234 typed into Password Id Entered
13:21:16.175 [main] INFO  com.demo.baseutil.Basetest - Scroll down
13:21:16.175 [main] INFO  com.demo.baseutil.Basetest - Validate Press the signin button is clickable
13:21:19.045 [main] INFO  com.demo.baseutil.Basetest - Clicked on : Press the signin button
13:21:21.058 [main] INFO  com.demo.baseutil.Basetest - HomePage title  is matched
13:21:31.094 [main] INFO  com.demo.baseutil.Basetest - Validate click on trace is clickable
13:21:33.563 [main] INFO  com.demo.baseutil.Basetest - Clicked on : click on trace
13:21:39.637 [main] INFO  com.demo.baseutil.Basetest - Validate Asset & Infrastructure Data is clicked is clickable
13:21:42.615 [main] INFO  com.demo.baseutil.Basetest - Clicked on : Asset & Infrastructure Data is clicked
13:21:44.625 [main] INFO  com.demo.baseutil.Basetest - Validate Infra is clicked is clickable
13:21:47.177 [main] INFO  com.demo.baseutil.Basetest - Clicked on : Infra is clicked
13:21:49.181 [main] INFO  com.demo.baseutil.Basetest - Validate Add new is clicked is clickable
13:21:51.660 [main] INFO  com.demo.baseutil.Basetest - Clicked on : Add new is clicked
13:21:53.663 [main] INFO  com.demo.baseutil.Basetest - Validate Click on Location Name is clickable
13:21:56.021 [main] INFO  com.demo.baseutil.Basetest - Clicked on : Click on Location Name
13:21:56.021 [main] INFO  com.demo.baseutil.Basetest - Enter the value into enter the location name
13:21:56.411 [main] INFO  com.demo.baseutil.Basetest - Warehouse B typed into enter the location name
13:21:56.411 [main] INFO  com.demo.baseutil.Basetest - Validate Asset type is clicked is clickable
13:21:58.763 [main] INFO  com.demo.baseutil.Basetest - Clicked on : Asset type is clicked
13:21:58.763 [main] INFO  com.demo.baseutil.Basetest - Validate vehicle is selected is clickable
13:22:01.164 [main] INFO  com.demo.baseutil.Basetest - Clicked on : vehicle is selected
13:22:01.164 [main] INFO  com.demo.baseutil.Basetest - Validate Click on GLN is clickable
13:22:03.453 [main] INFO  com.demo.baseutil.Basetest - Clicked on : Click on GLN
13:22:03.453 [main] INFO  com.demo.baseutil.Basetest - Enter the value into enter the GLN
13:22:03.821 [main] INFO  com.demo.baseutil.Basetest - 7953080207933 typed into enter the GLN
13:22:03.821 [main] INFO  com.demo.baseutil.Basetest - Validate Click on address is clickable
13:22:06.137 [main] INFO  com.demo.baseutil.Basetest - Clicked on : Click on address
13:22:06.137 [main] INFO  com.demo.baseutil.Basetest - Enter the value into enter the  address
13:22:06.510 [main] INFO  com.demo.baseutil.Basetest - Bangalore Palace, Palace Cross Road, Vasanth Nagar, Bengaluru, Karnataka, India typed into enter the  address
13:22:06.510 [main] INFO  com.demo.baseutil.Basetest - Validate Click on state is clickable
13:22:08.871 [main] INFO  com.demo.baseutil.Basetest - Clicked on : Click on state
13:22:08.871 [main] INFO  com.demo.baseutil.Basetest - Enter the value into Enetered the state
13:22:09.200 [main] INFO  com.demo.baseutil.Basetest - KA typed into Enetered the state
13:22:09.200 [main] INFO  com.demo.baseutil.Basetest - Validate Click on city is clickable
13:22:11.521 [main] INFO  com.demo.baseutil.Basetest - Clicked on : Click on city
13:22:11.521 [main] INFO  com.demo.baseutil.Basetest - Enter the value into Enetered the city
13:22:11.869 [main] INFO  com.demo.baseutil.Basetest - Bengaluru typed into Enetered the city
13:22:11.869 [main] INFO  com.demo.baseutil.Basetest - Validate Click on country is clickable
13:22:14.259 [main] INFO  com.demo.baseutil.Basetest - Clicked on : Click on country
13:22:14.259 [main] INFO  com.demo.baseutil.Basetest - Enter the value into Enetered the city
13:22:14.487 [main] INFO  com.demo.baseutil.Basetest - India typed into Enetered the city
13:22:14.487 [main] INFO  com.demo.baseutil.Basetest - Validate Click on zip is clickable
13:22:16.838 [main] INFO  com.demo.baseutil.Basetest - Clicked on : Click on zip
13:22:16.838 [main] INFO  com.demo.baseutil.Basetest - Enter the value into Enetred the Zip
13:22:17.184 [main] INFO  com.demo.baseutil.Basetest - 560052 typed into Enetred the Zip
13:22:21.274 [main] INFO  com.demo.baseutil.Basetest - Scroll down
13:22:21.274 [main] INFO  com.demo.baseutil.Basetest - Validate Click on Add button is clickable
13:22:23.660 [main] INFO  com.demo.baseutil.Basetest - Clicked on : Click on Add button
13:22:24.830 [main] INFO  com.demo.baseutil.Basetest - Browser is closed sucessfuly
13:22:25.309 [main] INFO  com.demo.baseutil.Basetest - Browser is closed sucessfuly
13:22:36.778 [main] INFO  com.demo.baseutil.Basetest - Validate Sign in with FarmtoPlate account is clickable
13:22:39.092 [main] INFO  com.demo.baseutil.Basetest - Clicked on : Sign in with FarmtoPlate account
13:22:39.098 [main] INFO  com.demo.baseutil.Basetest - Url contains farmtoplateapps.io/login
13:22:39.101 [main] INFO  com.demo.baseutil.Basetest - Sign in title matched
13:22:39.101 [main] INFO  com.demo.baseutil.Basetest - UI verified for Sigin page.
13:22:39.101 [main] INFO  com.demo.baseutil.Basetest - Sign in function call
13:22:39.101 [main] INFO  com.demo.baseutil.Basetest - Validate email address field is clicked is clickable
13:22:41.332 [main] INFO  com.demo.baseutil.Basetest - Clicked on : email address field is clicked
13:22:41.332 [main] INFO  com.demo.baseutil.Basetest - Enter the value into Email Id Entered
13:22:41.648 [main] INFO  com.demo.baseutil.Basetest - 139@yopmail.com typed into Email Id Entered
13:22:41.648 [main] INFO  com.demo.baseutil.Basetest - Validate Enter the password is clickable
13:22:43.920 [main] INFO  com.demo.baseutil.Basetest - Clicked on : Enter the password
13:22:43.920 [main] INFO  com.demo.baseutil.Basetest - Enter the value into Password Id Entered
13:22:44.148 [main] INFO  com.demo.baseutil.Basetest - Admin@1234 typed into Password Id Entered
13:22:48.209 [main] INFO  com.demo.baseutil.Basetest - Scroll down
13:22:48.209 [main] INFO  com.demo.baseutil.Basetest - Validate Press the signin button is clickable
13:22:51.110 [main] INFO  com.demo.baseutil.Basetest - Clicked on : Press the signin button
13:22:54.198 [main] INFO  com.demo.baseutil.Basetest - HomePage title  is matched
13:23:04.222 [main] INFO  com.demo.baseutil.Basetest - Validate click on trace is clickable
13:23:06.654 [main] INFO  com.demo.baseutil.Basetest - Clicked on : click on trace
13:23:12.785 [main] INFO  com.demo.baseutil.Basetest - Validate Asset & Infrastructure Data is clicked is clickable
13:23:16.406 [main] INFO  com.demo.baseutil.Basetest - Clicked on : Asset & Infrastructure Data is clicked
13:23:18.422 [main] INFO  com.demo.baseutil.Basetest - Validate Assets is clicked is clickable
13:23:21.542 [main] INFO  com.demo.baseutil.Basetest - Clicked on : Assets is clicked
13:23:23.550 [main] INFO  com.demo.baseutil.Basetest - Validate Add new is clicked is clickable
13:23:26.017 [main] INFO  com.demo.baseutil.Basetest - Clicked on : Add new is clicked
13:23:28.018 [main] INFO  com.demo.baseutil.Basetest - Validate Asset type is clicked is clickable
13:23:30.423 [main] INFO  com.demo.baseutil.Basetest - Clicked on : Asset type is clicked
13:23:30.423 [main] INFO  com.demo.baseutil.Basetest - Validate Click on Vehicle Name is clickable
13:23:32.758 [main] INFO  com.demo.baseutil.Basetest - Clicked on : Click on Vehicle Name
13:23:34.768 [main] INFO  com.demo.baseutil.Basetest - Validate container name is clicked is clickable
13:23:37.221 [main] INFO  com.demo.baseutil.Basetest - Clicked on : container name is clicked
13:23:37.221 [main] INFO  com.demo.baseutil.Basetest - Enter the value into enter the container name
13:23:37.608 [main] INFO  com.demo.baseutil.Basetest - container747747 typed into enter the container name
13:23:39.616 [main] INFO  com.demo.baseutil.Basetest - Validate length is clicked is clickable
13:23:41.937 [main] INFO  com.demo.baseutil.Basetest - Clicked on : length is clicked
13:23:44.009 [main] INFO  com.demo.baseutil.Basetest - Enter the value into enter the length
13:23:44.559 [main] INFO  com.demo.baseutil.Basetest - 10 typed into enter the length
13:23:44.559 [main] INFO  com.demo.baseutil.Basetest - Validate breadth is clicked is clickable
13:23:46.952 [main] INFO  com.demo.baseutil.Basetest - Clicked on : breadth is clicked
13:23:46.952 [main] INFO  com.demo.baseutil.Basetest - Enter the value into breath entered
13:23:48.388 [main] INFO  com.demo.baseutil.Basetest - 10 typed into breath entered
13:23:50.394 [main] INFO  com.demo.baseutil.Basetest - Validate height is clicked is clickable
13:23:52.684 [main] INFO  com.demo.baseutil.Basetest - Clicked on : height is clicked
13:23:54.693 [main] INFO  com.demo.baseutil.Basetest - Enter the value into height entered
13:23:54.933 [main] INFO  com.demo.baseutil.Basetest - 20 typed into height entered
13:23:56.935 [main] INFO  com.demo.baseutil.Basetest - Validate dom is clicked is clickable
13:24:00.260 [main] INFO  com.demo.baseutil.Basetest - Clicked on : dom is clicked
13:24:02.273 [main] INFO  com.demo.baseutil.Basetest - Validate ft is clicked is clickable
13:24:04.704 [main] INFO  com.demo.baseutil.Basetest - Clicked on : ft is clicked
13:24:06.711 [main] INFO  com.demo.baseutil.Basetest - Validate wt is clicked is clickable
13:24:09.089 [main] INFO  com.demo.baseutil.Basetest - Clicked on : wt is clicked
13:24:11.092 [main] INFO  com.demo.baseutil.Basetest - Enter the value into weight entered
13:24:11.460 [main] INFO  com.demo.baseutil.Basetest - 1000 typed into weight entered
13:24:13.472 [main] INFO  com.demo.baseutil.Basetest - Validate wtcap is clicked is clickable
13:24:16.361 [main] INFO  com.demo.baseutil.Basetest - Clicked on : wtcap is clicked
13:24:18.372 [main] INFO  com.demo.baseutil.Basetest - Validate tons is clicked is clickable
13:24:20.997 [main] INFO  com.demo.baseutil.Basetest - Clicked on : tons is clicked
13:24:23.063 [main] INFO  com.demo.baseutil.Basetest - Validate Click on Add button is clickable
13:24:26.108 [main] INFO  com.demo.baseutil.Basetest - Clicked on : Click on Add button
13:24:32.272 [main] INFO  com.demo.baseutil.Basetest - Browser is closed sucessfuly
13:24:32.982 [main] INFO  com.demo.baseutil.Basetest - Browser is closed sucessfuly
13:24:42.693 [main] INFO  com.demo.baseutil.Basetest - Validate Sign in with FarmtoPlate account is clickable
13:24:45.122 [main] INFO  com.demo.baseutil.Basetest - Clicked on : Sign in with FarmtoPlate account
13:24:45.136 [main] INFO  com.demo.baseutil.Basetest - Url contains farmtoplateapps.io/login
13:24:45.148 [main] INFO  com.demo.baseutil.Basetest - Sign in title matched
13:24:45.148 [main] INFO  com.demo.baseutil.Basetest - UI verified for Sigin page.
13:24:45.148 [main] INFO  com.demo.baseutil.Basetest - Sign in function call
13:24:45.148 [main] INFO  com.demo.baseutil.Basetest - Validate email address field is clicked is clickable
13:24:47.406 [main] INFO  com.demo.baseutil.Basetest - Clicked on : email address field is clicked
13:24:47.406 [main] INFO  com.demo.baseutil.Basetest - Enter the value into Email Id Entered
13:24:47.686 [main] INFO  com.demo.baseutil.Basetest - 139@yopmail.com typed into Email Id Entered
13:24:47.686 [main] INFO  com.demo.baseutil.Basetest - Validate Enter the password is clickable
13:24:49.909 [main] INFO  com.demo.baseutil.Basetest - Clicked on : Enter the password
13:24:49.909 [main] INFO  com.demo.baseutil.Basetest - Enter the value into Password Id Entered
13:24:50.116 [main] INFO  com.demo.baseutil.Basetest - Admin@1234 typed into Password Id Entered
13:24:54.202 [main] INFO  com.demo.baseutil.Basetest - Scroll down
13:24:54.202 [main] INFO  com.demo.baseutil.Basetest - Validate Press the signin button is clickable
13:24:56.921 [main] INFO  com.demo.baseutil.Basetest - Clicked on : Press the signin button
13:24:59.843 [main] INFO  com.demo.baseutil.Basetest - HomePage title  is matched
13:25:09.862 [main] INFO  com.demo.baseutil.Basetest - Validate click on trace is clickable
13:25:12.328 [main] INFO  com.demo.baseutil.Basetest - Clicked on : click on trace
13:25:18.409 [main] INFO  com.demo.baseutil.Basetest - Validate User Management is clicked is clickable
13:25:21.143 [main] INFO  com.demo.baseutil.Basetest - Clicked on : User Management is clicked
13:25:23.145 [main] INFO  com.demo.baseutil.Basetest - Validate users is clicked is clickable
13:25:25.605 [main] INFO  com.demo.baseutil.Basetest - Clicked on : users is clicked
13:25:27.608 [main] INFO  com.demo.baseutil.Basetest - Validate Add new is clicked is clickable
13:25:30.115 [main] INFO  com.demo.baseutil.Basetest - Clicked on : Add new is clicked
13:25:32.132 [main] INFO  com.demo.baseutil.Basetest - Validate first name is clicked is clickable
13:25:34.560 [main] INFO  com.demo.baseutil.Basetest - Clicked on : first name is clicked
13:25:36.572 [main] INFO  com.demo.baseutil.Basetest - Enter the value into first name is entered
13:25:36.862 [main] INFO  com.demo.baseutil.Basetest - abc typed into first name is entered
13:25:38.867 [main] INFO  com.demo.baseutil.Basetest - Validate last name is clicked is clickable
13:25:41.718 [main] INFO  com.demo.baseutil.Basetest - Clicked on : last name is clicked
13:25:43.773 [main] INFO  com.demo.baseutil.Basetest - Enter the value into lastname name is entered
13:25:44.889 [main] INFO  com.demo.baseutil.Basetest - abc typed into lastname name is entered
13:25:46.897 [main] INFO  com.demo.baseutil.Basetest - Validate modulename is clicked is clickable
13:25:49.219 [main] INFO  com.demo.baseutil.Basetest - Clicked on : modulename is clicked
13:25:51.222 [main] INFO  com.demo.baseutil.Basetest - Validate module name is clicked is clickable
13:25:53.671 [main] INFO  com.demo.baseutil.Basetest - Clicked on : module name is clicked
13:25:55.676 [main] INFO  com.demo.baseutil.Basetest - Validate assignrole is clicked is clickable
13:25:58.121 [main] INFO  com.demo.baseutil.Basetest - Clicked on : assignrole is clicked
13:26:00.123 [main] INFO  com.demo.baseutil.Basetest - Validate assignitem is clicked is clickable
13:26:02.545 [main] INFO  com.demo.baseutil.Basetest - Clicked on : assignitem is clicked
13:26:04.563 [main] INFO  com.demo.baseutil.Basetest - Validate emailuser is clicked is clickable
13:26:06.979 [main] INFO  com.demo.baseutil.Basetest - Clicked on : emailuser is clicked
13:26:08.984 [main] INFO  com.demo.baseutil.Basetest - Enter the value into eamil is entered
13:26:09.243 [main] INFO  com.demo.baseutil.Basetest - abc706@yopmail.com typed into eamil is entered
13:26:11.250 [main] INFO  com.demo.baseutil.Basetest - Validate countrycode is clicked is clickable
13:26:13.715 [main] INFO  com.demo.baseutil.Basetest - Clicked on : countrycode is clicked
13:26:15.716 [main] INFO  com.demo.baseutil.Basetest - Enter the value into countrycode is entered
13:26:16.306 [main] INFO  com.demo.baseutil.Basetest - +91 typed into countrycode is entered
13:26:20.308 [main] INFO  com.demo.baseutil.Basetest - Validate countrycode select is clicked is clickable
13:26:22.689 [main] INFO  com.demo.baseutil.Basetest - Clicked on : countrycode select is clicked
13:26:24.692 [main] INFO  com.demo.baseutil.Basetest - Validate phnumber is clicked is clickable
13:26:27.085 [main] INFO  com.demo.baseutil.Basetest - Clicked on : phnumber is clicked
13:26:29.089 [main] INFO  com.demo.baseutil.Basetest - Enter the value into phnumber is entered
13:26:29.873 [main] INFO  com.demo.baseutil.Basetest - 1339700153 typed into phnumber is entered
13:26:33.893 [main] INFO  com.demo.baseutil.Basetest - Validate send invite user  is clicked is clickable
13:26:36.255 [main] INFO  com.demo.baseutil.Basetest - Clicked on : send invite user  is clicked
13:26:40.392 [main] INFO  com.demo.baseutil.Basetest - Validate Email address input field is clicked is clickable
13:26:44.120 [main] INFO  com.demo.baseutil.Basetest - Clicked on : Email address input field is clicked
13:26:44.120 [main] INFO  com.demo.baseutil.Basetest - Enter the value into email address is entered
13:26:44.422 [main] INFO  com.demo.baseutil.Basetest - abc706@yopmail.com typed into email address is entered
13:26:44.422 [main] INFO  com.demo.baseutil.Basetest - Validate arrow button is clicked is clickable
13:26:47.520 [main] INFO  com.demo.baseutil.Basetest - Clicked on : arrow button is clicked
13:26:50.599 [main] INFO  com.demo.baseutil.Basetest - Validate first email is clicked is clickable
13:26:52.919 [main] INFO  com.demo.baseutil.Basetest - Clicked on : first email is clicked
13:26:55.004 [main] INFO  com.demo.baseutil.Basetest - Validate email address is clicked is clickable
13:27:36.248 [main] ERROR com.demo.baseutil.Basetest - email address is clicked is not clickable
13:27:36.249 [main] ERROR com.demo.baseutil.Basetest - Unable to click on email address is clicked
13:28:17.762 [main] INFO  com.demo.baseutil.Basetest - Browser is closed sucessfuly
13:28:18.495 [main] INFO  com.demo.baseutil.Basetest - Browser is closed sucessfuly
13:28:29.636 [main] INFO  com.demo.baseutil.Basetest - Validate Sign in with FarmtoPlate account is clickable
13:28:32.062 [main] INFO  com.demo.baseutil.Basetest - Clicked on : Sign in with FarmtoPlate account
13:28:32.079 [main] INFO  com.demo.baseutil.Basetest - Url contains farmtoplateapps.io/login
13:28:32.089 [main] INFO  com.demo.baseutil.Basetest - Sign in title matched
13:28:32.089 [main] INFO  com.demo.baseutil.Basetest - UI verified for Sigin page.
13:28:32.089 [main] INFO  com.demo.baseutil.Basetest - Sign in function call
13:28:32.089 [main] INFO  com.demo.baseutil.Basetest - Validate email address field is clicked is clickable
13:28:34.452 [main] INFO  com.demo.baseutil.Basetest - Clicked on : email address field is clicked
13:28:34.453 [main] INFO  com.demo.baseutil.Basetest - Enter the value into Email Id Entered
13:28:34.728 [main] INFO  com.demo.baseutil.Basetest - 139@yopmail.com typed into Email Id Entered
13:28:34.729 [main] INFO  com.demo.baseutil.Basetest - Validate Enter the password is clickable
13:28:37.005 [main] INFO  com.demo.baseutil.Basetest - Clicked on : Enter the password
13:28:37.005 [main] INFO  com.demo.baseutil.Basetest - Enter the value into Password Id Entered
13:28:37.187 [main] INFO  com.demo.baseutil.Basetest - Admin@1234 typed into Password Id Entered
13:28:41.242 [main] INFO  com.demo.baseutil.Basetest - Scroll down
13:28:41.242 [main] INFO  com.demo.baseutil.Basetest - Validate Press the signin button is clickable
13:28:43.929 [main] INFO  com.demo.baseutil.Basetest - Clicked on : Press the signin button
13:28:46.407 [main] INFO  com.demo.baseutil.Basetest - HomePage title  is matched
13:28:56.426 [main] INFO  com.demo.baseutil.Basetest - Validate click on trace is clickable
13:28:58.867 [main] INFO  com.demo.baseutil.Basetest - Clicked on : click on trace
13:29:04.938 [main] INFO  com.demo.baseutil.Basetest - Validate User Management is clicked is clickable
13:29:08.629 [main] INFO  com.demo.baseutil.Basetest - Clicked on : User Management is clicked
13:29:10.642 [main] INFO  com.demo.baseutil.Basetest - Validate roles is clicked is clickable
13:29:13.134 [main] INFO  com.demo.baseutil.Basetest - Clicked on : roles is clicked
13:29:15.145 [main] INFO  com.demo.baseutil.Basetest - Validate Add new is clicked is clickable
13:29:17.554 [main] INFO  com.demo.baseutil.Basetest - Clicked on : Add new is clicked
13:29:22.562 [main] INFO  com.demo.baseutil.Basetest - Validate role name is clicked is clickable
13:29:25.712 [main] INFO  com.demo.baseutil.Basetest - Clicked on : role name is clicked
13:29:27.728 [main] INFO  com.demo.baseutil.Basetest - Enter the value into rolename is entered
13:29:28.003 [main] INFO  com.demo.baseutil.Basetest - rolename924 typed into rolename is entered
13:29:30.006 [main] INFO  com.demo.baseutil.Basetest - Validate roletype is clicked is clickable
13:29:32.382 [main] INFO  com.demo.baseutil.Basetest - Clicked on : roletype is clicked
13:29:34.384 [main] INFO  com.demo.baseutil.Basetest - Validate Admin is clicked is clickable
13:29:36.725 [main] INFO  com.demo.baseutil.Basetest - Clicked on : Admin is clicked
13:29:38.892 [main] INFO  com.demo.baseutil.Basetest - Scroll down successful
13:29:40.900 [main] INFO  com.demo.baseutil.Basetest - Validate modulename is clicked is clickable
13:29:43.277 [main] INFO  com.demo.baseutil.Basetest - Clicked on : modulename is clicked
13:29:45.282 [main] INFO  com.demo.baseutil.Basetest - Validate module name is clicked is clickable
13:29:47.587 [main] INFO  com.demo.baseutil.Basetest - Clicked on : module name is clicked
13:29:49.593 [main] INFO  com.demo.baseutil.Basetest - Validate orgdept is clicked is clickable
13:29:52.003 [main] INFO  com.demo.baseutil.Basetest - Clicked on : orgdept is clicked
13:29:54.008 [main] INFO  com.demo.baseutil.Basetest - Validate orgdeptselect is clicked is clickable
13:29:56.372 [main] INFO  com.demo.baseutil.Basetest - Clicked on : orgdeptselect is clicked
13:29:58.386 [main] INFO  com.demo.baseutil.Basetest - Validate nxtbutton is clicked is clickable
13:30:00.676 [main] INFO  com.demo.baseutil.Basetest - Clicked on : nxtbutton is clicked
13:30:08.688 [main] INFO  com.demo.baseutil.Basetest - Scroll till the nxtbutton1 scrolled
13:30:08.776 [main] INFO  com.demo.baseutil.Basetest - Scroll till the nxtbutton1 scrolled completed
13:30:10.788 [main] INFO  com.demo.baseutil.Basetest - Validate nxtbutton1 is clicked is clickable
13:30:12.272 [main] INFO  com.demo.baseutil.Basetest - Browser is closed sucessfuly
13:30:12.617 [main] INFO  com.demo.baseutil.Basetest - Browser is closed sucessfuly
13:30:20.990 [main] INFO  com.demo.baseutil.Basetest - Validate Sign in with FarmtoPlate account is clickable
13:30:23.390 [main] INFO  com.demo.baseutil.Basetest - Clicked on : Sign in with FarmtoPlate account
13:30:23.405 [main] INFO  com.demo.baseutil.Basetest - Url contains farmtoplateapps.io/login
13:30:23.413 [main] INFO  com.demo.baseutil.Basetest - Sign in title matched
13:30:23.413 [main] INFO  com.demo.baseutil.Basetest - UI verified for Sigin page.
13:30:23.413 [main] INFO  com.demo.baseutil.Basetest - Sign in function call
13:30:23.413 [main] INFO  com.demo.baseutil.Basetest - Validate email address field is clicked is clickable
13:30:25.791 [main] INFO  com.demo.baseutil.Basetest - Clicked on : email address field is clicked
13:30:25.791 [main] INFO  com.demo.baseutil.Basetest - Enter the value into Email Id Entered
13:30:26.077 [main] INFO  com.demo.baseutil.Basetest - 139@yopmail.com typed into Email Id Entered
13:30:26.077 [main] INFO  com.demo.baseutil.Basetest - Validate Enter the password is clickable
13:30:28.349 [main] INFO  com.demo.baseutil.Basetest - Clicked on : Enter the password
13:30:28.349 [main] INFO  com.demo.baseutil.Basetest - Enter the value into Password Id Entered
13:30:28.584 [main] INFO  com.demo.baseutil.Basetest - Admin@1234 typed into Password Id Entered
13:30:32.646 [main] INFO  com.demo.baseutil.Basetest - Scroll down
13:30:32.646 [main] INFO  com.demo.baseutil.Basetest - Validate Press the signin button is clickable
13:30:35.355 [main] INFO  com.demo.baseutil.Basetest - Clicked on : Press the signin button
13:30:38.035 [main] INFO  com.demo.baseutil.Basetest - HomePage title  is matched
13:30:48.060 [main] INFO  com.demo.baseutil.Basetest - Validate click on trace is clickable
13:30:50.386 [main] INFO  com.demo.baseutil.Basetest - Clicked on : click on trace
13:30:58.483 [main] INFO  com.demo.baseutil.Basetest - Scroll down
13:31:00.494 [main] INFO  com.demo.baseutil.Basetest - Validate Products is clicked is clickable
13:31:03.035 [main] INFO  com.demo.baseutil.Basetest - Clicked on : Products is clicked
13:31:08.048 [main] INFO  com.demo.baseutil.Basetest - Validate Add new is clicked is clickable
13:31:11.230 [main] INFO  com.demo.baseutil.Basetest - Clicked on : Add new is clicked
13:31:13.244 [main] INFO  com.demo.baseutil.Basetest - Validate Click on productcategory is clickable
13:31:15.631 [main] INFO  com.demo.baseutil.Basetest - Clicked on : Click on productcategory
13:31:15.631 [main] INFO  com.demo.baseutil.Basetest - Validate productbasedfood is clicked is clickable
13:31:17.984 [main] INFO  com.demo.baseutil.Basetest - Clicked on : productbasedfood is clicked
13:31:17.984 [main] INFO  com.demo.baseutil.Basetest - Validate product name is selected is clickable
13:31:20.425 [main] INFO  com.demo.baseutil.Basetest - Clicked on : product name is selected
13:31:20.425 [main] INFO  com.demo.baseutil.Basetest - Enter the value into enter the product
13:31:20.799 [main] INFO  com.demo.baseutil.Basetest - wheat93649903452021744 typed into enter the product
13:31:20.799 [main] INFO  com.demo.baseutil.Basetest - Validate Click on productid is clickable
13:31:23.190 [main] INFO  com.demo.baseutil.Basetest - Clicked on : Click on productid
13:31:23.190 [main] INFO  com.demo.baseutil.Basetest - Validate Click on checkbox is clickable
13:31:25.540 [main] INFO  com.demo.baseutil.Basetest - Clicked on : Click on checkbox
13:31:25.540 [main] INFO  com.demo.baseutil.Basetest - Validate Click on autogenerate is clickable
13:31:27.949 [main] INFO  com.demo.baseutil.Basetest - Clicked on : Click on autogenerate
13:31:27.949 [main] INFO  com.demo.baseutil.Basetest - Validate Click on productdesc is clickable
13:31:30.314 [main] INFO  com.demo.baseutil.Basetest - Clicked on : Click on productdesc
13:31:30.314 [main] INFO  com.demo.baseutil.Basetest - Enter the value into Enetered the product desc
13:31:30.666 [main] INFO  com.demo.baseutil.Basetest - test typed into Enetered the product desc
13:31:30.666 [main] INFO  com.demo.baseutil.Basetest - Validate Click on upload is clickable
13:31:33.082 [main] INFO  com.demo.baseutil.Basetest - Clicked on : Click on upload
13:31:43.691 [main] INFO  com.demo.baseutil.Basetest - Scroll down
13:31:43.691 [main] INFO  com.demo.baseutil.Basetest - Validate Click on ingrediant name is clickable
13:31:46.139 [main] INFO  com.demo.baseutil.Basetest - Clicked on : Click on ingrediant name
13:31:46.139 [main] INFO  com.demo.baseutil.Basetest - Enter the value into ingredient name is entered
13:31:46.455 [main] INFO  com.demo.baseutil.Basetest - wheat typed into ingredient name is entered
13:31:49.482 [main] INFO  com.demo.baseutil.Basetest - Validate Click on ingrediant name is clickable
13:31:51.822 [main] INFO  com.demo.baseutil.Basetest - Clicked on : Click on ingrediant name
13:31:51.822 [main] INFO  com.demo.baseutil.Basetest - Enter the value into nutri name is entered
13:31:52.528 [main] INFO  com.demo.baseutil.Basetest - fact typed into nutri name is entered
13:31:52.528 [main] INFO  com.demo.baseutil.Basetest - Validate Click on ingrediant QTY is clickable
13:31:55.925 [main] INFO  com.demo.baseutil.Basetest - Clicked on : Click on ingrediant QTY
13:31:55.925 [main] INFO  com.demo.baseutil.Basetest - Enter the value into nutri qty is entered
13:31:56.252 [main] INFO  com.demo.baseutil.Basetest - 1 typed into nutri qty is entered
13:31:56.252 [main] INFO  com.demo.baseutil.Basetest - Validate Click on ingrediant drop is clickable
13:31:58.630 [main] INFO  com.demo.baseutil.Basetest - Clicked on : Click on ingrediant drop
13:32:00.646 [main] INFO  com.demo.baseutil.Basetest - Validate Click on ingrediant value is clickable
13:32:03.077 [main] INFO  com.demo.baseutil.Basetest - Clicked on : Click on ingrediant value
13:32:09.182 [main] INFO  com.demo.baseutil.Basetest - Scroll down
13:32:11.219 [main] INFO  com.demo.baseutil.Basetest - Scroll down successful
13:32:11.219 [main] INFO  com.demo.baseutil.Basetest - Validate Click on ingrediant name is clickable
13:32:13.480 [main] INFO  com.demo.baseutil.Basetest - Clicked on : Click on ingrediant name
13:32:13.480 [main] INFO  com.demo.baseutil.Basetest - Validate Click on ingrediant name is clickable
13:32:15.824 [main] INFO  com.demo.baseutil.Basetest - Clicked on : Click on ingrediant name
13:32:15.824 [main] INFO  com.demo.baseutil.Basetest - Validate Click on ingrediant name is clickable
13:32:18.175 [main] INFO  com.demo.baseutil.Basetest - Clicked on : Click on ingrediant name
13:32:18.176 [main] INFO  com.demo.baseutil.Basetest - Enter the value into price is entered
13:32:18.472 [main] INFO  com.demo.baseutil.Basetest - 1 typed into price is entered
13:32:18.472 [main] INFO  com.demo.baseutil.Basetest - Validate Click on currency is clickable
13:32:20.848 [main] INFO  com.demo.baseutil.Basetest - Clicked on : Click on currency
13:32:20.848 [main] INFO  com.demo.baseutil.Basetest - Validate Click on currency value is clickable
13:32:24.102 [main] INFO  com.demo.baseutil.Basetest - Clicked on : Click on currency value
13:32:24.102 [main] INFO  com.demo.baseutil.Basetest - Validate Click on typepacking value is clickable
13:32:26.473 [main] INFO  com.demo.baseutil.Basetest - Clicked on : Click on typepacking value
13:32:26.473 [main] INFO  com.demo.baseutil.Basetest - Enter the value into typepacking is entered
13:32:26.753 [main] INFO  com.demo.baseutil.Basetest - 1 typed into typepacking is entered
13:32:26.753 [main] INFO  com.demo.baseutil.Basetest - Validate Click on length value is clickable
13:32:29.171 [main] INFO  com.demo.baseutil.Basetest - Clicked on : Click on length value
13:32:29.171 [main] INFO  com.demo.baseutil.Basetest - Enter the value into length is entered
13:32:29.482 [main] INFO  com.demo.baseutil.Basetest - 1 typed into length is entered
13:32:29.482 [main] INFO  com.demo.baseutil.Basetest - Validate Click on breath value is clickable
13:32:31.856 [main] INFO  com.demo.baseutil.Basetest - Clicked on : Click on breath value
13:32:31.856 [main] INFO  com.demo.baseutil.Basetest - Enter the value into breath is entered
13:32:32.130 [main] INFO  com.demo.baseutil.Basetest - 1 typed into breath is entered
13:32:32.131 [main] INFO  com.demo.baseutil.Basetest - Validate Click on height value is clickable
13:32:34.472 [main] INFO  com.demo.baseutil.Basetest - Clicked on : Click on height value
13:32:34.472 [main] INFO  com.demo.baseutil.Basetest - Enter the value into height is entered
13:32:34.780 [main] INFO  com.demo.baseutil.Basetest - 1 typed into height is entered
13:32:36.809 [main] INFO  com.demo.baseutil.Basetest - Scroll down successful
13:32:36.809 [main] INFO  com.demo.baseutil.Basetest - Validate Click on checkbox1 is clickable
13:32:39.248 [main] INFO  com.demo.baseutil.Basetest - Clicked on : Click on checkbox1
13:32:48.338 [main] INFO  com.demo.baseutil.Basetest - Scroll down
13:32:48.338 [main] INFO  com.demo.baseutil.Basetest - Validate Click on gln1 is clickable
13:32:50.753 [main] INFO  com.demo.baseutil.Basetest - Clicked on : Click on gln1
13:32:50.753 [main] INFO  com.demo.baseutil.Basetest - Enter the value into gln1 is entered
13:32:51.036 [main] INFO  com.demo.baseutil.Basetest - warehouse typed into gln1 is entered
13:32:55.047 [main] INFO  com.demo.baseutil.Basetest - Validate Click on autosearch is clickable
13:32:57.478 [main] INFO  com.demo.baseutil.Basetest - Clicked on : Click on autosearch
13:32:59.488 [main] INFO  com.demo.baseutil.Basetest - Validate Click on gln2 is clickable
13:33:01.889 [main] INFO  com.demo.baseutil.Basetest - Clicked on : Click on gln2
13:33:01.889 [main] INFO  com.demo.baseutil.Basetest - Enter the value into gln2 is entered
13:33:02.194 [main] INFO  com.demo.baseutil.Basetest - warehouse typed into gln2 is entered
13:33:06.199 [main] INFO  com.demo.baseutil.Basetest - Validate Click on autosearch is clickable
13:33:08.484 [main] INFO  com.demo.baseutil.Basetest - Clicked on : Click on autosearch
13:33:13.497 [main] INFO  com.demo.baseutil.Basetest - Validate Click on gln3 is clickable
13:33:15.124 [main] INFO  com.demo.baseutil.Basetest - Browser is closed sucessfuly
13:33:15.723 [main] INFO  com.demo.baseutil.Basetest - Browser is closed sucessfuly
13:33:37.570 [main] INFO  com.demo.baseutil.Basetest - Validate Sign in with FarmtoPlate account is clickable
13:33:39.945 [main] INFO  com.demo.baseutil.Basetest - Clicked on : Sign in with FarmtoPlate account
13:33:39.954 [main] INFO  com.demo.baseutil.Basetest - Url contains farmtoplateapps.io/login
13:33:39.961 [main] INFO  com.demo.baseutil.Basetest - Sign in title matched
13:33:39.961 [main] INFO  com.demo.baseutil.Basetest - UI verified for Sigin page.
13:33:39.961 [main] INFO  com.demo.baseutil.Basetest - Sign in function call
13:33:39.961 [main] INFO  com.demo.baseutil.Basetest - Validate email address field is clicked is clickable
13:33:42.222 [main] INFO  com.demo.baseutil.Basetest - Clicked on : email address field is clicked
13:33:42.222 [main] INFO  com.demo.baseutil.Basetest - Enter the value into Email Id Entered
13:33:42.474 [main] INFO  com.demo.baseutil.Basetest - 139@yopmail.com typed into Email Id Entered
13:33:42.474 [main] INFO  com.demo.baseutil.Basetest - Validate Enter the password is clickable
13:33:44.723 [main] INFO  com.demo.baseutil.Basetest - Clicked on : Enter the password
13:33:44.724 [main] INFO  com.demo.baseutil.Basetest - Enter the value into Password Id Entered
13:33:44.989 [main] INFO  com.demo.baseutil.Basetest - Admin@1234 typed into Password Id Entered
13:33:49.059 [main] INFO  com.demo.baseutil.Basetest - Scroll down
13:33:49.059 [main] INFO  com.demo.baseutil.Basetest - Validate Press the signin button is clickable
13:33:52.101 [main] INFO  com.demo.baseutil.Basetest - Clicked on : Press the signin button
13:33:54.111 [main] INFO  com.demo.baseutil.Basetest - HomePage title  is matched
13:34:04.132 [main] INFO  com.demo.baseutil.Basetest - Validate click on trace is clickable
13:34:45.413 [main] ERROR com.demo.baseutil.Basetest - click on trace is not clickable
13:34:45.413 [main] ERROR com.demo.baseutil.Basetest - Unable to click on click on trace
13:35:27.499 [main] INFO  com.demo.baseutil.Basetest - Browser is closed sucessfuly
13:35:29.654 [main] INFO  com.demo.baseutil.Basetest - Browser is closed sucessfuly
13:35:39.329 [main] INFO  com.demo.baseutil.Basetest - Validate Sign in with FarmtoPlate account is clickable
13:35:41.744 [main] INFO  com.demo.baseutil.Basetest - Clicked on : Sign in with FarmtoPlate account
13:35:41.753 [main] INFO  com.demo.baseutil.Basetest - Url contains farmtoplateapps.io/login
13:35:41.758 [main] INFO  com.demo.baseutil.Basetest - Sign in title matched
13:35:41.759 [main] INFO  com.demo.baseutil.Basetest - UI verified for Sigin page.
13:35:41.759 [main] INFO  com.demo.baseutil.Basetest - Sign in function call
13:35:41.759 [main] INFO  com.demo.baseutil.Basetest - Validate email address field is clicked is clickable
13:35:44.029 [main] INFO  com.demo.baseutil.Basetest - Clicked on : email address field is clicked
13:35:44.029 [main] INFO  com.demo.baseutil.Basetest - Enter the value into Email Id Entered
13:35:44.282 [main] INFO  com.demo.baseutil.Basetest - 139@yopmail.com typed into Email Id Entered
13:35:44.282 [main] INFO  com.demo.baseutil.Basetest - Validate Enter the password is clickable
13:35:46.498 [main] INFO  com.demo.baseutil.Basetest - Clicked on : Enter the password
13:35:46.498 [main] INFO  com.demo.baseutil.Basetest - Enter the value into Password Id Entered
13:35:46.700 [main] INFO  com.demo.baseutil.Basetest - Admin@1234 typed into Password Id Entered
13:35:50.785 [main] INFO  com.demo.baseutil.Basetest - Scroll down
13:35:50.785 [main] INFO  com.demo.baseutil.Basetest - Validate Press the signin button is clickable
13:35:53.620 [main] INFO  com.demo.baseutil.Basetest - Clicked on : Press the signin button
13:35:55.634 [main] INFO  com.demo.baseutil.Basetest - HomePage title  is matched
13:36:13.672 [main] INFO  com.demo.baseutil.Basetest - Validate click on trace is clickable
13:36:16.158 [main] INFO  com.demo.baseutil.Basetest - Clicked on : click on trace
13:36:22.281 [main] INFO  com.demo.baseutil.Basetest - Validate Asset & Infrastructure Data is clicked is clickable
13:36:25.882 [main] INFO  com.demo.baseutil.Basetest - Clicked on : Asset & Infrastructure Data is clicked
13:36:27.897 [main] INFO  com.demo.baseutil.Basetest - Validate Assets is clicked is clickable
13:36:30.513 [main] INFO  com.demo.baseutil.Basetest - Clicked on : Assets is clicked
13:36:32.529 [main] INFO  com.demo.baseutil.Basetest - Validate Add new is clicked is clickable
13:36:34.952 [main] INFO  com.demo.baseutil.Basetest - Clicked on : Add new is clicked
13:36:36.954 [main] INFO  com.demo.baseutil.Basetest - Validate Asset type is clicked is clickable
13:36:39.405 [main] INFO  com.demo.baseutil.Basetest - Clicked on : Asset type is clicked
13:36:39.405 [main] INFO  com.demo.baseutil.Basetest - Validate Click on Vehicle Name is clickable
13:36:41.767 [main] INFO  com.demo.baseutil.Basetest - Clicked on : Click on Vehicle Name
13:36:43.774 [main] INFO  com.demo.baseutil.Basetest - Validate container name is clicked is clickable
13:36:46.219 [main] INFO  com.demo.baseutil.Basetest - Clicked on : container name is clicked
13:36:46.219 [main] INFO  com.demo.baseutil.Basetest - Enter the value into enter the container name
13:36:46.653 [main] INFO  com.demo.baseutil.Basetest - container990990 typed into enter the container name
13:36:48.661 [main] INFO  com.demo.baseutil.Basetest - Validate length is clicked is clickable
13:36:51.021 [main] INFO  com.demo.baseutil.Basetest - Clicked on : length is clicked
13:36:53.023 [main] INFO  com.demo.baseutil.Basetest - Enter the value into enter the length
13:36:53.237 [main] INFO  com.demo.baseutil.Basetest - 10 typed into enter the length
13:36:53.237 [main] INFO  com.demo.baseutil.Basetest - Validate breadth is clicked is clickable
13:36:55.634 [main] INFO  com.demo.baseutil.Basetest - Clicked on : breadth is clicked
13:36:55.634 [main] INFO  com.demo.baseutil.Basetest - Enter the value into breath entered
13:36:57.126 [main] INFO  com.demo.baseutil.Basetest - 10 typed into breath entered
13:36:59.137 [main] INFO  com.demo.baseutil.Basetest - Validate height is clicked is clickable
13:37:01.533 [main] INFO  com.demo.baseutil.Basetest - Clicked on : height is clicked
13:37:03.546 [main] INFO  com.demo.baseutil.Basetest - Enter the value into height entered
13:37:03.791 [main] INFO  com.demo.baseutil.Basetest - 20 typed into height entered
13:37:05.803 [main] INFO  com.demo.baseutil.Basetest - Validate dom is clicked is clickable
13:37:09.178 [main] INFO  com.demo.baseutil.Basetest - Clicked on : dom is clicked
13:37:11.193 [main] INFO  com.demo.baseutil.Basetest - Validate ft is clicked is clickable
13:37:13.566 [main] INFO  com.demo.baseutil.Basetest - Clicked on : ft is clicked
13:37:15.577 [main] INFO  com.demo.baseutil.Basetest - Validate wt is clicked is clickable
13:37:18.250 [main] INFO  com.demo.baseutil.Basetest - Clicked on : wt is clicked
13:37:20.257 [main] INFO  com.demo.baseutil.Basetest - Enter the value into weight entered
13:37:20.574 [main] INFO  com.demo.baseutil.Basetest - 1000 typed into weight entered
13:37:22.599 [main] INFO  com.demo.baseutil.Basetest - Validate wtcap is clicked is clickable
13:37:24.908 [main] INFO  com.demo.baseutil.Basetest - Clicked on : wtcap is clicked
13:37:26.920 [main] INFO  com.demo.baseutil.Basetest - Validate tons is clicked is clickable
13:37:29.288 [main] INFO  com.demo.baseutil.Basetest - Clicked on : tons is clicked
13:37:31.304 [main] INFO  com.demo.baseutil.Basetest - Validate Click on Add button is clickable
13:37:33.703 [main] INFO  com.demo.baseutil.Basetest - Clicked on : Click on Add button
13:37:44.752 [main] INFO  com.demo.baseutil.Basetest - Scroll till the transaction
13:37:45.013 [main] INFO  com.demo.baseutil.Basetest - Scroll till the transaction completed
13:37:45.013 [main] INFO  com.demo.baseutil.Basetest - Validate transaction is clicked is clickable
13:37:47.553 [main] INFO  com.demo.baseutil.Basetest - Clicked on : transaction is clicked
13:37:52.564 [main] INFO  com.demo.baseutil.Basetest - Validate add new is clicked is clickable
13:37:55.034 [main] INFO  com.demo.baseutil.Basetest - Clicked on : add new is clicked
13:38:00.076 [main] INFO  com.demo.baseutil.Basetest - Validate Product id is clicked is clickable
13:38:02.472 [main] INFO  com.demo.baseutil.Basetest - Clicked on : Product id is clicked
13:38:04.504 [main] INFO  com.demo.baseutil.Basetest - Enter the value into Saved Value is entered
13:38:04.846 [main] INFO  com.demo.baseutil.Basetest - F2PG10002411 typed into Saved Value is entered
13:38:06.856 [main] INFO  com.demo.baseutil.Basetest - Validate Product id is clicked is clickable
13:38:09.120 [main] INFO  com.demo.baseutil.Basetest - Clicked on : Product id is clicked
13:38:11.132 [main] INFO  com.demo.baseutil.Basetest - Validate Product id is clicked is clickable
13:38:13.587 [main] INFO  com.demo.baseutil.Basetest - Clicked on : Product id is clicked
13:38:15.603 [main] INFO  com.demo.baseutil.Basetest - Validate chooseprocess id is clicked is clickable
13:38:18.029 [main] INFO  com.demo.baseutil.Basetest - Clicked on : chooseprocess id is clicked
13:38:20.125 [main] INFO  com.demo.baseutil.Basetest - Enter the value into Harvestiong/commission is entered
13:38:21.382 [main] INFO  com.demo.baseutil.Basetest - Harvesting typed into Harvestiong/commission is entered
13:38:23.386 [main] INFO  com.demo.baseutil.Basetest - Validate chooseprocess id is clicked is clickable
13:38:25.656 [main] INFO  com.demo.baseutil.Basetest - Clicked on : chooseprocess id is clicked
13:38:28.674 [main] INFO  com.demo.baseutil.Basetest - Validate Process commision is selected is clickable
13:38:31.044 [main] INFO  com.demo.baseutil.Basetest - Clicked on : Process commision is selected
13:38:33.076 [main] INFO  com.demo.baseutil.Basetest - Scroll down successful
13:38:33.076 [main] INFO  com.demo.baseutil.Basetest - Validate date is selected is clickable
13:38:35.526 [main] INFO  com.demo.baseutil.Basetest - Clicked on : date is selected
13:38:36.530 [main] INFO  com.demo.baseutil.Basetest - Validate date netx button is clickable
13:38:38.921 [main] INFO  com.demo.baseutil.Basetest - Clicked on : date netx button
13:38:38.921 [main] INFO  com.demo.baseutil.Basetest - Validate date is entered is clickable
13:38:41.316 [main] INFO  com.demo.baseutil.Basetest - Clicked on : date is entered
13:38:43.325 [main] INFO  com.demo.baseutil.Basetest - Validate date is selected is clickable
13:38:46.113 [main] INFO  com.demo.baseutil.Basetest - Clicked on : date is selected
13:38:52.451 [main] INFO  com.demo.baseutil.Basetest - Scroll down
13:38:52.453 [main] INFO  com.demo.baseutil.Basetest - Validate activity is selected is clickable
13:38:54.696 [main] INFO  com.demo.baseutil.Basetest - Clicked on : activity is selected
13:38:54.696 [main] INFO  com.demo.baseutil.Basetest - Enter the value into activity Value is entered
13:38:54.926 [main] INFO  com.demo.baseutil.Basetest - abcd typed into activity Value is entered
13:38:56.929 [main] INFO  com.demo.baseutil.Basetest - Validate packing type dropdown is selected is clickable
13:38:59.312 [main] INFO  com.demo.baseutil.Basetest - Clicked on : packing type dropdown is selected
13:38:59.312 [main] INFO  com.demo.baseutil.Basetest - Validate packing type dropdown is selected is clickable
13:39:01.690 [main] INFO  com.demo.baseutil.Basetest - Clicked on : packing type dropdown is selected
13:39:07.980 [main] INFO  com.demo.baseutil.Basetest - Scroll down
13:39:07.980 [main] INFO  com.demo.baseutil.Basetest - Validate tlc is clicked is clickable
13:39:10.279 [main] INFO  com.demo.baseutil.Basetest - Clicked on : tlc is clicked
13:39:10.279 [main] INFO  com.demo.baseutil.Basetest - Enter the value into Tlc no is entered
13:39:10.992 [main] INFO  com.demo.baseutil.Basetest - 1234567890 typed into Tlc no is entered
13:39:10.993 [main] INFO  com.demo.baseutil.Basetest - Validate location is clicked is clickable
13:39:13.411 [main] INFO  com.demo.baseutil.Basetest - Clicked on : location is clicked
13:39:13.411 [main] INFO  com.demo.baseutil.Basetest - Enter the value into location no is entered
13:39:13.752 [main] INFO  com.demo.baseutil.Basetest - location typed into location no is entered
13:39:13.754 [main] INFO  com.demo.baseutil.Basetest - Validate commodity is clicked is clickable
13:39:16.104 [main] INFO  com.demo.baseutil.Basetest - Clicked on : commodity is clicked
13:39:16.104 [main] INFO  com.demo.baseutil.Basetest - Enter the value into commodity is entered
13:39:16.437 [main] INFO  com.demo.baseutil.Basetest - commodity typed into commodity is entered
13:39:20.520 [main] INFO  com.demo.baseutil.Basetest - Scroll down
13:39:20.520 [main] INFO  com.demo.baseutil.Basetest - Validate filed is clicked is clickable
13:39:22.878 [main] INFO  com.demo.baseutil.Basetest - Clicked on : filed is clicked
13:39:22.878 [main] INFO  com.demo.baseutil.Basetest - Enter the value into filed is entered
13:39:23.106 [main] INFO  com.demo.baseutil.Basetest - filed typed into filed is entered
13:39:23.106 [main] INFO  com.demo.baseutil.Basetest - Validate container is clicked is clickable
13:39:25.450 [main] INFO  com.demo.baseutil.Basetest - Clicked on : container is clicked
13:39:25.450 [main] INFO  com.demo.baseutil.Basetest - Enter the value into filed is entered
13:39:25.896 [main] INFO  com.demo.baseutil.Basetest - container990990 typed into filed is entered
13:39:29.904 [main] INFO  com.demo.baseutil.Basetest - Validate Selected the conatiner is clickable
13:39:32.224 [main] INFO  com.demo.baseutil.Basetest - Clicked on : Selected the conatiner
13:39:33.281 [main] INFO  com.demo.baseutil.Basetest - Validate count sgtin is clicked is clickable
13:39:36.944 [main] INFO  com.demo.baseutil.Basetest - Clicked on : count sgtin is clicked
13:39:36.944 [main] INFO  com.demo.baseutil.Basetest - Enter the value into countsgtin is entered
13:39:37.224 [main] INFO  com.demo.baseutil.Basetest - 123 typed into countsgtin is entered
13:39:37.224 [main] INFO  com.demo.baseutil.Basetest - Validate weightsgtin sgtin is clicked is clickable
13:39:39.599 [main] INFO  com.demo.baseutil.Basetest - Clicked on : weightsgtin sgtin is clicked
13:39:39.599 [main] INFO  com.demo.baseutil.Basetest - Enter the value into weightsgtin is entered
13:39:39.895 [main] INFO  com.demo.baseutil.Basetest - 1234567 typed into weightsgtin is entered
13:39:39.895 [main] INFO  com.demo.baseutil.Basetest - Validate itemsgtin sgtin is clicked is clickable
13:39:42.316 [main] INFO  com.demo.baseutil.Basetest - Clicked on : itemsgtin sgtin is clicked
13:39:42.316 [main] INFO  com.demo.baseutil.Basetest - Validate itemgtin is entered is clickable
13:39:44.706 [main] INFO  com.demo.baseutil.Basetest - Clicked on : itemgtin is entered
13:39:44.707 [main] INFO  com.demo.baseutil.Basetest - Validate document is clicked is clickable
13:39:47.110 [main] INFO  com.demo.baseutil.Basetest - Clicked on : document is clicked
13:39:47.110 [main] INFO  com.demo.baseutil.Basetest - Enter the value into document is entered
13:39:47.458 [main] INFO  com.demo.baseutil.Basetest - 1234567 typed into document is entered
13:39:51.539 [main] INFO  com.demo.baseutil.Basetest - Scroll down
13:39:51.539 [main] INFO  com.demo.baseutil.Basetest - Validate Add Transaction is selected is clickable
13:39:53.817 [main] INFO  com.demo.baseutil.Basetest - Clicked on : Add Transaction is selected
13:40:09.834 [main] INFO  com.demo.baseutil.Basetest - Validate click on trace is clickable
13:40:12.250 [main] INFO  com.demo.baseutil.Basetest - Clicked on : click on trace
13:40:24.266 [main] INFO  com.demo.baseutil.Basetest - Validate click on trace is clickable
13:40:26.638 [main] INFO  com.demo.baseutil.Basetest - Clicked on : click on trace
13:40:32.707 [main] INFO  com.demo.baseutil.Basetest - Validate Asset & Infrastructure Data is clicked is clickable
13:40:35.057 [main] INFO  com.demo.baseutil.Basetest - Clicked on : Asset & Infrastructure Data is clicked
13:40:37.072 [main] INFO  com.demo.baseutil.Basetest - Validate Assets is clicked is clickable
13:40:39.716 [main] INFO  com.demo.baseutil.Basetest - Clicked on : Assets is clicked
13:40:41.720 [main] INFO  com.demo.baseutil.Basetest - Validate Add new is clicked is clickable
13:40:44.105 [main] INFO  com.demo.baseutil.Basetest - Clicked on : Add new is clicked
13:40:46.120 [main] INFO  com.demo.baseutil.Basetest - Validate Asset type is clicked is clickable
13:40:48.516 [main] INFO  com.demo.baseutil.Basetest - Clicked on : Asset type is clicked
13:40:48.517 [main] INFO  com.demo.baseutil.Basetest - Validate Click on Vehicle Name is clickable
13:40:50.919 [main] INFO  com.demo.baseutil.Basetest - Clicked on : Click on Vehicle Name
13:40:52.933 [main] INFO  com.demo.baseutil.Basetest - Validate container name is clicked is clickable
13:40:55.344 [main] INFO  com.demo.baseutil.Basetest - Clicked on : container name is clicked
13:40:55.344 [main] INFO  com.demo.baseutil.Basetest - Enter the value into enter the container name
13:40:55.748 [main] INFO  com.demo.baseutil.Basetest - container362362 typed into enter the container name
13:40:57.756 [main] INFO  com.demo.baseutil.Basetest - Validate length is clicked is clickable
13:41:00.174 [main] INFO  com.demo.baseutil.Basetest - Clicked on : length is clicked
13:41:02.183 [main] INFO  com.demo.baseutil.Basetest - Enter the value into enter the length
13:41:02.534 [main] INFO  com.demo.baseutil.Basetest - 10 typed into enter the length
13:41:02.534 [main] INFO  com.demo.baseutil.Basetest - Validate breadth is clicked is clickable
13:41:04.948 [main] INFO  com.demo.baseutil.Basetest - Clicked on : breadth is clicked
13:41:04.948 [main] INFO  com.demo.baseutil.Basetest - Enter the value into breath entered
13:41:06.056 [main] INFO  com.demo.baseutil.Basetest - 10 typed into breath entered
13:41:08.066 [main] INFO  com.demo.baseutil.Basetest - Validate height is clicked is clickable
13:41:10.375 [main] INFO  com.demo.baseutil.Basetest - Clicked on : height is clicked
13:41:12.521 [main] INFO  com.demo.baseutil.Basetest - Enter the value into height entered
13:41:13.189 [main] INFO  com.demo.baseutil.Basetest - 20 typed into height entered
13:41:15.194 [main] INFO  com.demo.baseutil.Basetest - Validate dom is clicked is clickable
13:41:17.564 [main] INFO  com.demo.baseutil.Basetest - Clicked on : dom is clicked
13:41:19.576 [main] INFO  com.demo.baseutil.Basetest - Validate ft is clicked is clickable
13:41:22.159 [main] INFO  com.demo.baseutil.Basetest - Clicked on : ft is clicked
13:41:24.176 [main] INFO  com.demo.baseutil.Basetest - Validate wt is clicked is clickable
13:41:27.031 [main] INFO  com.demo.baseutil.Basetest - Clicked on : wt is clicked
13:41:29.033 [main] INFO  com.demo.baseutil.Basetest - Enter the value into weight entered
13:41:29.788 [main] INFO  com.demo.baseutil.Basetest - 1000 typed into weight entered
13:41:31.795 [main] INFO  com.demo.baseutil.Basetest - Validate wtcap is clicked is clickable
13:41:34.123 [main] INFO  com.demo.baseutil.Basetest - Clicked on : wtcap is clicked
13:41:36.133 [main] INFO  com.demo.baseutil.Basetest - Validate tons is clicked is clickable
13:41:38.524 [main] INFO  com.demo.baseutil.Basetest - Clicked on : tons is clicked
13:41:40.530 [main] INFO  com.demo.baseutil.Basetest - Validate Click on Add button is clickable
13:41:43.547 [main] INFO  com.demo.baseutil.Basetest - Clicked on : Click on Add button
13:41:59.854 [main] INFO  com.demo.baseutil.Basetest - Scroll down
13:42:01.865 [main] INFO  com.demo.baseutil.Basetest - Validate transaction is clicked is clickable
13:42:04.355 [main] INFO  com.demo.baseutil.Basetest - Clicked on : transaction is clicked
13:42:11.371 [main] INFO  com.demo.baseutil.Basetest - Validate productid is selected is clickable
13:42:13.758 [main] INFO  com.demo.baseutil.Basetest - Clicked on : productid is selected
13:42:13.758 [main] INFO  com.demo.baseutil.Basetest - Enter the value into enter the productid
13:42:14.448 [main] INFO  com.demo.baseutil.Basetest - F2PG10002411 typed into enter the productid
13:42:14.448 [main] INFO  com.demo.baseutil.Basetest - Validate productid is selected is clickable
13:42:16.692 [main] INFO  com.demo.baseutil.Basetest - Clicked on : productid is selected
13:42:16.692 [main] INFO  com.demo.baseutil.Basetest - Validate search is selected is clickable
13:42:18.976 [main] INFO  com.demo.baseutil.Basetest - Clicked on : search is selected
13:42:18.976 [main] INFO  com.demo.baseutil.Basetest - Validate search button is clicked is clickable
13:42:21.362 [main] INFO  com.demo.baseutil.Basetest - Clicked on : search button is clicked
13:42:23.443 [main] INFO  com.demo.baseutil.Basetest - Scroll up
13:42:25.487 [main] INFO  com.demo.baseutil.Basetest - Scroll up
13:42:29.495 [main] INFO  com.demo.baseutil.Basetest - Validate transaction is clicked is clickable
13:42:32.027 [main] INFO  com.demo.baseutil.Basetest - Clicked on : transaction is clicked
13:42:37.032 [main] INFO  com.demo.baseutil.Basetest - Validate add new is clicked is clickable
13:42:39.999 [main] INFO  com.demo.baseutil.Basetest - Clicked on : add new is clicked
13:42:45.015 [main] INFO  com.demo.baseutil.Basetest - Validate Product id is clicked is clickable
13:42:47.456 [main] INFO  com.demo.baseutil.Basetest - Clicked on : Product id is clicked
13:42:49.469 [main] INFO  com.demo.baseutil.Basetest - Enter the value into Saved Value is entered
13:42:49.707 [main] INFO  com.demo.baseutil.Basetest - F2PG10002411 typed into Saved Value is entered
13:42:51.758 [main] INFO  com.demo.baseutil.Basetest - Validate Product id is clicked is clickable
13:42:54.579 [main] INFO  com.demo.baseutil.Basetest - Clicked on : Product id is clicked
13:42:56.592 [main] INFO  com.demo.baseutil.Basetest - Validate Product id is clicked is clickable
13:42:59.025 [main] INFO  com.demo.baseutil.Basetest - Clicked on : Product id is clicked
13:43:01.122 [main] INFO  com.demo.baseutil.Basetest - Validate chooseprocess id is clicked is clickable
13:43:03.760 [main] INFO  com.demo.baseutil.Basetest - Clicked on : chooseprocess id is clicked
13:43:05.765 [main] INFO  com.demo.baseutil.Basetest - Enter the value into Packing/aggregation is entered
13:43:06.063 [main] INFO  com.demo.baseutil.Basetest - Packing typed into Packing/aggregation is entered
13:43:08.090 [main] INFO  com.demo.baseutil.Basetest - Validate chooseprocess id is clicked is clickable
13:43:10.551 [main] INFO  com.demo.baseutil.Basetest - Clicked on : chooseprocess id is clicked
13:43:14.570 [main] INFO  com.demo.baseutil.Basetest - Validate Process aggre is selected is clickable
13:43:17.804 [main] INFO  com.demo.baseutil.Basetest - Clicked on : Process aggre is selected
13:43:19.910 [main] INFO  com.demo.baseutil.Basetest - Scroll down successful
13:43:19.912 [main] INFO  com.demo.baseutil.Basetest - Validate org is selected is clickable
13:43:22.864 [main] INFO  com.demo.baseutil.Basetest - Clicked on : org is selected
13:43:24.880 [main] INFO  com.demo.baseutil.Basetest - Enter the value into org value is entered
13:43:25.789 [main] INFO  com.demo.baseutil.Basetest - 178 typed into org value is entered
13:43:30.804 [main] INFO  com.demo.baseutil.Basetest - Validate org is selected is clickable
13:43:33.089 [main] INFO  com.demo.baseutil.Basetest - Clicked on : org is selected
13:43:36.099 [main] INFO  com.demo.baseutil.Basetest - Validate location is selected is clickable
13:43:38.445 [main] INFO  com.demo.baseutil.Basetest - Clicked on : location is selected
13:43:38.445 [main] INFO  com.demo.baseutil.Basetest - Enter the value into location value is entered
13:43:39.595 [main] INFO  com.demo.baseutil.Basetest - test typed into location value is entered
13:43:44.610 [main] INFO  com.demo.baseutil.Basetest - Validate location is selected is clickable
13:43:46.951 [main] INFO  com.demo.baseutil.Basetest - Clicked on : location is selected
13:43:46.967 [main] INFO  com.demo.baseutil.Basetest - Scroll down successful
13:43:46.967 [main] INFO  com.demo.baseutil.Basetest - Validate activity is clicked is clickable
13:43:49.743 [main] INFO  com.demo.baseutil.Basetest - Clicked on : activity is clicked
13:43:51.746 [main] INFO  com.demo.baseutil.Basetest - Enter the value into activity is entered
13:43:52.083 [main] INFO  com.demo.baseutil.Basetest - activity typed into activity is entered
13:43:55.097 [main] INFO  com.demo.baseutil.Basetest - Scroll till the scrolles to lot
13:43:55.186 [main] INFO  com.demo.baseutil.Basetest - Scroll till the scrolles to lot completed
13:43:55.186 [main] INFO  com.demo.baseutil.Basetest - Validate sscc number is copied is clickable
13:43:57.701 [main] INFO  com.demo.baseutil.Basetest - Clicked on : sscc number is copied
13:44:07.732 [main] INFO  com.demo.baseutil.Basetest - Scroll up to the element: The lot is displayed after scroll up completed
13:44:10.743 [main] INFO  com.demo.baseutil.Basetest - Validate lot1 is clicked is clickable
13:44:13.758 [main] INFO  com.demo.baseutil.Basetest - Clicked on : lot1 is clicked
13:44:15.841 [main] INFO  com.demo.baseutil.Basetest - Enter the value into lotvalue is entered
13:44:16.795 [main] INFO  com.demo.baseutil.Basetest - 1691016092410000019 typed into lotvalue is entered
13:44:18.808 [main] INFO  com.demo.baseutil.Basetest - Validate lot arrow is clicked is clickable
13:44:22.840 [main] INFO  com.demo.baseutil.Basetest - Clicked on : lot arrow is clicked
13:44:24.855 [main] INFO  com.demo.baseutil.Basetest - Scroll till the scrolled to packloc
13:44:24.988 [main] INFO  com.demo.baseutil.Basetest - Scroll till the scrolled to packloc completed
13:44:30.265 [main] INFO  com.demo.baseutil.Basetest - Scroll up to the element: The packloc is displayed after scroll up completed
13:44:35.280 [main] INFO  com.demo.baseutil.Basetest - Validate packloc is clicked is clickable
13:44:37.876 [main] INFO  com.demo.baseutil.Basetest - Clicked on : packloc is clicked
13:44:39.883 [main] INFO  com.demo.baseutil.Basetest - Enter the value into packing lot is entered
13:44:40.336 [main] INFO  com.demo.baseutil.Basetest - test typed into packing lot is entered
13:44:44.346 [main] INFO  com.demo.baseutil.Basetest - Validate remarks is clicked is clickable
13:44:47.002 [main] INFO  com.demo.baseutil.Basetest - Clicked on : remarks is clicked
13:44:49.024 [main] INFO  com.demo.baseutil.Basetest - Enter the value into remarks is entered
13:44:49.621 [main] INFO  com.demo.baseutil.Basetest - test typed into remarks is entered
13:44:53.628 [main] INFO  com.demo.baseutil.Basetest - Validate tlcloc is clicked is clickable
13:44:56.526 [main] INFO  com.demo.baseutil.Basetest - Clicked on : tlcloc is clicked
13:44:58.562 [main] INFO  com.demo.baseutil.Basetest - Enter the value into tlcloc is entered
13:44:58.953 [main] INFO  com.demo.baseutil.Basetest - test typed into tlcloc is entered
13:45:02.959 [main] INFO  com.demo.baseutil.Basetest - Scroll till the asset is scroll down
13:45:03.542 [main] INFO  com.demo.baseutil.Basetest - Scroll till the asset is scroll down completed
13:45:05.551 [main] INFO  com.demo.baseutil.Basetest - Validate asset is clicked is clickable
13:45:07.821 [main] INFO  com.demo.baseutil.Basetest - Clicked on : asset is clicked
13:45:09.833 [main] INFO  com.demo.baseutil.Basetest - Enter the value into vehicle is entered
13:45:10.098 [main] INFO  com.demo.baseutil.Basetest - vehicle typed into vehicle is entered
13:45:14.116 [main] INFO  com.demo.baseutil.Basetest - Validate assetsearch is clicked is clickable
13:45:17.218 [main] INFO  com.demo.baseutil.Basetest - Clicked on : assetsearch is clicked
13:45:19.231 [main] INFO  com.demo.baseutil.Basetest - Validate shippingdate is clicked is clickable
13:45:21.687 [main] INFO  com.demo.baseutil.Basetest - Clicked on : shippingdate is clicked
13:45:23.691 [main] INFO  com.demo.baseutil.Basetest - Validate datenext button is clicked is clickable
13:45:26.140 [main] INFO  com.demo.baseutil.Basetest - Clicked on : datenext button is clicked
13:45:28.148 [main] INFO  com.demo.baseutil.Basetest - Validate date is entered is clickable
13:45:30.471 [main] INFO  com.demo.baseutil.Basetest - Clicked on : date is entered
13:45:33.478 [main] INFO  com.demo.baseutil.Basetest - Validate date is selected is clickable
13:45:36.193 [main] INFO  com.demo.baseutil.Basetest - Clicked on : date is selected
13:45:39.194 [main] INFO  com.demo.baseutil.Basetest - Validate deliverydate is clicked is clickable
13:45:41.615 [main] INFO  com.demo.baseutil.Basetest - Clicked on : deliverydate is clicked
13:45:43.624 [main] INFO  com.demo.baseutil.Basetest - Validate datenext button is clicked is clickable
13:45:45.958 [main] INFO  com.demo.baseutil.Basetest - Clicked on : datenext button is clicked
13:45:47.973 [main] INFO  com.demo.baseutil.Basetest - Validate datenext button is clicked is clickable
13:45:50.295 [main] INFO  com.demo.baseutil.Basetest - Clicked on : datenext button is clicked
13:45:53.311 [main] INFO  com.demo.baseutil.Basetest - Validate date is entered is clickable
13:45:55.698 [main] INFO  com.demo.baseutil.Basetest - Clicked on : date is entered
13:45:57.714 [main] INFO  com.demo.baseutil.Basetest - Validate date is selected is clickable
13:46:00.103 [main] INFO  com.demo.baseutil.Basetest - Clicked on : date is selected
13:46:00.118 [main] INFO  com.demo.baseutil.Basetest - Scroll down successful
13:46:00.118 [main] INFO  com.demo.baseutil.Basetest - Validate container is clicked is clickable
13:46:02.484 [main] INFO  com.demo.baseutil.Basetest - Clicked on : container is clicked
13:46:02.484 [main] INFO  com.demo.baseutil.Basetest - Enter the value into container value is entered
13:46:02.793 [main] INFO  com.demo.baseutil.Basetest - container362362 typed into container value is entered
13:46:07.798 [main] INFO  com.demo.baseutil.Basetest - Validate container select is clicked is clickable
13:46:10.152 [main] INFO  com.demo.baseutil.Basetest - Clicked on : container select is clicked
13:46:12.168 [main] INFO  com.demo.baseutil.Basetest - Validate invoice select is clicked is clickable
13:46:14.567 [main] INFO  com.demo.baseutil.Basetest - Clicked on : invoice select is clicked
13:46:14.567 [main] INFO  com.demo.baseutil.Basetest - Enter the value into  invoice value is entered
13:46:14.882 [main] INFO  com.demo.baseutil.Basetest - 123 typed into  invoice value is entered
13:46:16.891 [main] INFO  com.demo.baseutil.Basetest - Validate seal select is clicked is clickable
13:46:19.201 [main] INFO  com.demo.baseutil.Basetest - Clicked on : seal select is clicked
13:46:19.201 [main] INFO  com.demo.baseutil.Basetest - Enter the value into seal value is entered
13:46:19.467 [main] INFO  com.demo.baseutil.Basetest - 123 typed into seal value is entered
13:46:21.501 [main] INFO  com.demo.baseutil.Basetest - Scroll down successful
13:46:23.523 [main] INFO  com.demo.baseutil.Basetest - Validate asn select is clicked is clickable
13:46:25.835 [main] INFO  com.demo.baseutil.Basetest - Clicked on : asn select is clicked
13:46:25.835 [main] INFO  com.demo.baseutil.Basetest - Enter the value into asn value is entered
13:46:26.192 [main] INFO  com.demo.baseutil.Basetest - 0864880794467 typed into asn value is entered
13:46:28.217 [main] INFO  com.demo.baseutil.Basetest - Validate lorry select is clicked is clickable
13:46:30.622 [main] INFO  com.demo.baseutil.Basetest - Clicked on : lorry select is clicked
13:46:30.622 [main] INFO  com.demo.baseutil.Basetest - Enter the value into lorry value is entered
13:46:30.849 [main] INFO  com.demo.baseutil.Basetest - 123 typed into lorry value is entered
13:46:32.875 [main] INFO  com.demo.baseutil.Basetest - Validate purchase is clicked is clickable
13:46:35.170 [main] INFO  com.demo.baseutil.Basetest - Clicked on : purchase is clicked
13:46:35.170 [main] INFO  com.demo.baseutil.Basetest - Enter the value into purchase is entered
13:46:35.514 [main] INFO  com.demo.baseutil.Basetest - 123 typed into purchase is entered
13:46:35.514 [main] INFO  com.demo.baseutil.Basetest - Validate bill is clicked is clickable
13:46:37.900 [main] INFO  com.demo.baseutil.Basetest - Clicked on : bill is clicked
13:46:37.900 [main] INFO  com.demo.baseutil.Basetest - Enter the value into purchase is entered
13:46:38.182 [main] INFO  com.demo.baseutil.Basetest - 12345 typed into purchase is entered
13:46:40.199 [main] INFO  com.demo.baseutil.Basetest - Validate document is clicked is clickable
13:46:42.487 [main] INFO  com.demo.baseutil.Basetest - Clicked on : document is clicked
13:46:42.487 [main] INFO  com.demo.baseutil.Basetest - Enter the value into document is entered
13:46:42.726 [main] INFO  com.demo.baseutil.Basetest - 12345 typed into document is entered
13:46:44.758 [main] INFO  com.demo.baseutil.Basetest - Validate Add Transaction is selected is clickable
13:46:47.173 [main] INFO  com.demo.baseutil.Basetest - Clicked on : Add Transaction is selected
13:47:09.273 [main] INFO  com.demo.baseutil.Basetest - Scroll down
13:47:11.279 [main] INFO  com.demo.baseutil.Basetest - Validate transaction is clicked is clickable
13:47:13.769 [main] INFO  com.demo.baseutil.Basetest - Clicked on : transaction is clicked
13:47:18.781 [main] INFO  com.demo.baseutil.Basetest - Validate add new is clicked is clickable
13:47:21.241 [main] INFO  com.demo.baseutil.Basetest - Clicked on : add new is clicked
13:47:26.250 [main] INFO  com.demo.baseutil.Basetest - Validate Product id is clicked is clickable
13:47:28.670 [main] INFO  com.demo.baseutil.Basetest - Clicked on : Product id is clicked
13:47:30.673 [main] INFO  com.demo.baseutil.Basetest - Enter the value into Saved Value is entered
13:47:31.046 [main] INFO  com.demo.baseutil.Basetest - F2PG10002411 typed into Saved Value is entered
13:47:33.053 [main] INFO  com.demo.baseutil.Basetest - Validate Product id is clicked is clickable
13:47:35.432 [main] INFO  com.demo.baseutil.Basetest - Clicked on : Product id is clicked
13:47:37.439 [main] INFO  com.demo.baseutil.Basetest - Validate Product id is clicked is clickable
13:47:39.806 [main] INFO  com.demo.baseutil.Basetest - Clicked on : Product id is clicked
13:47:41.808 [main] INFO  com.demo.baseutil.Basetest - Validate chooseprocess id is clicked is clickable
13:47:44.153 [main] INFO  com.demo.baseutil.Basetest - Clicked on : chooseprocess id is clicked
13:47:48.165 [main] INFO  com.demo.baseutil.Basetest - Enter the value into Observation is entered
13:47:48.474 [main] INFO  com.demo.baseutil.Basetest - Observation typed into Observation is entered
13:47:50.486 [main] INFO  com.demo.baseutil.Basetest - Validate chooseprocess id is clicked is clickable
13:47:50.593 [main] ERROR com.demo.baseutil.Basetest - chooseprocess id is clicked is not clickable
13:47:50.593 [main] ERROR com.demo.baseutil.Basetest - Unable to click on chooseprocess id is clicked
13:47:50.805 [main] INFO  com.demo.baseutil.Basetest - Browser is closed sucessfuly
13:47:51.552 [main] INFO  com.demo.baseutil.Basetest - Browser is closed sucessfuly
13:47:52.431 [main] ERROR com.demo.baseutil.Basetest - Failed to close the Browser
