15:03:10.819 [main] INFO  com.demo.baseutil.Basetest - 
15:03:10.829 [main] INFO  com.demo.baseutil.Basetest - Running locally JavaMail
15:03:11.016 [main] INFO  com.demo.baseutil.Basetest2 - Folder creation for Extent
15:03:11.026 [main] INFO  com.demo.baseutil.Basetest - ExtentDir:-C:\Users\Deepti Jindal\eclipse-workspace2\com.NFR.Trace QA latest/reports/Automation Report- 10_07_2024_15_03_11/Report/10_07_2024_15_03_11
15:03:11.202 [main] INFO  com.demo.baseutil.Basetest - Report Initiated
15:03:11.204 [main] INFO  com.demo.baseutil.Basetest - Screenshot folder created
15:03:38.621 [main] INFO  com.demo.baseutil.Basetest - Validate Sign in with FarmtoPlate account is clickable
15:03:41.009 [main] INFO  com.demo.baseutil.Basetest - Clicked on : Sign in with FarmtoPlate account
15:03:41.023 [main] INFO  com.demo.baseutil.Basetest - Url contains farmtoplateapps.io/login
15:03:41.034 [main] INFO  com.demo.baseutil.Basetest - Sign in title matched
15:03:41.034 [main] INFO  com.demo.baseutil.Basetest - UI verified for Sigin page.
15:03:41.034 [main] INFO  com.demo.baseutil.Basetest - Sign in function call
15:03:41.034 [main] INFO  com.demo.baseutil.Basetest - Validate email address field is clicked is clickable
15:03:43.343 [main] INFO  com.demo.baseutil.Basetest - Clicked on : email address field is clicked
15:03:43.343 [main] INFO  com.demo.baseutil.Basetest - Enter the value into Email Id Entered
15:03:43.639 [main] INFO  com.demo.baseutil.Basetest - farmtoplatef2p@paramountsoft.net typed into Email Id Entered
15:03:43.639 [main] INFO  com.demo.baseutil.Basetest - Validate Enter the password is clickable
15:03:45.867 [main] INFO  com.demo.baseutil.Basetest - Clicked on : Enter the password
15:03:45.868 [main] INFO  com.demo.baseutil.Basetest - Enter the value into Password Id Entered
15:03:46.111 [main] INFO  com.demo.baseutil.Basetest - Admin1234 typed into Password Id Entered
15:03:55.191 [main] INFO  com.demo.baseutil.Basetest - Scroll down
15:03:56.194 [main] INFO  com.demo.baseutil.Basetest - Validate Press the signin button is clickable
15:03:59.206 [main] INFO  com.demo.baseutil.Basetest - Clicked on : Press the signin button
15:04:07.223 [main] INFO  com.demo.baseutil.Basetest - HomePage title  is matched
15:04:20.256 [main] INFO  com.demo.baseutil.Basetest - Validate Network Management is clicked is clickable
15:04:22.735 [main] INFO  com.demo.baseutil.Basetest - Clicked on : Network Management is clicked
15:04:26.751 [main] INFO  com.demo.baseutil.Basetest - Validate Add new is clicked is clickable
15:04:29.245 [main] INFO  com.demo.baseutil.Basetest - Clicked on : Add new is clicked
15:04:31.254 [main] INFO  com.demo.baseutil.Basetest - Validate Organisation Name is clicked is clickable
15:04:33.680 [main] INFO  com.demo.baseutil.Basetest - Clicked on : Organisation Name is clicked
15:04:33.680 [main] INFO  com.demo.baseutil.Basetest - Enter the value into Organisation is Entered
15:04:34.091 [main] INFO  com.demo.baseutil.Basetest - EULZeMqD typed into Organisation is Entered
15:04:34.092 [main] INFO  com.demo.baseutil.Basetest - Validate Organisation type is clicked is clickable
15:04:36.517 [main] INFO  com.demo.baseutil.Basetest - Clicked on : Organisation type is clicked
15:04:36.517 [main] INFO  com.demo.baseutil.Basetest - Validate upstream is selected is clickable
15:04:38.885 [main] INFO  com.demo.baseutil.Basetest - Clicked on : upstream is selected
15:04:38.885 [main] INFO  com.demo.baseutil.Basetest - Validate Organisation role is clicked is clickable
15:04:41.326 [main] INFO  com.demo.baseutil.Basetest - Clicked on : Organisation role is clicked
15:04:41.326 [main] INFO  com.demo.baseutil.Basetest - Validate Organisation role is selected is clickable
15:04:43.772 [main] INFO  com.demo.baseutil.Basetest - Clicked on : Organisation role is selected
15:04:43.772 [main] INFO  com.demo.baseutil.Basetest - Validate module is clicked is clickable
15:04:46.136 [main] INFO  com.demo.baseutil.Basetest - Clicked on : module is clicked
15:04:46.136 [main] INFO  com.demo.baseutil.Basetest - Validate module is selected is clickable
15:04:48.579 [main] INFO  com.demo.baseutil.Basetest - Clicked on : module is selected
15:04:48.579 [main] INFO  com.demo.baseutil.Basetest - Validate email field is clicked is clickable
15:04:50.992 [main] INFO  com.demo.baseutil.Basetest - Clicked on : email field is clicked
15:04:50.993 [main] INFO  com.demo.baseutil.Basetest - Enter the value into emailid is Entered
15:04:51.441 [main] INFO  com.demo.baseutil.Basetest - 59901avcyghg@yopmail.com typed into emailid is Entered
15:04:57.526 [main] INFO  com.demo.baseutil.Basetest - Scroll down
15:05:04.551 [main] INFO  com.demo.baseutil.Basetest - Validate Database Type is clicked is clickable
15:05:07.004 [main] INFO  com.demo.baseutil.Basetest - Clicked on : Database Type is clicked
15:05:07.004 [main] INFO  com.demo.baseutil.Basetest - Validate Db is selected is clickable
15:05:09.454 [main] INFO  com.demo.baseutil.Basetest - Clicked on : Db is selected
15:05:11.472 [main] INFO  com.demo.baseutil.Basetest - Scroll down successful
15:05:12.488 [main] INFO  com.demo.baseutil.Basetest - Validate Db is selected is clickable
15:05:14.962 [main] INFO  com.demo.baseutil.Basetest - Clicked on : Db is selected
15:05:16.969 [main] INFO  com.demo.baseutil.Basetest - Validate ordermgmt is selected is clickable
15:05:19.403 [main] INFO  com.demo.baseutil.Basetest - Clicked on : ordermgmt is selected
15:05:19.403 [main] INFO  com.demo.baseutil.Basetest - Validate Soil Dashboard is selected is clickable
15:05:21.857 [main] INFO  com.demo.baseutil.Basetest - Clicked on : Soil Dashboard is selected
15:05:21.857 [main] INFO  com.demo.baseutil.Basetest - Validate Submit Button is clicked is clickable
15:05:24.338 [main] INFO  com.demo.baseutil.Basetest - Clicked on : Submit Button is clicked
15:05:26.477 [main] INFO  com.demo.baseutil.Basetest - Validate Email address input field is clicked is clickable
15:05:30.254 [main] INFO  com.demo.baseutil.Basetest - Clicked on : Email address input field is clicked
15:05:30.254 [main] INFO  com.demo.baseutil.Basetest - Enter the value into email address is entered
15:05:30.626 [main] INFO  com.demo.baseutil.Basetest - 59901avcyghg@yopmail.com typed into email address is entered
15:05:30.626 [main] INFO  com.demo.baseutil.Basetest - Validate arrow button is clicked is clickable
15:05:34.168 [main] INFO  com.demo.baseutil.Basetest - Clicked on : arrow button is clicked
15:05:41.261 [main] INFO  com.demo.baseutil.Basetest - Validate first email is clicked is clickable
15:06:22.518 [main] ERROR com.demo.baseutil.Basetest - first email is clicked is not clickable
15:06:22.519 [main] ERROR com.demo.baseutil.Basetest - Unable to click on first email is clicked
15:07:03.853 [main] INFO  com.demo.baseutil.Basetest - Browser is closed sucessfuly
15:07:04.393 [main] INFO  com.demo.baseutil.Basetest - Browser is closed sucessfuly
15:07:18.113 [main] INFO  com.demo.baseutil.Basetest - Validate Sign in with FarmtoPlate account is clickable
15:07:20.410 [main] INFO  com.demo.baseutil.Basetest - Clicked on : Sign in with FarmtoPlate account
15:07:20.423 [main] INFO  com.demo.baseutil.Basetest - Url contains farmtoplateapps.io/login
15:07:20.429 [main] INFO  com.demo.baseutil.Basetest - Sign in title matched
15:07:20.429 [main] INFO  com.demo.baseutil.Basetest - UI verified for Sigin page.
15:07:20.429 [main] INFO  com.demo.baseutil.Basetest - Sign in function call
15:07:20.429 [main] INFO  com.demo.baseutil.Basetest - Validate email address field is clicked is clickable
15:07:22.682 [main] INFO  com.demo.baseutil.Basetest - Clicked on : email address field is clicked
15:07:22.682 [main] INFO  com.demo.baseutil.Basetest - Enter the value into Email Id Entered
15:07:22.910 [main] INFO  com.demo.baseutil.Basetest - 139@yopmail.com typed into Email Id Entered
15:07:22.910 [main] INFO  com.demo.baseutil.Basetest - Validate Enter the password is clickable
15:07:25.131 [main] INFO  com.demo.baseutil.Basetest - Clicked on : Enter the password
15:07:25.132 [main] INFO  com.demo.baseutil.Basetest - Enter the value into Password Id Entered
15:07:25.350 [main] INFO  com.demo.baseutil.Basetest - Admin@1234 typed into Password Id Entered
15:07:29.403 [main] INFO  com.demo.baseutil.Basetest - Scroll down
15:07:29.403 [main] INFO  com.demo.baseutil.Basetest - Validate Press the signin button is clickable
15:07:32.202 [main] INFO  com.demo.baseutil.Basetest - Clicked on : Press the signin button
15:07:35.031 [main] INFO  com.demo.baseutil.Basetest - HomePage title  is matched
15:07:45.042 [main] INFO  com.demo.baseutil.Basetest - Validate click on trace is clickable
15:07:47.510 [main] INFO  com.demo.baseutil.Basetest - Clicked on : click on trace
15:07:49.513 [main] INFO  com.demo.baseutil.Basetest - Validate click on dashboard is clickable
15:07:52.085 [main] INFO  com.demo.baseutil.Basetest - Clicked on : click on dashboard
15:07:54.091 [main] INFO  com.demo.baseutil.Basetest - Validate click on organisation network is clickable
15:07:56.568 [main] INFO  com.demo.baseutil.Basetest - Clicked on : click on organisation network
15:08:01.650 [main] INFO  com.demo.baseutil.Basetest - Sign in title matched
15:08:01.650 [main] INFO  com.demo.baseutil.Basetest - UI verified for Organisation network page.
15:08:03.689 [main] INFO  com.demo.baseutil.Basetest - Validate click on product register is clickable
15:08:06.115 [main] INFO  com.demo.baseutil.Basetest - Clicked on : click on product register
15:08:13.155 [main] INFO  com.demo.baseutil.Basetest - Sign in title matched
15:08:13.155 [main] INFO  com.demo.baseutil.Basetest - UI verified for Product page.
15:08:14.204 [main] INFO  com.demo.baseutil.Basetest - Validate click on lots is clickable
15:08:16.684 [main] INFO  com.demo.baseutil.Basetest - Clicked on : click on lots
15:08:22.771 [main] INFO  com.demo.baseutil.Basetest - Sign in title matched
15:08:22.771 [main] INFO  com.demo.baseutil.Basetest - UI verified for Lots page.
15:08:25.265 [main] INFO  com.demo.baseutil.Basetest - Browser is closed sucessfuly
15:08:25.709 [main] INFO  com.demo.baseutil.Basetest - Browser is closed sucessfuly
15:08:36.105 [main] INFO  com.demo.baseutil.Basetest - Validate Sign in with FarmtoPlate account is clickable
15:08:38.451 [main] INFO  com.demo.baseutil.Basetest - Clicked on : Sign in with FarmtoPlate account
15:08:38.459 [main] INFO  com.demo.baseutil.Basetest - Url contains farmtoplateapps.io/login
15:08:38.464 [main] INFO  com.demo.baseutil.Basetest - Sign in title matched
15:08:38.464 [main] INFO  com.demo.baseutil.Basetest - UI verified for Sigin page.
15:08:38.464 [main] INFO  com.demo.baseutil.Basetest - Sign in function call
15:08:38.464 [main] INFO  com.demo.baseutil.Basetest - Validate email address field is clicked is clickable
15:08:40.725 [main] INFO  com.demo.baseutil.Basetest - Clicked on : email address field is clicked
15:08:40.725 [main] INFO  com.demo.baseutil.Basetest - Enter the value into Email Id Entered
15:08:40.998 [main] INFO  com.demo.baseutil.Basetest - 139@yopmail.com typed into Email Id Entered
15:08:40.999 [main] INFO  com.demo.baseutil.Basetest - Validate Enter the password is clickable
15:08:43.270 [main] INFO  com.demo.baseutil.Basetest - Clicked on : Enter the password
15:08:43.270 [main] INFO  com.demo.baseutil.Basetest - Enter the value into Password Id Entered
15:08:43.515 [main] INFO  com.demo.baseutil.Basetest - Admin@1234 typed into Password Id Entered
15:08:47.581 [main] INFO  com.demo.baseutil.Basetest - Scroll down
15:08:47.581 [main] INFO  com.demo.baseutil.Basetest - Validate Press the signin button is clickable
15:08:50.361 [main] INFO  com.demo.baseutil.Basetest - Clicked on : Press the signin button
15:08:52.524 [main] INFO  com.demo.baseutil.Basetest - HomePage title  is matched
15:09:02.535 [main] INFO  com.demo.baseutil.Basetest - Validate click on trace is clickable
15:09:04.953 [main] INFO  com.demo.baseutil.Basetest - Clicked on : click on trace
15:09:06.962 [main] INFO  com.demo.baseutil.Basetest - Validate Network Management is clicked is clickable
15:09:09.398 [main] INFO  com.demo.baseutil.Basetest - Clicked on : Network Management is clicked
15:09:14.399 [main] INFO  com.demo.baseutil.Basetest - Validate Add new is clicked is clickable
15:09:16.924 [main] INFO  com.demo.baseutil.Basetest - Clicked on : Add new is clicked
15:09:18.939 [main] INFO  com.demo.baseutil.Basetest - Validate Organisation Name is clicked is clickable
15:09:21.358 [main] INFO  com.demo.baseutil.Basetest - Clicked on : Organisation Name is clicked
15:09:21.358 [main] INFO  com.demo.baseutil.Basetest - Enter the value into Organisation is Entered
15:09:21.606 [main] INFO  com.demo.baseutil.Basetest - UaRYiMcx typed into Organisation is Entered
15:09:21.606 [main] INFO  com.demo.baseutil.Basetest - Validate Organisation type is clicked is clickable
15:09:23.881 [main] INFO  com.demo.baseutil.Basetest - Clicked on : Organisation type is clicked
15:09:23.881 [main] INFO  com.demo.baseutil.Basetest - Validate upstream is selected is clickable
15:09:26.340 [main] INFO  com.demo.baseutil.Basetest - Clicked on : upstream is selected
15:09:26.340 [main] INFO  com.demo.baseutil.Basetest - Validate Organisation role is clicked is clickable
15:09:28.786 [main] INFO  com.demo.baseutil.Basetest - Clicked on : Organisation role is clicked
15:09:28.786 [main] INFO  com.demo.baseutil.Basetest - Validate Organisation role is selected is clickable
15:09:31.193 [main] INFO  com.demo.baseutil.Basetest - Clicked on : Organisation role is selected
15:09:31.193 [main] INFO  com.demo.baseutil.Basetest - Validate module is clicked is clickable
15:09:33.577 [main] INFO  com.demo.baseutil.Basetest - Clicked on : module is clicked
15:09:33.577 [main] INFO  com.demo.baseutil.Basetest - Validate module is selected is clickable
15:09:35.925 [main] INFO  com.demo.baseutil.Basetest - Clicked on : module is selected
15:09:35.925 [main] INFO  com.demo.baseutil.Basetest - Validate email field is clicked is clickable
15:09:38.242 [main] INFO  com.demo.baseutil.Basetest - Clicked on : email field is clicked
15:09:38.242 [main] INFO  com.demo.baseutil.Basetest - Enter the value into emailid is Entered
15:09:38.571 [main] INFO  com.demo.baseutil.Basetest - zjafrCIy653@yopmail.com typed into emailid is Entered
15:09:39.587 [main] INFO  com.demo.baseutil.Basetest - Validate sendinvite button is clicked is clickable
15:09:42.037 [main] INFO  com.demo.baseutil.Basetest - Clicked on : sendinvite button is clicked
15:09:44.053 [main] INFO  com.demo.baseutil.Basetest - Validate submit is selected is clickable
15:09:46.415 [main] INFO  com.demo.baseutil.Basetest - Clicked on : submit is selected
15:10:01.544 [main] INFO  com.demo.baseutil.Basetest - Validate Email address input field is clicked is clickable
15:10:03.944 [main] INFO  com.demo.baseutil.Basetest - Clicked on : Email address input field is clicked
15:10:03.944 [main] INFO  com.demo.baseutil.Basetest - Enter the value into email address is entered
15:10:04.323 [main] INFO  com.demo.baseutil.Basetest - zjafrCIy653@yopmail.com typed into email address is entered
15:10:04.323 [main] INFO  com.demo.baseutil.Basetest - Validate arrow button is clicked is clickable
15:10:07.381 [main] INFO  com.demo.baseutil.Basetest - Clicked on : arrow button is clicked
15:10:10.451 [main] INFO  com.demo.baseutil.Basetest - Validate first email is clicked is clickable
15:10:12.767 [main] INFO  com.demo.baseutil.Basetest - Clicked on : first email is clicked
15:10:14.886 [main] INFO  com.demo.baseutil.Basetest - Validate email address is clicked is clickable
15:10:17.218 [main] INFO  com.demo.baseutil.Basetest - Clicked on : email address is clicked
15:10:19.243 [main] INFO  com.demo.baseutil.Basetest - Validate pass is clicked is clickable
15:10:21.575 [main] INFO  com.demo.baseutil.Basetest - Clicked on : pass is clicked
15:10:21.575 [main] INFO  com.demo.baseutil.Basetest - Enter the value into Password is entered
15:10:21.884 [main] INFO  com.demo.baseutil.Basetest - Admin@1234 typed into Password is entered
15:10:21.884 [main] INFO  com.demo.baseutil.Basetest - Validate confirm password is clicked is clickable
15:10:24.283 [main] INFO  com.demo.baseutil.Basetest - Clicked on : confirm password is clicked
15:10:24.284 [main] INFO  com.demo.baseutil.Basetest - Enter the value into Confirm Password is entered
15:10:24.648 [main] INFO  com.demo.baseutil.Basetest - Admin@1234 typed into Confirm Password is entered
15:10:30.722 [main] INFO  com.demo.baseutil.Basetest - Scroll down
15:10:30.722 [main] INFO  com.demo.baseutil.Basetest - Validate button is clicked is clickable
15:10:33.145 [main] INFO  com.demo.baseutil.Basetest - Clicked on : button is clicked
15:10:35.148 [main] INFO  com.demo.baseutil.Basetest - Validate email address field is clicked is clickable
15:10:37.580 [main] INFO  com.demo.baseutil.Basetest - Clicked on : email address field is clicked
15:10:37.581 [main] INFO  com.demo.baseutil.Basetest - Enter the value into Email Id Entered
15:10:37.881 [main] INFO  com.demo.baseutil.Basetest - zjafrCIy653@yopmail.com typed into Email Id Entered
15:10:37.881 [main] INFO  com.demo.baseutil.Basetest - Validate Enter the password is clickable
15:10:40.246 [main] INFO  com.demo.baseutil.Basetest - Clicked on : Enter the password
15:10:40.246 [main] INFO  com.demo.baseutil.Basetest - Enter the value into Password Id Entered
15:10:40.506 [main] INFO  com.demo.baseutil.Basetest - Admin@1234 typed into Password Id Entered
15:10:44.592 [main] INFO  com.demo.baseutil.Basetest - Scroll down
15:10:44.592 [main] INFO  com.demo.baseutil.Basetest - Validate Press the signin button is clickable
15:10:47.298 [main] INFO  com.demo.baseutil.Basetest - Clicked on : Press the signin button
15:10:53.300 [main] INFO  com.demo.baseutil.Basetest - Validate Press the continue button is clickable
15:10:55.681 [main] INFO  com.demo.baseutil.Basetest - Clicked on : Press the continue button
15:10:55.712 [main] INFO  com.demo.baseutil.Basetest - Scroll down successful
15:10:59.793 [main] INFO  com.demo.baseutil.Basetest - Scroll down
15:11:04.814 [main] INFO  com.demo.baseutil.Basetest - Scroll down successful
15:11:04.814 [main] INFO  com.demo.baseutil.Basetest - Validate Press the signin button is clickable
15:11:07.136 [main] INFO  com.demo.baseutil.Basetest - Clicked on : Press the signin button
15:11:07.136 [main] INFO  com.demo.baseutil.Basetest - Validate Press the button is clickable
15:11:09.481 [main] INFO  com.demo.baseutil.Basetest - Clicked on : Press the button
15:11:09.611 [main] INFO  com.demo.baseutil.Basetest - Browser is closed sucessfuly
15:11:10.138 [main] INFO  com.demo.baseutil.Basetest - Browser is closed sucessfuly
15:11:25.130 [main] INFO  com.demo.baseutil.Basetest - Validate Sign in with FarmtoPlate account is clickable
15:11:27.393 [main] INFO  com.demo.baseutil.Basetest - Clicked on : Sign in with FarmtoPlate account
15:11:27.402 [main] INFO  com.demo.baseutil.Basetest - Url contains farmtoplateapps.io/login
15:11:27.406 [main] INFO  com.demo.baseutil.Basetest - Sign in title matched
15:11:27.406 [main] INFO  com.demo.baseutil.Basetest - UI verified for Sigin page.
15:11:27.406 [main] INFO  com.demo.baseutil.Basetest - Sign in function call
15:11:27.406 [main] INFO  com.demo.baseutil.Basetest - Validate email address field is clicked is clickable
15:11:29.641 [main] INFO  com.demo.baseutil.Basetest - Clicked on : email address field is clicked
15:11:29.641 [main] INFO  com.demo.baseutil.Basetest - Enter the value into Email Id Entered
15:11:29.920 [main] INFO  com.demo.baseutil.Basetest - 139@yopmail.com typed into Email Id Entered
15:11:29.920 [main] INFO  com.demo.baseutil.Basetest - Validate Enter the password is clickable
15:11:32.136 [main] INFO  com.demo.baseutil.Basetest - Clicked on : Enter the password
15:11:32.137 [main] INFO  com.demo.baseutil.Basetest - Enter the value into Password Id Entered
15:11:32.359 [main] INFO  com.demo.baseutil.Basetest - Admin@1234 typed into Password Id Entered
15:11:36.425 [main] INFO  com.demo.baseutil.Basetest - Scroll down
15:11:36.425 [main] INFO  com.demo.baseutil.Basetest - Validate Press the signin button is clickable
15:11:39.225 [main] INFO  com.demo.baseutil.Basetest - Clicked on : Press the signin button
15:11:41.233 [main] INFO  com.demo.baseutil.Basetest - HomePage title  is matched
15:11:51.255 [main] INFO  com.demo.baseutil.Basetest - Validate click on trace is clickable
15:11:53.701 [main] INFO  com.demo.baseutil.Basetest - Clicked on : click on trace
15:11:59.790 [main] INFO  com.demo.baseutil.Basetest - Validate Asset & Infrastructure Data is clicked is clickable
15:12:02.103 [main] INFO  com.demo.baseutil.Basetest - Clicked on : Asset & Infrastructure Data is clicked
15:12:04.106 [main] INFO  com.demo.baseutil.Basetest - Validate Assets is clicked is clickable
15:12:06.621 [main] INFO  com.demo.baseutil.Basetest - Clicked on : Assets is clicked
15:12:08.629 [main] INFO  com.demo.baseutil.Basetest - Validate Add new is clicked is clickable
15:12:11.105 [main] INFO  com.demo.baseutil.Basetest - Clicked on : Add new is clicked
15:12:13.121 [main] INFO  com.demo.baseutil.Basetest - Validate Asset type is clicked is clickable
15:12:15.510 [main] INFO  com.demo.baseutil.Basetest - Clicked on : Asset type is clicked
15:12:15.510 [main] INFO  com.demo.baseutil.Basetest - Validate vehicle is selected is clickable
15:12:17.850 [main] INFO  com.demo.baseutil.Basetest - Clicked on : vehicle is selected
15:12:17.850 [main] INFO  com.demo.baseutil.Basetest - Validate Click on Vehicle Name is clickable
15:12:20.210 [main] INFO  com.demo.baseutil.Basetest - Clicked on : Click on Vehicle Name
15:12:20.210 [main] INFO  com.demo.baseutil.Basetest - Enter the value into enter the vehicle name
15:12:20.458 [main] INFO  com.demo.baseutil.Basetest - Loading VehiclevKjf typed into enter the vehicle name
15:12:20.458 [main] INFO  com.demo.baseutil.Basetest - Validate Click on Vehicle Number is clickable
15:12:22.806 [main] INFO  com.demo.baseutil.Basetest - Clicked on : Click on Vehicle Number
15:12:22.806 [main] INFO  com.demo.baseutil.Basetest - Enter the value into Enter the vehicle number
15:12:23.095 [main] INFO  com.demo.baseutil.Basetest - PCtSddma typed into Enter the vehicle number
15:12:23.095 [main] INFO  com.demo.baseutil.Basetest - Validate click the dropdown of carrier is clickable
15:12:25.436 [main] INFO  com.demo.baseutil.Basetest - Clicked on : click the dropdown of carrier
15:12:25.436 [main] INFO  com.demo.baseutil.Basetest - Validate click the tanker is clickable
15:12:27.812 [main] INFO  com.demo.baseutil.Basetest - Clicked on : click the tanker
15:12:27.814 [main] INFO  com.demo.baseutil.Basetest - Validate Click on Make is clickable
15:12:30.190 [main] INFO  com.demo.baseutil.Basetest - Clicked on : Click on Make
15:12:30.190 [main] INFO  com.demo.baseutil.Basetest - Enter the value into enter the make
15:12:30.430 [main] INFO  com.demo.baseutil.Basetest - Mahindra typed into enter the make
15:12:30.430 [main] INFO  com.demo.baseutil.Basetest - Validate Click on Model is clickable
15:12:32.721 [main] INFO  com.demo.baseutil.Basetest - Clicked on : Click on Model
15:12:32.721 [main] INFO  com.demo.baseutil.Basetest - Enter the value into enter the model
15:12:32.976 [main] INFO  com.demo.baseutil.Basetest - XUV typed into enter the model
15:12:32.977 [main] INFO  com.demo.baseutil.Basetest - Validate Click on Model is clickable
15:12:35.366 [main] INFO  com.demo.baseutil.Basetest - Clicked on : Click on Model
15:12:35.366 [main] INFO  com.demo.baseutil.Basetest - Enter the value into enter the model
15:12:35.753 [main] INFO  com.demo.baseutil.Basetest - XUV typed into enter the model
15:12:35.753 [main] INFO  com.demo.baseutil.Basetest - Validate Click on Vehicle Number is clickable
15:12:38.138 [main] INFO  com.demo.baseutil.Basetest - Clicked on : Click on Vehicle Number
15:12:38.138 [main] INFO  com.demo.baseutil.Basetest - Enter the value into Enter the engine number
15:12:38.415 [main] INFO  com.demo.baseutil.Basetest - laUejTXu typed into Enter the engine number
15:12:38.415 [main] INFO  com.demo.baseutil.Basetest - Validate Click on Class-GVWR is clickable
15:12:40.819 [main] INFO  com.demo.baseutil.Basetest - Clicked on : Click on Class-GVWR
15:12:40.819 [main] INFO  com.demo.baseutil.Basetest - Enter the value into enter the classgvwr
15:12:41.047 [main] INFO  com.demo.baseutil.Basetest - Class I typed into enter the classgvwr
15:12:41.047 [main] INFO  com.demo.baseutil.Basetest - Validate Click on Weight Capacity is clickable
15:12:43.356 [main] INFO  com.demo.baseutil.Basetest - Clicked on : Click on Weight Capacity
15:12:43.356 [main] INFO  com.demo.baseutil.Basetest - Enter the value into enter the weight capacity
15:12:43.685 [main] INFO  com.demo.baseutil.Basetest - 100 typed into enter the weight capacity
15:12:47.761 [main] INFO  com.demo.baseutil.Basetest - Scroll down
15:12:47.777 [main] INFO  com.demo.baseutil.Basetest - Scroll down successful
15:12:47.777 [main] INFO  com.demo.baseutil.Basetest - Validate Click on Add button is clickable
15:12:50.211 [main] INFO  com.demo.baseutil.Basetest - Clicked on : Click on Add button
15:12:51.427 [main] INFO  com.demo.baseutil.Basetest - Browser is closed sucessfuly
15:12:51.916 [main] INFO  com.demo.baseutil.Basetest - Browser is closed sucessfuly
15:13:04.462 [main] INFO  com.demo.baseutil.Basetest - Validate Sign in with FarmtoPlate account is clickable
15:13:06.717 [main] INFO  com.demo.baseutil.Basetest - Clicked on : Sign in with FarmtoPlate account
15:13:06.728 [main] INFO  com.demo.baseutil.Basetest - Url contains farmtoplateapps.io/login
15:13:06.733 [main] INFO  com.demo.baseutil.Basetest - Sign in title matched
15:13:06.733 [main] INFO  com.demo.baseutil.Basetest - UI verified for Sigin page.
15:13:06.733 [main] INFO  com.demo.baseutil.Basetest - Sign in function call
15:13:06.733 [main] INFO  com.demo.baseutil.Basetest - Validate email address field is clicked is clickable
15:13:08.980 [main] INFO  com.demo.baseutil.Basetest - Clicked on : email address field is clicked
15:13:08.980 [main] INFO  com.demo.baseutil.Basetest - Enter the value into Email Id Entered
15:13:09.241 [main] INFO  com.demo.baseutil.Basetest - 139@yopmail.com typed into Email Id Entered
15:13:09.242 [main] INFO  com.demo.baseutil.Basetest - Validate Enter the password is clickable
15:13:11.465 [main] INFO  com.demo.baseutil.Basetest - Clicked on : Enter the password
15:13:11.465 [main] INFO  com.demo.baseutil.Basetest - Enter the value into Password Id Entered
15:13:11.672 [main] INFO  com.demo.baseutil.Basetest - Admin@1234 typed into Password Id Entered
15:13:15.725 [main] INFO  com.demo.baseutil.Basetest - Scroll down
15:13:15.725 [main] INFO  com.demo.baseutil.Basetest - Validate Press the signin button is clickable
15:13:18.515 [main] INFO  com.demo.baseutil.Basetest - Clicked on : Press the signin button
15:13:20.527 [main] INFO  com.demo.baseutil.Basetest - HomePage title  is matched
15:13:30.543 [main] INFO  com.demo.baseutil.Basetest - Validate click on trace is clickable
15:13:33.004 [main] INFO  com.demo.baseutil.Basetest - Clicked on : click on trace
15:13:39.082 [main] INFO  com.demo.baseutil.Basetest - Validate Asset & Infrastructure Data is clicked is clickable
15:13:41.505 [main] INFO  com.demo.baseutil.Basetest - Clicked on : Asset & Infrastructure Data is clicked
15:13:43.505 [main] INFO  com.demo.baseutil.Basetest - Validate Infra is clicked is clickable
15:13:46.058 [main] INFO  com.demo.baseutil.Basetest - Clicked on : Infra is clicked
15:13:48.074 [main] INFO  com.demo.baseutil.Basetest - Validate Add new is clicked is clickable
15:13:50.571 [main] INFO  com.demo.baseutil.Basetest - Clicked on : Add new is clicked
15:13:52.587 [main] INFO  com.demo.baseutil.Basetest - Validate Click on Location Name is clickable
15:13:54.919 [main] INFO  com.demo.baseutil.Basetest - Clicked on : Click on Location Name
15:13:54.919 [main] INFO  com.demo.baseutil.Basetest - Enter the value into enter the location name
15:13:55.278 [main] INFO  com.demo.baseutil.Basetest - Warehouse B typed into enter the location name
15:13:55.278 [main] INFO  com.demo.baseutil.Basetest - Validate Asset type is clicked is clickable
15:13:57.655 [main] INFO  com.demo.baseutil.Basetest - Clicked on : Asset type is clicked
15:13:57.655 [main] INFO  com.demo.baseutil.Basetest - Validate vehicle is selected is clickable
15:14:00.031 [main] INFO  com.demo.baseutil.Basetest - Clicked on : vehicle is selected
15:14:00.031 [main] INFO  com.demo.baseutil.Basetest - Validate Click on GLN is clickable
15:14:02.485 [main] INFO  com.demo.baseutil.Basetest - Clicked on : Click on GLN
15:14:02.485 [main] INFO  com.demo.baseutil.Basetest - Enter the value into enter the GLN
15:14:02.800 [main] INFO  com.demo.baseutil.Basetest - 3926858535848 typed into enter the GLN
15:14:02.800 [main] INFO  com.demo.baseutil.Basetest - Validate Click on address is clickable
15:14:05.140 [main] INFO  com.demo.baseutil.Basetest - Clicked on : Click on address
15:14:05.141 [main] INFO  com.demo.baseutil.Basetest - Enter the value into enter the  address
15:14:05.648 [main] INFO  com.demo.baseutil.Basetest - Bangalore Palace, Palace Cross Road, Vasanth Nagar, Bengaluru, Karnataka, India typed into enter the  address
15:14:05.648 [main] INFO  com.demo.baseutil.Basetest - Validate Click on state is clickable
15:14:08.052 [main] INFO  com.demo.baseutil.Basetest - Clicked on : Click on state
15:14:08.052 [main] INFO  com.demo.baseutil.Basetest - Enter the value into Enetered the state
15:14:08.360 [main] INFO  com.demo.baseutil.Basetest - KA typed into Enetered the state
15:14:08.360 [main] INFO  com.demo.baseutil.Basetest - Validate Click on city is clickable
15:14:10.788 [main] INFO  com.demo.baseutil.Basetest - Clicked on : Click on city
15:14:10.788 [main] INFO  com.demo.baseutil.Basetest - Enter the value into Enetered the city
15:14:11.060 [main] INFO  com.demo.baseutil.Basetest - Bengaluru typed into Enetered the city
15:14:11.060 [main] INFO  com.demo.baseutil.Basetest - Validate Click on country is clickable
15:14:13.501 [main] INFO  com.demo.baseutil.Basetest - Clicked on : Click on country
15:14:13.501 [main] INFO  com.demo.baseutil.Basetest - Enter the value into Enetered the city
15:14:13.804 [main] INFO  com.demo.baseutil.Basetest - India typed into Enetered the city
15:14:13.804 [main] INFO  com.demo.baseutil.Basetest - Validate Click on zip is clickable
15:14:16.153 [main] INFO  com.demo.baseutil.Basetest - Clicked on : Click on zip
15:14:16.153 [main] INFO  com.demo.baseutil.Basetest - Enter the value into Enetred the Zip
15:14:16.433 [main] INFO  com.demo.baseutil.Basetest - 560052 typed into Enetred the Zip
15:14:20.491 [main] INFO  com.demo.baseutil.Basetest - Scroll down
15:14:20.491 [main] INFO  com.demo.baseutil.Basetest - Validate Click on Add button is clickable
15:14:22.876 [main] INFO  com.demo.baseutil.Basetest - Clicked on : Click on Add button
15:14:24.043 [main] INFO  com.demo.baseutil.Basetest - Browser is closed sucessfuly
15:14:24.516 [main] INFO  com.demo.baseutil.Basetest - Browser is closed sucessfuly
15:14:38.896 [main] INFO  com.demo.baseutil.Basetest - Validate Sign in with FarmtoPlate account is clickable
15:14:41.223 [main] INFO  com.demo.baseutil.Basetest - Clicked on : Sign in with FarmtoPlate account
15:14:41.232 [main] INFO  com.demo.baseutil.Basetest - Url contains farmtoplateapps.io/login
15:14:41.240 [main] INFO  com.demo.baseutil.Basetest - Sign in title matched
15:14:41.240 [main] INFO  com.demo.baseutil.Basetest - UI verified for Sigin page.
15:14:41.240 [main] INFO  com.demo.baseutil.Basetest - Sign in function call
15:14:41.240 [main] INFO  com.demo.baseutil.Basetest - Validate email address field is clicked is clickable
15:14:43.524 [main] INFO  com.demo.baseutil.Basetest - Clicked on : email address field is clicked
15:14:43.525 [main] INFO  com.demo.baseutil.Basetest - Enter the value into Email Id Entered
15:14:43.859 [main] INFO  com.demo.baseutil.Basetest - 139@yopmail.com typed into Email Id Entered
15:14:43.859 [main] INFO  com.demo.baseutil.Basetest - Validate Enter the password is clickable
15:14:46.117 [main] INFO  com.demo.baseutil.Basetest - Clicked on : Enter the password
15:14:46.117 [main] INFO  com.demo.baseutil.Basetest - Enter the value into Password Id Entered
15:14:46.376 [main] INFO  com.demo.baseutil.Basetest - Admin@1234 typed into Password Id Entered
15:14:50.439 [main] INFO  com.demo.baseutil.Basetest - Scroll down
15:14:50.439 [main] INFO  com.demo.baseutil.Basetest - Validate Press the signin button is clickable
15:14:53.281 [main] INFO  com.demo.baseutil.Basetest - Clicked on : Press the signin button
15:14:55.344 [main] INFO  com.demo.baseutil.Basetest - HomePage title  is matched
15:15:05.371 [main] INFO  com.demo.baseutil.Basetest - Validate click on trace is clickable
15:15:07.693 [main] INFO  com.demo.baseutil.Basetest - Clicked on : click on trace
15:15:13.765 [main] INFO  com.demo.baseutil.Basetest - Validate Asset & Infrastructure Data is clicked is clickable
15:15:16.098 [main] INFO  com.demo.baseutil.Basetest - Clicked on : Asset & Infrastructure Data is clicked
15:15:18.114 [main] INFO  com.demo.baseutil.Basetest - Validate Assets is clicked is clickable
15:15:20.552 [main] INFO  com.demo.baseutil.Basetest - Clicked on : Assets is clicked
15:15:22.554 [main] INFO  com.demo.baseutil.Basetest - Validate Add new is clicked is clickable
15:15:24.973 [main] INFO  com.demo.baseutil.Basetest - Clicked on : Add new is clicked
15:15:26.979 [main] INFO  com.demo.baseutil.Basetest - Validate Asset type is clicked is clickable
15:15:29.404 [main] INFO  com.demo.baseutil.Basetest - Clicked on : Asset type is clicked
15:15:29.404 [main] INFO  com.demo.baseutil.Basetest - Validate Click on Vehicle Name is clickable
15:15:31.823 [main] INFO  com.demo.baseutil.Basetest - Clicked on : Click on Vehicle Name
15:15:33.825 [main] INFO  com.demo.baseutil.Basetest - Validate container name is clicked is clickable
15:15:36.183 [main] INFO  com.demo.baseutil.Basetest - Clicked on : container name is clicked
15:15:36.183 [main] INFO  com.demo.baseutil.Basetest - Enter the value into enter the container name
15:15:36.573 [main] INFO  com.demo.baseutil.Basetest - container414414414 typed into enter the container name
15:15:38.586 [main] INFO  com.demo.baseutil.Basetest - Validate length is clicked is clickable
15:15:40.956 [main] INFO  com.demo.baseutil.Basetest - Clicked on : length is clicked
15:15:42.958 [main] INFO  com.demo.baseutil.Basetest - Enter the value into enter the length
15:15:43.302 [main] INFO  com.demo.baseutil.Basetest - 10 typed into enter the length
15:15:43.302 [main] INFO  com.demo.baseutil.Basetest - Validate breadth is clicked is clickable
15:15:45.749 [main] INFO  com.demo.baseutil.Basetest - Clicked on : breadth is clicked
15:15:45.749 [main] INFO  com.demo.baseutil.Basetest - Enter the value into breath entered
15:15:46.010 [main] INFO  com.demo.baseutil.Basetest - 10 typed into breath entered
15:15:48.016 [main] INFO  com.demo.baseutil.Basetest - Validate height is clicked is clickable
15:15:50.400 [main] INFO  com.demo.baseutil.Basetest - Clicked on : height is clicked
15:15:52.406 [main] INFO  com.demo.baseutil.Basetest - Enter the value into height entered
15:15:52.731 [main] INFO  com.demo.baseutil.Basetest - 20 typed into height entered
15:15:54.749 [main] INFO  com.demo.baseutil.Basetest - Validate dom is clicked is clickable
15:15:57.039 [main] INFO  com.demo.baseutil.Basetest - Clicked on : dom is clicked
15:15:59.039 [main] INFO  com.demo.baseutil.Basetest - Validate ft is clicked is clickable
15:16:01.335 [main] INFO  com.demo.baseutil.Basetest - Clicked on : ft is clicked
15:16:03.344 [main] INFO  com.demo.baseutil.Basetest - Validate wt is clicked is clickable
15:16:05.722 [main] INFO  com.demo.baseutil.Basetest - Clicked on : wt is clicked
15:16:07.727 [main] INFO  com.demo.baseutil.Basetest - Enter the value into weight entered
15:16:07.965 [main] INFO  com.demo.baseutil.Basetest - 1000 typed into weight entered
15:16:09.965 [main] INFO  com.demo.baseutil.Basetest - Validate wtcap is clicked is clickable
15:16:12.357 [main] INFO  com.demo.baseutil.Basetest - Clicked on : wtcap is clicked
15:16:14.359 [main] INFO  com.demo.baseutil.Basetest - Validate tons is clicked is clickable
15:16:16.774 [main] INFO  com.demo.baseutil.Basetest - Clicked on : tons is clicked
15:16:18.780 [main] INFO  com.demo.baseutil.Basetest - Validate Click on Add button is clickable
15:16:21.205 [main] INFO  com.demo.baseutil.Basetest - Clicked on : Click on Add button
15:16:27.337 [main] INFO  com.demo.baseutil.Basetest - Browser is closed sucessfuly
15:16:27.832 [main] INFO  com.demo.baseutil.Basetest - Browser is closed sucessfuly
15:16:39.450 [main] INFO  com.demo.baseutil.Basetest - Validate Sign in with FarmtoPlate account is clickable
15:16:41.721 [main] INFO  com.demo.baseutil.Basetest - Clicked on : Sign in with FarmtoPlate account
15:16:41.727 [main] INFO  com.demo.baseutil.Basetest - Url contains farmtoplateapps.io/login
15:16:41.731 [main] INFO  com.demo.baseutil.Basetest - Sign in title matched
15:16:41.731 [main] INFO  com.demo.baseutil.Basetest - UI verified for Sigin page.
15:16:41.731 [main] INFO  com.demo.baseutil.Basetest - Sign in function call
15:16:41.731 [main] INFO  com.demo.baseutil.Basetest - Validate email address field is clicked is clickable
15:16:43.985 [main] INFO  com.demo.baseutil.Basetest - Clicked on : email address field is clicked
15:16:43.985 [main] INFO  com.demo.baseutil.Basetest - Enter the value into Email Id Entered
15:16:44.299 [main] INFO  com.demo.baseutil.Basetest - 139@yopmail.com typed into Email Id Entered
15:16:44.300 [main] INFO  com.demo.baseutil.Basetest - Validate Enter the password is clickable
15:16:46.581 [main] INFO  com.demo.baseutil.Basetest - Clicked on : Enter the password
15:16:46.581 [main] INFO  com.demo.baseutil.Basetest - Enter the value into Password Id Entered
15:16:46.838 [main] INFO  com.demo.baseutil.Basetest - Admin@1234 typed into Password Id Entered
15:16:50.902 [main] INFO  com.demo.baseutil.Basetest - Scroll down
15:16:50.902 [main] INFO  com.demo.baseutil.Basetest - Validate Press the signin button is clickable
15:16:53.723 [main] INFO  com.demo.baseutil.Basetest - Clicked on : Press the signin button
15:16:55.954 [main] INFO  com.demo.baseutil.Basetest - HomePage title  is matched
15:17:05.964 [main] INFO  com.demo.baseutil.Basetest - Validate click on trace is clickable
15:17:08.425 [main] INFO  com.demo.baseutil.Basetest - Clicked on : click on trace
15:17:14.494 [main] INFO  com.demo.baseutil.Basetest - Validate User Management is clicked is clickable
15:17:16.751 [main] INFO  com.demo.baseutil.Basetest - Clicked on : User Management is clicked
15:17:18.751 [main] INFO  com.demo.baseutil.Basetest - Validate users is clicked is clickable
15:17:21.255 [main] INFO  com.demo.baseutil.Basetest - Clicked on : users is clicked
15:17:23.258 [main] INFO  com.demo.baseutil.Basetest - Validate Add new is clicked is clickable
15:17:25.739 [main] INFO  com.demo.baseutil.Basetest - Clicked on : Add new is clicked
15:17:27.745 [main] INFO  com.demo.baseutil.Basetest - Validate first name is clicked is clickable
15:17:30.131 [main] INFO  com.demo.baseutil.Basetest - Clicked on : first name is clicked
15:17:32.139 [main] INFO  com.demo.baseutil.Basetest - Enter the value into first name is entered
15:17:32.391 [main] INFO  com.demo.baseutil.Basetest - abc typed into first name is entered
15:17:34.397 [main] INFO  com.demo.baseutil.Basetest - Validate last name is clicked is clickable
15:17:36.784 [main] INFO  com.demo.baseutil.Basetest - Clicked on : last name is clicked
15:17:38.788 [main] INFO  com.demo.baseutil.Basetest - Enter the value into lastname name is entered
15:17:39.051 [main] INFO  com.demo.baseutil.Basetest - abc typed into lastname name is entered
15:17:41.055 [main] INFO  com.demo.baseutil.Basetest - Validate modulename is clicked is clickable
15:17:43.514 [main] INFO  com.demo.baseutil.Basetest - Clicked on : modulename is clicked
15:17:45.521 [main] INFO  com.demo.baseutil.Basetest - Validate module name is clicked is clickable
15:17:47.909 [main] INFO  com.demo.baseutil.Basetest - Clicked on : module name is clicked
15:17:49.915 [main] INFO  com.demo.baseutil.Basetest - Validate assignrole is clicked is clickable
15:17:52.233 [main] INFO  com.demo.baseutil.Basetest - Clicked on : assignrole is clicked
15:17:54.237 [main] INFO  com.demo.baseutil.Basetest - Validate assignitem is clicked is clickable
15:17:56.600 [main] INFO  com.demo.baseutil.Basetest - Clicked on : assignitem is clicked
15:17:58.604 [main] INFO  com.demo.baseutil.Basetest - Validate emailuser is clicked is clickable
15:18:00.955 [main] INFO  com.demo.baseutil.Basetest - Clicked on : emailuser is clicked
15:18:02.961 [main] INFO  com.demo.baseutil.Basetest - Enter the value into eamil is entered
15:18:03.320 [main] INFO  com.demo.baseutil.Basetest - abc863@yopmail.com typed into eamil is entered
15:18:05.334 [main] INFO  com.demo.baseutil.Basetest - Validate countrycode is clicked is clickable
15:18:07.750 [main] INFO  com.demo.baseutil.Basetest - Clicked on : countrycode is clicked
15:18:09.757 [main] INFO  com.demo.baseutil.Basetest - Enter the value into countrycode is entered
15:18:09.975 [main] INFO  com.demo.baseutil.Basetest - +91 typed into countrycode is entered
15:18:13.988 [main] INFO  com.demo.baseutil.Basetest - Validate countrycode select is clicked is clickable
15:18:16.430 [main] INFO  com.demo.baseutil.Basetest - Clicked on : countrycode select is clicked
15:18:18.445 [main] INFO  com.demo.baseutil.Basetest - Validate phnumber is clicked is clickable
15:18:20.878 [main] INFO  com.demo.baseutil.Basetest - Clicked on : phnumber is clicked
15:18:22.887 [main] INFO  com.demo.baseutil.Basetest - Enter the value into phnumber is entered
15:18:23.291 [main] INFO  com.demo.baseutil.Basetest - 2916232985 typed into phnumber is entered
15:18:27.304 [main] INFO  com.demo.baseutil.Basetest - Validate send invite user  is clicked is clickable
15:18:29.737 [main] INFO  com.demo.baseutil.Basetest - Clicked on : send invite user  is clicked
15:18:33.879 [main] INFO  com.demo.baseutil.Basetest - Validate Email address input field is clicked is clickable
15:18:37.692 [main] INFO  com.demo.baseutil.Basetest - Clicked on : Email address input field is clicked
15:18:37.692 [main] INFO  com.demo.baseutil.Basetest - Enter the value into email address is entered
15:18:38.053 [main] INFO  com.demo.baseutil.Basetest - abc863@yopmail.com typed into email address is entered
15:18:38.053 [main] INFO  com.demo.baseutil.Basetest - Validate arrow button is clicked is clickable
15:18:41.036 [main] INFO  com.demo.baseutil.Basetest - Clicked on : arrow button is clicked
15:18:44.090 [main] INFO  com.demo.baseutil.Basetest - Validate first email is clicked is clickable
15:18:46.569 [main] INFO  com.demo.baseutil.Basetest - Clicked on : first email is clicked
15:18:48.648 [main] INFO  com.demo.baseutil.Basetest - Validate email address is clicked is clickable
15:18:51.084 [main] INFO  com.demo.baseutil.Basetest - Clicked on : email address is clicked
15:18:53.152 [main] INFO  com.demo.baseutil.Basetest - Validate pass is clicked is clickable
15:18:56.245 [main] INFO  com.demo.baseutil.Basetest - Clicked on : pass is clicked
15:18:56.245 [main] INFO  com.demo.baseutil.Basetest - Enter the value into Password is entered
15:18:56.592 [main] INFO  com.demo.baseutil.Basetest - Admin@1234 typed into Password is entered
15:18:56.592 [main] INFO  com.demo.baseutil.Basetest - Validate confirm password is clicked is clickable
15:18:58.944 [main] INFO  com.demo.baseutil.Basetest - Clicked on : confirm password is clicked
15:18:58.944 [main] INFO  com.demo.baseutil.Basetest - Enter the value into Confirm Password is entered
15:18:59.286 [main] INFO  com.demo.baseutil.Basetest - Admin@1234 typed into Confirm Password is entered
15:19:01.311 [main] INFO  com.demo.baseutil.Basetest - Scroll down successful
15:19:01.311 [main] INFO  com.demo.baseutil.Basetest - Validate button is clicked is clickable
15:19:03.637 [main] INFO  com.demo.baseutil.Basetest - Clicked on : button is clicked
15:19:05.640 [main] INFO  com.demo.baseutil.Basetest - Validate email address field is clicked is clickable
15:19:07.928 [main] INFO  com.demo.baseutil.Basetest - Clicked on : email address field is clicked
15:19:07.928 [main] INFO  com.demo.baseutil.Basetest - Enter the value into Email Id Entered
15:19:08.270 [main] INFO  com.demo.baseutil.Basetest - abc863@yopmail.com typed into Email Id Entered
15:19:08.270 [main] INFO  com.demo.baseutil.Basetest - Validate Enter the password is clickable
15:19:10.668 [main] INFO  com.demo.baseutil.Basetest - Clicked on : Enter the password
15:19:10.668 [main] INFO  com.demo.baseutil.Basetest - Enter the value into Password Id Entered
15:19:10.950 [main] INFO  com.demo.baseutil.Basetest - Admin@1234 typed into Password Id Entered
15:19:10.972 [main] INFO  com.demo.baseutil.Basetest - Scroll down successful
15:19:10.972 [main] INFO  com.demo.baseutil.Basetest - Validate Press the signin button is clickable
15:19:13.751 [main] INFO  com.demo.baseutil.Basetest - Clicked on : Press the signin button
15:19:16.768 [main] INFO  com.demo.baseutil.Basetest - Scroll down successful
15:19:17.778 [main] INFO  com.demo.baseutil.Basetest - Validate Press the button is clickable
15:19:20.170 [main] INFO  com.demo.baseutil.Basetest - Clicked on : Press the button
15:19:20.186 [main] INFO  com.demo.baseutil.Basetest - Scroll down successful
15:19:20.186 [main] INFO  com.demo.baseutil.Basetest - Validate Press the signin button is clickable
15:19:22.623 [main] INFO  com.demo.baseutil.Basetest - Clicked on : Press the signin button
15:19:24.624 [main] INFO  com.demo.baseutil.Basetest - Validate Press the button is clickable
15:19:27.025 [main] INFO  com.demo.baseutil.Basetest - Clicked on : Press the button
15:19:27.150 [main] INFO  com.demo.baseutil.Basetest - Browser is closed sucessfuly
15:19:27.665 [main] INFO  com.demo.baseutil.Basetest - Browser is closed sucessfuly
15:19:36.622 [main] INFO  com.demo.baseutil.Basetest - Validate Sign in with FarmtoPlate account is clickable
15:19:38.879 [main] INFO  com.demo.baseutil.Basetest - Clicked on : Sign in with FarmtoPlate account
15:19:38.896 [main] INFO  com.demo.baseutil.Basetest - Url contains farmtoplateapps.io/login
15:19:38.905 [main] INFO  com.demo.baseutil.Basetest - Sign in title matched
15:19:38.905 [main] INFO  com.demo.baseutil.Basetest - UI verified for Sigin page.
15:19:38.905 [main] INFO  com.demo.baseutil.Basetest - Sign in function call
15:19:38.905 [main] INFO  com.demo.baseutil.Basetest - Validate email address field is clicked is clickable
15:19:41.169 [main] INFO  com.demo.baseutil.Basetest - Clicked on : email address field is clicked
15:19:41.169 [main] INFO  com.demo.baseutil.Basetest - Enter the value into Email Id Entered
15:19:41.410 [main] INFO  com.demo.baseutil.Basetest - 139@yopmail.com typed into Email Id Entered
15:19:41.410 [main] INFO  com.demo.baseutil.Basetest - Validate Enter the password is clickable
15:19:43.643 [main] INFO  com.demo.baseutil.Basetest - Clicked on : Enter the password
15:19:43.643 [main] INFO  com.demo.baseutil.Basetest - Enter the value into Password Id Entered
15:19:43.860 [main] INFO  com.demo.baseutil.Basetest - Admin@1234 typed into Password Id Entered
15:19:47.947 [main] INFO  com.demo.baseutil.Basetest - Scroll down
15:19:47.947 [main] INFO  com.demo.baseutil.Basetest - Validate Press the signin button is clickable
15:19:50.787 [main] INFO  com.demo.baseutil.Basetest - Clicked on : Press the signin button
15:19:52.799 [main] INFO  com.demo.baseutil.Basetest - HomePage title  is matched
15:20:02.818 [main] INFO  com.demo.baseutil.Basetest - Validate click on trace is clickable
15:20:05.184 [main] INFO  com.demo.baseutil.Basetest - Clicked on : click on trace
15:20:11.259 [main] INFO  com.demo.baseutil.Basetest - Validate User Management is clicked is clickable
15:20:13.664 [main] INFO  com.demo.baseutil.Basetest - Clicked on : User Management is clicked
15:20:15.679 [main] INFO  com.demo.baseutil.Basetest - Validate roles is clicked is clickable
15:20:18.100 [main] INFO  com.demo.baseutil.Basetest - Clicked on : roles is clicked
15:20:20.102 [main] INFO  com.demo.baseutil.Basetest - Validate Add new is clicked is clickable
15:20:22.544 [main] INFO  com.demo.baseutil.Basetest - Clicked on : Add new is clicked
15:20:27.556 [main] INFO  com.demo.baseutil.Basetest - Validate role name is clicked is clickable
15:20:29.934 [main] INFO  com.demo.baseutil.Basetest - Clicked on : role name is clicked
15:20:31.934 [main] INFO  com.demo.baseutil.Basetest - Enter the value into rolename is entered
15:20:32.220 [main] INFO  com.demo.baseutil.Basetest - rolename561 typed into rolename is entered
15:20:34.230 [main] INFO  com.demo.baseutil.Basetest - Validate roletype is clicked is clickable
15:20:36.600 [main] INFO  com.demo.baseutil.Basetest - Clicked on : roletype is clicked
15:20:38.601 [main] INFO  com.demo.baseutil.Basetest - Validate Admin is clicked is clickable
15:20:40.975 [main] INFO  com.demo.baseutil.Basetest - Clicked on : Admin is clicked
15:20:42.997 [main] INFO  com.demo.baseutil.Basetest - Scroll down successful
15:20:45.023 [main] INFO  com.demo.baseutil.Basetest - Validate modulename is clicked is clickable
15:20:47.443 [main] INFO  com.demo.baseutil.Basetest - Clicked on : modulename is clicked
15:20:49.454 [main] INFO  com.demo.baseutil.Basetest - Validate module name is clicked is clickable
15:20:51.896 [main] INFO  com.demo.baseutil.Basetest - Clicked on : module name is clicked
15:20:53.900 [main] INFO  com.demo.baseutil.Basetest - Validate orgdept is clicked is clickable
15:20:56.310 [main] INFO  com.demo.baseutil.Basetest - Clicked on : orgdept is clicked
15:20:58.317 [main] INFO  com.demo.baseutil.Basetest - Validate orgdeptselect is clicked is clickable
15:21:00.766 [main] INFO  com.demo.baseutil.Basetest - Clicked on : orgdeptselect is clicked
15:21:02.767 [main] INFO  com.demo.baseutil.Basetest - Validate nxtbutton is clicked is clickable
15:21:05.132 [main] INFO  com.demo.baseutil.Basetest - Clicked on : nxtbutton is clicked
15:21:13.141 [main] INFO  com.demo.baseutil.Basetest - Scroll till the nxtbutton1 scrolled
15:21:43.925 [main] ERROR com.demo.baseutil.Basetest - Scroll till the nxtbutton1 scrolled failed
15:21:45.935 [main] INFO  com.demo.baseutil.Basetest - Validate nxtbutton1 is clicked is clickable
15:22:16.605 [main] ERROR com.demo.baseutil.Basetest - nxtbutton1 is clicked is not clickable
15:22:16.605 [main] ERROR com.demo.baseutil.Basetest - Unable to click on nxtbutton1 is clicked
15:22:47.344 [main] INFO  com.demo.baseutil.Basetest - Browser is closed sucessfuly
15:22:47.835 [main] INFO  com.demo.baseutil.Basetest - Browser is closed sucessfuly
15:23:02.061 [main] INFO  com.demo.baseutil.Basetest - Validate Sign in with FarmtoPlate account is clickable
15:23:04.443 [main] INFO  com.demo.baseutil.Basetest - Clicked on : Sign in with FarmtoPlate account
15:23:04.457 [main] INFO  com.demo.baseutil.Basetest - Url contains farmtoplateapps.io/login
15:23:04.468 [main] INFO  com.demo.baseutil.Basetest - Sign in title matched
15:23:04.468 [main] INFO  com.demo.baseutil.Basetest - UI verified for Sigin page.
15:23:04.468 [main] INFO  com.demo.baseutil.Basetest - Sign in function call
15:23:04.468 [main] INFO  com.demo.baseutil.Basetest - Validate email address field is clicked is clickable
15:23:06.726 [main] INFO  com.demo.baseutil.Basetest - Clicked on : email address field is clicked
15:23:06.726 [main] INFO  com.demo.baseutil.Basetest - Enter the value into Email Id Entered
15:23:07.050 [main] INFO  com.demo.baseutil.Basetest - 139@yopmail.com typed into Email Id Entered
15:23:07.050 [main] INFO  com.demo.baseutil.Basetest - Validate Enter the password is clickable
15:23:09.297 [main] INFO  com.demo.baseutil.Basetest - Clicked on : Enter the password
15:23:09.297 [main] INFO  com.demo.baseutil.Basetest - Enter the value into Password Id Entered
15:23:09.515 [main] INFO  com.demo.baseutil.Basetest - Admin@1234 typed into Password Id Entered
15:23:13.575 [main] INFO  com.demo.baseutil.Basetest - Scroll down
15:23:13.575 [main] INFO  com.demo.baseutil.Basetest - Validate Press the signin button is clickable
15:23:16.309 [main] INFO  com.demo.baseutil.Basetest - Clicked on : Press the signin button
15:23:18.330 [main] INFO  com.demo.baseutil.Basetest - HomePage title  is matched
15:23:28.349 [main] INFO  com.demo.baseutil.Basetest - Validate click on trace is clickable
15:23:30.682 [main] INFO  com.demo.baseutil.Basetest - Clicked on : click on trace
15:23:38.771 [main] INFO  com.demo.baseutil.Basetest - Scroll down
15:23:40.773 [main] INFO  com.demo.baseutil.Basetest - Validate Products is clicked is clickable
15:23:43.211 [main] INFO  com.demo.baseutil.Basetest - Clicked on : Products is clicked
15:23:48.216 [main] INFO  com.demo.baseutil.Basetest - Validate Add new is clicked is clickable
15:23:50.580 [main] INFO  com.demo.baseutil.Basetest - Clicked on : Add new is clicked
15:23:52.593 [main] INFO  com.demo.baseutil.Basetest - Validate Click on productcategory is clickable
15:23:54.978 [main] INFO  com.demo.baseutil.Basetest - Clicked on : Click on productcategory
15:23:54.978 [main] INFO  com.demo.baseutil.Basetest - Validate productbasedfood is clicked is clickable
15:23:57.295 [main] INFO  com.demo.baseutil.Basetest - Clicked on : productbasedfood is clicked
15:23:57.295 [main] INFO  com.demo.baseutil.Basetest - Validate product name is selected is clickable
15:23:59.571 [main] INFO  com.demo.baseutil.Basetest - Clicked on : product name is selected
15:23:59.571 [main] INFO  com.demo.baseutil.Basetest - Enter the value into enter the product
15:23:59.969 [main] INFO  com.demo.baseutil.Basetest - wheat59893610538791655 typed into enter the product
15:23:59.969 [main] INFO  com.demo.baseutil.Basetest - Validate Click on productid is clickable
15:24:02.286 [main] INFO  com.demo.baseutil.Basetest - Clicked on : Click on productid
15:24:02.286 [main] INFO  com.demo.baseutil.Basetest - Validate Click on checkbox is clickable
15:24:04.601 [main] INFO  com.demo.baseutil.Basetest - Clicked on : Click on checkbox
15:24:04.601 [main] INFO  com.demo.baseutil.Basetest - Validate Click on autogenerate is clickable
15:24:06.891 [main] INFO  com.demo.baseutil.Basetest - Clicked on : Click on autogenerate
15:24:06.891 [main] INFO  com.demo.baseutil.Basetest - Validate Click on productdesc is clickable
15:24:09.189 [main] INFO  com.demo.baseutil.Basetest - Clicked on : Click on productdesc
15:24:09.189 [main] INFO  com.demo.baseutil.Basetest - Enter the value into Enetered the product desc
15:24:09.461 [main] INFO  com.demo.baseutil.Basetest - test typed into Enetered the product desc
15:24:09.462 [main] INFO  com.demo.baseutil.Basetest - Validate Click on upload is clickable
15:24:11.746 [main] INFO  com.demo.baseutil.Basetest - Clicked on : Click on upload
15:24:22.067 [main] INFO  com.demo.baseutil.Basetest - Scroll down
15:24:22.067 [main] INFO  com.demo.baseutil.Basetest - Validate Click on ingrediant name is clickable
15:24:24.355 [main] INFO  com.demo.baseutil.Basetest - Clicked on : Click on ingrediant name
15:24:24.355 [main] INFO  com.demo.baseutil.Basetest - Enter the value into ingredient name is entered
15:24:24.577 [main] INFO  com.demo.baseutil.Basetest - wheat typed into ingredient name is entered
15:24:27.591 [main] INFO  com.demo.baseutil.Basetest - Validate Click on ingrediant name is clickable
15:24:29.959 [main] INFO  com.demo.baseutil.Basetest - Clicked on : Click on ingrediant name
15:24:29.959 [main] INFO  com.demo.baseutil.Basetest - Enter the value into nutri name is entered
15:24:30.205 [main] INFO  com.demo.baseutil.Basetest - fact typed into nutri name is entered
15:24:30.205 [main] INFO  com.demo.baseutil.Basetest - Validate Click on ingrediant QTY is clickable
15:24:32.504 [main] INFO  com.demo.baseutil.Basetest - Clicked on : Click on ingrediant QTY
15:24:32.504 [main] INFO  com.demo.baseutil.Basetest - Enter the value into nutri qty is entered
15:24:32.770 [main] INFO  com.demo.baseutil.Basetest - 1 typed into nutri qty is entered
15:24:32.770 [main] INFO  com.demo.baseutil.Basetest - Validate Click on ingrediant drop is clickable
15:24:35.130 [main] INFO  com.demo.baseutil.Basetest - Clicked on : Click on ingrediant drop
15:24:37.130 [main] INFO  com.demo.baseutil.Basetest - Validate Click on ingrediant value is clickable
15:24:39.542 [main] INFO  com.demo.baseutil.Basetest - Clicked on : Click on ingrediant value
15:24:45.599 [main] INFO  com.demo.baseutil.Basetest - Scroll down
15:24:47.632 [main] INFO  com.demo.baseutil.Basetest - Scroll down successful
15:24:47.632 [main] INFO  com.demo.baseutil.Basetest - Validate Click on ingrediant name is clickable
15:24:50.024 [main] INFO  com.demo.baseutil.Basetest - Clicked on : Click on ingrediant name
15:24:50.024 [main] INFO  com.demo.baseutil.Basetest - Validate Click on ingrediant name is clickable
15:24:52.457 [main] INFO  com.demo.baseutil.Basetest - Clicked on : Click on ingrediant name
15:24:52.457 [main] INFO  com.demo.baseutil.Basetest - Validate Click on ingrediant name is clickable
15:24:54.822 [main] INFO  com.demo.baseutil.Basetest - Clicked on : Click on ingrediant name
15:24:54.823 [main] INFO  com.demo.baseutil.Basetest - Enter the value into price is entered
15:24:55.122 [main] INFO  com.demo.baseutil.Basetest - 1 typed into price is entered
15:24:55.123 [main] INFO  com.demo.baseutil.Basetest - Validate Click on currency is clickable
15:24:57.440 [main] INFO  com.demo.baseutil.Basetest - Clicked on : Click on currency
15:24:57.440 [main] INFO  com.demo.baseutil.Basetest - Validate Click on currency value is clickable
15:24:59.781 [main] INFO  com.demo.baseutil.Basetest - Clicked on : Click on currency value
15:24:59.781 [main] INFO  com.demo.baseutil.Basetest - Validate Click on typepacking value is clickable
15:25:02.202 [main] INFO  com.demo.baseutil.Basetest - Clicked on : Click on typepacking value
15:25:02.202 [main] INFO  com.demo.baseutil.Basetest - Enter the value into typepacking is entered
15:25:02.506 [main] INFO  com.demo.baseutil.Basetest - 1 typed into typepacking is entered
15:25:02.506 [main] INFO  com.demo.baseutil.Basetest - Validate Click on length value is clickable
15:25:04.803 [main] INFO  com.demo.baseutil.Basetest - Clicked on : Click on length value
15:25:04.803 [main] INFO  com.demo.baseutil.Basetest - Enter the value into length is entered
15:25:05.033 [main] INFO  com.demo.baseutil.Basetest - 1 typed into length is entered
15:25:05.033 [main] INFO  com.demo.baseutil.Basetest - Validate Click on breath value is clickable
15:25:07.443 [main] INFO  com.demo.baseutil.Basetest - Clicked on : Click on breath value
15:25:07.444 [main] INFO  com.demo.baseutil.Basetest - Enter the value into breath is entered
15:25:07.780 [main] INFO  com.demo.baseutil.Basetest - 1 typed into breath is entered
15:25:07.780 [main] INFO  com.demo.baseutil.Basetest - Validate Click on height value is clickable
15:25:10.202 [main] INFO  com.demo.baseutil.Basetest - Clicked on : Click on height value
15:25:10.202 [main] INFO  com.demo.baseutil.Basetest - Enter the value into height is entered
15:25:10.417 [main] INFO  com.demo.baseutil.Basetest - 1 typed into height is entered
15:25:12.441 [main] INFO  com.demo.baseutil.Basetest - Scroll down successful
15:25:12.441 [main] INFO  com.demo.baseutil.Basetest - Validate Click on checkbox1 is clickable
15:25:14.893 [main] INFO  com.demo.baseutil.Basetest - Clicked on : Click on checkbox1
15:25:23.987 [main] INFO  com.demo.baseutil.Basetest - Scroll down
15:25:23.987 [main] INFO  com.demo.baseutil.Basetest - Validate Click on gln1 is clickable
15:25:26.272 [main] INFO  com.demo.baseutil.Basetest - Clicked on : Click on gln1
15:25:26.272 [main] INFO  com.demo.baseutil.Basetest - Enter the value into gln1 is entered
15:25:26.569 [main] INFO  com.demo.baseutil.Basetest - warehouse typed into gln1 is entered
15:25:30.577 [main] INFO  com.demo.baseutil.Basetest - Validate Click on autosearch is clickable
15:25:32.957 [main] INFO  com.demo.baseutil.Basetest - Clicked on : Click on autosearch
15:25:34.958 [main] INFO  com.demo.baseutil.Basetest - Validate Click on gln2 is clickable
15:25:37.335 [main] INFO  com.demo.baseutil.Basetest - Clicked on : Click on gln2
15:25:37.335 [main] INFO  com.demo.baseutil.Basetest - Enter the value into gln2 is entered
15:25:37.595 [main] INFO  com.demo.baseutil.Basetest - warehouse typed into gln2 is entered
15:25:41.613 [main] INFO  com.demo.baseutil.Basetest - Validate Click on autosearch is clickable
15:25:44.009 [main] INFO  com.demo.baseutil.Basetest - Clicked on : Click on autosearch
15:25:49.012 [main] INFO  com.demo.baseutil.Basetest - Validate Click on gln3 is clickable
15:25:51.301 [main] INFO  com.demo.baseutil.Basetest - Clicked on : Click on gln3
15:25:51.301 [main] INFO  com.demo.baseutil.Basetest - Enter the value into gln3 is entered
15:25:51.635 [main] INFO  com.demo.baseutil.Basetest - warehouse typed into gln3 is entered
15:25:53.635 [main] INFO  com.demo.baseutil.Basetest - Scroll till the scrolldown to table:
15:25:53.710 [main] INFO  com.demo.baseutil.Basetest - Scroll till the scrolldown to table: completed
15:25:55.724 [main] INFO  com.demo.baseutil.Basetest - Validate Click on autosearch is clickable
15:25:58.092 [main] INFO  com.demo.baseutil.Basetest - Clicked on : Click on autosearch
15:26:04.167 [main] INFO  com.demo.baseutil.Basetest - Scroll down
15:26:06.168 [main] INFO  com.demo.baseutil.Basetest - Validate Click on registerproduct is clickable
15:26:08.642 [main] INFO  com.demo.baseutil.Basetest - Clicked on : Click on registerproduct
15:26:32.356 [main] INFO  com.demo.baseutil.Basetest - Browser is closed sucessfuly
15:26:32.770 [main] INFO  com.demo.baseutil.Basetest - Browser is closed sucessfuly
15:26:43.648 [main] INFO  com.demo.baseutil.Basetest - Validate Sign in with FarmtoPlate account is clickable
15:26:45.983 [main] INFO  com.demo.baseutil.Basetest - Clicked on : Sign in with FarmtoPlate account
15:26:45.991 [main] INFO  com.demo.baseutil.Basetest - Url contains farmtoplateapps.io/login
15:26:46.000 [main] INFO  com.demo.baseutil.Basetest - Sign in title matched
15:26:46.000 [main] INFO  com.demo.baseutil.Basetest - UI verified for Sigin page.
15:26:46.000 [main] INFO  com.demo.baseutil.Basetest - Sign in function call
15:26:46.000 [main] INFO  com.demo.baseutil.Basetest - Validate email address field is clicked is clickable
15:26:48.285 [main] INFO  com.demo.baseutil.Basetest - Clicked on : email address field is clicked
15:26:48.285 [main] INFO  com.demo.baseutil.Basetest - Enter the value into Email Id Entered
15:26:48.577 [main] INFO  com.demo.baseutil.Basetest - 139@yopmail.com typed into Email Id Entered
15:26:48.577 [main] INFO  com.demo.baseutil.Basetest - Validate Enter the password is clickable
15:26:50.834 [main] INFO  com.demo.baseutil.Basetest - Clicked on : Enter the password
15:26:50.834 [main] INFO  com.demo.baseutil.Basetest - Enter the value into Password Id Entered
15:26:51.058 [main] INFO  com.demo.baseutil.Basetest - Admin@1234 typed into Password Id Entered
15:26:55.120 [main] INFO  com.demo.baseutil.Basetest - Scroll down
15:26:55.120 [main] INFO  com.demo.baseutil.Basetest - Validate Press the signin button is clickable
15:26:57.906 [main] INFO  com.demo.baseutil.Basetest - Clicked on : Press the signin button
15:27:00.422 [main] INFO  com.demo.baseutil.Basetest - HomePage title  is matched
15:27:10.429 [main] INFO  com.demo.baseutil.Basetest - Validate click on trace is clickable
15:27:12.877 [main] INFO  com.demo.baseutil.Basetest - Clicked on : click on trace
15:27:20.963 [main] INFO  com.demo.baseutil.Basetest - Scroll down
15:27:22.963 [main] INFO  com.demo.baseutil.Basetest - Validate Process is clicked is clickable
15:27:25.514 [main] INFO  com.demo.baseutil.Basetest - Clicked on : Process is clicked
15:27:30.518 [main] INFO  com.demo.baseutil.Basetest - Validate Process add is clicked is clickable
15:27:33.000 [main] INFO  com.demo.baseutil.Basetest - Clicked on : Process add is clicked
15:27:38.008 [main] INFO  com.demo.baseutil.Basetest - Validate Product id is clicked is clickable
15:27:40.380 [main] INFO  com.demo.baseutil.Basetest - Clicked on : Product id is clicked
15:27:53.772 [main] INFO  com.demo.baseutil.Basetest - Validate Product id is clicked is clickable
15:27:56.156 [main] INFO  com.demo.baseutil.Basetest - Clicked on : Product id is clicked
15:27:58.157 [main] INFO  com.demo.baseutil.Basetest - Validate Product id searchbox is clicked is clickable
15:28:00.571 [main] INFO  com.demo.baseutil.Basetest - Clicked on : Product id searchbox is clicked
15:28:02.577 [main] INFO  com.demo.baseutil.Basetest - Validate outside is clicked is clickable
15:28:04.919 [main] INFO  com.demo.baseutil.Basetest - Clicked on : outside is clicked
15:28:06.936 [main] INFO  com.demo.baseutil.Basetest - Scroll down successful
15:28:06.936 [main] INFO  com.demo.baseutil.Basetest - Validate process name is clicked is clickable
15:28:09.264 [main] INFO  com.demo.baseutil.Basetest - Clicked on : process name is clicked
15:28:11.271 [main] INFO  com.demo.baseutil.Basetest - Enter the value into process name Value is entered
15:28:11.588 [main] INFO  com.demo.baseutil.Basetest - processdisagg typed into process name Value is entered
15:28:17.674 [main] INFO  com.demo.baseutil.Basetest - Scroll down
15:28:19.685 [main] INFO  com.demo.baseutil.Basetest - Validate process loc is clicked is clickable
15:28:22.138 [main] INFO  com.demo.baseutil.Basetest - Clicked on : process loc is clicked
15:28:24.139 [main] INFO  com.demo.baseutil.Basetest - Enter the value into process name Value is entered
15:28:24.414 [main] INFO  com.demo.baseutil.Basetest - 0956265002424 typed into process name Value is entered
15:28:29.425 [main] INFO  com.demo.baseutil.Basetest - Validate process loc is clicked is clickable
15:28:31.785 [main] INFO  com.demo.baseutil.Basetest - Clicked on : process loc is clicked
15:28:36.790 [main] INFO  com.demo.baseutil.Basetest - Validate process type is clicked is clickable
15:28:39.118 [main] INFO  com.demo.baseutil.Basetest - Clicked on : process type is clicked
15:28:41.134 [main] INFO  com.demo.baseutil.Basetest - Scroll down successful
15:28:41.134 [main] INFO  com.demo.baseutil.Basetest - Validate process discomm is clicked is clickable
15:28:43.565 [main] INFO  com.demo.baseutil.Basetest - Clicked on : process discomm is clicked
15:28:49.641 [main] INFO  com.demo.baseutil.Basetest - Scroll down
15:28:49.641 [main] INFO  com.demo.baseutil.Basetest - Validate process add button is clicked is clickable
15:28:52.003 [main] INFO  com.demo.baseutil.Basetest - Clicked on : process add button is clicked
15:29:06.073 [main] INFO  com.demo.baseutil.Basetest - Scroll down
15:29:08.088 [main] INFO  com.demo.baseutil.Basetest - Validate Process is clicked is clickable
15:29:10.567 [main] INFO  com.demo.baseutil.Basetest - Clicked on : Process is clicked
15:29:15.582 [main] INFO  com.demo.baseutil.Basetest - Validate Process add is clicked is clickable
15:29:17.987 [main] INFO  com.demo.baseutil.Basetest - Clicked on : Process add is clicked
15:29:22.997 [main] INFO  com.demo.baseutil.Basetest - Validate Product id is clicked is clickable
15:29:25.421 [main] INFO  com.demo.baseutil.Basetest - Clicked on : Product id is clicked
15:29:29.730 [main] INFO  com.demo.baseutil.Basetest - Validate Product id is clicked is clickable
15:29:32.113 [main] INFO  com.demo.baseutil.Basetest - Clicked on : Product id is clicked
15:29:34.120 [main] INFO  com.demo.baseutil.Basetest - Validate Product id is clicked is clickable
15:29:36.601 [main] INFO  com.demo.baseutil.Basetest - Clicked on : Product id is clicked
15:29:38.604 [main] INFO  com.demo.baseutil.Basetest - Validate outside is clicked is clickable
15:29:40.941 [main] INFO  com.demo.baseutil.Basetest - Clicked on : outside is clicked
15:29:47.007 [main] INFO  com.demo.baseutil.Basetest - Scroll down
15:29:47.007 [main] INFO  com.demo.baseutil.Basetest - Validate process name is clicked is clickable
15:29:49.445 [main] INFO  com.demo.baseutil.Basetest - Clicked on : process name is clicked
15:29:51.453 [main] INFO  com.demo.baseutil.Basetest - Enter the value into process name Value is entered
15:29:51.806 [main] INFO  com.demo.baseutil.Basetest - processtrans typed into process name Value is entered
15:29:53.830 [main] INFO  com.demo.baseutil.Basetest - Scroll down successful
15:29:53.830 [main] INFO  com.demo.baseutil.Basetest - Validate process loc is clicked is clickable
15:29:56.200 [main] INFO  com.demo.baseutil.Basetest - Clicked on : process loc is clicked
15:29:58.205 [main] INFO  com.demo.baseutil.Basetest - Enter the value into process name Value is entered
15:29:58.508 [main] INFO  com.demo.baseutil.Basetest - 0956265002424 typed into process name Value is entered
15:30:03.528 [main] INFO  com.demo.baseutil.Basetest - Validate process loc is clicked is clickable
15:30:05.984 [main] INFO  com.demo.baseutil.Basetest - Clicked on : process loc is clicked
15:30:07.998 [main] INFO  com.demo.baseutil.Basetest - Validate process type is clicked is clickable
15:30:10.357 [main] INFO  com.demo.baseutil.Basetest - Clicked on : process type is clicked
15:30:12.379 [main] INFO  com.demo.baseutil.Basetest - Scroll down successful
15:30:12.379 [main] INFO  com.demo.baseutil.Basetest - Validate process trans is clicked is clickable
15:30:14.781 [main] INFO  com.demo.baseutil.Basetest - Clicked on : process trans is clicked
15:30:20.872 [main] INFO  com.demo.baseutil.Basetest - Scroll down
15:30:20.872 [main] INFO  com.demo.baseutil.Basetest - Validate process add button is clicked is clickable
15:30:23.319 [main] INFO  com.demo.baseutil.Basetest - Clicked on : process add button is clicked
15:30:37.394 [main] INFO  com.demo.baseutil.Basetest - Scroll down
15:30:39.400 [main] INFO  com.demo.baseutil.Basetest - Validate Process is clicked is clickable
15:30:41.898 [main] INFO  com.demo.baseutil.Basetest - Clicked on : Process is clicked
15:30:46.908 [main] INFO  com.demo.baseutil.Basetest - Validate Process add is clicked is clickable
15:30:49.297 [main] INFO  com.demo.baseutil.Basetest - Clicked on : Process add is clicked
15:30:54.301 [main] INFO  com.demo.baseutil.Basetest - Validate Product id is clicked is clickable
15:30:56.744 [main] INFO  com.demo.baseutil.Basetest - Clicked on : Product id is clicked
15:31:01.146 [main] INFO  com.demo.baseutil.Basetest - Validate Product id is clicked is clickable
15:31:03.569 [main] INFO  com.demo.baseutil.Basetest - Clicked on : Product id is clicked
15:31:05.570 [main] INFO  com.demo.baseutil.Basetest - Validate Product id is clicked is clickable
15:31:07.966 [main] INFO  com.demo.baseutil.Basetest - Clicked on : Product id is clicked
15:31:09.974 [main] INFO  com.demo.baseutil.Basetest - Validate outside is clicked is clickable
15:31:12.325 [main] INFO  com.demo.baseutil.Basetest - Clicked on : outside is clicked
15:31:18.396 [main] INFO  com.demo.baseutil.Basetest - Scroll down
15:31:18.396 [main] INFO  com.demo.baseutil.Basetest - Validate process name is clicked is clickable
15:31:20.761 [main] INFO  com.demo.baseutil.Basetest - Clicked on : process name is clicked
15:31:22.771 [main] INFO  com.demo.baseutil.Basetest - Enter the value into process name Value is entered
15:31:23.143 [main] INFO  com.demo.baseutil.Basetest - processcooling typed into process name Value is entered
15:31:25.174 [main] INFO  com.demo.baseutil.Basetest - Scroll down successful
15:31:25.174 [main] INFO  com.demo.baseutil.Basetest - Validate process loc is clicked is clickable
15:31:27.561 [main] INFO  com.demo.baseutil.Basetest - Clicked on : process loc is clicked
15:31:29.567 [main] INFO  com.demo.baseutil.Basetest - Enter the value into process name Value is entered
15:31:29.901 [main] INFO  com.demo.baseutil.Basetest - 0956265002424 typed into process name Value is entered
15:31:34.919 [main] INFO  com.demo.baseutil.Basetest - Validate process loc is clicked is clickable
15:31:37.347 [main] INFO  com.demo.baseutil.Basetest - Clicked on : process loc is clicked
15:31:39.363 [main] INFO  com.demo.baseutil.Basetest - Validate process type is clicked is clickable
15:31:41.794 [main] INFO  com.demo.baseutil.Basetest - Clicked on : process type is clicked
15:31:43.821 [main] INFO  com.demo.baseutil.Basetest - Scroll down successful
15:31:43.821 [main] INFO  com.demo.baseutil.Basetest - Validate process trans is clicked is clickable
15:31:46.201 [main] INFO  com.demo.baseutil.Basetest - Clicked on : process trans is clicked
15:31:52.288 [main] INFO  com.demo.baseutil.Basetest - Scroll down
15:31:52.288 [main] INFO  com.demo.baseutil.Basetest - Validate process add button is clicked is clickable
15:31:54.600 [main] INFO  com.demo.baseutil.Basetest - Clicked on : process add button is clicked
15:32:08.681 [main] INFO  com.demo.baseutil.Basetest - Scroll down
15:32:10.682 [main] INFO  com.demo.baseutil.Basetest - Validate Process is clicked is clickable
15:32:13.086 [main] INFO  com.demo.baseutil.Basetest - Clicked on : Process is clicked
15:32:18.096 [main] INFO  com.demo.baseutil.Basetest - Validate Process add is clicked is clickable
15:32:20.543 [main] INFO  com.demo.baseutil.Basetest - Clicked on : Process add is clicked
15:32:25.545 [main] INFO  com.demo.baseutil.Basetest - Validate Product id is clicked is clickable
15:32:27.991 [main] INFO  com.demo.baseutil.Basetest - Clicked on : Product id is clicked
15:32:32.264 [main] INFO  com.demo.baseutil.Basetest - Validate Product id is clicked is clickable
15:32:34.659 [main] INFO  com.demo.baseutil.Basetest - Clicked on : Product id is clicked
15:32:36.669 [main] INFO  com.demo.baseutil.Basetest - Validate Product id is clicked is clickable
15:32:39.144 [main] INFO  com.demo.baseutil.Basetest - Clicked on : Product id is clicked
15:32:41.149 [main] INFO  com.demo.baseutil.Basetest - Validate outside is clicked is clickable
15:32:43.572 [main] INFO  com.demo.baseutil.Basetest - Clicked on : outside is clicked
15:32:49.653 [main] INFO  com.demo.baseutil.Basetest - Scroll down
15:32:49.653 [main] INFO  com.demo.baseutil.Basetest - Validate process name is clicked is clickable
15:32:52.024 [main] INFO  com.demo.baseutil.Basetest - Clicked on : process name is clicked
15:32:54.032 [main] INFO  com.demo.baseutil.Basetest - Enter the value into process name Value is entered
15:32:54.257 [main] INFO  com.demo.baseutil.Basetest - processdiscomm typed into process name Value is entered
15:32:56.273 [main] INFO  com.demo.baseutil.Basetest - Scroll down successful
15:32:56.273 [main] INFO  com.demo.baseutil.Basetest - Validate process loc is clicked is clickable
15:32:58.609 [main] INFO  com.demo.baseutil.Basetest - Clicked on : process loc is clicked
15:33:00.621 [main] INFO  com.demo.baseutil.Basetest - Enter the value into process name Value is entered
15:33:00.948 [main] INFO  com.demo.baseutil.Basetest - 0956265002424 typed into process name Value is entered
15:33:05.971 [main] INFO  com.demo.baseutil.Basetest - Validate process loc is clicked is clickable
15:33:08.411 [main] INFO  com.demo.baseutil.Basetest - Clicked on : process loc is clicked
15:33:10.421 [main] INFO  com.demo.baseutil.Basetest - Validate process type is clicked is clickable
15:33:12.829 [main] INFO  com.demo.baseutil.Basetest - Clicked on : process type is clicked
15:33:14.858 [main] INFO  com.demo.baseutil.Basetest - Scroll down successful
15:33:14.858 [main] INFO  com.demo.baseutil.Basetest - Validate process trans is clicked is clickable
15:33:17.338 [main] INFO  com.demo.baseutil.Basetest - Clicked on : process trans is clicked
15:33:23.461 [main] INFO  com.demo.baseutil.Basetest - Scroll down
15:33:23.461 [main] INFO  com.demo.baseutil.Basetest - Validate process add button is clicked is clickable
15:33:25.998 [main] INFO  com.demo.baseutil.Basetest - Clicked on : process add button is clicked
15:33:28.165 [main] INFO  com.demo.baseutil.Basetest - Browser is closed sucessfuly
15:33:28.816 [main] INFO  com.demo.baseutil.Basetest - Browser is closed sucessfuly
15:33:41.531 [main] INFO  com.demo.baseutil.Basetest - Validate Sign in with FarmtoPlate account is clickable
15:33:43.840 [main] INFO  com.demo.baseutil.Basetest - Clicked on : Sign in with FarmtoPlate account
15:33:43.855 [main] INFO  com.demo.baseutil.Basetest - Url contains farmtoplateapps.io/login
15:33:43.862 [main] INFO  com.demo.baseutil.Basetest - Sign in title matched
15:33:43.862 [main] INFO  com.demo.baseutil.Basetest - UI verified for Sigin page.
15:33:43.862 [main] INFO  com.demo.baseutil.Basetest - Sign in function call
15:33:43.862 [main] INFO  com.demo.baseutil.Basetest - Validate email address field is clicked is clickable
15:33:46.097 [main] INFO  com.demo.baseutil.Basetest - Clicked on : email address field is clicked
15:33:46.097 [main] INFO  com.demo.baseutil.Basetest - Enter the value into Email Id Entered
15:33:46.384 [main] INFO  com.demo.baseutil.Basetest - 139@yopmail.com typed into Email Id Entered
15:33:46.384 [main] INFO  com.demo.baseutil.Basetest - Validate Enter the password is clickable
15:33:48.666 [main] INFO  com.demo.baseutil.Basetest - Clicked on : Enter the password
15:33:48.666 [main] INFO  com.demo.baseutil.Basetest - Enter the value into Password Id Entered
15:33:48.893 [main] INFO  com.demo.baseutil.Basetest - Admin@1234 typed into Password Id Entered
15:33:52.961 [main] INFO  com.demo.baseutil.Basetest - Scroll down
15:33:52.961 [main] INFO  com.demo.baseutil.Basetest - Validate Press the signin button is clickable
15:33:55.659 [main] INFO  com.demo.baseutil.Basetest - Clicked on : Press the signin button
15:33:57.786 [main] INFO  com.demo.baseutil.Basetest - HomePage title  is matched
15:34:15.804 [main] INFO  com.demo.baseutil.Basetest - Validate click on trace is clickable
15:34:18.192 [main] INFO  com.demo.baseutil.Basetest - Clicked on : click on trace
15:34:24.253 [main] INFO  com.demo.baseutil.Basetest - Validate Asset & Infrastructure Data is clicked is clickable
15:34:26.694 [main] INFO  com.demo.baseutil.Basetest - Clicked on : Asset & Infrastructure Data is clicked
15:34:28.694 [main] INFO  com.demo.baseutil.Basetest - Validate Assets is clicked is clickable
15:34:31.156 [main] INFO  com.demo.baseutil.Basetest - Clicked on : Assets is clicked
15:34:33.171 [main] INFO  com.demo.baseutil.Basetest - Validate Add new is clicked is clickable
15:34:35.585 [main] INFO  com.demo.baseutil.Basetest - Clicked on : Add new is clicked
15:34:37.588 [main] INFO  com.demo.baseutil.Basetest - Validate Asset type is clicked is clickable
15:34:39.965 [main] INFO  com.demo.baseutil.Basetest - Clicked on : Asset type is clicked
15:34:39.965 [main] INFO  com.demo.baseutil.Basetest - Validate Click on Vehicle Name is clickable
15:34:42.280 [main] INFO  com.demo.baseutil.Basetest - Clicked on : Click on Vehicle Name
15:34:44.287 [main] INFO  com.demo.baseutil.Basetest - Validate container name is clicked is clickable
15:34:46.671 [main] INFO  com.demo.baseutil.Basetest - Clicked on : container name is clicked
15:34:46.671 [main] INFO  com.demo.baseutil.Basetest - Enter the value into enter the container name
15:34:47.079 [main] INFO  com.demo.baseutil.Basetest - container581581581 typed into enter the container name
15:34:49.088 [main] INFO  com.demo.baseutil.Basetest - Validate length is clicked is clickable
15:34:51.425 [main] INFO  com.demo.baseutil.Basetest - Clicked on : length is clicked
15:34:53.430 [main] INFO  com.demo.baseutil.Basetest - Enter the value into enter the length
15:34:53.683 [main] INFO  com.demo.baseutil.Basetest - 10 typed into enter the length
15:34:53.683 [main] INFO  com.demo.baseutil.Basetest - Validate breadth is clicked is clickable
15:34:56.041 [main] INFO  com.demo.baseutil.Basetest - Clicked on : breadth is clicked
15:34:56.041 [main] INFO  com.demo.baseutil.Basetest - Enter the value into breath entered
15:34:56.365 [main] INFO  com.demo.baseutil.Basetest - 10 typed into breath entered
15:34:58.371 [main] INFO  com.demo.baseutil.Basetest - Validate height is clicked is clickable
15:35:00.706 [main] INFO  com.demo.baseutil.Basetest - Clicked on : height is clicked
15:35:02.718 [main] INFO  com.demo.baseutil.Basetest - Enter the value into height entered
15:35:02.956 [main] INFO  com.demo.baseutil.Basetest - 20 typed into height entered
15:35:04.972 [main] INFO  com.demo.baseutil.Basetest - Validate dom is clicked is clickable
15:35:07.312 [main] INFO  com.demo.baseutil.Basetest - Clicked on : dom is clicked
15:35:09.316 [main] INFO  com.demo.baseutil.Basetest - Validate ft is clicked is clickable
15:35:11.578 [main] INFO  com.demo.baseutil.Basetest - Clicked on : ft is clicked
15:35:13.582 [main] INFO  com.demo.baseutil.Basetest - Validate wt is clicked is clickable
15:35:15.905 [main] INFO  com.demo.baseutil.Basetest - Clicked on : wt is clicked
15:35:17.911 [main] INFO  com.demo.baseutil.Basetest - Enter the value into weight entered
15:35:18.279 [main] INFO  com.demo.baseutil.Basetest - 1000 typed into weight entered
15:35:20.289 [main] INFO  com.demo.baseutil.Basetest - Validate wtcap is clicked is clickable
15:35:22.758 [main] INFO  com.demo.baseutil.Basetest - Clicked on : wtcap is clicked
15:35:24.759 [main] INFO  com.demo.baseutil.Basetest - Validate tons is clicked is clickable
15:35:27.209 [main] INFO  com.demo.baseutil.Basetest - Clicked on : tons is clicked
15:35:29.211 [main] INFO  com.demo.baseutil.Basetest - Validate Click on Add button is clickable
15:35:31.579 [main] INFO  com.demo.baseutil.Basetest - Clicked on : Click on Add button
15:35:42.602 [main] INFO  com.demo.baseutil.Basetest - Scroll till the transaction
15:35:42.728 [main] INFO  com.demo.baseutil.Basetest - Scroll till the transaction completed
15:35:42.728 [main] INFO  com.demo.baseutil.Basetest - Validate transaction is clicked is clickable
15:35:45.290 [main] INFO  com.demo.baseutil.Basetest - Clicked on : transaction is clicked
15:35:50.306 [main] INFO  com.demo.baseutil.Basetest - Validate add new is clicked is clickable
15:35:52.808 [main] INFO  com.demo.baseutil.Basetest - Clicked on : add new is clicked
15:35:57.813 [main] INFO  com.demo.baseutil.Basetest - Validate Product id is clicked is clickable
15:36:00.205 [main] INFO  com.demo.baseutil.Basetest - Clicked on : Product id is clicked
15:36:02.215 [main] INFO  com.demo.baseutil.Basetest - Enter the value into Saved Value is entered
15:36:02.607 [main] INFO  com.demo.baseutil.Basetest - F2PG10002462 typed into Saved Value is entered
15:36:04.621 [main] INFO  com.demo.baseutil.Basetest - Validate Product id is clicked is clickable
15:36:07.019 [main] INFO  com.demo.baseutil.Basetest - Clicked on : Product id is clicked
15:36:09.027 [main] INFO  com.demo.baseutil.Basetest - Validate Product id is clicked is clickable
15:36:11.475 [main] INFO  com.demo.baseutil.Basetest - Clicked on : Product id is clicked
15:36:13.491 [main] INFO  com.demo.baseutil.Basetest - Validate chooseprocess id is clicked is clickable
15:36:15.904 [main] INFO  com.demo.baseutil.Basetest - Clicked on : chooseprocess id is clicked
15:36:17.913 [main] INFO  com.demo.baseutil.Basetest - Enter the value into Harvestiong/commission is entered
15:36:18.257 [main] INFO  com.demo.baseutil.Basetest - Harvesting typed into Harvestiong/commission is entered
15:36:20.273 [main] INFO  com.demo.baseutil.Basetest - Validate chooseprocess id is clicked is clickable
15:36:22.672 [main] INFO  com.demo.baseutil.Basetest - Clicked on : chooseprocess id is clicked
15:36:25.678 [main] INFO  com.demo.baseutil.Basetest - Validate Process commision is selected is clickable
15:36:28.080 [main] INFO  com.demo.baseutil.Basetest - Clicked on : Process commision is selected
15:36:30.102 [main] INFO  com.demo.baseutil.Basetest - Scroll down successful
15:36:30.102 [main] INFO  com.demo.baseutil.Basetest - Validate date is selected is clickable
15:36:32.558 [main] INFO  com.demo.baseutil.Basetest - Clicked on : date is selected
15:36:33.570 [main] INFO  com.demo.baseutil.Basetest - Validate date netx button is clickable
15:36:35.955 [main] INFO  com.demo.baseutil.Basetest - Clicked on : date netx button
15:36:35.955 [main] INFO  com.demo.baseutil.Basetest - Validate date is entered is clickable
15:36:38.359 [main] INFO  com.demo.baseutil.Basetest - Clicked on : date is entered
15:36:40.369 [main] INFO  com.demo.baseutil.Basetest - Validate date is selected is clickable
15:36:42.799 [main] INFO  com.demo.baseutil.Basetest - Clicked on : date is selected
15:36:48.880 [main] INFO  com.demo.baseutil.Basetest - Scroll down
15:36:48.880 [main] INFO  com.demo.baseutil.Basetest - Validate activity is selected is clickable
15:36:51.252 [main] INFO  com.demo.baseutil.Basetest - Clicked on : activity is selected
15:36:51.252 [main] INFO  com.demo.baseutil.Basetest - Enter the value into activity Value is entered
15:36:51.569 [main] INFO  com.demo.baseutil.Basetest - abcd typed into activity Value is entered
15:36:53.574 [main] INFO  com.demo.baseutil.Basetest - Validate packing type dropdown is selected is clickable
15:36:55.946 [main] INFO  com.demo.baseutil.Basetest - Clicked on : packing type dropdown is selected
15:36:55.946 [main] INFO  com.demo.baseutil.Basetest - Validate packing type dropdown is selected is clickable
15:36:58.388 [main] INFO  com.demo.baseutil.Basetest - Clicked on : packing type dropdown is selected
15:37:04.447 [main] INFO  com.demo.baseutil.Basetest - Scroll down
15:37:04.447 [main] INFO  com.demo.baseutil.Basetest - Validate tlc is clicked is clickable
15:37:06.798 [main] INFO  com.demo.baseutil.Basetest - Clicked on : tlc is clicked
15:37:06.798 [main] INFO  com.demo.baseutil.Basetest - Enter the value into Tlc no is entered
15:37:07.112 [main] INFO  com.demo.baseutil.Basetest - 1234567890 typed into Tlc no is entered
15:37:07.112 [main] INFO  com.demo.baseutil.Basetest - Validate location is clicked is clickable
15:37:09.472 [main] INFO  com.demo.baseutil.Basetest - Clicked on : location is clicked
15:37:09.472 [main] INFO  com.demo.baseutil.Basetest - Enter the value into location no is entered
15:37:09.880 [main] INFO  com.demo.baseutil.Basetest - location typed into location no is entered
15:37:09.880 [main] INFO  com.demo.baseutil.Basetest - Validate commodity is clicked is clickable
15:37:12.253 [main] INFO  com.demo.baseutil.Basetest - Clicked on : commodity is clicked
15:37:12.253 [main] INFO  com.demo.baseutil.Basetest - Enter the value into commodity is entered
15:37:12.627 [main] INFO  com.demo.baseutil.Basetest - commodity typed into commodity is entered
15:37:16.708 [main] INFO  com.demo.baseutil.Basetest - Scroll down
15:37:16.708 [main] INFO  com.demo.baseutil.Basetest - Validate filed is clicked is clickable
15:37:19.167 [main] INFO  com.demo.baseutil.Basetest - Clicked on : filed is clicked
15:37:19.167 [main] INFO  com.demo.baseutil.Basetest - Enter the value into filed is entered
15:37:19.464 [main] INFO  com.demo.baseutil.Basetest - filed typed into filed is entered
15:37:19.464 [main] INFO  com.demo.baseutil.Basetest - Validate container is clicked is clickable
15:37:21.851 [main] INFO  com.demo.baseutil.Basetest - Clicked on : container is clicked
15:37:21.851 [main] INFO  com.demo.baseutil.Basetest - Enter the value into filed is entered
15:37:22.170 [main] INFO  com.demo.baseutil.Basetest - container581581581 typed into filed is entered
15:37:26.177 [main] INFO  com.demo.baseutil.Basetest - Validate Selected the conatiner is clickable
15:37:28.525 [main] INFO  com.demo.baseutil.Basetest - Clicked on : Selected the conatiner
15:37:29.533 [main] INFO  com.demo.baseutil.Basetest - Validate count sgtin is clicked is clickable
15:37:31.840 [main] INFO  com.demo.baseutil.Basetest - Clicked on : count sgtin is clicked
15:37:31.840 [main] INFO  com.demo.baseutil.Basetest - Enter the value into countsgtin is entered
15:37:32.118 [main] INFO  com.demo.baseutil.Basetest - 123 typed into countsgtin is entered
15:37:32.118 [main] INFO  com.demo.baseutil.Basetest - Validate weightsgtin sgtin is clicked is clickable
15:37:34.502 [main] INFO  com.demo.baseutil.Basetest - Clicked on : weightsgtin sgtin is clicked
15:37:34.502 [main] INFO  com.demo.baseutil.Basetest - Enter the value into weightsgtin is entered
15:37:34.896 [main] INFO  com.demo.baseutil.Basetest - 1234567 typed into weightsgtin is entered
15:37:34.896 [main] INFO  com.demo.baseutil.Basetest - Validate itemsgtin sgtin is clicked is clickable
15:37:37.315 [main] INFO  com.demo.baseutil.Basetest - Clicked on : itemsgtin sgtin is clicked
15:37:37.315 [main] INFO  com.demo.baseutil.Basetest - Validate itemgtin is entered is clickable
15:37:39.740 [main] INFO  com.demo.baseutil.Basetest - Clicked on : itemgtin is entered
15:37:39.740 [main] INFO  com.demo.baseutil.Basetest - Validate document is clicked is clickable
15:37:42.067 [main] INFO  com.demo.baseutil.Basetest - Clicked on : document is clicked
15:37:42.067 [main] INFO  com.demo.baseutil.Basetest - Enter the value into document is entered
15:37:42.345 [main] INFO  com.demo.baseutil.Basetest - 1234567 typed into document is entered
15:37:46.438 [main] INFO  com.demo.baseutil.Basetest - Scroll down
15:37:46.438 [main] INFO  com.demo.baseutil.Basetest - Validate Add Transaction is selected is clickable
15:37:48.824 [main] INFO  com.demo.baseutil.Basetest - Clicked on : Add Transaction is selected
15:38:04.847 [main] INFO  com.demo.baseutil.Basetest - Validate click on trace is clickable
15:38:07.259 [main] INFO  com.demo.baseutil.Basetest - Clicked on : click on trace
15:38:19.273 [main] INFO  com.demo.baseutil.Basetest - Validate click on trace is clickable
15:38:21.677 [main] INFO  com.demo.baseutil.Basetest - Clicked on : click on trace
15:38:27.771 [main] INFO  com.demo.baseutil.Basetest - Validate Asset & Infrastructure Data is clicked is clickable
15:38:30.164 [main] INFO  com.demo.baseutil.Basetest - Clicked on : Asset & Infrastructure Data is clicked
15:38:32.180 [main] INFO  com.demo.baseutil.Basetest - Validate Assets is clicked is clickable
15:38:34.712 [main] INFO  com.demo.baseutil.Basetest - Clicked on : Assets is clicked
15:38:36.725 [main] INFO  com.demo.baseutil.Basetest - Validate Add new is clicked is clickable
15:38:39.065 [main] INFO  com.demo.baseutil.Basetest - Clicked on : Add new is clicked
15:38:41.071 [main] INFO  com.demo.baseutil.Basetest - Validate Asset type is clicked is clickable
15:38:43.405 [main] INFO  com.demo.baseutil.Basetest - Clicked on : Asset type is clicked
15:38:43.405 [main] INFO  com.demo.baseutil.Basetest - Validate Click on Vehicle Name is clickable
15:38:45.774 [main] INFO  com.demo.baseutil.Basetest - Clicked on : Click on Vehicle Name
15:38:47.777 [main] INFO  com.demo.baseutil.Basetest - Validate container name is clicked is clickable
15:38:50.121 [main] INFO  com.demo.baseutil.Basetest - Clicked on : container name is clicked
15:38:50.121 [main] INFO  com.demo.baseutil.Basetest - Enter the value into enter the container name
15:38:50.522 [main] INFO  com.demo.baseutil.Basetest - container980980980 typed into enter the container name
15:38:52.549 [main] INFO  com.demo.baseutil.Basetest - Validate length is clicked is clickable
15:38:54.902 [main] INFO  com.demo.baseutil.Basetest - Clicked on : length is clicked
15:38:56.910 [main] INFO  com.demo.baseutil.Basetest - Enter the value into enter the length
15:38:57.253 [main] INFO  com.demo.baseutil.Basetest - 10 typed into enter the length
15:38:57.253 [main] INFO  com.demo.baseutil.Basetest - Validate breadth is clicked is clickable
15:38:59.599 [main] INFO  com.demo.baseutil.Basetest - Clicked on : breadth is clicked
15:38:59.599 [main] INFO  com.demo.baseutil.Basetest - Enter the value into breath entered
15:38:59.832 [main] INFO  com.demo.baseutil.Basetest - 10 typed into breath entered
15:39:01.837 [main] INFO  com.demo.baseutil.Basetest - Validate height is clicked is clickable
15:39:04.200 [main] INFO  com.demo.baseutil.Basetest - Clicked on : height is clicked
15:39:06.208 [main] INFO  com.demo.baseutil.Basetest - Enter the value into height entered
15:39:06.416 [main] INFO  com.demo.baseutil.Basetest - 20 typed into height entered
15:39:08.432 [main] INFO  com.demo.baseutil.Basetest - Validate dom is clicked is clickable
15:39:10.802 [main] INFO  com.demo.baseutil.Basetest - Clicked on : dom is clicked
15:39:12.806 [main] INFO  com.demo.baseutil.Basetest - Validate ft is clicked is clickable
15:39:15.087 [main] INFO  com.demo.baseutil.Basetest - Clicked on : ft is clicked
15:39:17.089 [main] INFO  com.demo.baseutil.Basetest - Validate wt is clicked is clickable
15:39:19.453 [main] INFO  com.demo.baseutil.Basetest - Clicked on : wt is clicked
15:39:21.463 [main] INFO  com.demo.baseutil.Basetest - Enter the value into weight entered
15:39:21.711 [main] INFO  com.demo.baseutil.Basetest - 1000 typed into weight entered
15:39:23.719 [main] INFO  com.demo.baseutil.Basetest - Validate wtcap is clicked is clickable
15:39:26.137 [main] INFO  com.demo.baseutil.Basetest - Clicked on : wtcap is clicked
15:39:28.142 [main] INFO  com.demo.baseutil.Basetest - Validate tons is clicked is clickable
15:39:30.404 [main] INFO  com.demo.baseutil.Basetest - Clicked on : tons is clicked
15:39:32.411 [main] INFO  com.demo.baseutil.Basetest - Validate Click on Add button is clickable
15:39:34.804 [main] INFO  com.demo.baseutil.Basetest - Clicked on : Click on Add button
15:39:50.896 [main] INFO  com.demo.baseutil.Basetest - Scroll down
15:39:52.900 [main] INFO  com.demo.baseutil.Basetest - Validate transaction is clicked is clickable
15:39:55.394 [main] INFO  com.demo.baseutil.Basetest - Clicked on : transaction is clicked
15:40:02.400 [main] INFO  com.demo.baseutil.Basetest - Validate productid is selected is clickable
15:40:04.814 [main] INFO  com.demo.baseutil.Basetest - Clicked on : productid is selected
15:40:04.814 [main] INFO  com.demo.baseutil.Basetest - Enter the value into enter the productid
15:40:05.128 [main] INFO  com.demo.baseutil.Basetest - F2PG10002462 typed into enter the productid
15:40:05.128 [main] INFO  com.demo.baseutil.Basetest - Validate productid is selected is clickable
15:40:07.415 [main] INFO  com.demo.baseutil.Basetest - Clicked on : productid is selected
15:40:07.415 [main] INFO  com.demo.baseutil.Basetest - Validate search is selected is clickable
15:40:09.814 [main] INFO  com.demo.baseutil.Basetest - Clicked on : search is selected
15:40:09.814 [main] INFO  com.demo.baseutil.Basetest - Validate search button is clicked is clickable
15:40:12.224 [main] INFO  com.demo.baseutil.Basetest - Clicked on : search button is clicked
15:40:14.287 [main] INFO  com.demo.baseutil.Basetest - Scroll up
15:40:16.322 [main] INFO  com.demo.baseutil.Basetest - Scroll up
15:40:20.330 [main] INFO  com.demo.baseutil.Basetest - Validate transaction is clicked is clickable
15:40:22.819 [main] INFO  com.demo.baseutil.Basetest - Clicked on : transaction is clicked
15:40:27.833 [main] INFO  com.demo.baseutil.Basetest - Validate add new is clicked is clickable
15:40:30.299 [main] INFO  com.demo.baseutil.Basetest - Clicked on : add new is clicked
15:40:35.302 [main] INFO  com.demo.baseutil.Basetest - Validate Product id is clicked is clickable
15:40:37.764 [main] INFO  com.demo.baseutil.Basetest - Clicked on : Product id is clicked
15:40:39.770 [main] INFO  com.demo.baseutil.Basetest - Enter the value into Saved Value is entered
15:40:40.157 [main] INFO  com.demo.baseutil.Basetest - F2PG10002462 typed into Saved Value is entered
15:40:42.162 [main] INFO  com.demo.baseutil.Basetest - Validate Product id is clicked is clickable
15:40:44.470 [main] INFO  com.demo.baseutil.Basetest - Clicked on : Product id is clicked
15:40:46.475 [main] INFO  com.demo.baseutil.Basetest - Validate Product id is clicked is clickable
15:40:48.789 [main] INFO  com.demo.baseutil.Basetest - Clicked on : Product id is clicked
15:40:50.795 [main] INFO  com.demo.baseutil.Basetest - Validate chooseprocess id is clicked is clickable
15:40:53.148 [main] INFO  com.demo.baseutil.Basetest - Clicked on : chooseprocess id is clicked
15:40:55.159 [main] INFO  com.demo.baseutil.Basetest - Enter the value into Packing/aggregation is entered
15:40:55.465 [main] INFO  com.demo.baseutil.Basetest - Packing typed into Packing/aggregation is entered
15:40:57.480 [main] INFO  com.demo.baseutil.Basetest - Validate chooseprocess id is clicked is clickable
15:40:59.816 [main] INFO  com.demo.baseutil.Basetest - Clicked on : chooseprocess id is clicked
15:41:03.830 [main] INFO  com.demo.baseutil.Basetest - Validate Process aggre is selected is clickable
15:41:06.220 [main] INFO  com.demo.baseutil.Basetest - Clicked on : Process aggre is selected
15:41:08.240 [main] INFO  com.demo.baseutil.Basetest - Scroll down successful
15:41:08.240 [main] INFO  com.demo.baseutil.Basetest - Validate org is selected is clickable
15:41:10.646 [main] INFO  com.demo.baseutil.Basetest - Clicked on : org is selected
15:41:12.653 [main] INFO  com.demo.baseutil.Basetest - Enter the value into org value is entered
15:41:12.912 [main] INFO  com.demo.baseutil.Basetest - 178 typed into org value is entered
15:41:17.926 [main] INFO  com.demo.baseutil.Basetest - Validate org is selected is clickable
15:41:20.211 [main] INFO  com.demo.baseutil.Basetest - Clicked on : org is selected
15:41:23.214 [main] INFO  com.demo.baseutil.Basetest - Validate location is selected is clickable
15:41:25.511 [main] INFO  com.demo.baseutil.Basetest - Clicked on : location is selected
15:41:25.511 [main] INFO  com.demo.baseutil.Basetest - Enter the value into location value is entered
15:41:25.754 [main] INFO  com.demo.baseutil.Basetest - test typed into location value is entered
15:41:30.761 [main] INFO  com.demo.baseutil.Basetest - Validate location is selected is clickable
15:41:33.163 [main] INFO  com.demo.baseutil.Basetest - Clicked on : location is selected
15:41:33.187 [main] INFO  com.demo.baseutil.Basetest - Scroll down successful
15:41:33.187 [main] INFO  com.demo.baseutil.Basetest - Validate activity is clicked is clickable
15:41:35.528 [main] INFO  com.demo.baseutil.Basetest - Clicked on : activity is clicked
15:41:37.537 [main] INFO  com.demo.baseutil.Basetest - Enter the value into activity is entered
15:41:37.813 [main] INFO  com.demo.baseutil.Basetest - activity typed into activity is entered
15:41:40.817 [main] INFO  com.demo.baseutil.Basetest - Scroll till the scrolles to lot
15:41:40.943 [main] INFO  com.demo.baseutil.Basetest - Scroll till the scrolles to lot completed
15:41:40.943 [main] INFO  com.demo.baseutil.Basetest - Validate sscc number is copied is clickable
15:41:43.327 [main] INFO  com.demo.baseutil.Basetest - Clicked on : sscc number is copied
15:41:52.528 [main] INFO  com.demo.baseutil.Basetest - Scroll up to the element: The lot is displayed after scroll up completed
15:41:55.534 [main] INFO  com.demo.baseutil.Basetest - Validate lot1 is clicked is clickable
15:41:57.912 [main] INFO  com.demo.baseutil.Basetest - Clicked on : lot1 is clicked
15:41:59.918 [main] INFO  com.demo.baseutil.Basetest - Enter the value into lotvalue is entered
15:42:00.341 [main] INFO  com.demo.baseutil.Basetest - 1691007102410000003 typed into lotvalue is entered
15:42:02.346 [main] INFO  com.demo.baseutil.Basetest - Validate lot arrow is clicked is clickable
15:42:04.747 [main] INFO  com.demo.baseutil.Basetest - Clicked on : lot arrow is clicked
15:42:06.750 [main] INFO  com.demo.baseutil.Basetest - Scroll till the scrolled to packloc
15:42:06.823 [main] INFO  com.demo.baseutil.Basetest - Scroll till the scrolled to packloc completed
15:42:11.963 [main] INFO  com.demo.baseutil.Basetest - Scroll up to the element: The packloc is displayed after scroll up completed
15:42:16.977 [main] INFO  com.demo.baseutil.Basetest - Validate packloc is clicked is clickable
15:42:19.360 [main] INFO  com.demo.baseutil.Basetest - Clicked on : packloc is clicked
15:42:21.370 [main] INFO  com.demo.baseutil.Basetest - Enter the value into packing lot is entered
15:42:21.602 [main] INFO  com.demo.baseutil.Basetest - test typed into packing lot is entered
15:42:25.604 [main] INFO  com.demo.baseutil.Basetest - Validate remarks is clicked is clickable
15:42:27.976 [main] INFO  com.demo.baseutil.Basetest - Clicked on : remarks is clicked
15:42:29.984 [main] INFO  com.demo.baseutil.Basetest - Enter the value into remarks is entered
15:42:30.301 [main] INFO  com.demo.baseutil.Basetest - test typed into remarks is entered
15:42:34.306 [main] INFO  com.demo.baseutil.Basetest - Validate tlcloc is clicked is clickable
15:42:36.669 [main] INFO  com.demo.baseutil.Basetest - Clicked on : tlcloc is clicked
15:42:38.683 [main] INFO  com.demo.baseutil.Basetest - Enter the value into tlcloc is entered
15:42:38.979 [main] INFO  com.demo.baseutil.Basetest - test typed into tlcloc is entered
15:42:42.987 [main] INFO  com.demo.baseutil.Basetest - Scroll till the asset is scroll down
15:42:43.073 [main] INFO  com.demo.baseutil.Basetest - Scroll till the asset is scroll down completed
15:42:45.085 [main] INFO  com.demo.baseutil.Basetest - Validate asset is clicked is clickable
15:42:47.483 [main] INFO  com.demo.baseutil.Basetest - Clicked on : asset is clicked
15:42:49.486 [main] INFO  com.demo.baseutil.Basetest - Enter the value into vehicle is entered
15:42:49.723 [main] INFO  com.demo.baseutil.Basetest - vehicle typed into vehicle is entered
15:42:53.735 [main] INFO  com.demo.baseutil.Basetest - Validate assetsearch is clicked is clickable
15:42:56.144 [main] INFO  com.demo.baseutil.Basetest - Clicked on : assetsearch is clicked
15:42:58.149 [main] INFO  com.demo.baseutil.Basetest - Validate shippingdate is clicked is clickable
15:43:00.596 [main] INFO  com.demo.baseutil.Basetest - Clicked on : shippingdate is clicked
15:43:02.600 [main] INFO  com.demo.baseutil.Basetest - Validate datenext button is clicked is clickable
15:43:04.971 [main] INFO  com.demo.baseutil.Basetest - Clicked on : datenext button is clicked
15:43:06.977 [main] INFO  com.demo.baseutil.Basetest - Validate date is entered is clickable
15:43:09.346 [main] INFO  com.demo.baseutil.Basetest - Clicked on : date is entered
15:43:12.350 [main] INFO  com.demo.baseutil.Basetest - Validate date is selected is clickable
15:43:14.852 [main] INFO  com.demo.baseutil.Basetest - Clicked on : date is selected
15:43:17.861 [main] INFO  com.demo.baseutil.Basetest - Validate deliverydate is clicked is clickable
15:43:20.295 [main] INFO  com.demo.baseutil.Basetest - Clicked on : deliverydate is clicked
15:43:22.301 [main] INFO  com.demo.baseutil.Basetest - Validate datenext button is clicked is clickable
15:43:24.619 [main] INFO  com.demo.baseutil.Basetest - Clicked on : datenext button is clicked
15:43:26.627 [main] INFO  com.demo.baseutil.Basetest - Validate datenext button is clicked is clickable
15:43:29.005 [main] INFO  com.demo.baseutil.Basetest - Clicked on : datenext button is clicked
15:43:32.021 [main] INFO  com.demo.baseutil.Basetest - Validate date is entered is clickable
15:43:34.407 [main] INFO  com.demo.baseutil.Basetest - Clicked on : date is entered
15:43:36.422 [main] INFO  com.demo.baseutil.Basetest - Validate date is selected is clickable
15:43:38.832 [main] INFO  com.demo.baseutil.Basetest - Clicked on : date is selected
15:43:38.848 [main] INFO  com.demo.baseutil.Basetest - Scroll down successful
15:43:38.848 [main] INFO  com.demo.baseutil.Basetest - Validate container is clicked is clickable
15:43:41.225 [main] INFO  com.demo.baseutil.Basetest - Clicked on : container is clicked
15:43:41.225 [main] INFO  com.demo.baseutil.Basetest - Enter the value into container value is entered
15:43:41.570 [main] INFO  com.demo.baseutil.Basetest - container980980980 typed into container value is entered
15:43:46.573 [main] INFO  com.demo.baseutil.Basetest - Validate container select is clicked is clickable
15:43:48.931 [main] INFO  com.demo.baseutil.Basetest - Clicked on : container select is clicked
15:43:50.937 [main] INFO  com.demo.baseutil.Basetest - Validate invoice select is clicked is clickable
15:43:53.376 [main] INFO  com.demo.baseutil.Basetest - Clicked on : invoice select is clicked
15:43:53.376 [main] INFO  com.demo.baseutil.Basetest - Enter the value into  invoice value is entered
15:43:53.693 [main] INFO  com.demo.baseutil.Basetest - 123 typed into  invoice value is entered
15:43:55.709 [main] INFO  com.demo.baseutil.Basetest - Validate seal select is clicked is clickable
15:43:58.025 [main] INFO  com.demo.baseutil.Basetest - Clicked on : seal select is clicked
15:43:58.025 [main] INFO  com.demo.baseutil.Basetest - Enter the value into seal value is entered
15:43:58.316 [main] INFO  com.demo.baseutil.Basetest - 123 typed into seal value is entered
15:44:00.344 [main] INFO  com.demo.baseutil.Basetest - Scroll down successful
15:44:02.364 [main] INFO  com.demo.baseutil.Basetest - Validate asn select is clicked is clickable
15:44:04.691 [main] INFO  com.demo.baseutil.Basetest - Clicked on : asn select is clicked
15:44:04.691 [main] INFO  com.demo.baseutil.Basetest - Enter the value into asn value is entered
15:44:05.099 [main] INFO  com.demo.baseutil.Basetest - 4052153686054 typed into asn value is entered
15:44:07.107 [main] INFO  com.demo.baseutil.Basetest - Validate lorry select is clicked is clickable
15:44:09.559 [main] INFO  com.demo.baseutil.Basetest - Clicked on : lorry select is clicked
15:44:09.559 [main] INFO  com.demo.baseutil.Basetest - Enter the value into lorry value is entered
15:44:09.904 [main] INFO  com.demo.baseutil.Basetest - 123 typed into lorry value is entered
15:44:11.940 [main] INFO  com.demo.baseutil.Basetest - Validate purchase is clicked is clickable
15:44:14.291 [main] INFO  com.demo.baseutil.Basetest - Clicked on : purchase is clicked
15:44:14.291 [main] INFO  com.demo.baseutil.Basetest - Enter the value into purchase is entered
15:44:14.648 [main] INFO  com.demo.baseutil.Basetest - 123 typed into purchase is entered
15:44:14.648 [main] INFO  com.demo.baseutil.Basetest - Validate bill is clicked is clickable
15:44:16.942 [main] INFO  com.demo.baseutil.Basetest - Clicked on : bill is clicked
15:44:16.942 [main] INFO  com.demo.baseutil.Basetest - Enter the value into purchase is entered
15:44:17.208 [main] INFO  com.demo.baseutil.Basetest - 12345 typed into purchase is entered
15:44:19.211 [main] INFO  com.demo.baseutil.Basetest - Validate document is clicked is clickable
15:44:21.540 [main] INFO  com.demo.baseutil.Basetest - Clicked on : document is clicked
15:44:21.540 [main] INFO  com.demo.baseutil.Basetest - Enter the value into document is entered
15:44:21.817 [main] INFO  com.demo.baseutil.Basetest - 12345 typed into document is entered
15:44:23.857 [main] INFO  com.demo.baseutil.Basetest - Validate Add Transaction is selected is clickable
15:44:26.264 [main] INFO  com.demo.baseutil.Basetest - Clicked on : Add Transaction is selected
15:44:48.352 [main] INFO  com.demo.baseutil.Basetest - Scroll down
15:44:50.357 [main] INFO  com.demo.baseutil.Basetest - Validate transaction is clicked is clickable
15:44:52.766 [main] INFO  com.demo.baseutil.Basetest - Clicked on : transaction is clicked
15:44:57.774 [main] INFO  com.demo.baseutil.Basetest - Validate add new is clicked is clickable
15:45:00.281 [main] INFO  com.demo.baseutil.Basetest - Clicked on : add new is clicked
15:45:05.284 [main] INFO  com.demo.baseutil.Basetest - Validate Product id is clicked is clickable
15:45:07.675 [main] INFO  com.demo.baseutil.Basetest - Clicked on : Product id is clicked
15:45:09.681 [main] INFO  com.demo.baseutil.Basetest - Enter the value into Saved Value is entered
15:45:09.965 [main] INFO  com.demo.baseutil.Basetest - F2PG10002462 typed into Saved Value is entered
15:45:11.973 [main] INFO  com.demo.baseutil.Basetest - Validate Product id is clicked is clickable
15:45:14.372 [main] INFO  com.demo.baseutil.Basetest - Clicked on : Product id is clicked
15:45:19.374 [main] INFO  com.demo.baseutil.Basetest - Validate Product id is clicked is clickable
15:45:21.827 [main] INFO  com.demo.baseutil.Basetest - Clicked on : Product id is clicked
15:45:23.829 [main] INFO  com.demo.baseutil.Basetest - Validate chooseprocess id is clicked is clickable
15:45:26.108 [main] INFO  com.demo.baseutil.Basetest - Clicked on : chooseprocess id is clicked
15:45:31.112 [main] INFO  com.demo.baseutil.Basetest - Enter the value into Observation is entered
15:45:31.415 [main] INFO  com.demo.baseutil.Basetest - Observation typed into Observation is entered
15:45:33.427 [main] INFO  com.demo.baseutil.Basetest - Validate chooseprocess id is clicked is clickable
15:45:33.777 [main] INFO  com.demo.baseutil.Basetest - Browser is closed sucessfuly
15:45:34.376 [main] INFO  com.demo.baseutil.Basetest - Browser is closed sucessfuly
15:45:35.283 [main] ERROR com.demo.baseutil.Basetest - Failed to close the Browser
