14:41:46.245 [main] INFO  com.demo.baseutil.Basetest - 
14:41:46.251 [main] INFO  com.demo.baseutil.Basetest - Running locally JavaMail
14:41:46.429 [main] INFO  com.demo.baseutil.Basetest2 - Folder creation for Extent
14:41:46.439 [main] INFO  com.demo.baseutil.Basetest - ExtentDir:-C:\Users\Deepti Jindal\eclipse-workspace2\com.NFR.Trace/reports/Automation Report- 08_06_2024_14_41_46/Report/08_06_2024_14_41_46
14:41:46.568 [main] INFO  com.demo.baseutil.Basetest - Report Initiated
14:41:46.569 [main] INFO  com.demo.baseutil.Basetest - Screenshot folder created
14:42:40.806 [main] INFO  com.demo.baseutil.Basetest - Validate Sign in with FarmtoPlate account is clickable
14:42:43.172 [main] INFO  com.demo.baseutil.Basetest - Clicked on : Sign in with FarmtoPlate account
14:42:43.196 [main] INFO  com.demo.baseutil.Basetest - Url contains farmtoplateapps.io/login
14:42:43.211 [main] INFO  com.demo.baseutil.Basetest - Sign in title matched
14:42:43.211 [main] INFO  com.demo.baseutil.Basetest - UI verified for Sigin page.
14:42:43.212 [main] INFO  com.demo.baseutil.Basetest - Sign in function call
14:42:43.212 [main] INFO  com.demo.baseutil.Basetest - Validate email address field is clicked is clickable
14:42:45.511 [main] INFO  com.demo.baseutil.Basetest - Clicked on : email address field is clicked
14:42:45.512 [main] INFO  com.demo.baseutil.Basetest - Enter the value into Email Id Entered
14:42:45.908 [main] INFO  com.demo.baseutil.Basetest - farmtoplatef2p@paramountsoft.net typed into Email Id Entered
14:42:45.909 [main] INFO  com.demo.baseutil.Basetest - Validate Enter the password is clickable
14:42:48.331 [main] INFO  com.demo.baseutil.Basetest - Clicked on : Enter the password
14:42:48.332 [main] INFO  com.demo.baseutil.Basetest - Enter the value into Password Id Entered
14:42:48.792 [main] INFO  com.demo.baseutil.Basetest - Admin1234 typed into Password Id Entered
14:42:58.033 [main] INFO  com.demo.baseutil.Basetest - Scroll down
14:42:59.139 [main] INFO  com.demo.baseutil.Basetest - Validate Press the signin button is clickable
14:43:04.169 [main] INFO  com.demo.baseutil.Basetest - Clicked on : Press the signin button
14:43:12.277 [main] INFO  com.demo.baseutil.Basetest - HomePage title  is matched
14:43:25.299 [main] INFO  com.demo.baseutil.Basetest - Validate Network Management is clicked is clickable
14:43:28.080 [main] INFO  com.demo.baseutil.Basetest - Clicked on : Network Management is clicked
14:43:32.092 [main] INFO  com.demo.baseutil.Basetest - Validate Add new is clicked is clickable
14:43:35.554 [main] INFO  com.demo.baseutil.Basetest - Clicked on : Add new is clicked
14:43:37.663 [main] INFO  com.demo.baseutil.Basetest - Validate Organisation Name is clicked is clickable
14:43:40.537 [main] INFO  com.demo.baseutil.Basetest - Clicked on : Organisation Name is clicked
14:43:40.553 [main] INFO  com.demo.baseutil.Basetest - Enter the value into Organisation is Entered
14:43:41.575 [main] INFO  com.demo.baseutil.Basetest - drtFDdui typed into Organisation is Entered
14:43:41.587 [main] INFO  com.demo.baseutil.Basetest - Validate Organisation type is clicked is clickable
14:43:44.808 [main] INFO  com.demo.baseutil.Basetest - Clicked on : Organisation type is clicked
14:43:44.808 [main] INFO  com.demo.baseutil.Basetest - Validate upstream is selected is clickable
14:43:49.187 [main] INFO  com.demo.baseutil.Basetest - Clicked on : upstream is selected
14:43:49.188 [main] INFO  com.demo.baseutil.Basetest - Validate Organisation role is clicked is clickable
14:43:52.789 [main] INFO  com.demo.baseutil.Basetest - Clicked on : Organisation role is clicked
14:43:52.789 [main] INFO  com.demo.baseutil.Basetest - Validate Organisation role is selected is clickable
14:43:57.594 [main] INFO  com.demo.baseutil.Basetest - Clicked on : Organisation role is selected
14:43:57.594 [main] INFO  com.demo.baseutil.Basetest - Validate module is clicked is clickable
14:44:00.913 [main] INFO  com.demo.baseutil.Basetest - Clicked on : module is clicked
14:44:00.913 [main] INFO  com.demo.baseutil.Basetest - Validate module is selected is clickable
14:44:04.142 [main] INFO  com.demo.baseutil.Basetest - Clicked on : module is selected
14:44:04.142 [main] INFO  com.demo.baseutil.Basetest - Validate email field is clicked is clickable
14:44:07.281 [main] INFO  com.demo.baseutil.Basetest - Clicked on : email field is clicked
14:44:07.281 [main] INFO  com.demo.baseutil.Basetest - Enter the value into emailid is Entered
14:44:09.710 [main] INFO  com.demo.baseutil.Basetest - 56401avcyghg@yopmail.com typed into emailid is Entered
14:44:15.875 [main] INFO  com.demo.baseutil.Basetest - Scroll down
14:44:22.932 [main] INFO  com.demo.baseutil.Basetest - Validate Database Type is clicked is clickable
14:44:26.246 [main] INFO  com.demo.baseutil.Basetest - Clicked on : Database Type is clicked
14:44:26.246 [main] INFO  com.demo.baseutil.Basetest - Validate Db is selected is clickable
14:44:29.653 [main] INFO  com.demo.baseutil.Basetest - Clicked on : Db is selected
14:44:31.726 [main] INFO  com.demo.baseutil.Basetest - Scroll down successful
14:44:32.742 [main] INFO  com.demo.baseutil.Basetest - Validate Db is selected is clickable
14:44:37.073 [main] INFO  com.demo.baseutil.Basetest - Clicked on : Db is selected
14:44:39.082 [main] INFO  com.demo.baseutil.Basetest - Validate ordermgmt is selected is clickable
14:44:43.266 [main] INFO  com.demo.baseutil.Basetest - Clicked on : ordermgmt is selected
14:44:43.266 [main] INFO  com.demo.baseutil.Basetest - Validate Soil Dashboard is selected is clickable
14:44:46.556 [main] INFO  com.demo.baseutil.Basetest - Clicked on : Soil Dashboard is selected
14:44:46.556 [main] INFO  com.demo.baseutil.Basetest - Validate Submit Button is clicked is clickable
14:44:49.580 [main] INFO  com.demo.baseutil.Basetest - Clicked on : Submit Button is clicked
14:44:51.960 [main] INFO  com.demo.baseutil.Basetest - Validate Email address input field is clicked is clickable
14:44:59.634 [main] INFO  com.demo.baseutil.Basetest - Clicked on : Email address input field is clicked
14:44:59.634 [main] INFO  com.demo.baseutil.Basetest - Enter the value into email address is entered
14:45:01.895 [main] INFO  com.demo.baseutil.Basetest - 56401avcyghg@yopmail.com typed into email address is entered
14:45:01.895 [main] INFO  com.demo.baseutil.Basetest - Validate arrow button is clicked is clickable
14:45:06.836 [main] INFO  com.demo.baseutil.Basetest - Clicked on : arrow button is clicked
14:45:14.189 [main] INFO  com.demo.baseutil.Basetest - Validate first email is clicked is clickable
14:45:17.611 [main] INFO  com.demo.baseutil.Basetest - Clicked on : first email is clicked
14:45:19.771 [main] INFO  com.demo.baseutil.Basetest - Validate email address is clicked is clickable
14:45:29.437 [main] INFO  com.demo.baseutil.Basetest - Clicked on : email address is clicked
14:45:32.353 [main] INFO  com.demo.baseutil.Basetest - Validate pass is clicked is clickable
14:45:38.256 [main] INFO  com.demo.baseutil.Basetest - Clicked on : pass is clicked
14:45:38.256 [main] INFO  com.demo.baseutil.Basetest - Enter the value into Password is entered
14:45:39.240 [main] INFO  com.demo.baseutil.Basetest - Admin@1234 typed into Password is entered
14:45:39.240 [main] INFO  com.demo.baseutil.Basetest - Validate confirm password is clicked is clickable
14:45:42.721 [main] INFO  com.demo.baseutil.Basetest - Clicked on : confirm password is clicked
14:45:42.723 [main] INFO  com.demo.baseutil.Basetest - Enter the value into Confirm Password is entered
14:45:43.287 [main] INFO  com.demo.baseutil.Basetest - Admin@1234 typed into Confirm Password is entered
14:45:49.506 [main] INFO  com.demo.baseutil.Basetest - Scroll down
14:45:49.506 [main] INFO  com.demo.baseutil.Basetest - Validate button is clicked is clickable
14:45:53.904 [main] INFO  com.demo.baseutil.Basetest - Clicked on : button is clicked
14:45:55.906 [main] INFO  com.demo.baseutil.Basetest - Validate email address field is clicked is clickable
14:45:59.555 [main] INFO  com.demo.baseutil.Basetest - Clicked on : email address field is clicked
14:45:59.555 [main] INFO  com.demo.baseutil.Basetest - Enter the value into Email Id Entered
14:46:02.419 [main] INFO  com.demo.baseutil.Basetest - 56401avcyghg@yopmail.com typed into Email Id Entered
14:46:02.419 [main] INFO  com.demo.baseutil.Basetest - Validate Enter the password is clickable
14:46:05.498 [main] INFO  com.demo.baseutil.Basetest - Clicked on : Enter the password
14:46:05.498 [main] INFO  com.demo.baseutil.Basetest - Enter the value into Password Id Entered
14:46:06.636 [main] INFO  com.demo.baseutil.Basetest - Admin@1234 typed into Password Id Entered
14:46:10.691 [main] INFO  com.demo.baseutil.Basetest - Scroll down
14:46:10.691 [main] INFO  com.demo.baseutil.Basetest - Validate Press the signin button is clickable
14:46:15.067 [main] INFO  com.demo.baseutil.Basetest - Clicked on : Press the signin button
14:46:18.117 [main] INFO  com.demo.baseutil.Basetest - Scroll down successful
14:46:19.131 [main] INFO  com.demo.baseutil.Basetest - Validate Press the button is clickable
14:46:23.182 [main] INFO  com.demo.baseutil.Basetest - Clicked on : Press the button
14:46:23.214 [main] INFO  com.demo.baseutil.Basetest - Scroll down successful
14:46:23.214 [main] INFO  com.demo.baseutil.Basetest - Validate Press the signin button is clickable
14:46:26.312 [main] INFO  com.demo.baseutil.Basetest - Clicked on : Press the signin button
14:46:28.368 [main] INFO  com.demo.baseutil.Basetest - Validate Press the button is clickable
14:46:31.229 [main] INFO  com.demo.baseutil.Basetest - Clicked on : Press the button
14:46:34.277 [main] INFO  com.demo.baseutil.Basetest - Validate Click on First is clickable
14:46:37.764 [main] INFO  com.demo.baseutil.Basetest - Clicked on : Click on First
14:46:37.764 [main] INFO  com.demo.baseutil.Basetest - Enter the value into enter the  First
14:46:38.607 [main] INFO  com.demo.baseutil.Basetest - First typed into enter the  First
14:46:38.607 [main] INFO  com.demo.baseutil.Basetest - Validate Click on last is clickable
14:46:41.678 [main] INFO  com.demo.baseutil.Basetest - Clicked on : Click on last
14:46:41.678 [main] INFO  com.demo.baseutil.Basetest - Enter the value into enter the  Last
14:46:43.523 [main] INFO  com.demo.baseutil.Basetest - Last typed into enter the  Last
14:46:43.523 [main] INFO  com.demo.baseutil.Basetest - Validate Click on dest is clickable
14:46:47.309 [main] INFO  com.demo.baseutil.Basetest - Clicked on : Click on dest
14:46:47.309 [main] INFO  com.demo.baseutil.Basetest - Enter the value into enter the  dest
14:46:48.368 [main] INFO  com.demo.baseutil.Basetest - dest typed into enter the  dest
14:46:48.368 [main] INFO  com.demo.baseutil.Basetest - Validate Click on Submit is clickable
14:46:52.295 [main] INFO  com.demo.baseutil.Basetest - Clicked on : Click on Submit
14:46:52.302 [main] INFO  com.demo.baseutil.Basetest - Validate Click on address is clickable
14:46:57.113 [main] INFO  com.demo.baseutil.Basetest - Clicked on : Click on address
14:46:57.113 [main] INFO  com.demo.baseutil.Basetest - Enter the value into enter the  address
14:46:59.323 [main] INFO  com.demo.baseutil.Basetest - 123 William Street, New York, NY, USA typed into enter the  address
14:47:01.326 [main] INFO  com.demo.baseutil.Basetest - Validate comapny name is clicked is clickable
14:47:05.342 [main] INFO  com.demo.baseutil.Basetest - Clicked on : comapny name is clicked
14:47:05.342 [main] INFO  com.demo.baseutil.Basetest - Validate Click on state is clickable
14:47:10.301 [main] INFO  com.demo.baseutil.Basetest - Clicked on : Click on state
14:47:10.301 [main] INFO  com.demo.baseutil.Basetest - Enter the value into Enetered the state
14:47:10.898 [main] INFO  com.demo.baseutil.Basetest - NY typed into Enetered the state
14:47:10.900 [main] INFO  com.demo.baseutil.Basetest - Validate Click on zip is clickable
14:47:14.492 [main] INFO  com.demo.baseutil.Basetest - Clicked on : Click on zip
14:47:14.492 [main] INFO  com.demo.baseutil.Basetest - Enter the value into Enetred the Zip
14:47:15.444 [main] INFO  com.demo.baseutil.Basetest - 10038-3804 typed into Enetred the Zip
14:47:15.444 [main] INFO  com.demo.baseutil.Basetest - Validate Click on city is clickable
14:47:18.636 [main] INFO  com.demo.baseutil.Basetest - Clicked on : Click on city
14:47:18.636 [main] INFO  com.demo.baseutil.Basetest - Enter the value into Enetered the city
14:47:19.617 [main] INFO  com.demo.baseutil.Basetest - New York typed into Enetered the city
14:47:19.618 [main] INFO  com.demo.baseutil.Basetest - Validate Click on country is clickable
14:47:22.944 [main] INFO  com.demo.baseutil.Basetest - Clicked on : Click on country
14:47:22.944 [main] INFO  com.demo.baseutil.Basetest - Enter the value into Enetered the country
14:47:23.924 [main] INFO  com.demo.baseutil.Basetest - United States typed into Enetered the country
14:47:30.041 [main] INFO  com.demo.baseutil.Basetest - Scroll down
14:47:32.048 [main] INFO  com.demo.baseutil.Basetest - Validate Click on Submit is clickable
14:47:35.044 [main] INFO  com.demo.baseutil.Basetest - Clicked on : Click on Submit
14:47:38.622 [main] INFO  com.demo.baseutil.Basetest - Browser is closed sucessfuly
14:47:42.946 [main] INFO  com.demo.baseutil.Basetest - Browser is closed sucessfuly
14:48:43.348 [main] INFO  com.demo.baseutil.Basetest - Validate Sign in with FarmtoPlate account is clickable
14:48:45.703 [main] INFO  com.demo.baseutil.Basetest - Clicked on : Sign in with FarmtoPlate account
14:48:48.096 [main] INFO  com.demo.baseutil.Basetest - Url contains farmtoplateapps.io/login
14:48:48.101 [main] INFO  com.demo.baseutil.Basetest - Sign in title matched
14:48:48.102 [main] INFO  com.demo.baseutil.Basetest - UI verified for Sigin page.
14:48:48.102 [main] INFO  com.demo.baseutil.Basetest - Sign in function call
14:48:48.102 [main] INFO  com.demo.baseutil.Basetest - Validate email address field is clicked is clickable
14:48:50.398 [main] INFO  com.demo.baseutil.Basetest - Clicked on : email address field is clicked
14:48:50.398 [main] INFO  com.demo.baseutil.Basetest - Enter the value into Email Id Entered
14:48:50.692 [main] INFO  com.demo.baseutil.Basetest - 139@yopmail.com typed into Email Id Entered
14:48:50.694 [main] INFO  com.demo.baseutil.Basetest - Validate Enter the password is clickable
14:48:53.115 [main] INFO  com.demo.baseutil.Basetest - Clicked on : Enter the password
14:48:53.116 [main] INFO  com.demo.baseutil.Basetest - Enter the value into Password Id Entered
14:48:53.954 [main] INFO  com.demo.baseutil.Basetest - Admin@1234 typed into Password Id Entered
14:48:58.231 [main] INFO  com.demo.baseutil.Basetest - Scroll down
14:48:58.231 [main] INFO  com.demo.baseutil.Basetest - Validate Press the signin button is clickable
14:49:02.337 [main] INFO  com.demo.baseutil.Basetest - Clicked on : Press the signin button
14:49:14.717 [main] INFO  com.demo.baseutil.Basetest - HomePage title  is matched
14:49:24.815 [main] INFO  com.demo.baseutil.Basetest - Validate click on dashboard is clickable
14:49:28.376 [main] INFO  com.demo.baseutil.Basetest - Clicked on : click on dashboard
14:49:30.580 [main] INFO  com.demo.baseutil.Basetest - Validate click on organisation network is clickable
14:49:33.981 [main] INFO  com.demo.baseutil.Basetest - Clicked on : click on organisation network
14:49:40.757 [main] INFO  com.demo.baseutil.Basetest - Sign in title matched
14:49:40.757 [main] INFO  com.demo.baseutil.Basetest - UI verified for Organisation network page.
14:49:42.792 [main] INFO  com.demo.baseutil.Basetest - Validate click on product register is clickable
14:49:46.178 [main] INFO  com.demo.baseutil.Basetest - Clicked on : click on product register
14:49:53.317 [main] INFO  com.demo.baseutil.Basetest - Sign in title matched
14:49:53.317 [main] INFO  com.demo.baseutil.Basetest - UI verified for Product page.
14:49:54.401 [main] INFO  com.demo.baseutil.Basetest - Validate click on lots is clickable
14:49:57.638 [main] INFO  com.demo.baseutil.Basetest - Clicked on : click on lots
14:50:03.885 [main] INFO  com.demo.baseutil.Basetest - Sign in title matched
14:50:03.885 [main] INFO  com.demo.baseutil.Basetest - UI verified for Lots page.
14:50:07.385 [main] INFO  com.demo.baseutil.Basetest - Browser is closed sucessfuly
14:50:08.443 [main] INFO  com.demo.baseutil.Basetest - Browser is closed sucessfuly
14:51:08.470 [main] INFO  com.demo.baseutil.Basetest - Validate Sign in with FarmtoPlate account is clickable
14:51:10.826 [main] INFO  com.demo.baseutil.Basetest - Clicked on : Sign in with FarmtoPlate account
14:51:10.833 [main] INFO  com.demo.baseutil.Basetest - Url contains farmtoplateapps.io/login
14:51:10.840 [main] INFO  com.demo.baseutil.Basetest - Sign in title matched
14:51:10.840 [main] INFO  com.demo.baseutil.Basetest - UI verified for Sigin page.
14:51:10.840 [main] INFO  com.demo.baseutil.Basetest - Sign in function call
14:51:10.840 [main] INFO  com.demo.baseutil.Basetest - Validate email address field is clicked is clickable
14:51:13.197 [main] INFO  com.demo.baseutil.Basetest - Clicked on : email address field is clicked
14:51:13.198 [main] INFO  com.demo.baseutil.Basetest - Enter the value into Email Id Entered
14:51:13.664 [main] INFO  com.demo.baseutil.Basetest - 139@yopmail.com typed into Email Id Entered
14:51:13.664 [main] INFO  com.demo.baseutil.Basetest - Validate Enter the password is clickable
14:51:16.106 [main] INFO  com.demo.baseutil.Basetest - Clicked on : Enter the password
14:51:16.106 [main] INFO  com.demo.baseutil.Basetest - Enter the value into Password Id Entered
14:51:17.161 [main] INFO  com.demo.baseutil.Basetest - Admin@1234 typed into Password Id Entered
14:51:21.552 [main] INFO  com.demo.baseutil.Basetest - Scroll down
14:51:21.552 [main] INFO  com.demo.baseutil.Basetest - Validate Press the signin button is clickable
14:51:26.344 [main] INFO  com.demo.baseutil.Basetest - Clicked on : Press the signin button
14:51:44.449 [main] INFO  com.demo.baseutil.Basetest - HomePage title  is matched
14:51:54.495 [main] INFO  com.demo.baseutil.Basetest - Validate Network Management is clicked is clickable
14:51:58.102 [main] INFO  com.demo.baseutil.Basetest - Clicked on : Network Management is clicked
14:52:03.199 [main] INFO  com.demo.baseutil.Basetest - Validate Add new is clicked is clickable
14:52:06.828 [main] INFO  com.demo.baseutil.Basetest - Clicked on : Add new is clicked
14:52:08.867 [main] INFO  com.demo.baseutil.Basetest - Validate Organisation Name is clicked is clickable
14:52:12.654 [main] INFO  com.demo.baseutil.Basetest - Clicked on : Organisation Name is clicked
14:52:12.654 [main] INFO  com.demo.baseutil.Basetest - Enter the value into Organisation is Entered
14:52:13.701 [main] INFO  com.demo.baseutil.Basetest - QafezimU typed into Organisation is Entered
14:52:13.701 [main] INFO  com.demo.baseutil.Basetest - Validate Organisation type is clicked is clickable
14:52:16.472 [main] INFO  com.demo.baseutil.Basetest - Clicked on : Organisation type is clicked
14:52:16.473 [main] INFO  com.demo.baseutil.Basetest - Validate upstream is selected is clickable
14:52:19.761 [main] INFO  com.demo.baseutil.Basetest - Clicked on : upstream is selected
14:52:19.761 [main] INFO  com.demo.baseutil.Basetest - Validate Organisation role is clicked is clickable
14:52:23.847 [main] INFO  com.demo.baseutil.Basetest - Clicked on : Organisation role is clicked
14:52:23.847 [main] INFO  com.demo.baseutil.Basetest - Validate Organisation role is selected is clickable
14:52:27.264 [main] INFO  com.demo.baseutil.Basetest - Clicked on : Organisation role is selected
14:52:27.266 [main] INFO  com.demo.baseutil.Basetest - Validate module is clicked is clickable
14:52:30.119 [main] INFO  com.demo.baseutil.Basetest - Clicked on : module is clicked
14:52:30.120 [main] INFO  com.demo.baseutil.Basetest - Validate module is selected is clickable
14:52:33.810 [main] INFO  com.demo.baseutil.Basetest - Clicked on : module is selected
14:52:33.811 [main] INFO  com.demo.baseutil.Basetest - Validate email field is clicked is clickable
14:52:38.025 [main] INFO  com.demo.baseutil.Basetest - Clicked on : email field is clicked
14:52:38.025 [main] INFO  com.demo.baseutil.Basetest - Enter the value into emailid is Entered
14:52:39.309 [main] INFO  com.demo.baseutil.Basetest - pBPkgBEs415@yopmail.com typed into emailid is Entered
14:52:40.323 [main] INFO  com.demo.baseutil.Basetest - Validate sendinvite button is clicked is clickable
14:52:43.208 [main] INFO  com.demo.baseutil.Basetest - Clicked on : sendinvite button is clicked
14:52:45.215 [main] INFO  com.demo.baseutil.Basetest - Validate submit is selected is clickable
14:52:49.340 [main] INFO  com.demo.baseutil.Basetest - Clicked on : submit is selected
14:53:04.576 [main] INFO  com.demo.baseutil.Basetest - Validate Email address input field is clicked is clickable
14:53:07.911 [main] INFO  com.demo.baseutil.Basetest - Clicked on : Email address input field is clicked
14:53:07.911 [main] INFO  com.demo.baseutil.Basetest - Enter the value into email address is entered
14:53:11.032 [main] INFO  com.demo.baseutil.Basetest - pBPkgBEs415@yopmail.com typed into email address is entered
14:53:11.032 [main] INFO  com.demo.baseutil.Basetest - Validate arrow button is clicked is clickable
14:53:16.443 [main] INFO  com.demo.baseutil.Basetest - Clicked on : arrow button is clicked
14:53:19.641 [main] INFO  com.demo.baseutil.Basetest - Validate first email is clicked is clickable
14:53:22.642 [main] INFO  com.demo.baseutil.Basetest - Clicked on : first email is clicked
14:53:25.347 [main] INFO  com.demo.baseutil.Basetest - Validate email address is clicked is clickable
14:53:29.008 [main] INFO  com.demo.baseutil.Basetest - Clicked on : email address is clicked
14:53:31.788 [main] INFO  com.demo.baseutil.Basetest - Validate pass is clicked is clickable
14:53:35.851 [main] INFO  com.demo.baseutil.Basetest - Clicked on : pass is clicked
14:53:35.853 [main] INFO  com.demo.baseutil.Basetest - Enter the value into Password is entered
14:53:37.010 [main] INFO  com.demo.baseutil.Basetest - Admin@1234 typed into Password is entered
14:53:37.010 [main] INFO  com.demo.baseutil.Basetest - Validate confirm password is clicked is clickable
14:53:40.039 [main] INFO  com.demo.baseutil.Basetest - Clicked on : confirm password is clicked
14:53:40.041 [main] INFO  com.demo.baseutil.Basetest - Enter the value into Confirm Password is entered
14:53:40.837 [main] INFO  com.demo.baseutil.Basetest - Admin@1234 typed into Confirm Password is entered
14:53:47.089 [main] INFO  com.demo.baseutil.Basetest - Scroll down
14:53:47.089 [main] INFO  com.demo.baseutil.Basetest - Validate button is clicked is clickable
14:53:49.848 [main] INFO  com.demo.baseutil.Basetest - Clicked on : button is clicked
14:53:51.864 [main] INFO  com.demo.baseutil.Basetest - Validate email address field is clicked is clickable
14:53:57.972 [main] INFO  com.demo.baseutil.Basetest - Clicked on : email address field is clicked
14:53:57.972 [main] INFO  com.demo.baseutil.Basetest - Enter the value into Email Id Entered
14:53:59.357 [main] INFO  com.demo.baseutil.Basetest - pBPkgBEs415@yopmail.com typed into Email Id Entered
14:53:59.358 [main] INFO  com.demo.baseutil.Basetest - Validate Enter the password is clickable
14:54:02.719 [main] INFO  com.demo.baseutil.Basetest - Clicked on : Enter the password
14:54:02.719 [main] INFO  com.demo.baseutil.Basetest - Enter the value into Password Id Entered
14:54:03.514 [main] INFO  com.demo.baseutil.Basetest - Admin@1234 typed into Password Id Entered
14:54:07.568 [main] INFO  com.demo.baseutil.Basetest - Scroll down
14:54:07.568 [main] INFO  com.demo.baseutil.Basetest - Validate Press the signin button is clickable
14:54:11.567 [main] INFO  com.demo.baseutil.Basetest - Clicked on : Press the signin button
14:54:17.660 [main] INFO  com.demo.baseutil.Basetest - Validate Press the continue button is clickable
14:54:21.631 [main] INFO  com.demo.baseutil.Basetest - Clicked on : Press the continue button
14:54:21.662 [main] INFO  com.demo.baseutil.Basetest - Scroll down successful
14:54:25.868 [main] INFO  com.demo.baseutil.Basetest - Scroll down
14:54:30.995 [main] INFO  com.demo.baseutil.Basetest - Scroll down successful
14:54:30.996 [main] INFO  com.demo.baseutil.Basetest - Validate Press the signin button is clickable
14:54:34.181 [main] INFO  com.demo.baseutil.Basetest - Clicked on : Press the signin button
14:54:34.181 [main] INFO  com.demo.baseutil.Basetest - Validate Press the button is clickable
14:54:36.973 [main] INFO  com.demo.baseutil.Basetest - Clicked on : Press the button
14:54:37.287 [main] INFO  com.demo.baseutil.Basetest - Browser is closed sucessfuly
14:54:41.987 [main] INFO  com.demo.baseutil.Basetest - Browser is closed sucessfuly
14:55:02.748 [main] INFO  com.demo.baseutil.Basetest - Validate Sign in with FarmtoPlate account is clickable
14:55:05.446 [main] INFO  com.demo.baseutil.Basetest - Clicked on : Sign in with FarmtoPlate account
14:55:05.452 [main] INFO  com.demo.baseutil.Basetest - Url contains farmtoplateapps.io/login
14:55:05.457 [main] INFO  com.demo.baseutil.Basetest - Sign in title matched
14:55:05.458 [main] INFO  com.demo.baseutil.Basetest - UI verified for Sigin page.
14:55:05.458 [main] INFO  com.demo.baseutil.Basetest - Sign in function call
14:55:05.458 [main] INFO  com.demo.baseutil.Basetest - Validate email address field is clicked is clickable
14:55:12.521 [main] INFO  com.demo.baseutil.Basetest - Clicked on : email address field is clicked
14:55:12.523 [main] INFO  com.demo.baseutil.Basetest - Enter the value into Email Id Entered
14:55:13.974 [main] INFO  com.demo.baseutil.Basetest - 139@yopmail.com typed into Email Id Entered
14:55:13.974 [main] INFO  com.demo.baseutil.Basetest - Validate Enter the password is clickable
14:55:17.402 [main] INFO  com.demo.baseutil.Basetest - Clicked on : Enter the password
14:55:17.402 [main] INFO  com.demo.baseutil.Basetest - Enter the value into Password Id Entered
14:55:18.380 [main] INFO  com.demo.baseutil.Basetest - Admin@1234 typed into Password Id Entered
14:55:22.525 [main] INFO  com.demo.baseutil.Basetest - Scroll down
14:55:22.525 [main] INFO  com.demo.baseutil.Basetest - Validate Press the signin button is clickable
14:55:26.437 [main] INFO  com.demo.baseutil.Basetest - Clicked on : Press the signin button
14:55:28.922 [main] INFO  com.demo.baseutil.Basetest - HomePage title  is matched
14:55:41.103 [main] INFO  com.demo.baseutil.Basetest - Validate Asset & Infrastructure Data is clicked is clickable
14:55:44.829 [main] INFO  com.demo.baseutil.Basetest - Clicked on : Asset & Infrastructure Data is clicked
14:55:46.843 [main] INFO  com.demo.baseutil.Basetest - Validate Assets is clicked is clickable
14:55:49.686 [main] INFO  com.demo.baseutil.Basetest - Clicked on : Assets is clicked
14:55:51.760 [main] INFO  com.demo.baseutil.Basetest - Validate Add new is clicked is clickable
14:55:54.751 [main] INFO  com.demo.baseutil.Basetest - Clicked on : Add new is clicked
14:55:56.783 [main] INFO  com.demo.baseutil.Basetest - Validate Asset type is clicked is clickable
14:56:00.931 [main] INFO  com.demo.baseutil.Basetest - Clicked on : Asset type is clicked
14:56:00.931 [main] INFO  com.demo.baseutil.Basetest - Validate vehicle is selected is clickable
14:56:04.047 [main] INFO  com.demo.baseutil.Basetest - Clicked on : vehicle is selected
14:56:04.047 [main] INFO  com.demo.baseutil.Basetest - Validate Click on Vehicle Name is clickable
14:56:06.720 [main] INFO  com.demo.baseutil.Basetest - Clicked on : Click on Vehicle Name
14:56:06.720 [main] INFO  com.demo.baseutil.Basetest - Enter the value into enter the vehicle name
14:56:07.489 [main] INFO  com.demo.baseutil.Basetest - Loading VehiclesBf typed into enter the vehicle name
14:56:07.489 [main] INFO  com.demo.baseutil.Basetest - Validate Click on Vehicle Number is clickable
14:56:10.240 [main] INFO  com.demo.baseutil.Basetest - Clicked on : Click on Vehicle Number
14:56:10.241 [main] INFO  com.demo.baseutil.Basetest - Enter the value into Enter the vehicle number
14:56:10.921 [main] INFO  com.demo.baseutil.Basetest - OeQjkPXr typed into Enter the vehicle number
14:56:10.921 [main] INFO  com.demo.baseutil.Basetest - Validate click the dropdown of carrier is clickable
14:56:13.415 [main] INFO  com.demo.baseutil.Basetest - Clicked on : click the dropdown of carrier
14:56:13.416 [main] INFO  com.demo.baseutil.Basetest - Validate click the tanker is clickable
14:56:17.031 [main] INFO  com.demo.baseutil.Basetest - Clicked on : click the tanker
14:56:17.031 [main] INFO  com.demo.baseutil.Basetest - Validate Click on Make is clickable
14:56:21.274 [main] INFO  com.demo.baseutil.Basetest - Clicked on : Click on Make
14:56:21.275 [main] INFO  com.demo.baseutil.Basetest - Enter the value into enter the make
14:56:21.928 [main] INFO  com.demo.baseutil.Basetest - Mahindra typed into enter the make
14:56:21.928 [main] INFO  com.demo.baseutil.Basetest - Validate Click on Model is clickable
14:56:25.767 [main] INFO  com.demo.baseutil.Basetest - Clicked on : Click on Model
14:56:25.767 [main] INFO  com.demo.baseutil.Basetest - Enter the value into enter the model
14:56:26.163 [main] INFO  com.demo.baseutil.Basetest - XUV typed into enter the model
14:56:26.163 [main] INFO  com.demo.baseutil.Basetest - Validate Click on Model is clickable
14:56:29.212 [main] INFO  com.demo.baseutil.Basetest - Clicked on : Click on Model
14:56:29.228 [main] INFO  com.demo.baseutil.Basetest - Enter the value into enter the model
14:56:29.860 [main] INFO  com.demo.baseutil.Basetest - XUV typed into enter the model
14:56:29.860 [main] INFO  com.demo.baseutil.Basetest - Validate Click on Vehicle Number is clickable
14:56:32.476 [main] INFO  com.demo.baseutil.Basetest - Clicked on : Click on Vehicle Number
14:56:32.476 [main] INFO  com.demo.baseutil.Basetest - Enter the value into Enter the engine number
14:56:33.464 [main] INFO  com.demo.baseutil.Basetest - xixiyLii typed into Enter the engine number
14:56:33.464 [main] INFO  com.demo.baseutil.Basetest - Validate Click on Class-GVWR is clickable
14:56:36.709 [main] INFO  com.demo.baseutil.Basetest - Clicked on : Click on Class-GVWR
14:56:36.709 [main] INFO  com.demo.baseutil.Basetest - Enter the value into enter the classgvwr
14:56:36.974 [main] INFO  com.demo.baseutil.Basetest - Class I typed into enter the classgvwr
14:56:36.974 [main] INFO  com.demo.baseutil.Basetest - Validate Click on Weight Capacity is clickable
14:56:39.637 [main] INFO  com.demo.baseutil.Basetest - Clicked on : Click on Weight Capacity
14:56:39.655 [main] INFO  com.demo.baseutil.Basetest - Enter the value into enter the weight capacity
14:56:40.325 [main] INFO  com.demo.baseutil.Basetest - 100 typed into enter the weight capacity
14:56:44.803 [main] INFO  com.demo.baseutil.Basetest - Scroll down
14:56:44.821 [main] INFO  com.demo.baseutil.Basetest - Scroll down successful
14:56:44.821 [main] INFO  com.demo.baseutil.Basetest - Validate Click on Add button is clickable
14:56:47.367 [main] INFO  com.demo.baseutil.Basetest - Clicked on : Click on Add button
14:56:48.818 [main] INFO  com.demo.baseutil.Basetest - Browser is closed sucessfuly
14:56:52.303 [main] INFO  com.demo.baseutil.Basetest - Browser is closed sucessfuly
14:57:34.930 [main] INFO  com.demo.baseutil.Basetest - Validate Sign in with FarmtoPlate account is clickable
14:57:37.337 [main] INFO  com.demo.baseutil.Basetest - Clicked on : Sign in with FarmtoPlate account
14:57:37.363 [main] INFO  com.demo.baseutil.Basetest - Url contains farmtoplateapps.io/login
14:57:37.374 [main] INFO  com.demo.baseutil.Basetest - Sign in title matched
14:57:37.374 [main] INFO  com.demo.baseutil.Basetest - UI verified for Sigin page.
14:57:37.374 [main] INFO  com.demo.baseutil.Basetest - Sign in function call
14:57:37.374 [main] INFO  com.demo.baseutil.Basetest - Validate email address field is clicked is clickable
14:57:39.725 [main] INFO  com.demo.baseutil.Basetest - Clicked on : email address field is clicked
14:57:39.725 [main] INFO  com.demo.baseutil.Basetest - Enter the value into Email Id Entered
14:57:40.109 [main] INFO  com.demo.baseutil.Basetest - 139@yopmail.com typed into Email Id Entered
14:57:40.109 [main] INFO  com.demo.baseutil.Basetest - Validate Enter the password is clickable
14:57:42.540 [main] INFO  com.demo.baseutil.Basetest - Clicked on : Enter the password
14:57:42.540 [main] INFO  com.demo.baseutil.Basetest - Enter the value into Password Id Entered
14:57:42.817 [main] INFO  com.demo.baseutil.Basetest - Admin@1234 typed into Password Id Entered
14:57:46.996 [main] INFO  com.demo.baseutil.Basetest - Scroll down
14:57:46.996 [main] INFO  com.demo.baseutil.Basetest - Validate Press the signin button is clickable
14:57:50.902 [main] INFO  com.demo.baseutil.Basetest - Clicked on : Press the signin button
14:57:54.769 [main] INFO  com.demo.baseutil.Basetest - HomePage title  is matched
14:58:07.045 [main] INFO  com.demo.baseutil.Basetest - Validate Asset & Infrastructure Data is clicked is clickable
14:58:14.872 [main] INFO  com.demo.baseutil.Basetest - Clicked on : Asset & Infrastructure Data is clicked
14:58:16.973 [main] INFO  com.demo.baseutil.Basetest - Validate Infra is clicked is clickable
14:58:20.143 [main] INFO  com.demo.baseutil.Basetest - Clicked on : Infra is clicked
14:58:22.184 [main] INFO  com.demo.baseutil.Basetest - Validate Add new is clicked is clickable
14:58:24.979 [main] INFO  com.demo.baseutil.Basetest - Clicked on : Add new is clicked
14:58:27.079 [main] INFO  com.demo.baseutil.Basetest - Validate Click on Location Name is clickable
14:58:29.964 [main] INFO  com.demo.baseutil.Basetest - Clicked on : Click on Location Name
14:58:29.967 [main] INFO  com.demo.baseutil.Basetest - Enter the value into enter the location name
14:58:33.057 [main] INFO  com.demo.baseutil.Basetest - Warehouse B typed into enter the location name
14:58:33.057 [main] INFO  com.demo.baseutil.Basetest - Validate Asset type is clicked is clickable
14:58:36.065 [main] INFO  com.demo.baseutil.Basetest - Clicked on : Asset type is clicked
14:58:36.065 [main] INFO  com.demo.baseutil.Basetest - Validate vehicle is selected is clickable
14:58:40.130 [main] INFO  com.demo.baseutil.Basetest - Clicked on : vehicle is selected
14:58:40.130 [main] INFO  com.demo.baseutil.Basetest - Validate Click on GLN is clickable
14:58:42.921 [main] INFO  com.demo.baseutil.Basetest - Clicked on : Click on GLN
14:58:42.921 [main] INFO  com.demo.baseutil.Basetest - Enter the value into enter the GLN
14:58:43.651 [main] INFO  com.demo.baseutil.Basetest - 9848828789653 typed into enter the GLN
14:58:43.651 [main] INFO  com.demo.baseutil.Basetest - Validate Click on address is clickable
14:58:47.345 [main] INFO  com.demo.baseutil.Basetest - Clicked on : Click on address
14:58:47.361 [main] INFO  com.demo.baseutil.Basetest - Enter the value into enter the  address
14:58:51.703 [main] INFO  com.demo.baseutil.Basetest - Bangalore Palace, Palace Cross Road, Vasanth Nagar, Bengaluru, Karnataka, India typed into enter the  address
14:58:51.703 [main] INFO  com.demo.baseutil.Basetest - Validate Click on state is clickable
14:58:55.213 [main] INFO  com.demo.baseutil.Basetest - Clicked on : Click on state
14:58:55.213 [main] INFO  com.demo.baseutil.Basetest - Enter the value into Enetered the state
14:58:56.017 [main] INFO  com.demo.baseutil.Basetest - KA typed into Enetered the state
14:58:56.017 [main] INFO  com.demo.baseutil.Basetest - Validate Click on city is clickable
14:58:59.361 [main] INFO  com.demo.baseutil.Basetest - Clicked on : Click on city
14:58:59.361 [main] INFO  com.demo.baseutil.Basetest - Enter the value into Enetered the city
14:59:00.303 [main] INFO  com.demo.baseutil.Basetest - Bengaluru typed into Enetered the city
14:59:00.303 [main] INFO  com.demo.baseutil.Basetest - Validate Click on country is clickable
14:59:03.163 [main] INFO  com.demo.baseutil.Basetest - Clicked on : Click on country
14:59:03.163 [main] INFO  com.demo.baseutil.Basetest - Enter the value into Enetered the city
14:59:04.224 [main] INFO  com.demo.baseutil.Basetest - India typed into Enetered the city
14:59:04.224 [main] INFO  com.demo.baseutil.Basetest - Validate Click on zip is clickable
14:59:07.463 [main] INFO  com.demo.baseutil.Basetest - Clicked on : Click on zip
14:59:07.463 [main] INFO  com.demo.baseutil.Basetest - Enter the value into Enetred the Zip
14:59:08.369 [main] INFO  com.demo.baseutil.Basetest - 560052 typed into Enetred the Zip
14:59:12.660 [main] INFO  com.demo.baseutil.Basetest - Scroll down
14:59:12.661 [main] INFO  com.demo.baseutil.Basetest - Validate Click on Add button is clickable
14:59:16.329 [main] INFO  com.demo.baseutil.Basetest - Clicked on : Click on Add button
14:59:18.566 [main] INFO  com.demo.baseutil.Basetest - Browser is closed sucessfuly
14:59:48.572 [main] INFO  com.demo.baseutil.Basetest - Browser is closed sucessfuly
15:00:45.703 [main] INFO  com.demo.baseutil.Basetest - Validate Sign in with FarmtoPlate account is clickable
15:00:48.168 [main] INFO  com.demo.baseutil.Basetest - Clicked on : Sign in with FarmtoPlate account
15:00:52.148 [main] INFO  com.demo.baseutil.Basetest - Url contains farmtoplateapps.io/login
15:00:52.154 [main] INFO  com.demo.baseutil.Basetest - Sign in title matched
15:00:52.154 [main] INFO  com.demo.baseutil.Basetest - UI verified for Sigin page.
15:00:52.154 [main] INFO  com.demo.baseutil.Basetest - Sign in function call
15:00:52.154 [main] INFO  com.demo.baseutil.Basetest - Validate email address field is clicked is clickable
15:01:10.991 [main] INFO  com.demo.baseutil.Basetest - Clicked on : email address field is clicked
15:01:10.992 [main] INFO  com.demo.baseutil.Basetest - Enter the value into Email Id Entered
15:01:11.812 [main] INFO  com.demo.baseutil.Basetest - 139@yopmail.com typed into Email Id Entered
15:01:11.812 [main] INFO  com.demo.baseutil.Basetest - Validate Enter the password is clickable
15:01:14.759 [main] INFO  com.demo.baseutil.Basetest - Clicked on : Enter the password
15:01:14.759 [main] INFO  com.demo.baseutil.Basetest - Enter the value into Password Id Entered
15:01:15.765 [main] INFO  com.demo.baseutil.Basetest - Admin@1234 typed into Password Id Entered
15:01:19.980 [main] INFO  com.demo.baseutil.Basetest - Scroll down
15:01:19.980 [main] INFO  com.demo.baseutil.Basetest - Validate Press the signin button is clickable
15:01:41.929 [main] INFO  com.demo.baseutil.Basetest - Clicked on : Press the signin button
15:01:45.464 [main] INFO  com.demo.baseutil.Basetest - HomePage title  is matched
15:01:57.596 [main] INFO  com.demo.baseutil.Basetest - Validate Asset & Infrastructure Data is clicked is clickable
15:02:00.553 [main] INFO  com.demo.baseutil.Basetest - Clicked on : Asset & Infrastructure Data is clicked
15:02:02.642 [main] INFO  com.demo.baseutil.Basetest - Validate Assets is clicked is clickable
15:02:06.203 [main] INFO  com.demo.baseutil.Basetest - Clicked on : Assets is clicked
15:02:08.208 [main] INFO  com.demo.baseutil.Basetest - Validate Add new is clicked is clickable
15:02:10.995 [main] INFO  com.demo.baseutil.Basetest - Clicked on : Add new is clicked
15:02:13.109 [main] INFO  com.demo.baseutil.Basetest - Validate Asset type is clicked is clickable
15:02:30.709 [main] INFO  com.demo.baseutil.Basetest - Clicked on : Asset type is clicked
15:02:30.709 [main] INFO  com.demo.baseutil.Basetest - Validate Click on Vehicle Name is clickable
15:02:34.810 [main] INFO  com.demo.baseutil.Basetest - Clicked on : Click on Vehicle Name
15:02:36.844 [main] INFO  com.demo.baseutil.Basetest - Validate container name is clicked is clickable
15:02:39.781 [main] INFO  com.demo.baseutil.Basetest - Clicked on : container name is clicked
15:02:39.784 [main] INFO  com.demo.baseutil.Basetest - Enter the value into enter the container name
15:02:41.781 [main] INFO  com.demo.baseutil.Basetest - container996996 typed into enter the container name
15:02:43.882 [main] INFO  com.demo.baseutil.Basetest - Validate length is clicked is clickable
15:02:47.628 [main] INFO  com.demo.baseutil.Basetest - Clicked on : length is clicked
15:02:49.653 [main] INFO  com.demo.baseutil.Basetest - Enter the value into enter the length
15:02:50.410 [main] INFO  com.demo.baseutil.Basetest - 10 typed into enter the length
15:02:50.411 [main] INFO  com.demo.baseutil.Basetest - Validate breadth is clicked is clickable
15:02:53.779 [main] INFO  com.demo.baseutil.Basetest - Clicked on : breadth is clicked
15:02:53.779 [main] INFO  com.demo.baseutil.Basetest - Enter the value into breath entered
15:02:54.911 [main] INFO  com.demo.baseutil.Basetest - 10 typed into breath entered
15:02:56.926 [main] INFO  com.demo.baseutil.Basetest - Validate height is clicked is clickable
15:03:01.011 [main] INFO  com.demo.baseutil.Basetest - Clicked on : height is clicked
15:03:03.066 [main] INFO  com.demo.baseutil.Basetest - Enter the value into height entered
15:03:04.961 [main] INFO  com.demo.baseutil.Basetest - 20 typed into height entered
15:03:06.975 [main] INFO  com.demo.baseutil.Basetest - Validate dom is clicked is clickable
15:03:11.510 [main] INFO  com.demo.baseutil.Basetest - Clicked on : dom is clicked
15:03:13.527 [main] INFO  com.demo.baseutil.Basetest - Validate ft is clicked is clickable
15:03:16.358 [main] INFO  com.demo.baseutil.Basetest - Clicked on : ft is clicked
15:03:18.393 [main] INFO  com.demo.baseutil.Basetest - Validate wt is clicked is clickable
15:03:22.442 [main] INFO  com.demo.baseutil.Basetest - Clicked on : wt is clicked
15:03:24.481 [main] INFO  com.demo.baseutil.Basetest - Enter the value into weight entered
15:03:25.234 [main] INFO  com.demo.baseutil.Basetest - 1000 typed into weight entered
15:03:27.241 [main] INFO  com.demo.baseutil.Basetest - Validate wtcap is clicked is clickable
15:03:30.264 [main] INFO  com.demo.baseutil.Basetest - Clicked on : wtcap is clicked
15:03:32.272 [main] INFO  com.demo.baseutil.Basetest - Validate tons is clicked is clickable
15:03:34.793 [main] INFO  com.demo.baseutil.Basetest - Clicked on : tons is clicked
15:03:36.808 [main] INFO  com.demo.baseutil.Basetest - Validate Click on Add button is clickable
15:03:40.103 [main] INFO  com.demo.baseutil.Basetest - Clicked on : Click on Add button
15:03:46.366 [main] INFO  com.demo.baseutil.Basetest - Browser is closed sucessfuly
15:03:47.978 [main] INFO  com.demo.baseutil.Basetest - Browser is closed sucessfuly
15:04:48.504 [main] INFO  com.demo.baseutil.Basetest - Validate Sign in with FarmtoPlate account is clickable
15:04:51.009 [main] INFO  com.demo.baseutil.Basetest - Clicked on : Sign in with FarmtoPlate account
15:04:51.023 [main] INFO  com.demo.baseutil.Basetest - Url contains farmtoplateapps.io/login
15:04:51.037 [main] INFO  com.demo.baseutil.Basetest - Sign in title matched
15:04:51.037 [main] INFO  com.demo.baseutil.Basetest - UI verified for Sigin page.
15:04:51.037 [main] INFO  com.demo.baseutil.Basetest - Sign in function call
15:04:51.037 [main] INFO  com.demo.baseutil.Basetest - Validate email address field is clicked is clickable
15:04:53.375 [main] INFO  com.demo.baseutil.Basetest - Clicked on : email address field is clicked
15:04:53.375 [main] INFO  com.demo.baseutil.Basetest - Enter the value into Email Id Entered
15:04:53.720 [main] INFO  com.demo.baseutil.Basetest - 139@yopmail.com typed into Email Id Entered
15:04:53.720 [main] INFO  com.demo.baseutil.Basetest - Validate Enter the password is clickable
15:04:56.056 [main] INFO  com.demo.baseutil.Basetest - Clicked on : Enter the password
15:04:56.056 [main] INFO  com.demo.baseutil.Basetest - Enter the value into Password Id Entered
15:04:56.363 [main] INFO  com.demo.baseutil.Basetest - Admin@1234 typed into Password Id Entered
15:05:00.725 [main] INFO  com.demo.baseutil.Basetest - Scroll down
15:05:00.725 [main] INFO  com.demo.baseutil.Basetest - Validate Press the signin button is clickable
15:05:05.809 [main] INFO  com.demo.baseutil.Basetest - Clicked on : Press the signin button
15:05:21.846 [main] INFO  com.demo.baseutil.Basetest - HomePage title  is matched
15:05:36.147 [main] INFO  com.demo.baseutil.Basetest - Scroll down
15:05:38.242 [main] INFO  com.demo.baseutil.Basetest - Validate Products is clicked is clickable
15:05:41.190 [main] INFO  com.demo.baseutil.Basetest - Clicked on : Products is clicked
15:05:46.219 [main] INFO  com.demo.baseutil.Basetest - Validate Add new is clicked is clickable
15:05:50.135 [main] INFO  com.demo.baseutil.Basetest - Clicked on : Add new is clicked
15:05:52.216 [main] INFO  com.demo.baseutil.Basetest - Validate Click on productcategory is clickable
15:05:55.716 [main] INFO  com.demo.baseutil.Basetest - Clicked on : Click on productcategory
15:05:55.716 [main] INFO  com.demo.baseutil.Basetest - Validate productbasedfood is clicked is clickable
15:05:59.105 [main] INFO  com.demo.baseutil.Basetest - Clicked on : productbasedfood is clicked
15:05:59.105 [main] INFO  com.demo.baseutil.Basetest - Validate product name is selected is clickable
15:06:01.926 [main] INFO  com.demo.baseutil.Basetest - Clicked on : product name is selected
15:06:01.926 [main] INFO  com.demo.baseutil.Basetest - Enter the value into enter the product
15:06:03.163 [main] INFO  com.demo.baseutil.Basetest - wheat5872 typed into enter the product
15:06:03.163 [main] INFO  com.demo.baseutil.Basetest - Validate Click on productid is clickable
15:06:06.168 [main] INFO  com.demo.baseutil.Basetest - Clicked on : Click on productid
15:06:06.168 [main] INFO  com.demo.baseutil.Basetest - Validate Click on checkbox is clickable
15:06:09.388 [main] INFO  com.demo.baseutil.Basetest - Clicked on : Click on checkbox
15:06:09.403 [main] INFO  com.demo.baseutil.Basetest - Validate Click on autogenerate is clickable
15:06:13.284 [main] INFO  com.demo.baseutil.Basetest - Clicked on : Click on autogenerate
15:06:13.284 [main] INFO  com.demo.baseutil.Basetest - Validate Click on productdesc is clickable
15:06:16.217 [main] INFO  com.demo.baseutil.Basetest - Clicked on : Click on productdesc
15:06:16.217 [main] INFO  com.demo.baseutil.Basetest - Enter the value into Enetered the product desc
15:06:17.006 [main] INFO  com.demo.baseutil.Basetest - test typed into Enetered the product desc
15:06:17.006 [main] INFO  com.demo.baseutil.Basetest - Validate Click on upload is clickable
15:06:20.487 [main] INFO  com.demo.baseutil.Basetest - Clicked on : Click on upload
15:06:33.848 [main] INFO  com.demo.baseutil.Basetest - Scroll down
15:06:33.848 [main] INFO  com.demo.baseutil.Basetest - Validate Click on ingrediant name is clickable
15:06:36.750 [main] INFO  com.demo.baseutil.Basetest - Clicked on : Click on ingrediant name
15:06:36.750 [main] INFO  com.demo.baseutil.Basetest - Enter the value into ingredient name is entered
15:06:37.742 [main] INFO  com.demo.baseutil.Basetest - wheat typed into ingredient name is entered
15:06:40.786 [main] INFO  com.demo.baseutil.Basetest - Validate Click on ingrediant name is clickable
15:06:44.287 [main] INFO  com.demo.baseutil.Basetest - Clicked on : Click on ingrediant name
15:06:44.287 [main] INFO  com.demo.baseutil.Basetest - Enter the value into nutri name is entered
15:06:46.140 [main] INFO  com.demo.baseutil.Basetest - fact typed into nutri name is entered
15:06:46.140 [main] INFO  com.demo.baseutil.Basetest - Validate Click on ingrediant QTY is clickable
15:06:49.708 [main] INFO  com.demo.baseutil.Basetest - Clicked on : Click on ingrediant QTY
15:06:49.726 [main] INFO  com.demo.baseutil.Basetest - Enter the value into nutri qty is entered
15:06:51.374 [main] INFO  com.demo.baseutil.Basetest - 1 typed into nutri qty is entered
15:06:51.374 [main] INFO  com.demo.baseutil.Basetest - Validate Click on ingrediant drop is clickable
15:06:54.573 [main] INFO  com.demo.baseutil.Basetest - Clicked on : Click on ingrediant drop
15:06:56.596 [main] INFO  com.demo.baseutil.Basetest - Validate Click on ingrediant value is clickable
15:06:59.431 [main] INFO  com.demo.baseutil.Basetest - Clicked on : Click on ingrediant value
15:07:05.803 [main] INFO  com.demo.baseutil.Basetest - Scroll down
15:07:07.969 [main] INFO  com.demo.baseutil.Basetest - Scroll down successful
15:07:07.969 [main] INFO  com.demo.baseutil.Basetest - Validate Click on ingrediant name is clickable
15:07:11.098 [main] INFO  com.demo.baseutil.Basetest - Clicked on : Click on ingrediant name
15:07:11.100 [main] INFO  com.demo.baseutil.Basetest - Validate Click on ingrediant name is clickable
15:07:14.898 [main] INFO  com.demo.baseutil.Basetest - Clicked on : Click on ingrediant name
15:07:14.899 [main] INFO  com.demo.baseutil.Basetest - Validate Click on ingrediant name is clickable
15:07:17.888 [main] INFO  com.demo.baseutil.Basetest - Clicked on : Click on ingrediant name
15:07:17.888 [main] INFO  com.demo.baseutil.Basetest - Enter the value into price is entered
15:07:19.438 [main] INFO  com.demo.baseutil.Basetest - 1 typed into price is entered
15:07:19.438 [main] INFO  com.demo.baseutil.Basetest - Validate Click on currency is clickable
15:07:22.505 [main] INFO  com.demo.baseutil.Basetest - Clicked on : Click on currency
15:07:22.505 [main] INFO  com.demo.baseutil.Basetest - Validate Click on currency value is clickable
15:07:25.363 [main] INFO  com.demo.baseutil.Basetest - Clicked on : Click on currency value
15:07:25.363 [main] INFO  com.demo.baseutil.Basetest - Validate Click on typepacking value is clickable
15:07:29.462 [main] INFO  com.demo.baseutil.Basetest - Clicked on : Click on typepacking value
15:07:29.462 [main] INFO  com.demo.baseutil.Basetest - Enter the value into typepacking is entered
15:07:30.310 [main] INFO  com.demo.baseutil.Basetest - 1 typed into typepacking is entered
15:07:30.311 [main] INFO  com.demo.baseutil.Basetest - Validate Click on length value is clickable
15:07:33.532 [main] INFO  com.demo.baseutil.Basetest - Clicked on : Click on length value
15:07:33.532 [main] INFO  com.demo.baseutil.Basetest - Enter the value into length is entered
15:07:34.625 [main] INFO  com.demo.baseutil.Basetest - 1 typed into length is entered
15:07:34.625 [main] INFO  com.demo.baseutil.Basetest - Validate Click on breath value is clickable
15:07:38.338 [main] INFO  com.demo.baseutil.Basetest - Clicked on : Click on breath value
15:07:38.338 [main] INFO  com.demo.baseutil.Basetest - Enter the value into breath is entered
15:07:39.390 [main] INFO  com.demo.baseutil.Basetest - 1 typed into breath is entered
15:07:39.390 [main] INFO  com.demo.baseutil.Basetest - Validate Click on height value is clickable
15:07:42.616 [main] INFO  com.demo.baseutil.Basetest - Clicked on : Click on height value
15:07:42.616 [main] INFO  com.demo.baseutil.Basetest - Enter the value into height is entered
15:07:43.309 [main] INFO  com.demo.baseutil.Basetest - 1 typed into height is entered
15:07:45.395 [main] INFO  com.demo.baseutil.Basetest - Scroll down successful
15:07:45.395 [main] INFO  com.demo.baseutil.Basetest - Validate Click on checkbox1 is clickable
15:07:48.865 [main] INFO  com.demo.baseutil.Basetest - Clicked on : Click on checkbox1
15:07:58.328 [main] INFO  com.demo.baseutil.Basetest - Scroll down
15:07:58.328 [main] INFO  com.demo.baseutil.Basetest - Validate Click on gln1 is clickable
15:08:01.438 [main] INFO  com.demo.baseutil.Basetest - Clicked on : Click on gln1
15:08:01.486 [main] INFO  com.demo.baseutil.Basetest - Enter the value into gln1 is entered
15:08:02.973 [main] INFO  com.demo.baseutil.Basetest - warehouse typed into gln1 is entered
15:08:06.988 [main] INFO  com.demo.baseutil.Basetest - Validate Click on autosearch is clickable
15:08:12.383 [main] INFO  com.demo.baseutil.Basetest - Clicked on : Click on autosearch
15:08:14.406 [main] INFO  com.demo.baseutil.Basetest - Validate Click on gln2 is clickable
15:08:19.534 [main] INFO  com.demo.baseutil.Basetest - Clicked on : Click on gln2
15:08:19.534 [main] INFO  com.demo.baseutil.Basetest - Enter the value into gln2 is entered
15:08:20.926 [main] INFO  com.demo.baseutil.Basetest - warehouse typed into gln2 is entered
15:08:24.939 [main] INFO  com.demo.baseutil.Basetest - Validate Click on autosearch is clickable
15:08:27.865 [main] INFO  com.demo.baseutil.Basetest - Clicked on : Click on autosearch
15:08:33.120 [main] INFO  com.demo.baseutil.Basetest - Validate Click on gln3 is clickable
15:08:35.723 [main] INFO  com.demo.baseutil.Basetest - Clicked on : Click on gln3
15:08:35.723 [main] INFO  com.demo.baseutil.Basetest - Enter the value into gln3 is entered
15:08:37.310 [main] INFO  com.demo.baseutil.Basetest - warehouse typed into gln3 is entered
15:08:39.322 [main] INFO  com.demo.baseutil.Basetest - Scroll till the scrolldown to table:
15:08:39.530 [main] INFO  com.demo.baseutil.Basetest - Scroll till the scrolldown to table: completed
15:08:41.594 [main] INFO  com.demo.baseutil.Basetest - Validate Click on autosearch is clickable
15:08:44.795 [main] INFO  com.demo.baseutil.Basetest - Clicked on : Click on autosearch
15:08:51.444 [main] INFO  com.demo.baseutil.Basetest - Scroll down
15:08:53.509 [main] INFO  com.demo.baseutil.Basetest - Validate Click on registerproduct is clickable
15:08:57.100 [main] INFO  com.demo.baseutil.Basetest - Clicked on : Click on registerproduct
15:09:26.062 [main] INFO  com.demo.baseutil.Basetest - Browser is closed sucessfuly
15:09:27.457 [main] INFO  com.demo.baseutil.Basetest - Browser is closed sucessfuly
15:10:28.204 [main] INFO  com.demo.baseutil.Basetest - Validate Sign in with FarmtoPlate account is clickable
15:10:30.751 [main] INFO  com.demo.baseutil.Basetest - Clicked on : Sign in with FarmtoPlate account
15:10:30.765 [main] INFO  com.demo.baseutil.Basetest - Url contains farmtoplateapps.io/login
15:10:30.785 [main] INFO  com.demo.baseutil.Basetest - Sign in title matched
15:10:30.786 [main] INFO  com.demo.baseutil.Basetest - UI verified for Sigin page.
15:10:30.786 [main] INFO  com.demo.baseutil.Basetest - Sign in function call
15:10:30.786 [main] INFO  com.demo.baseutil.Basetest - Validate email address field is clicked is clickable
15:10:33.218 [main] INFO  com.demo.baseutil.Basetest - Clicked on : email address field is clicked
15:10:33.218 [main] INFO  com.demo.baseutil.Basetest - Enter the value into Email Id Entered
15:10:33.694 [main] INFO  com.demo.baseutil.Basetest - 139@yopmail.com typed into Email Id Entered
15:10:33.694 [main] INFO  com.demo.baseutil.Basetest - Validate Enter the password is clickable
15:10:36.136 [main] INFO  com.demo.baseutil.Basetest - Clicked on : Enter the password
15:10:36.136 [main] INFO  com.demo.baseutil.Basetest - Enter the value into Password Id Entered
15:10:36.720 [main] INFO  com.demo.baseutil.Basetest - Admin@1234 typed into Password Id Entered
15:10:40.797 [main] INFO  com.demo.baseutil.Basetest - Scroll down
15:10:40.797 [main] INFO  com.demo.baseutil.Basetest - Validate Press the signin button is clickable
15:10:44.965 [main] INFO  com.demo.baseutil.Basetest - Clicked on : Press the signin button
15:10:48.810 [main] INFO  com.demo.baseutil.Basetest - HomePage title  is matched
15:11:06.973 [main] INFO  com.demo.baseutil.Basetest - Scroll down
15:11:08.973 [main] INFO  com.demo.baseutil.Basetest - Validate Products is clicked is clickable
15:11:11.780 [main] INFO  com.demo.baseutil.Basetest - Clicked on : Products is clicked
15:11:16.787 [main] INFO  com.demo.baseutil.Basetest - Validate link share is clicked is clickable
15:11:19.777 [main] INFO  com.demo.baseutil.Basetest - Clicked on : link share is clicked
15:11:21.796 [main] INFO  com.demo.baseutil.Basetest - Validate shared radio is checked is clickable
15:11:24.532 [main] INFO  com.demo.baseutil.Basetest - Clicked on : shared radio is checked
15:11:24.534 [main] INFO  com.demo.baseutil.Basetest - Validate  Product id is checked is clickable
15:11:27.014 [main] INFO  com.demo.baseutil.Basetest - Clicked on :  Product id is checked
15:11:29.022 [main] INFO  com.demo.baseutil.Basetest - Validate prolabel is checked is clickable
15:11:32.303 [main] INFO  com.demo.baseutil.Basetest - Clicked on : prolabel is checked
15:11:34.335 [main] INFO  com.demo.baseutil.Basetest - Validate orgid is checked is clickable
15:11:37.225 [main] INFO  com.demo.baseutil.Basetest - Clicked on : orgid is checked
15:11:39.251 [main] INFO  com.demo.baseutil.Basetest - Validate orglabel is checked is clickable
15:11:42.305 [main] INFO  com.demo.baseutil.Basetest - Clicked on : orglabel is checked
15:11:46.336 [main] INFO  com.demo.baseutil.Basetest - Validate submit is checked is clickable
15:11:50.132 [main] INFO  com.demo.baseutil.Basetest - Clicked on : submit is checked
15:12:04.782 [main] INFO  com.demo.baseutil.Basetest - Browser is closed sucessfuly
15:12:07.444 [main] INFO  com.demo.baseutil.Basetest - Browser is closed sucessfuly
15:13:03.194 [main] INFO  com.demo.baseutil.Basetest - Validate Sign in with FarmtoPlate account is clickable
15:13:05.631 [main] INFO  com.demo.baseutil.Basetest - Clicked on : Sign in with FarmtoPlate account
15:13:05.657 [main] INFO  com.demo.baseutil.Basetest - Url contains farmtoplateapps.io/login
15:13:05.668 [main] INFO  com.demo.baseutil.Basetest - Sign in title matched
15:13:05.668 [main] INFO  com.demo.baseutil.Basetest - UI verified for Sigin page.
15:13:05.669 [main] INFO  com.demo.baseutil.Basetest - Sign in function call
15:13:05.669 [main] INFO  com.demo.baseutil.Basetest - Validate email address field is clicked is clickable
15:13:08.052 [main] INFO  com.demo.baseutil.Basetest - Clicked on : email address field is clicked
15:13:08.052 [main] INFO  com.demo.baseutil.Basetest - Enter the value into Email Id Entered
15:13:08.383 [main] INFO  com.demo.baseutil.Basetest - 139@yopmail.com typed into Email Id Entered
15:13:08.384 [main] INFO  com.demo.baseutil.Basetest - Validate Enter the password is clickable
15:13:10.753 [main] INFO  com.demo.baseutil.Basetest - Clicked on : Enter the password
15:13:10.754 [main] INFO  com.demo.baseutil.Basetest - Enter the value into Password Id Entered
15:13:11.063 [main] INFO  com.demo.baseutil.Basetest - Admin@1234 typed into Password Id Entered
15:13:15.173 [main] INFO  com.demo.baseutil.Basetest - Scroll down
15:13:15.174 [main] INFO  com.demo.baseutil.Basetest - Validate Press the signin button is clickable
15:13:19.283 [main] INFO  com.demo.baseutil.Basetest - Clicked on : Press the signin button
15:13:21.332 [main] INFO  com.demo.baseutil.Basetest - HomePage title  is matched
15:13:35.734 [main] INFO  com.demo.baseutil.Basetest - Scroll down
15:13:37.759 [main] INFO  com.demo.baseutil.Basetest - Validate Process is clicked is clickable
15:13:41.023 [main] INFO  com.demo.baseutil.Basetest - Clicked on : Process is clicked
15:13:46.146 [main] INFO  com.demo.baseutil.Basetest - Validate Process add is clicked is clickable
15:13:50.557 [main] INFO  com.demo.baseutil.Basetest - Clicked on : Process add is clicked
15:13:55.693 [main] INFO  com.demo.baseutil.Basetest - Validate Product id is clicked is clickable
15:13:59.294 [main] INFO  com.demo.baseutil.Basetest - Clicked on : Product id is clicked
15:14:14.282 [main] INFO  com.demo.baseutil.Basetest - Validate Product id is clicked is clickable
15:14:17.194 [main] INFO  com.demo.baseutil.Basetest - Clicked on : Product id is clicked
15:14:19.259 [main] INFO  com.demo.baseutil.Basetest - Validate Product id searchbox is clicked is clickable
15:14:23.567 [main] INFO  com.demo.baseutil.Basetest - Clicked on : Product id searchbox is clicked
15:14:25.600 [main] INFO  com.demo.baseutil.Basetest - Validate outside is clicked is clickable
15:14:28.873 [main] INFO  com.demo.baseutil.Basetest - Clicked on : outside is clicked
15:14:30.907 [main] INFO  com.demo.baseutil.Basetest - Scroll down successful
15:14:30.907 [main] INFO  com.demo.baseutil.Basetest - Validate process name is clicked is clickable
15:14:34.294 [main] INFO  com.demo.baseutil.Basetest - Clicked on : process name is clicked
15:14:36.311 [main] INFO  com.demo.baseutil.Basetest - Enter the value into process name Value is entered
15:14:38.228 [main] INFO  com.demo.baseutil.Basetest - processname typed into process name Value is entered
15:14:44.586 [main] INFO  com.demo.baseutil.Basetest - Scroll down
15:14:46.597 [main] INFO  com.demo.baseutil.Basetest - Validate process loc is clicked is clickable
15:14:50.382 [main] INFO  com.demo.baseutil.Basetest - Clicked on : process loc is clicked
15:14:52.491 [main] INFO  com.demo.baseutil.Basetest - Enter the value into process name Value is entered
15:14:53.416 [main] INFO  com.demo.baseutil.Basetest - 0956265002424 typed into process name Value is entered
15:15:01.429 [main] INFO  com.demo.baseutil.Basetest - Validate process loc is clicked is clickable
15:15:04.559 [main] INFO  com.demo.baseutil.Basetest - Clicked on : process loc is clicked
15:15:09.680 [main] INFO  com.demo.baseutil.Basetest - Validate process type is clicked is clickable
15:15:13.006 [main] INFO  com.demo.baseutil.Basetest - Clicked on : process type is clicked
15:15:15.056 [main] INFO  com.demo.baseutil.Basetest - Scroll down successful
15:15:15.057 [main] INFO  com.demo.baseutil.Basetest - Validate process discomm is clicked is clickable
15:15:19.158 [main] INFO  com.demo.baseutil.Basetest - Clicked on : process discomm is clicked
15:15:25.265 [main] INFO  com.demo.baseutil.Basetest - Scroll down
15:15:25.343 [main] INFO  com.demo.baseutil.Basetest - Validate process add button is clicked is clickable
15:15:28.352 [main] INFO  com.demo.baseutil.Basetest - Clicked on : process add button is clicked
15:15:35.442 [main] INFO  com.demo.baseutil.Basetest - Validate process is clicked is clickable
15:15:38.622 [main] INFO  com.demo.baseutil.Basetest - Clicked on : process is clicked
15:15:40.634 [main] INFO  com.demo.baseutil.Basetest - Validate Process add is clicked is clickable
15:15:44.057 [main] INFO  com.demo.baseutil.Basetest - Clicked on : Process add is clicked
15:15:49.170 [main] INFO  com.demo.baseutil.Basetest - Validate Product id is clicked is clickable
15:15:51.971 [main] INFO  com.demo.baseutil.Basetest - Clicked on : Product id is clicked
15:15:56.726 [main] INFO  com.demo.baseutil.Basetest - Validate Product id is clicked is clickable
15:15:59.889 [main] INFO  com.demo.baseutil.Basetest - Clicked on : Product id is clicked
15:16:01.920 [main] INFO  com.demo.baseutil.Basetest - Validate Product id is clicked is clickable
15:16:04.906 [main] INFO  com.demo.baseutil.Basetest - Clicked on : Product id is clicked
15:16:06.946 [main] INFO  com.demo.baseutil.Basetest - Validate outside is clicked is clickable
15:16:10.656 [main] INFO  com.demo.baseutil.Basetest - Clicked on : outside is clicked
15:16:17.138 [main] INFO  com.demo.baseutil.Basetest - Scroll down
15:16:17.138 [main] INFO  com.demo.baseutil.Basetest - Validate process name is clicked is clickable
15:16:20.136 [main] INFO  com.demo.baseutil.Basetest - Clicked on : process name is clicked
15:16:22.153 [main] INFO  com.demo.baseutil.Basetest - Enter the value into process name Value is entered
15:16:22.629 [main] INFO  com.demo.baseutil.Basetest - processnamenew typed into process name Value is entered
15:16:24.846 [main] INFO  com.demo.baseutil.Basetest - Scroll down successful
15:16:24.846 [main] INFO  com.demo.baseutil.Basetest - Validate process loc is clicked is clickable
15:16:27.859 [main] INFO  com.demo.baseutil.Basetest - Clicked on : process loc is clicked
15:16:29.968 [main] INFO  com.demo.baseutil.Basetest - Enter the value into process name Value is entered
15:16:31.232 [main] INFO  com.demo.baseutil.Basetest - 0956265002424 typed into process name Value is entered
15:16:36.248 [main] INFO  com.demo.baseutil.Basetest - Validate process loc is clicked is clickable
15:16:40.071 [main] INFO  com.demo.baseutil.Basetest - Clicked on : process loc is clicked
15:16:42.075 [main] INFO  com.demo.baseutil.Basetest - Validate process type is clicked is clickable
15:16:45.731 [main] INFO  com.demo.baseutil.Basetest - Clicked on : process type is clicked
15:16:47.874 [main] INFO  com.demo.baseutil.Basetest - Scroll down successful
15:16:47.876 [main] INFO  com.demo.baseutil.Basetest - Validate process trans is clicked is clickable
15:16:50.841 [main] INFO  com.demo.baseutil.Basetest - Clicked on : process trans is clicked
15:16:57.535 [main] INFO  com.demo.baseutil.Basetest - Scroll down
15:16:57.535 [main] INFO  com.demo.baseutil.Basetest - Validate process add button is clicked is clickable
15:17:00.471 [main] INFO  com.demo.baseutil.Basetest - Clicked on : process add button is clicked
15:17:02.997 [main] INFO  com.demo.baseutil.Basetest - Browser is closed sucessfuly
15:17:08.324 [main] INFO  com.demo.baseutil.Basetest - Browser is closed sucessfuly
15:18:06.027 [main] INFO  com.demo.baseutil.Basetest - Validate Sign in with FarmtoPlate account is clickable
15:18:08.441 [main] INFO  com.demo.baseutil.Basetest - Clicked on : Sign in with FarmtoPlate account
15:18:12.169 [main] INFO  com.demo.baseutil.Basetest - Url contains farmtoplateapps.io/login
15:18:12.173 [main] INFO  com.demo.baseutil.Basetest - Sign in title matched
15:18:12.173 [main] INFO  com.demo.baseutil.Basetest - UI verified for Sigin page.
15:18:12.173 [main] INFO  com.demo.baseutil.Basetest - Sign in function call
15:18:12.173 [main] INFO  com.demo.baseutil.Basetest - Validate email address field is clicked is clickable
15:18:15.016 [main] INFO  com.demo.baseutil.Basetest - Clicked on : email address field is clicked
15:18:15.016 [main] INFO  com.demo.baseutil.Basetest - Enter the value into Email Id Entered
15:18:16.820 [main] INFO  com.demo.baseutil.Basetest - 139@yopmail.com typed into Email Id Entered
15:18:16.821 [main] INFO  com.demo.baseutil.Basetest - Validate Enter the password is clickable
15:18:19.807 [main] INFO  com.demo.baseutil.Basetest - Clicked on : Enter the password
15:18:19.807 [main] INFO  com.demo.baseutil.Basetest - Enter the value into Password Id Entered
15:18:20.610 [main] INFO  com.demo.baseutil.Basetest - Admin@1234 typed into Password Id Entered
15:18:24.770 [main] INFO  com.demo.baseutil.Basetest - Scroll down
15:18:24.770 [main] INFO  com.demo.baseutil.Basetest - Validate Press the signin button is clickable
15:18:28.739 [main] INFO  com.demo.baseutil.Basetest - Clicked on : Press the signin button
15:18:32.358 [main] INFO  com.demo.baseutil.Basetest - HomePage title  is matched
15:18:56.437 [main] INFO  com.demo.baseutil.Basetest - Validate Asset & Infrastructure Data is clicked is clickable
15:18:59.240 [main] INFO  com.demo.baseutil.Basetest - Clicked on : Asset & Infrastructure Data is clicked
15:19:01.421 [main] INFO  com.demo.baseutil.Basetest - Validate Assets is clicked is clickable
15:19:06.121 [main] INFO  com.demo.baseutil.Basetest - Clicked on : Assets is clicked
15:19:08.139 [main] INFO  com.demo.baseutil.Basetest - Validate Add new is clicked is clickable
15:19:12.801 [main] INFO  com.demo.baseutil.Basetest - Clicked on : Add new is clicked
15:19:14.935 [main] INFO  com.demo.baseutil.Basetest - Validate Asset type is clicked is clickable
15:19:18.631 [main] INFO  com.demo.baseutil.Basetest - Clicked on : Asset type is clicked
15:19:18.631 [main] INFO  com.demo.baseutil.Basetest - Validate Click on Vehicle Name is clickable
15:19:22.936 [main] INFO  com.demo.baseutil.Basetest - Clicked on : Click on Vehicle Name
15:19:24.988 [main] INFO  com.demo.baseutil.Basetest - Validate container name is clicked is clickable
15:19:28.035 [main] INFO  com.demo.baseutil.Basetest - Clicked on : container name is clicked
15:19:28.037 [main] INFO  com.demo.baseutil.Basetest - Enter the value into enter the container name
15:19:29.516 [main] INFO  com.demo.baseutil.Basetest - container204204 typed into enter the container name
15:19:31.531 [main] INFO  com.demo.baseutil.Basetest - Validate length is clicked is clickable
15:19:33.931 [main] INFO  com.demo.baseutil.Basetest - Clicked on : length is clicked
15:19:36.017 [main] INFO  com.demo.baseutil.Basetest - Enter the value into enter the length
15:19:37.876 [main] INFO  com.demo.baseutil.Basetest - 10 typed into enter the length
15:19:37.876 [main] INFO  com.demo.baseutil.Basetest - Validate breadth is clicked is clickable
15:19:41.184 [main] INFO  com.demo.baseutil.Basetest - Clicked on : breadth is clicked
15:19:41.184 [main] INFO  com.demo.baseutil.Basetest - Enter the value into breath entered
15:19:43.553 [main] INFO  com.demo.baseutil.Basetest - 10 typed into breath entered
15:19:45.564 [main] INFO  com.demo.baseutil.Basetest - Validate height is clicked is clickable
15:19:48.331 [main] INFO  com.demo.baseutil.Basetest - Clicked on : height is clicked
15:19:50.512 [main] INFO  com.demo.baseutil.Basetest - Enter the value into height entered
15:19:51.944 [main] INFO  com.demo.baseutil.Basetest - 20 typed into height entered
15:19:53.962 [main] INFO  com.demo.baseutil.Basetest - Validate dom is clicked is clickable
15:19:57.017 [main] INFO  com.demo.baseutil.Basetest - Clicked on : dom is clicked
15:19:59.030 [main] INFO  com.demo.baseutil.Basetest - Validate ft is clicked is clickable
15:20:02.074 [main] INFO  com.demo.baseutil.Basetest - Clicked on : ft is clicked
15:20:04.097 [main] INFO  com.demo.baseutil.Basetest - Validate wt is clicked is clickable
15:20:09.244 [main] INFO  com.demo.baseutil.Basetest - Clicked on : wt is clicked
15:20:11.381 [main] INFO  com.demo.baseutil.Basetest - Enter the value into weight entered
15:20:12.751 [main] INFO  com.demo.baseutil.Basetest - 1000 typed into weight entered
15:20:14.763 [main] INFO  com.demo.baseutil.Basetest - Validate wtcap is clicked is clickable
15:20:18.397 [main] INFO  com.demo.baseutil.Basetest - Clicked on : wtcap is clicked
15:20:20.499 [main] INFO  com.demo.baseutil.Basetest - Validate tons is clicked is clickable
15:20:23.524 [main] INFO  com.demo.baseutil.Basetest - Clicked on : tons is clicked
15:20:25.670 [main] INFO  com.demo.baseutil.Basetest - Validate Click on Add button is clickable
15:20:29.495 [main] INFO  com.demo.baseutil.Basetest - Clicked on : Click on Add button
15:20:37.546 [main] INFO  com.demo.baseutil.Basetest - Validate transaction is clicked is clickable
15:20:41.259 [main] INFO  com.demo.baseutil.Basetest - Clicked on : transaction is clicked
15:20:46.361 [main] INFO  com.demo.baseutil.Basetest - Validate add new is clicked is clickable
15:20:50.199 [main] INFO  com.demo.baseutil.Basetest - Clicked on : add new is clicked
15:20:55.246 [main] INFO  com.demo.baseutil.Basetest - Validate Product id is clicked is clickable
15:20:58.287 [main] INFO  com.demo.baseutil.Basetest - Clicked on : Product id is clicked
15:21:00.617 [main] INFO  com.demo.baseutil.Basetest - Enter the value into Saved Value is entered
15:21:02.056 [main] INFO  com.demo.baseutil.Basetest - F2PG10000976 typed into Saved Value is entered
15:21:04.067 [main] INFO  com.demo.baseutil.Basetest - Validate Product id is clicked is clickable
15:21:07.147 [main] INFO  com.demo.baseutil.Basetest - Clicked on : Product id is clicked
15:21:09.199 [main] INFO  com.demo.baseutil.Basetest - Validate Product id is clicked is clickable
15:21:12.370 [main] INFO  com.demo.baseutil.Basetest - Clicked on : Product id is clicked
15:21:14.465 [main] INFO  com.demo.baseutil.Basetest - Validate chooseprocess id is clicked is clickable
15:21:17.801 [main] INFO  com.demo.baseutil.Basetest - Clicked on : chooseprocess id is clicked
15:21:19.931 [main] INFO  com.demo.baseutil.Basetest - Enter the value into Harvestiong/commission is entered
15:21:21.365 [main] INFO  com.demo.baseutil.Basetest - Harvesting typed into Harvestiong/commission is entered
15:21:23.368 [main] INFO  com.demo.baseutil.Basetest - Validate chooseprocess id is clicked is clickable
15:21:25.652 [main] INFO  com.demo.baseutil.Basetest - Clicked on : chooseprocess id is clicked
15:21:28.664 [main] INFO  com.demo.baseutil.Basetest - Validate Process commision is selected is clickable
15:21:31.968 [main] INFO  com.demo.baseutil.Basetest - Clicked on : Process commision is selected
15:21:34.076 [main] INFO  com.demo.baseutil.Basetest - Scroll down successful
15:21:34.076 [main] INFO  com.demo.baseutil.Basetest - Validate date is selected is clickable
15:21:38.485 [main] INFO  com.demo.baseutil.Basetest - Clicked on : date is selected
15:21:39.602 [main] INFO  com.demo.baseutil.Basetest - Validate date netx button is clickable
15:21:43.112 [main] INFO  com.demo.baseutil.Basetest - Clicked on : date netx button
15:21:43.112 [main] INFO  com.demo.baseutil.Basetest - Validate date is entered is clickable
15:21:46.275 [main] INFO  com.demo.baseutil.Basetest - Clicked on : date is entered
15:21:48.283 [main] INFO  com.demo.baseutil.Basetest - Validate date is selected is clickable
15:21:51.862 [main] INFO  com.demo.baseutil.Basetest - Clicked on : date is selected
15:21:58.131 [main] INFO  com.demo.baseutil.Basetest - Scroll down
15:21:58.131 [main] INFO  com.demo.baseutil.Basetest - Validate activity is selected is clickable
15:22:02.393 [main] INFO  com.demo.baseutil.Basetest - Clicked on : activity is selected
15:22:02.393 [main] INFO  com.demo.baseutil.Basetest - Enter the value into activity Value is entered
15:22:03.436 [main] INFO  com.demo.baseutil.Basetest - abcd typed into activity Value is entered
15:22:05.462 [main] INFO  com.demo.baseutil.Basetest - Validate packing type dropdown is selected is clickable
15:22:09.201 [main] INFO  com.demo.baseutil.Basetest - Clicked on : packing type dropdown is selected
15:22:09.201 [main] INFO  com.demo.baseutil.Basetest - Validate packing type dropdown is selected is clickable
15:22:13.308 [main] INFO  com.demo.baseutil.Basetest - Clicked on : packing type dropdown is selected
15:22:19.579 [main] INFO  com.demo.baseutil.Basetest - Scroll down
15:22:19.579 [main] INFO  com.demo.baseutil.Basetest - Validate tlc is clicked is clickable
15:22:23.221 [main] INFO  com.demo.baseutil.Basetest - Clicked on : tlc is clicked
15:22:23.221 [main] INFO  com.demo.baseutil.Basetest - Enter the value into Tlc no is entered
15:22:24.979 [main] INFO  com.demo.baseutil.Basetest - 1234567890 typed into Tlc no is entered
15:22:24.979 [main] INFO  com.demo.baseutil.Basetest - Validate location is clicked is clickable
15:22:27.928 [main] INFO  com.demo.baseutil.Basetest - Clicked on : location is clicked
15:22:27.977 [main] INFO  com.demo.baseutil.Basetest - Enter the value into location no is entered
15:22:29.424 [main] INFO  com.demo.baseutil.Basetest - location typed into location no is entered
15:22:29.424 [main] INFO  com.demo.baseutil.Basetest - Validate commodity is clicked is clickable
15:22:33.549 [main] INFO  com.demo.baseutil.Basetest - Clicked on : commodity is clicked
15:22:33.549 [main] INFO  com.demo.baseutil.Basetest - Enter the value into commodity is entered
15:22:34.541 [main] INFO  com.demo.baseutil.Basetest - commodity typed into commodity is entered
15:22:38.804 [main] INFO  com.demo.baseutil.Basetest - Scroll down
15:22:38.804 [main] INFO  com.demo.baseutil.Basetest - Validate filed is clicked is clickable
15:22:41.662 [main] INFO  com.demo.baseutil.Basetest - Clicked on : filed is clicked
15:22:41.676 [main] INFO  com.demo.baseutil.Basetest - Enter the value into filed is entered
15:22:43.378 [main] INFO  com.demo.baseutil.Basetest - filed typed into filed is entered
15:22:43.378 [main] INFO  com.demo.baseutil.Basetest - Validate container is clicked is clickable
15:22:46.858 [main] INFO  com.demo.baseutil.Basetest - Clicked on : container is clicked
15:22:46.936 [main] INFO  com.demo.baseutil.Basetest - Enter the value into filed is entered
15:22:48.172 [main] INFO  com.demo.baseutil.Basetest - container204204 typed into filed is entered
15:22:52.185 [main] INFO  com.demo.baseutil.Basetest - Validate Selected the conatiner is clickable
15:22:55.489 [main] INFO  com.demo.baseutil.Basetest - Clicked on : Selected the conatiner
15:22:56.624 [main] INFO  com.demo.baseutil.Basetest - Validate count sgtin is clicked is clickable
15:22:59.813 [main] INFO  com.demo.baseutil.Basetest - Clicked on : count sgtin is clicked
15:22:59.815 [main] INFO  com.demo.baseutil.Basetest - Enter the value into countsgtin is entered
15:23:01.091 [main] INFO  com.demo.baseutil.Basetest - 123 typed into countsgtin is entered
15:23:01.091 [main] INFO  com.demo.baseutil.Basetest - Validate weightsgtin sgtin is clicked is clickable
15:23:04.303 [main] INFO  com.demo.baseutil.Basetest - Clicked on : weightsgtin sgtin is clicked
15:23:04.304 [main] INFO  com.demo.baseutil.Basetest - Enter the value into weightsgtin is entered
15:23:04.723 [main] INFO  com.demo.baseutil.Basetest - 1234567 typed into weightsgtin is entered
15:23:04.723 [main] INFO  com.demo.baseutil.Basetest - Validate itemsgtin sgtin is clicked is clickable
15:23:09.842 [main] INFO  com.demo.baseutil.Basetest - Clicked on : itemsgtin sgtin is clicked
15:23:09.843 [main] INFO  com.demo.baseutil.Basetest - Validate itemgtin is entered is clickable
15:23:14.198 [main] INFO  com.demo.baseutil.Basetest - Clicked on : itemgtin is entered
15:23:14.200 [main] INFO  com.demo.baseutil.Basetest - Validate document is clicked is clickable
15:23:17.101 [main] INFO  com.demo.baseutil.Basetest - Clicked on : document is clicked
15:23:17.101 [main] INFO  com.demo.baseutil.Basetest - Enter the value into document is entered
15:23:18.069 [main] INFO  com.demo.baseutil.Basetest - 1234567 typed into document is entered
15:23:22.315 [main] INFO  com.demo.baseutil.Basetest - Scroll down
15:23:22.315 [main] INFO  com.demo.baseutil.Basetest - Validate Add Transaction is selected is clickable
15:23:26.073 [main] INFO  com.demo.baseutil.Basetest - Clicked on : Add Transaction is selected
15:23:48.403 [main] INFO  com.demo.baseutil.Basetest - Validate Asset & Infrastructure Data is clicked is clickable
15:23:51.474 [main] INFO  com.demo.baseutil.Basetest - Clicked on : Asset & Infrastructure Data is clicked
15:23:53.482 [main] INFO  com.demo.baseutil.Basetest - Validate Assets is clicked is clickable
15:23:56.597 [main] INFO  com.demo.baseutil.Basetest - Clicked on : Assets is clicked
15:23:58.607 [main] INFO  com.demo.baseutil.Basetest - Validate Add new is clicked is clickable
15:24:01.129 [main] INFO  com.demo.baseutil.Basetest - Clicked on : Add new is clicked
15:24:03.141 [main] INFO  com.demo.baseutil.Basetest - Validate Asset type is clicked is clickable
15:24:05.787 [main] INFO  com.demo.baseutil.Basetest - Clicked on : Asset type is clicked
15:24:05.788 [main] INFO  com.demo.baseutil.Basetest - Validate Click on Vehicle Name is clickable
15:24:08.889 [main] INFO  com.demo.baseutil.Basetest - Clicked on : Click on Vehicle Name
15:24:10.966 [main] INFO  com.demo.baseutil.Basetest - Validate container name is clicked is clickable
15:24:14.245 [main] INFO  com.demo.baseutil.Basetest - Clicked on : container name is clicked
15:24:14.245 [main] INFO  com.demo.baseutil.Basetest - Enter the value into enter the container name
15:24:15.172 [main] INFO  com.demo.baseutil.Basetest - container194194 typed into enter the container name
15:24:17.186 [main] INFO  com.demo.baseutil.Basetest - Validate length is clicked is clickable
15:24:20.921 [main] INFO  com.demo.baseutil.Basetest - Clicked on : length is clicked
15:24:22.968 [main] INFO  com.demo.baseutil.Basetest - Enter the value into enter the length
15:24:24.019 [main] INFO  com.demo.baseutil.Basetest - 10 typed into enter the length
15:24:24.019 [main] INFO  com.demo.baseutil.Basetest - Validate breadth is clicked is clickable
15:24:28.092 [main] INFO  com.demo.baseutil.Basetest - Clicked on : breadth is clicked
15:24:28.092 [main] INFO  com.demo.baseutil.Basetest - Enter the value into breath entered
15:24:28.809 [main] INFO  com.demo.baseutil.Basetest - 10 typed into breath entered
15:24:30.816 [main] INFO  com.demo.baseutil.Basetest - Validate height is clicked is clickable
15:24:33.820 [main] INFO  com.demo.baseutil.Basetest - Clicked on : height is clicked
15:24:35.900 [main] INFO  com.demo.baseutil.Basetest - Enter the value into height entered
15:24:36.614 [main] INFO  com.demo.baseutil.Basetest - 20 typed into height entered
15:24:38.636 [main] INFO  com.demo.baseutil.Basetest - Validate dom is clicked is clickable
15:24:42.021 [main] INFO  com.demo.baseutil.Basetest - Clicked on : dom is clicked
15:24:44.102 [main] INFO  com.demo.baseutil.Basetest - Validate ft is clicked is clickable
15:24:47.811 [main] INFO  com.demo.baseutil.Basetest - Clicked on : ft is clicked
15:24:49.936 [main] INFO  com.demo.baseutil.Basetest - Validate wt is clicked is clickable
15:24:53.332 [main] INFO  com.demo.baseutil.Basetest - Clicked on : wt is clicked
15:24:55.371 [main] INFO  com.demo.baseutil.Basetest - Enter the value into weight entered
15:24:56.846 [main] INFO  com.demo.baseutil.Basetest - 1000 typed into weight entered
15:24:58.879 [main] INFO  com.demo.baseutil.Basetest - Validate wtcap is clicked is clickable
15:25:03.287 [main] INFO  com.demo.baseutil.Basetest - Clicked on : wtcap is clicked
15:25:05.386 [main] INFO  com.demo.baseutil.Basetest - Validate tons is clicked is clickable
15:25:09.170 [main] INFO  com.demo.baseutil.Basetest - Clicked on : tons is clicked
15:25:11.215 [main] INFO  com.demo.baseutil.Basetest - Validate Click on Add button is clickable
15:25:14.741 [main] INFO  com.demo.baseutil.Basetest - Clicked on : Click on Add button
15:25:31.322 [main] INFO  com.demo.baseutil.Basetest - Scroll down
15:25:33.376 [main] INFO  com.demo.baseutil.Basetest - Validate transaction is clicked is clickable
15:25:36.579 [main] INFO  com.demo.baseutil.Basetest - Clicked on : transaction is clicked
15:25:43.598 [main] INFO  com.demo.baseutil.Basetest - Validate productid is selected is clickable
15:25:47.004 [main] INFO  com.demo.baseutil.Basetest - Clicked on : productid is selected
15:25:47.019 [main] INFO  com.demo.baseutil.Basetest - Enter the value into enter the productid
15:25:47.859 [main] INFO  com.demo.baseutil.Basetest - F2PG10000976 typed into enter the productid
15:25:47.861 [main] INFO  com.demo.baseutil.Basetest - Validate productid is selected is clickable
15:25:51.190 [main] INFO  com.demo.baseutil.Basetest - Clicked on : productid is selected
15:25:51.268 [main] INFO  com.demo.baseutil.Basetest - Validate search is selected is clickable
15:25:54.946 [main] INFO  com.demo.baseutil.Basetest - Clicked on : search is selected
15:25:54.946 [main] INFO  com.demo.baseutil.Basetest - Validate search button is clicked is clickable
15:25:58.106 [main] INFO  com.demo.baseutil.Basetest - Clicked on : search button is clicked
15:26:00.413 [main] INFO  com.demo.baseutil.Basetest - Scroll up
15:26:02.488 [main] INFO  com.demo.baseutil.Basetest - Scroll up
15:26:06.547 [main] INFO  com.demo.baseutil.Basetest - Validate transaction is clicked is clickable
15:26:10.232 [main] INFO  com.demo.baseutil.Basetest - Clicked on : transaction is clicked
15:26:15.233 [main] INFO  com.demo.baseutil.Basetest - Validate add new is clicked is clickable
15:26:18.165 [main] INFO  com.demo.baseutil.Basetest - Clicked on : add new is clicked
15:26:23.257 [main] INFO  com.demo.baseutil.Basetest - Validate Product id is clicked is clickable
15:26:26.210 [main] INFO  com.demo.baseutil.Basetest - Clicked on : Product id is clicked
15:26:28.290 [main] INFO  com.demo.baseutil.Basetest - Enter the value into Saved Value is entered
15:26:29.935 [main] INFO  com.demo.baseutil.Basetest - F2PG10000976 typed into Saved Value is entered
15:26:31.937 [main] INFO  com.demo.baseutil.Basetest - Validate Product id is clicked is clickable
15:26:35.076 [main] INFO  com.demo.baseutil.Basetest - Clicked on : Product id is clicked
15:26:37.155 [main] INFO  com.demo.baseutil.Basetest - Validate Product id is clicked is clickable
15:26:40.697 [main] INFO  com.demo.baseutil.Basetest - Clicked on : Product id is clicked
15:26:42.762 [main] INFO  com.demo.baseutil.Basetest - Validate chooseprocess id is clicked is clickable
15:26:46.604 [main] INFO  com.demo.baseutil.Basetest - Clicked on : chooseprocess id is clicked
15:26:48.624 [main] INFO  com.demo.baseutil.Basetest - Enter the value into Packing/aggregation is entered
15:26:49.376 [main] INFO  com.demo.baseutil.Basetest - Packing typed into Packing/aggregation is entered
15:26:51.394 [main] INFO  com.demo.baseutil.Basetest - Validate chooseprocess id is clicked is clickable
15:26:54.544 [main] INFO  com.demo.baseutil.Basetest - Clicked on : chooseprocess id is clicked
15:26:58.828 [main] INFO  com.demo.baseutil.Basetest - Validate Process aggre is selected is clickable
15:27:04.290 [main] INFO  com.demo.baseutil.Basetest - Clicked on : Process aggre is selected
15:27:06.601 [main] INFO  com.demo.baseutil.Basetest - Scroll down successful
15:27:06.601 [main] INFO  com.demo.baseutil.Basetest - Validate org is selected is clickable
15:27:10.642 [main] INFO  com.demo.baseutil.Basetest - Clicked on : org is selected
15:27:12.731 [main] INFO  com.demo.baseutil.Basetest - Enter the value into org value is entered
15:27:13.938 [main] INFO  com.demo.baseutil.Basetest - 178 typed into org value is entered
15:27:18.950 [main] INFO  com.demo.baseutil.Basetest - Validate org is selected is clickable
15:27:22.074 [main] INFO  com.demo.baseutil.Basetest - Clicked on : org is selected
15:27:24.090 [main] INFO  com.demo.baseutil.Basetest - Validate location is selected is clickable
15:27:27.108 [main] INFO  com.demo.baseutil.Basetest - Clicked on : location is selected
15:27:27.108 [main] INFO  com.demo.baseutil.Basetest - Enter the value into location value is entered
15:27:27.928 [main] INFO  com.demo.baseutil.Basetest - test typed into location value is entered
15:27:32.947 [main] INFO  com.demo.baseutil.Basetest - Validate location is selected is clickable
15:27:36.147 [main] INFO  com.demo.baseutil.Basetest - Clicked on : location is selected
15:27:36.173 [main] INFO  com.demo.baseutil.Basetest - Scroll down successful
15:27:36.173 [main] INFO  com.demo.baseutil.Basetest - Validate activity is clicked is clickable
15:27:40.025 [main] INFO  com.demo.baseutil.Basetest - Clicked on : activity is clicked
15:27:42.125 [main] INFO  com.demo.baseutil.Basetest - Enter the value into activity is entered
15:27:43.925 [main] INFO  com.demo.baseutil.Basetest - activity typed into activity is entered
15:27:46.953 [main] INFO  com.demo.baseutil.Basetest - Scroll till the scrolles to lot
15:27:47.642 [main] INFO  com.demo.baseutil.Basetest - Scroll till the scrolles to lot completed
15:27:47.642 [main] INFO  com.demo.baseutil.Basetest - Validate sscc number is copied is clickable
15:27:51.553 [main] INFO  com.demo.baseutil.Basetest - Clicked on : sscc number is copied
15:28:01.358 [main] INFO  com.demo.baseutil.Basetest - Scroll up to the element: The lot is displayed after scroll up completed
15:28:04.360 [main] INFO  com.demo.baseutil.Basetest - Validate lot1 is clicked is clickable
15:28:07.458 [main] INFO  com.demo.baseutil.Basetest - Clicked on : lot1 is clicked
15:28:09.513 [main] INFO  com.demo.baseutil.Basetest - Enter the value into lotvalue is entered
15:28:11.021 [main] INFO  com.demo.baseutil.Basetest - 1691006082410000010 typed into lotvalue is entered
15:28:13.034 [main] INFO  com.demo.baseutil.Basetest - Validate lot arrow is clicked is clickable
15:28:16.127 [main] INFO  com.demo.baseutil.Basetest - Clicked on : lot arrow is clicked
15:28:18.244 [main] INFO  com.demo.baseutil.Basetest - Scroll till the scrolled to packloc
15:28:18.431 [main] INFO  com.demo.baseutil.Basetest - Scroll till the scrolled to packloc completed
15:28:23.785 [main] INFO  com.demo.baseutil.Basetest - Scroll up to the element: The packloc is displayed after scroll up completed
15:28:28.801 [main] INFO  com.demo.baseutil.Basetest - Validate packloc is clicked is clickable
15:28:31.677 [main] INFO  com.demo.baseutil.Basetest - Clicked on : packloc is clicked
15:28:33.731 [main] INFO  com.demo.baseutil.Basetest - Enter the value into packing lot is entered
15:28:34.439 [main] INFO  com.demo.baseutil.Basetest - test typed into packing lot is entered
15:28:38.444 [main] INFO  com.demo.baseutil.Basetest - Validate remarks is clicked is clickable
15:28:40.953 [main] INFO  com.demo.baseutil.Basetest - Clicked on : remarks is clicked
15:28:42.961 [main] INFO  com.demo.baseutil.Basetest - Enter the value into remarks is entered
15:28:43.431 [main] INFO  com.demo.baseutil.Basetest - test typed into remarks is entered
15:28:47.476 [main] INFO  com.demo.baseutil.Basetest - Validate tlcloc is clicked is clickable
15:28:50.921 [main] INFO  com.demo.baseutil.Basetest - Clicked on : tlcloc is clicked
15:28:52.928 [main] INFO  com.demo.baseutil.Basetest - Enter the value into tlcloc is entered
15:28:53.729 [main] INFO  com.demo.baseutil.Basetest - test typed into tlcloc is entered
15:28:57.743 [main] INFO  com.demo.baseutil.Basetest - Scroll till the asset is scroll down
15:28:57.906 [main] INFO  com.demo.baseutil.Basetest - Scroll till the asset is scroll down completed
15:28:59.917 [main] INFO  com.demo.baseutil.Basetest - Validate asset is clicked is clickable
15:29:02.814 [main] INFO  com.demo.baseutil.Basetest - Clicked on : asset is clicked
15:29:04.824 [main] INFO  com.demo.baseutil.Basetest - Enter the value into vehicle is entered
15:29:06.735 [main] INFO  com.demo.baseutil.Basetest - vehicle typed into vehicle is entered
15:29:10.752 [main] INFO  com.demo.baseutil.Basetest - Validate assetsearch is clicked is clickable
15:29:15.040 [main] INFO  com.demo.baseutil.Basetest - Clicked on : assetsearch is clicked
15:29:17.104 [main] INFO  com.demo.baseutil.Basetest - Validate shippingdate is clicked is clickable
15:29:20.200 [main] INFO  com.demo.baseutil.Basetest - Clicked on : shippingdate is clicked
15:29:22.206 [main] INFO  com.demo.baseutil.Basetest - Validate datenext button is clicked is clickable
15:29:25.695 [main] INFO  com.demo.baseutil.Basetest - Clicked on : datenext button is clicked
15:29:27.817 [main] INFO  com.demo.baseutil.Basetest - Validate date is entered is clickable
15:29:33.842 [main] INFO  com.demo.baseutil.Basetest - Clicked on : date is entered
15:29:36.858 [main] INFO  com.demo.baseutil.Basetest - Validate date is selected is clickable
15:29:41.618 [main] INFO  com.demo.baseutil.Basetest - Clicked on : date is selected
15:29:44.631 [main] INFO  com.demo.baseutil.Basetest - Validate deliverydate is clicked is clickable
15:29:48.138 [main] INFO  com.demo.baseutil.Basetest - Clicked on : deliverydate is clicked
15:29:50.156 [main] INFO  com.demo.baseutil.Basetest - Validate datenext button is clicked is clickable
15:29:55.008 [main] INFO  com.demo.baseutil.Basetest - Clicked on : datenext button is clicked
15:29:57.062 [main] INFO  com.demo.baseutil.Basetest - Validate datenext button is clicked is clickable
15:30:00.125 [main] INFO  com.demo.baseutil.Basetest - Clicked on : datenext button is clicked
15:30:03.139 [main] INFO  com.demo.baseutil.Basetest - Validate date is entered is clickable
15:30:06.543 [main] INFO  com.demo.baseutil.Basetest - Clicked on : date is entered
15:30:08.645 [main] INFO  com.demo.baseutil.Basetest - Validate date is selected is clickable
15:30:12.274 [main] INFO  com.demo.baseutil.Basetest - Clicked on : date is selected
15:30:12.368 [main] INFO  com.demo.baseutil.Basetest - Scroll down successful
15:30:12.368 [main] INFO  com.demo.baseutil.Basetest - Validate container is clicked is clickable
15:30:15.320 [main] INFO  com.demo.baseutil.Basetest - Clicked on : container is clicked
15:30:15.320 [main] INFO  com.demo.baseutil.Basetest - Enter the value into container value is entered
15:30:17.298 [main] INFO  com.demo.baseutil.Basetest - container194194 typed into container value is entered
15:30:22.312 [main] INFO  com.demo.baseutil.Basetest - Validate container select is clicked is clickable
15:30:25.253 [main] INFO  com.demo.baseutil.Basetest - Clicked on : container select is clicked
15:30:27.381 [main] INFO  com.demo.baseutil.Basetest - Validate invoice select is clicked is clickable
15:30:30.350 [main] INFO  com.demo.baseutil.Basetest - Clicked on : invoice select is clicked
15:30:30.350 [main] INFO  com.demo.baseutil.Basetest - Enter the value into  invoice value is entered
15:30:30.742 [main] INFO  com.demo.baseutil.Basetest - 123 typed into  invoice value is entered
15:30:32.788 [main] INFO  com.demo.baseutil.Basetest - Validate seal select is clicked is clickable
15:30:35.888 [main] INFO  com.demo.baseutil.Basetest - Clicked on : seal select is clicked
15:30:35.888 [main] INFO  com.demo.baseutil.Basetest - Enter the value into seal value is entered
15:30:36.883 [main] INFO  com.demo.baseutil.Basetest - 123 typed into seal value is entered
15:30:38.910 [main] INFO  com.demo.baseutil.Basetest - Scroll down successful
15:30:40.974 [main] INFO  com.demo.baseutil.Basetest - Validate asn select is clicked is clickable
15:30:44.499 [main] INFO  com.demo.baseutil.Basetest - Clicked on : asn select is clicked
15:30:44.499 [main] INFO  com.demo.baseutil.Basetest - Enter the value into asn value is entered
15:30:45.259 [main] INFO  com.demo.baseutil.Basetest - 6391992777509 typed into asn value is entered
15:30:47.261 [main] INFO  com.demo.baseutil.Basetest - Validate lorry select is clicked is clickable
15:30:51.352 [main] INFO  com.demo.baseutil.Basetest - Clicked on : lorry select is clicked
15:30:51.352 [main] INFO  com.demo.baseutil.Basetest - Enter the value into lorry value is entered
15:30:52.226 [main] INFO  com.demo.baseutil.Basetest - 123 typed into lorry value is entered
15:30:54.330 [main] INFO  com.demo.baseutil.Basetest - Validate purchase is clicked is clickable
15:30:58.027 [main] INFO  com.demo.baseutil.Basetest - Clicked on : purchase is clicked
15:30:58.027 [main] INFO  com.demo.baseutil.Basetest - Enter the value into purchase is entered
15:30:59.300 [main] INFO  com.demo.baseutil.Basetest - 123 typed into purchase is entered
15:30:59.300 [main] INFO  com.demo.baseutil.Basetest - Validate bill is clicked is clickable
15:31:03.398 [main] INFO  com.demo.baseutil.Basetest - Clicked on : bill is clicked
15:31:03.398 [main] INFO  com.demo.baseutil.Basetest - Enter the value into purchase is entered
15:31:04.130 [main] INFO  com.demo.baseutil.Basetest - 12345 typed into purchase is entered
15:31:06.133 [main] INFO  com.demo.baseutil.Basetest - Validate document is clicked is clickable
15:31:08.941 [main] INFO  com.demo.baseutil.Basetest - Clicked on : document is clicked
15:31:08.941 [main] INFO  com.demo.baseutil.Basetest - Enter the value into document is entered
15:31:10.246 [main] INFO  com.demo.baseutil.Basetest - 12345 typed into document is entered
15:31:12.274 [main] INFO  com.demo.baseutil.Basetest - Validate Add Transaction is selected is clickable
15:31:15.599 [main] INFO  com.demo.baseutil.Basetest - Clicked on : Add Transaction is selected
15:31:22.789 [main] INFO  com.demo.baseutil.Basetest - Scroll till the scrolled to transaction
15:31:24.616 [main] INFO  com.demo.baseutil.Basetest - Scroll till the scrolled to transaction completed
15:31:24.616 [main] INFO  com.demo.baseutil.Basetest - Validate transaction is clicked is clickable
15:31:29.249 [main] INFO  com.demo.baseutil.Basetest - Browser is closed sucessfuly
15:31:35.834 [main] INFO  com.demo.baseutil.Basetest - Browser is closed sucessfuly
15:33:00.173 [main] INFO  com.demo.baseutil.Basetest - Validate Sign in with FarmtoPlate account is clickable
15:33:02.520 [main] INFO  com.demo.baseutil.Basetest - Clicked on : Sign in with FarmtoPlate account
15:33:02.528 [main] INFO  com.demo.baseutil.Basetest - Url contains farmtoplateapps.io/login
15:33:02.535 [main] INFO  com.demo.baseutil.Basetest - Sign in title matched
15:33:02.536 [main] INFO  com.demo.baseutil.Basetest - UI verified for Sigin page.
15:33:02.536 [main] INFO  com.demo.baseutil.Basetest - Sign in function call
15:33:02.536 [main] INFO  com.demo.baseutil.Basetest - Validate email address field is clicked is clickable
15:33:04.861 [main] INFO  com.demo.baseutil.Basetest - Clicked on : email address field is clicked
15:33:04.861 [main] INFO  com.demo.baseutil.Basetest - Enter the value into Email Id Entered
15:33:05.139 [main] INFO  com.demo.baseutil.Basetest - 139@yopmail.com typed into Email Id Entered
15:33:05.140 [main] INFO  com.demo.baseutil.Basetest - Validate Enter the password is clickable
15:33:07.405 [main] INFO  com.demo.baseutil.Basetest - Clicked on : Enter the password
15:33:07.405 [main] INFO  com.demo.baseutil.Basetest - Enter the value into Password Id Entered
15:33:07.663 [main] INFO  com.demo.baseutil.Basetest - Admin@1234 typed into Password Id Entered
15:33:12.270 [main] INFO  com.demo.baseutil.Basetest - Scroll down
15:33:12.270 [main] INFO  com.demo.baseutil.Basetest - Validate Press the signin button is clickable
15:33:23.118 [main] INFO  com.demo.baseutil.Basetest - Clicked on : Press the signin button
15:33:25.931 [main] INFO  com.demo.baseutil.Basetest - HomePage title  is matched
15:33:42.210 [main] INFO  com.demo.baseutil.Basetest - Validate User Management is clicked is clickable
15:33:45.679 [main] INFO  com.demo.baseutil.Basetest - Clicked on : User Management is clicked
15:33:47.693 [main] INFO  com.demo.baseutil.Basetest - Validate users is clicked is clickable
15:33:51.397 [main] INFO  com.demo.baseutil.Basetest - Clicked on : users is clicked
15:33:53.413 [main] INFO  com.demo.baseutil.Basetest - Validate Add new is clicked is clickable
15:33:56.176 [main] INFO  com.demo.baseutil.Basetest - Clicked on : Add new is clicked
15:33:58.190 [main] INFO  com.demo.baseutil.Basetest - Validate first name is clicked is clickable
15:34:01.510 [main] INFO  com.demo.baseutil.Basetest - Clicked on : first name is clicked
15:34:03.614 [main] INFO  com.demo.baseutil.Basetest - Enter the value into first name is entered
15:34:04.545 [main] INFO  com.demo.baseutil.Basetest - abc typed into first name is entered
15:34:06.552 [main] INFO  com.demo.baseutil.Basetest - Validate last name is clicked is clickable
15:34:09.288 [main] INFO  com.demo.baseutil.Basetest - Clicked on : last name is clicked
15:34:11.304 [main] INFO  com.demo.baseutil.Basetest - Enter the value into lastname name is entered
15:34:12.929 [main] INFO  com.demo.baseutil.Basetest - abc typed into lastname name is entered
15:34:14.947 [main] INFO  com.demo.baseutil.Basetest - Validate modulename is clicked is clickable
15:34:17.791 [main] INFO  com.demo.baseutil.Basetest - Clicked on : modulename is clicked
15:34:19.913 [main] INFO  com.demo.baseutil.Basetest - Validate module name is clicked is clickable
15:34:24.044 [main] INFO  com.demo.baseutil.Basetest - Clicked on : module name is clicked
15:34:26.187 [main] INFO  com.demo.baseutil.Basetest - Validate assignrole is clicked is clickable
15:34:29.272 [main] INFO  com.demo.baseutil.Basetest - Clicked on : assignrole is clicked
15:34:31.395 [main] INFO  com.demo.baseutil.Basetest - Validate assignitem is clicked is clickable
15:34:34.375 [main] INFO  com.demo.baseutil.Basetest - Clicked on : assignitem is clicked
15:34:36.427 [main] INFO  com.demo.baseutil.Basetest - Validate emailuser is clicked is clickable
15:34:40.720 [main] INFO  com.demo.baseutil.Basetest - Clicked on : emailuser is clicked
15:34:42.741 [main] INFO  com.demo.baseutil.Basetest - Enter the value into eamil is entered
15:34:43.605 [main] INFO  com.demo.baseutil.Basetest - abc260@yopmail.com typed into eamil is entered
15:34:45.614 [main] INFO  com.demo.baseutil.Basetest - Validate countrycode is clicked is clickable
15:34:50.021 [main] INFO  com.demo.baseutil.Basetest - Clicked on : countrycode is clicked
15:34:52.033 [main] INFO  com.demo.baseutil.Basetest - Enter the value into countrycode is entered
15:34:55.616 [main] INFO  com.demo.baseutil.Basetest - +91 typed into countrycode is entered
15:34:59.662 [main] INFO  com.demo.baseutil.Basetest - Validate countrycode select is clicked is clickable
15:35:03.942 [main] INFO  com.demo.baseutil.Basetest - Clicked on : countrycode select is clicked
15:35:06.021 [main] INFO  com.demo.baseutil.Basetest - Validate phnumber is clicked is clickable
15:35:09.262 [main] INFO  com.demo.baseutil.Basetest - Clicked on : phnumber is clicked
15:35:11.345 [main] INFO  com.demo.baseutil.Basetest - Enter the value into phnumber is entered
15:35:12.870 [main] INFO  com.demo.baseutil.Basetest - 4274767726 typed into phnumber is entered
15:35:16.917 [main] INFO  com.demo.baseutil.Basetest - Validate send invite user  is clicked is clickable
15:35:22.657 [main] INFO  com.demo.baseutil.Basetest - Clicked on : send invite user  is clicked
15:35:27.032 [main] INFO  com.demo.baseutil.Basetest - Validate Email address input field is clicked is clickable
15:35:47.219 [main] INFO  com.demo.baseutil.Basetest - Clicked on : Email address input field is clicked
15:35:47.219 [main] INFO  com.demo.baseutil.Basetest - Enter the value into email address is entered
15:35:48.460 [main] INFO  com.demo.baseutil.Basetest - abc260@yopmail.com typed into email address is entered
15:35:48.460 [main] INFO  com.demo.baseutil.Basetest - Validate arrow button is clicked is clickable
15:35:52.807 [main] INFO  com.demo.baseutil.Basetest - Clicked on : arrow button is clicked
15:35:56.336 [main] INFO  com.demo.baseutil.Basetest - Validate first email is clicked is clickable
15:36:00.763 [main] INFO  com.demo.baseutil.Basetest - Clicked on : first email is clicked
15:36:03.011 [main] INFO  com.demo.baseutil.Basetest - Validate email address is clicked is clickable
15:36:06.374 [main] INFO  com.demo.baseutil.Basetest - Clicked on : email address is clicked
15:36:08.870 [main] INFO  com.demo.baseutil.Basetest - Validate pass is clicked is clickable
15:36:14.580 [main] INFO  com.demo.baseutil.Basetest - Clicked on : pass is clicked
15:36:14.580 [main] INFO  com.demo.baseutil.Basetest - Enter the value into Password is entered
15:36:14.924 [main] INFO  com.demo.baseutil.Basetest - Admin@1234 typed into Password is entered
15:36:14.924 [main] INFO  com.demo.baseutil.Basetest - Validate confirm password is clicked is clickable
15:36:17.592 [main] INFO  com.demo.baseutil.Basetest - Clicked on : confirm password is clicked
15:36:17.593 [main] INFO  com.demo.baseutil.Basetest - Enter the value into Confirm Password is entered
15:36:18.424 [main] INFO  com.demo.baseutil.Basetest - Admin@1234 typed into Confirm Password is entered
15:36:20.476 [main] INFO  com.demo.baseutil.Basetest - Scroll down successful
15:36:20.476 [main] INFO  com.demo.baseutil.Basetest - Validate button is clicked is clickable
15:36:24.487 [main] INFO  com.demo.baseutil.Basetest - Clicked on : button is clicked
15:36:26.497 [main] INFO  com.demo.baseutil.Basetest - Validate email address field is clicked is clickable
15:36:30.212 [main] INFO  com.demo.baseutil.Basetest - Clicked on : email address field is clicked
15:36:30.215 [main] INFO  com.demo.baseutil.Basetest - Enter the value into Email Id Entered
15:36:31.863 [main] INFO  com.demo.baseutil.Basetest - abc260@yopmail.com typed into Email Id Entered
15:36:31.870 [main] INFO  com.demo.baseutil.Basetest - Validate Enter the password is clickable
15:36:35.232 [main] INFO  com.demo.baseutil.Basetest - Clicked on : Enter the password
15:36:35.232 [main] INFO  com.demo.baseutil.Basetest - Enter the value into Password Id Entered
15:36:36.019 [main] INFO  com.demo.baseutil.Basetest - Admin@1234 typed into Password Id Entered
15:36:36.032 [main] INFO  com.demo.baseutil.Basetest - Scroll down successful
15:36:36.033 [main] INFO  com.demo.baseutil.Basetest - Validate Press the signin button is clickable
15:36:41.913 [main] INFO  com.demo.baseutil.Basetest - Clicked on : Press the signin button
15:36:45.041 [main] INFO  com.demo.baseutil.Basetest - Scroll down successful
15:36:46.058 [main] INFO  com.demo.baseutil.Basetest - Validate Press the button is clickable
15:36:49.209 [main] INFO  com.demo.baseutil.Basetest - Clicked on : Press the button
15:36:49.247 [main] INFO  com.demo.baseutil.Basetest - Scroll down successful
15:36:49.247 [main] INFO  com.demo.baseutil.Basetest - Validate Press the signin button is clickable
15:36:52.461 [main] INFO  com.demo.baseutil.Basetest - Clicked on : Press the signin button
15:36:54.468 [main] INFO  com.demo.baseutil.Basetest - Validate Press the button is clickable
15:36:57.332 [main] INFO  com.demo.baseutil.Basetest - Clicked on : Press the button
15:36:57.826 [main] INFO  com.demo.baseutil.Basetest - Browser is closed sucessfuly
15:37:00.620 [main] INFO  com.demo.baseutil.Basetest - Browser is closed sucessfuly
15:38:07.900 [main] INFO  com.demo.baseutil.Basetest - Validate Sign in with FarmtoPlate account is clickable
15:38:10.354 [main] INFO  com.demo.baseutil.Basetest - Clicked on : Sign in with FarmtoPlate account
15:38:35.992 [main] INFO  com.demo.baseutil.Basetest - Url contains farmtoplateapps.io/login
15:38:36.001 [main] INFO  com.demo.baseutil.Basetest - Sign in title matched
15:38:36.001 [main] INFO  com.demo.baseutil.Basetest - UI verified for Sigin page.
15:38:36.001 [main] INFO  com.demo.baseutil.Basetest - Sign in function call
15:38:36.001 [main] INFO  com.demo.baseutil.Basetest - Validate email address field is clicked is clickable
15:38:39.338 [main] INFO  com.demo.baseutil.Basetest - Clicked on : email address field is clicked
15:38:39.339 [main] INFO  com.demo.baseutil.Basetest - Enter the value into Email Id Entered
15:38:39.982 [main] INFO  com.demo.baseutil.Basetest - 139@yopmail.com typed into Email Id Entered
15:38:39.982 [main] INFO  com.demo.baseutil.Basetest - Validate Enter the password is clickable
15:38:43.126 [main] INFO  com.demo.baseutil.Basetest - Clicked on : Enter the password
15:38:43.126 [main] INFO  com.demo.baseutil.Basetest - Enter the value into Password Id Entered
15:38:45.409 [main] INFO  com.demo.baseutil.Basetest - Admin@1234 typed into Password Id Entered
15:38:50.437 [main] INFO  com.demo.baseutil.Basetest - Scroll down
15:38:50.437 [main] INFO  com.demo.baseutil.Basetest - Validate Press the signin button is clickable
15:38:53.752 [main] INFO  com.demo.baseutil.Basetest - Clicked on : Press the signin button
15:38:59.025 [main] INFO  com.demo.baseutil.Basetest - HomePage title  is matched
15:39:11.309 [main] INFO  com.demo.baseutil.Basetest - Validate User Management is clicked is clickable
15:39:14.099 [main] INFO  com.demo.baseutil.Basetest - Clicked on : User Management is clicked
15:39:16.102 [main] INFO  com.demo.baseutil.Basetest - Validate roles is clicked is clickable
15:39:19.358 [main] INFO  com.demo.baseutil.Basetest - Clicked on : roles is clicked
15:39:21.371 [main] INFO  com.demo.baseutil.Basetest - Validate Add new is clicked is clickable
15:39:24.643 [main] INFO  com.demo.baseutil.Basetest - Clicked on : Add new is clicked
15:39:29.659 [main] INFO  com.demo.baseutil.Basetest - Validate role name is clicked is clickable
15:39:32.504 [main] INFO  com.demo.baseutil.Basetest - Clicked on : role name is clicked
15:39:34.583 [main] INFO  com.demo.baseutil.Basetest - Enter the value into rolename is entered
15:39:35.541 [main] INFO  com.demo.baseutil.Basetest - rolename561 typed into rolename is entered
15:39:37.555 [main] INFO  com.demo.baseutil.Basetest - Validate roletype is clicked is clickable
15:39:40.645 [main] INFO  com.demo.baseutil.Basetest - Clicked on : roletype is clicked
15:39:42.651 [main] INFO  com.demo.baseutil.Basetest - Validate Admin is clicked is clickable
15:39:45.046 [main] INFO  com.demo.baseutil.Basetest - Clicked on : Admin is clicked
15:39:47.186 [main] INFO  com.demo.baseutil.Basetest - Scroll down successful
15:39:49.219 [main] INFO  com.demo.baseutil.Basetest - Validate modulename is clicked is clickable
15:39:52.521 [main] INFO  com.demo.baseutil.Basetest - Clicked on : modulename is clicked
15:39:54.696 [main] INFO  com.demo.baseutil.Basetest - Validate module name is clicked is clickable
15:39:57.631 [main] INFO  com.demo.baseutil.Basetest - Clicked on : module name is clicked
15:39:59.694 [main] INFO  com.demo.baseutil.Basetest - Validate orgdept is clicked is clickable
15:40:02.900 [main] INFO  com.demo.baseutil.Basetest - Clicked on : orgdept is clicked
15:40:04.905 [main] INFO  com.demo.baseutil.Basetest - Validate orgdeptselect is clicked is clickable
15:40:08.745 [main] INFO  com.demo.baseutil.Basetest - Clicked on : orgdeptselect is clicked
15:40:10.777 [main] INFO  com.demo.baseutil.Basetest - Validate nxtbutton is clicked is clickable
15:40:15.124 [main] INFO  com.demo.baseutil.Basetest - Clicked on : nxtbutton is clicked
15:40:23.212 [main] INFO  com.demo.baseutil.Basetest - Scroll till the nxtbutton1 scrolled
15:40:23.571 [main] INFO  com.demo.baseutil.Basetest - Scroll till the nxtbutton1 scrolled completed
15:40:25.579 [main] INFO  com.demo.baseutil.Basetest - Validate nxtbutton1 is clicked is clickable
15:40:28.547 [main] INFO  com.demo.baseutil.Basetest - Clicked on : nxtbutton1 is clicked
15:40:48.182 [main] INFO  com.demo.baseutil.Basetest - Validate update1 select is clicked is clickable
15:40:50.989 [main] INFO  com.demo.baseutil.Basetest - Clicked on : update1 select is clicked
15:40:53.009 [main] INFO  com.demo.baseutil.Basetest - Validate update2 is clicked is clickable
15:40:56.927 [main] INFO  com.demo.baseutil.Basetest - Clicked on : update2 is clicked
15:41:00.948 [main] INFO  com.demo.baseutil.Basetest - Validate alert1  is clicked is clickable
15:41:04.590 [main] INFO  com.demo.baseutil.Basetest - Clicked on : alert1  is clicked
15:41:06.624 [main] INFO  com.demo.baseutil.Basetest - Validate alert2  is clicked is clickable
15:41:10.112 [main] INFO  com.demo.baseutil.Basetest - Clicked on : alert2  is clicked
15:41:14.242 [main] INFO  com.demo.baseutil.Basetest - Scroll till the submitbtn scrolled
15:41:14.505 [main] INFO  com.demo.baseutil.Basetest - Scroll till the submitbtn scrolled completed
15:41:16.507 [main] INFO  com.demo.baseutil.Basetest - Validate submitbtn is clicked is clickable
15:41:19.471 [main] INFO  com.demo.baseutil.Basetest - Clicked on : submitbtn is clicked
15:41:25.818 [main] INFO  com.demo.baseutil.Basetest - Browser is closed sucessfuly
15:41:26.647 [main] INFO  com.demo.baseutil.Basetest - Browser is closed sucessfuly
15:41:31.139 [main] ERROR com.demo.baseutil.Basetest - Failed to close the Browser
