11:16:09.411 [main] INFO  com.demo.baseutil.Basetest - 
11:16:09.421 [main] INFO  com.demo.baseutil.Basetest - Running locally JavaMail
11:16:09.581 [main] INFO  com.demo.baseutil.Basetest2 - Folder creation for Extent
11:16:09.596 [main] INFO  com.demo.baseutil.Basetest - ExtentDir:-C:\Users\Deepti Jindal\eclipse-workspace2\com.NFR.Trace/reports/Automation Report- 08_16_2024_11_16_09/Report/08_16_2024_11_16_09
11:16:09.717 [main] INFO  com.demo.baseutil.Basetest - Report Initiated
11:16:09.718 [main] INFO  com.demo.baseutil.Basetest - Screenshot folder created
11:16:46.611 [main] INFO  com.demo.baseutil.Basetest - Validate Sign in with FarmtoPlate account is clickable
11:16:49.491 [main] INFO  com.demo.baseutil.Basetest - Clicked on : Sign in with FarmtoPlate account
11:16:49.820 [main] INFO  com.demo.baseutil.Basetest - Url contains farmtoplateapps.io/login
11:16:49.831 [main] INFO  com.demo.baseutil.Basetest - Sign in title matched
11:16:49.831 [main] INFO  com.demo.baseutil.Basetest - UI verified for Sigin page.
11:16:49.831 [main] INFO  com.demo.baseutil.Basetest - Sign in function call
11:16:49.831 [main] INFO  com.demo.baseutil.Basetest - Validate email address field is clicked is clickable
11:16:52.744 [main] INFO  com.demo.baseutil.Basetest - Clicked on : email address field is clicked
11:16:52.745 [main] INFO  com.demo.baseutil.Basetest - Enter the value into Email Id Entered
11:16:53.191 [main] INFO  com.demo.baseutil.Basetest - farmtoplatef2p@paramountsoft.net typed into Email Id Entered
11:16:53.193 [main] INFO  com.demo.baseutil.Basetest - Validate Enter the password is clickable
11:16:55.547 [main] INFO  com.demo.baseutil.Basetest - Clicked on : Enter the password
11:16:55.547 [main] INFO  com.demo.baseutil.Basetest - Enter the value into Password Id Entered
11:16:55.974 [main] INFO  com.demo.baseutil.Basetest - Admin1234 typed into Password Id Entered
11:17:05.081 [main] INFO  com.demo.baseutil.Basetest - Scroll down
11:17:06.095 [main] INFO  com.demo.baseutil.Basetest - Validate Press the signin button is clickable
11:17:09.345 [main] INFO  com.demo.baseutil.Basetest - Clicked on : Press the signin button
11:17:17.358 [main] INFO  com.demo.baseutil.Basetest - HomePage title  is matched
11:17:30.378 [main] INFO  com.demo.baseutil.Basetest - Validate Network Management is clicked is clickable
11:17:32.842 [main] INFO  com.demo.baseutil.Basetest - Clicked on : Network Management is clicked
11:17:36.844 [main] INFO  com.demo.baseutil.Basetest - Validate Add new is clicked is clickable
11:17:39.387 [main] INFO  com.demo.baseutil.Basetest - Clicked on : Add new is clicked
11:17:41.393 [main] INFO  com.demo.baseutil.Basetest - Validate Organisation Name is clicked is clickable
11:17:43.860 [main] INFO  com.demo.baseutil.Basetest - Clicked on : Organisation Name is clicked
11:17:43.865 [main] INFO  com.demo.baseutil.Basetest - Enter the value into Organisation is Entered
11:17:44.182 [main] INFO  com.demo.baseutil.Basetest - tArfuuxW typed into Organisation is Entered
11:17:44.184 [main] INFO  com.demo.baseutil.Basetest - Validate Organisation type is clicked is clickable
11:17:46.542 [main] INFO  com.demo.baseutil.Basetest - Clicked on : Organisation type is clicked
11:17:46.543 [main] INFO  com.demo.baseutil.Basetest - Validate upstream is selected is clickable
11:17:48.975 [main] INFO  com.demo.baseutil.Basetest - Clicked on : upstream is selected
11:17:48.976 [main] INFO  com.demo.baseutil.Basetest - Validate Organisation role is clicked is clickable
11:17:51.359 [main] INFO  com.demo.baseutil.Basetest - Clicked on : Organisation role is clicked
11:17:51.361 [main] INFO  com.demo.baseutil.Basetest - Validate Organisation role is selected is clickable
11:17:53.791 [main] INFO  com.demo.baseutil.Basetest - Clicked on : Organisation role is selected
11:17:53.793 [main] INFO  com.demo.baseutil.Basetest - Validate module is clicked is clickable
11:17:56.159 [main] INFO  com.demo.baseutil.Basetest - Clicked on : module is clicked
11:17:56.159 [main] INFO  com.demo.baseutil.Basetest - Validate module is selected is clickable
11:17:58.561 [main] INFO  com.demo.baseutil.Basetest - Clicked on : module is selected
11:17:58.562 [main] INFO  com.demo.baseutil.Basetest - Validate email field is clicked is clickable
11:18:00.885 [main] INFO  com.demo.baseutil.Basetest - Clicked on : email field is clicked
11:18:00.892 [main] INFO  com.demo.baseutil.Basetest - Enter the value into emailid is Entered
11:18:01.485 [main] INFO  com.demo.baseutil.Basetest - 63401avcyghg@yopmail.com typed into emailid is Entered
11:18:07.551 [main] INFO  com.demo.baseutil.Basetest - Scroll down
11:18:14.562 [main] INFO  com.demo.baseutil.Basetest - Validate Database Type is clicked is clickable
11:18:16.892 [main] INFO  com.demo.baseutil.Basetest - Clicked on : Database Type is clicked
11:18:16.892 [main] INFO  com.demo.baseutil.Basetest - Validate Db is selected is clickable
11:18:19.750 [main] INFO  com.demo.baseutil.Basetest - Clicked on : Db is selected
11:18:21.775 [main] INFO  com.demo.baseutil.Basetest - Scroll down successful
11:18:22.793 [main] INFO  com.demo.baseutil.Basetest - Validate Db is selected is clickable
11:18:25.320 [main] INFO  com.demo.baseutil.Basetest - Clicked on : Db is selected
11:18:27.344 [main] INFO  com.demo.baseutil.Basetest - Validate ordermgmt is selected is clickable
11:18:29.704 [main] INFO  com.demo.baseutil.Basetest - Clicked on : ordermgmt is selected
11:18:29.704 [main] INFO  com.demo.baseutil.Basetest - Validate Soil Dashboard is selected is clickable
11:18:32.003 [main] INFO  com.demo.baseutil.Basetest - Clicked on : Soil Dashboard is selected
11:18:32.003 [main] INFO  com.demo.baseutil.Basetest - Validate Submit Button is clicked is clickable
11:18:34.426 [main] INFO  com.demo.baseutil.Basetest - Clicked on : Submit Button is clicked
11:18:36.863 [main] INFO  com.demo.baseutil.Basetest - Validate Email address input field is clicked is clickable
11:18:40.636 [main] INFO  com.demo.baseutil.Basetest - Clicked on : Email address input field is clicked
11:18:40.636 [main] INFO  com.demo.baseutil.Basetest - Enter the value into email address is entered
11:18:40.961 [main] INFO  com.demo.baseutil.Basetest - 63401avcyghg@yopmail.com typed into email address is entered
11:18:40.962 [main] INFO  com.demo.baseutil.Basetest - Validate arrow button is clicked is clickable
11:18:44.128 [main] INFO  com.demo.baseutil.Basetest - Clicked on : arrow button is clicked
11:18:51.222 [main] INFO  com.demo.baseutil.Basetest - Validate first email is clicked is clickable
11:18:53.808 [main] INFO  com.demo.baseutil.Basetest - Clicked on : first email is clicked
11:18:55.901 [main] INFO  com.demo.baseutil.Basetest - Validate email address is clicked is clickable
11:18:58.388 [main] INFO  com.demo.baseutil.Basetest - Clicked on : email address is clicked
11:19:00.433 [main] INFO  com.demo.baseutil.Basetest - Validate pass is clicked is clickable
11:19:02.770 [main] INFO  com.demo.baseutil.Basetest - Clicked on : pass is clicked
11:19:02.770 [main] INFO  com.demo.baseutil.Basetest - Enter the value into Password is entered
11:19:03.056 [main] INFO  com.demo.baseutil.Basetest - Admin@1234 typed into Password is entered
11:19:03.057 [main] INFO  com.demo.baseutil.Basetest - Validate confirm password is clicked is clickable
11:19:05.354 [main] INFO  com.demo.baseutil.Basetest - Clicked on : confirm password is clicked
11:19:05.354 [main] INFO  com.demo.baseutil.Basetest - Enter the value into Confirm Password is entered
11:19:05.695 [main] INFO  com.demo.baseutil.Basetest - Admin@1234 typed into Confirm Password is entered
11:19:11.780 [main] INFO  com.demo.baseutil.Basetest - Scroll down
11:19:11.780 [main] INFO  com.demo.baseutil.Basetest - Validate button is clicked is clickable
11:19:14.126 [main] INFO  com.demo.baseutil.Basetest - Clicked on : button is clicked
11:19:16.128 [main] INFO  com.demo.baseutil.Basetest - Validate email address field is clicked is clickable
11:19:20.675 [main] INFO  com.demo.baseutil.Basetest - Clicked on : email address field is clicked
11:19:20.676 [main] INFO  com.demo.baseutil.Basetest - Enter the value into Email Id Entered
11:19:21.089 [main] INFO  com.demo.baseutil.Basetest - 63401avcyghg@yopmail.com typed into Email Id Entered
11:19:21.089 [main] INFO  com.demo.baseutil.Basetest - Validate Enter the password is clickable
11:19:23.455 [main] INFO  com.demo.baseutil.Basetest - Clicked on : Enter the password
11:19:23.455 [main] INFO  com.demo.baseutil.Basetest - Enter the value into Password Id Entered
11:19:23.763 [main] INFO  com.demo.baseutil.Basetest - Admin@1234 typed into Password Id Entered
11:19:27.839 [main] INFO  com.demo.baseutil.Basetest - Scroll down
11:19:27.839 [main] INFO  com.demo.baseutil.Basetest - Validate Press the signin button is clickable
11:19:30.659 [main] INFO  com.demo.baseutil.Basetest - Clicked on : Press the signin button
11:19:33.794 [main] INFO  com.demo.baseutil.Basetest - Scroll down successful
11:19:34.798 [main] INFO  com.demo.baseutil.Basetest - Validate Press the button is clickable
11:19:37.123 [main] INFO  com.demo.baseutil.Basetest - Clicked on : Press the button
11:19:37.140 [main] INFO  com.demo.baseutil.Basetest - Scroll down successful
11:19:37.140 [main] INFO  com.demo.baseutil.Basetest - Validate Press the signin button is clickable
11:19:39.471 [main] INFO  com.demo.baseutil.Basetest - Clicked on : Press the signin button
11:19:41.472 [main] INFO  com.demo.baseutil.Basetest - Validate Press the button is clickable
11:19:43.777 [main] INFO  com.demo.baseutil.Basetest - Clicked on : Press the button
11:19:46.791 [main] INFO  com.demo.baseutil.Basetest - Validate Click on First is clickable
11:19:49.221 [main] INFO  com.demo.baseutil.Basetest - Clicked on : Click on First
11:19:49.222 [main] INFO  com.demo.baseutil.Basetest - Enter the value into enter the  First
11:19:49.515 [main] INFO  com.demo.baseutil.Basetest - First typed into enter the  First
11:19:49.516 [main] INFO  com.demo.baseutil.Basetest - Validate Click on last is clickable
11:19:51.836 [main] INFO  com.demo.baseutil.Basetest - Clicked on : Click on last
11:19:51.837 [main] INFO  com.demo.baseutil.Basetest - Enter the value into enter the  Last
11:19:52.070 [main] INFO  com.demo.baseutil.Basetest - Last typed into enter the  Last
11:19:52.070 [main] INFO  com.demo.baseutil.Basetest - Validate Click on dest is clickable
11:19:54.370 [main] INFO  com.demo.baseutil.Basetest - Clicked on : Click on dest
11:19:54.370 [main] INFO  com.demo.baseutil.Basetest - Enter the value into enter the  dest
11:19:54.591 [main] INFO  com.demo.baseutil.Basetest - dest typed into enter the  dest
11:19:54.591 [main] INFO  com.demo.baseutil.Basetest - Validate Click on Submit is clickable
11:19:56.990 [main] INFO  com.demo.baseutil.Basetest - Clicked on : Click on Submit
11:19:56.990 [main] INFO  com.demo.baseutil.Basetest - Validate Click on address is clickable
11:20:00.611 [main] INFO  com.demo.baseutil.Basetest - Clicked on : Click on address
11:20:00.611 [main] INFO  com.demo.baseutil.Basetest - Enter the value into enter the  address
11:20:00.988 [main] INFO  com.demo.baseutil.Basetest - 123 William Street, New York, NY, USA typed into enter the  address
11:20:03.011 [main] INFO  com.demo.baseutil.Basetest - Validate comapny name is clicked is clickable
11:20:05.354 [main] INFO  com.demo.baseutil.Basetest - Clicked on : comapny name is clicked
11:20:05.354 [main] INFO  com.demo.baseutil.Basetest - Validate Click on state is clickable
11:20:07.664 [main] INFO  com.demo.baseutil.Basetest - Clicked on : Click on state
11:20:07.665 [main] INFO  com.demo.baseutil.Basetest - Enter the value into Enetered the state
11:20:07.920 [main] INFO  com.demo.baseutil.Basetest - NY typed into Enetered the state
11:20:07.920 [main] INFO  com.demo.baseutil.Basetest - Validate Click on zip is clickable
11:20:10.251 [main] INFO  com.demo.baseutil.Basetest - Clicked on : Click on zip
11:20:10.251 [main] INFO  com.demo.baseutil.Basetest - Enter the value into Enetred the Zip
11:20:10.504 [main] INFO  com.demo.baseutil.Basetest - 10038-3804 typed into Enetred the Zip
11:20:10.504 [main] INFO  com.demo.baseutil.Basetest - Validate Click on city is clickable
11:20:12.758 [main] INFO  com.demo.baseutil.Basetest - Clicked on : Click on city
11:20:12.758 [main] INFO  com.demo.baseutil.Basetest - Enter the value into Enetered the city
11:20:13.052 [main] INFO  com.demo.baseutil.Basetest - New York typed into Enetered the city
11:20:13.054 [main] INFO  com.demo.baseutil.Basetest - Validate Click on country is clickable
11:20:15.383 [main] INFO  com.demo.baseutil.Basetest - Clicked on : Click on country
11:20:15.384 [main] INFO  com.demo.baseutil.Basetest - Enter the value into Enetered the country
11:20:15.762 [main] INFO  com.demo.baseutil.Basetest - United States typed into Enetered the country
11:20:21.860 [main] INFO  com.demo.baseutil.Basetest - Scroll down
11:20:23.868 [main] INFO  com.demo.baseutil.Basetest - Validate Click on Submit is clickable
11:20:26.257 [main] INFO  com.demo.baseutil.Basetest - Clicked on : Click on Submit
11:20:28.456 [main] INFO  com.demo.baseutil.Basetest - Browser is closed sucessfuly
11:20:30.690 [main] INFO  com.demo.baseutil.Basetest - Browser is closed sucessfuly
11:20:40.040 [main] INFO  com.demo.baseutil.Basetest - Validate Sign in with FarmtoPlate account is clickable
11:20:42.462 [main] INFO  com.demo.baseutil.Basetest - Clicked on : Sign in with FarmtoPlate account
11:20:42.462 [main] INFO  com.demo.baseutil.Basetest - Url contains farmtoplateapps.io/login
11:20:42.478 [main] INFO  com.demo.baseutil.Basetest - Sign in title matched
11:20:42.478 [main] INFO  com.demo.baseutil.Basetest - UI verified for Sigin page.
11:20:42.478 [main] INFO  com.demo.baseutil.Basetest - Sign in function call
11:20:42.478 [main] INFO  com.demo.baseutil.Basetest - Validate email address field is clicked is clickable
11:20:44.893 [main] INFO  com.demo.baseutil.Basetest - Clicked on : email address field is clicked
11:20:44.893 [main] INFO  com.demo.baseutil.Basetest - Enter the value into Email Id Entered
11:20:45.227 [main] INFO  com.demo.baseutil.Basetest - 139@yopmail.com typed into Email Id Entered
11:20:45.227 [main] INFO  com.demo.baseutil.Basetest - Validate Enter the password is clickable
11:20:47.591 [main] INFO  com.demo.baseutil.Basetest - Clicked on : Enter the password
11:20:47.591 [main] INFO  com.demo.baseutil.Basetest - Enter the value into Password Id Entered
11:20:47.893 [main] INFO  com.demo.baseutil.Basetest - Admin@1234 typed into Password Id Entered
11:20:51.973 [main] INFO  com.demo.baseutil.Basetest - Scroll down
11:20:51.973 [main] INFO  com.demo.baseutil.Basetest - Validate Press the signin button is clickable
11:20:54.989 [main] INFO  com.demo.baseutil.Basetest - Clicked on : Press the signin button
11:20:57.108 [main] INFO  com.demo.baseutil.Basetest - HomePage title  is matched
11:21:07.123 [main] INFO  com.demo.baseutil.Basetest - Validate click on dashboard is clickable
11:21:09.545 [main] INFO  com.demo.baseutil.Basetest - Clicked on : click on dashboard
11:21:11.546 [main] INFO  com.demo.baseutil.Basetest - Validate click on organisation network is clickable
11:21:13.935 [main] INFO  com.demo.baseutil.Basetest - Clicked on : click on organisation network
11:21:18.974 [main] INFO  com.demo.baseutil.Basetest - Sign in title matched
11:21:18.974 [main] INFO  com.demo.baseutil.Basetest - UI verified for Organisation network page.
11:21:21.014 [main] INFO  com.demo.baseutil.Basetest - Validate click on product register is clickable
11:21:23.432 [main] INFO  com.demo.baseutil.Basetest - Clicked on : click on product register
11:21:30.496 [main] INFO  com.demo.baseutil.Basetest - Sign in title matched
11:21:30.496 [main] INFO  com.demo.baseutil.Basetest - UI verified for Product page.
11:21:31.545 [main] INFO  com.demo.baseutil.Basetest - Validate click on lots is clickable
11:21:33.970 [main] INFO  com.demo.baseutil.Basetest - Clicked on : click on lots
11:21:40.368 [main] INFO  com.demo.baseutil.Basetest - Browser is closed sucessfuly
11:21:41.390 [main] INFO  com.demo.baseutil.Basetest - Browser is closed sucessfuly
11:21:53.590 [main] INFO  com.demo.baseutil.Basetest - Validate Sign in with FarmtoPlate account is clickable
11:21:56.058 [main] INFO  com.demo.baseutil.Basetest - Clicked on : Sign in with FarmtoPlate account
11:21:56.058 [main] INFO  com.demo.baseutil.Basetest - Url contains farmtoplateapps.io/login
11:21:56.058 [main] INFO  com.demo.baseutil.Basetest - Sign in title matched
11:21:56.058 [main] INFO  com.demo.baseutil.Basetest - UI verified for Sigin page.
11:21:56.058 [main] INFO  com.demo.baseutil.Basetest - Sign in function call
11:21:56.058 [main] INFO  com.demo.baseutil.Basetest - Validate email address field is clicked is clickable
11:21:58.558 [main] INFO  com.demo.baseutil.Basetest - Clicked on : email address field is clicked
11:21:58.558 [main] INFO  com.demo.baseutil.Basetest - Enter the value into Email Id Entered
11:21:58.943 [main] INFO  com.demo.baseutil.Basetest - 139@yopmail.com typed into Email Id Entered
11:21:58.943 [main] INFO  com.demo.baseutil.Basetest - Validate Enter the password is clickable
11:22:01.255 [main] INFO  com.demo.baseutil.Basetest - Clicked on : Enter the password
11:22:01.256 [main] INFO  com.demo.baseutil.Basetest - Enter the value into Password Id Entered
11:22:01.594 [main] INFO  com.demo.baseutil.Basetest - Admin@1234 typed into Password Id Entered
11:22:05.670 [main] INFO  com.demo.baseutil.Basetest - Scroll down
11:22:05.670 [main] INFO  com.demo.baseutil.Basetest - Validate Press the signin button is clickable
11:22:08.551 [main] INFO  com.demo.baseutil.Basetest - Clicked on : Press the signin button
11:22:11.025 [main] INFO  com.demo.baseutil.Basetest - HomePage title  is matched
11:22:21.034 [main] INFO  com.demo.baseutil.Basetest - Validate Network Management is clicked is clickable
11:22:23.520 [main] INFO  com.demo.baseutil.Basetest - Clicked on : Network Management is clicked
11:22:28.529 [main] INFO  com.demo.baseutil.Basetest - Validate Add new is clicked is clickable
11:22:30.948 [main] INFO  com.demo.baseutil.Basetest - Clicked on : Add new is clicked
11:22:32.959 [main] INFO  com.demo.baseutil.Basetest - Validate Organisation Name is clicked is clickable
11:22:35.324 [main] INFO  com.demo.baseutil.Basetest - Clicked on : Organisation Name is clicked
11:22:35.324 [main] INFO  com.demo.baseutil.Basetest - Enter the value into Organisation is Entered
11:22:35.722 [main] INFO  com.demo.baseutil.Basetest - ksskoiqd typed into Organisation is Entered
11:22:35.722 [main] INFO  com.demo.baseutil.Basetest - Validate Organisation type is clicked is clickable
11:22:38.062 [main] INFO  com.demo.baseutil.Basetest - Clicked on : Organisation type is clicked
11:22:38.062 [main] INFO  com.demo.baseutil.Basetest - Validate upstream is selected is clickable
11:22:40.436 [main] INFO  com.demo.baseutil.Basetest - Clicked on : upstream is selected
11:22:40.436 [main] INFO  com.demo.baseutil.Basetest - Validate Organisation role is clicked is clickable
11:22:42.859 [main] INFO  com.demo.baseutil.Basetest - Clicked on : Organisation role is clicked
11:22:42.859 [main] INFO  com.demo.baseutil.Basetest - Validate Organisation role is selected is clickable
11:22:45.331 [main] INFO  com.demo.baseutil.Basetest - Clicked on : Organisation role is selected
11:22:45.331 [main] INFO  com.demo.baseutil.Basetest - Validate module is clicked is clickable
11:22:48.096 [main] INFO  com.demo.baseutil.Basetest - Clicked on : module is clicked
11:22:48.096 [main] INFO  com.demo.baseutil.Basetest - Validate module is selected is clickable
11:22:50.522 [main] INFO  com.demo.baseutil.Basetest - Clicked on : module is selected
11:22:50.522 [main] INFO  com.demo.baseutil.Basetest - Validate email field is clicked is clickable
11:22:53.028 [main] INFO  com.demo.baseutil.Basetest - Clicked on : email field is clicked
11:22:53.028 [main] INFO  com.demo.baseutil.Basetest - Enter the value into emailid is Entered
11:22:53.556 [main] INFO  com.demo.baseutil.Basetest - ujeaprTy153@yopmail.com typed into emailid is Entered
11:22:54.571 [main] INFO  com.demo.baseutil.Basetest - Validate sendinvite button is clicked is clickable
11:22:57.402 [main] INFO  com.demo.baseutil.Basetest - Clicked on : sendinvite button is clicked
11:22:59.419 [main] INFO  com.demo.baseutil.Basetest - Validate submit is selected is clickable
11:23:02.035 [main] INFO  com.demo.baseutil.Basetest - Clicked on : submit is selected
11:23:17.248 [main] INFO  com.demo.baseutil.Basetest - Validate Email address input field is clicked is clickable
11:23:19.738 [main] INFO  com.demo.baseutil.Basetest - Clicked on : Email address input field is clicked
11:23:19.738 [main] INFO  com.demo.baseutil.Basetest - Enter the value into email address is entered
11:23:20.219 [main] INFO  com.demo.baseutil.Basetest - ujeaprTy153@yopmail.com typed into email address is entered
11:23:20.219 [main] INFO  com.demo.baseutil.Basetest - Validate arrow button is clicked is clickable
11:23:23.868 [main] INFO  com.demo.baseutil.Basetest - Clicked on : arrow button is clicked
11:23:26.972 [main] INFO  com.demo.baseutil.Basetest - Validate first email is clicked is clickable
11:23:29.468 [main] INFO  com.demo.baseutil.Basetest - Clicked on : first email is clicked
11:23:31.593 [main] INFO  com.demo.baseutil.Basetest - Validate email address is clicked is clickable
11:23:34.301 [main] INFO  com.demo.baseutil.Basetest - Clicked on : email address is clicked
11:23:36.598 [main] INFO  com.demo.baseutil.Basetest - Validate pass is clicked is clickable
11:23:39.211 [main] INFO  com.demo.baseutil.Basetest - Clicked on : pass is clicked
11:23:39.211 [main] INFO  com.demo.baseutil.Basetest - Enter the value into Password is entered
11:23:39.927 [main] INFO  com.demo.baseutil.Basetest - Admin@1234 typed into Password is entered
11:23:39.927 [main] INFO  com.demo.baseutil.Basetest - Validate confirm password is clicked is clickable
11:23:42.566 [main] INFO  com.demo.baseutil.Basetest - Clicked on : confirm password is clicked
11:23:42.566 [main] INFO  com.demo.baseutil.Basetest - Enter the value into Confirm Password is entered
11:23:43.070 [main] INFO  com.demo.baseutil.Basetest - Admin@1234 typed into Confirm Password is entered
11:23:49.187 [main] INFO  com.demo.baseutil.Basetest - Scroll down
11:23:49.187 [main] INFO  com.demo.baseutil.Basetest - Validate button is clicked is clickable
11:23:51.670 [main] INFO  com.demo.baseutil.Basetest - Clicked on : button is clicked
11:23:53.680 [main] INFO  com.demo.baseutil.Basetest - Validate email address field is clicked is clickable
11:23:56.215 [main] INFO  com.demo.baseutil.Basetest - Clicked on : email address field is clicked
11:23:56.215 [main] INFO  com.demo.baseutil.Basetest - Enter the value into Email Id Entered
11:23:56.767 [main] INFO  com.demo.baseutil.Basetest - ujeaprTy153@yopmail.com typed into Email Id Entered
11:23:56.767 [main] INFO  com.demo.baseutil.Basetest - Validate Enter the password is clickable
11:23:59.331 [main] INFO  com.demo.baseutil.Basetest - Clicked on : Enter the password
11:23:59.331 [main] INFO  com.demo.baseutil.Basetest - Enter the value into Password Id Entered
11:23:59.698 [main] INFO  com.demo.baseutil.Basetest - Admin@1234 typed into Password Id Entered
11:24:03.873 [main] INFO  com.demo.baseutil.Basetest - Scroll down
11:24:03.873 [main] INFO  com.demo.baseutil.Basetest - Validate Press the signin button is clickable
11:24:07.267 [main] INFO  com.demo.baseutil.Basetest - Clicked on : Press the signin button
11:24:13.283 [main] INFO  com.demo.baseutil.Basetest - Validate Press the continue button is clickable
11:24:15.922 [main] INFO  com.demo.baseutil.Basetest - Clicked on : Press the continue button
11:24:15.954 [main] INFO  com.demo.baseutil.Basetest - Scroll down successful
11:24:20.035 [main] INFO  com.demo.baseutil.Basetest - Scroll down
11:24:25.062 [main] INFO  com.demo.baseutil.Basetest - Scroll down successful
11:24:25.062 [main] INFO  com.demo.baseutil.Basetest - Validate Press the signin button is clickable
11:24:27.554 [main] INFO  com.demo.baseutil.Basetest - Clicked on : Press the signin button
11:24:27.554 [main] INFO  com.demo.baseutil.Basetest - Validate Press the button is clickable
11:24:30.100 [main] INFO  com.demo.baseutil.Basetest - Clicked on : Press the button
11:24:30.848 [main] INFO  com.demo.baseutil.Basetest - Browser is closed sucessfuly
11:24:44.409 [main] INFO  com.demo.baseutil.Basetest - Browser is closed sucessfuly
11:25:12.374 [main] INFO  com.demo.baseutil.Basetest - Validate Sign in with FarmtoPlate account is clickable
11:25:15.100 [main] INFO  com.demo.baseutil.Basetest - Clicked on : Sign in with FarmtoPlate account
11:25:15.116 [main] INFO  com.demo.baseutil.Basetest - Url contains farmtoplateapps.io/login
11:25:15.132 [main] INFO  com.demo.baseutil.Basetest - Sign in title matched
11:25:15.132 [main] INFO  com.demo.baseutil.Basetest - UI verified for Sigin page.
11:25:15.132 [main] INFO  com.demo.baseutil.Basetest - Sign in function call
11:25:15.132 [main] INFO  com.demo.baseutil.Basetest - Validate email address field is clicked is clickable
11:25:21.187 [main] INFO  com.demo.baseutil.Basetest - Clicked on : email address field is clicked
11:25:21.187 [main] INFO  com.demo.baseutil.Basetest - Enter the value into Email Id Entered
11:25:21.747 [main] INFO  com.demo.baseutil.Basetest - 139@yopmail.com typed into Email Id Entered
11:25:21.748 [main] INFO  com.demo.baseutil.Basetest - Validate Enter the password is clickable
11:25:24.261 [main] INFO  com.demo.baseutil.Basetest - Clicked on : Enter the password
11:25:24.261 [main] INFO  com.demo.baseutil.Basetest - Enter the value into Password Id Entered
11:25:24.738 [main] INFO  com.demo.baseutil.Basetest - Admin@1234 typed into Password Id Entered
11:25:28.817 [main] INFO  com.demo.baseutil.Basetest - Scroll down
11:25:28.817 [main] INFO  com.demo.baseutil.Basetest - Validate Press the signin button is clickable
11:25:32.518 [main] INFO  com.demo.baseutil.Basetest - Clicked on : Press the signin button
11:25:35.803 [main] INFO  com.demo.baseutil.Basetest - HomePage title  is matched
11:25:47.946 [main] INFO  com.demo.baseutil.Basetest - Validate Asset & Infrastructure Data is clicked is clickable
11:25:50.806 [main] INFO  com.demo.baseutil.Basetest - Clicked on : Asset & Infrastructure Data is clicked
11:25:52.808 [main] INFO  com.demo.baseutil.Basetest - Validate Assets is clicked is clickable
11:25:55.492 [main] INFO  com.demo.baseutil.Basetest - Clicked on : Assets is clicked
11:25:57.497 [main] INFO  com.demo.baseutil.Basetest - Validate Add new is clicked is clickable
11:26:00.080 [main] INFO  com.demo.baseutil.Basetest - Clicked on : Add new is clicked
11:26:02.095 [main] INFO  com.demo.baseutil.Basetest - Validate Asset type is clicked is clickable
11:26:04.503 [main] INFO  com.demo.baseutil.Basetest - Clicked on : Asset type is clicked
11:26:04.503 [main] INFO  com.demo.baseutil.Basetest - Validate vehicle is selected is clickable
11:26:07.006 [main] INFO  com.demo.baseutil.Basetest - Clicked on : vehicle is selected
11:26:07.006 [main] INFO  com.demo.baseutil.Basetest - Validate Click on Vehicle Name is clickable
11:26:09.381 [main] INFO  com.demo.baseutil.Basetest - Clicked on : Click on Vehicle Name
11:26:09.381 [main] INFO  com.demo.baseutil.Basetest - Enter the value into enter the vehicle name
11:26:09.935 [main] INFO  com.demo.baseutil.Basetest - Loading VehicleAUX typed into enter the vehicle name
11:26:09.937 [main] INFO  com.demo.baseutil.Basetest - Validate Click on Vehicle Number is clickable
11:26:12.430 [main] INFO  com.demo.baseutil.Basetest - Clicked on : Click on Vehicle Number
11:26:12.430 [main] INFO  com.demo.baseutil.Basetest - Enter the value into Enter the vehicle number
11:26:12.833 [main] INFO  com.demo.baseutil.Basetest - lnkhIcpK typed into Enter the vehicle number
11:26:12.834 [main] INFO  com.demo.baseutil.Basetest - Validate click the dropdown of carrier is clickable
11:26:15.374 [main] INFO  com.demo.baseutil.Basetest - Clicked on : click the dropdown of carrier
11:26:15.447 [main] INFO  com.demo.baseutil.Basetest - Validate click the tanker is clickable
11:26:18.011 [main] INFO  com.demo.baseutil.Basetest - Clicked on : click the tanker
11:26:18.011 [main] INFO  com.demo.baseutil.Basetest - Validate Click on Make is clickable
11:26:20.638 [main] INFO  com.demo.baseutil.Basetest - Clicked on : Click on Make
11:26:20.638 [main] INFO  com.demo.baseutil.Basetest - Enter the value into enter the make
11:26:20.973 [main] INFO  com.demo.baseutil.Basetest - Mahindra typed into enter the make
11:26:20.974 [main] INFO  com.demo.baseutil.Basetest - Validate Click on Model is clickable
11:26:23.408 [main] INFO  com.demo.baseutil.Basetest - Clicked on : Click on Model
11:26:23.408 [main] INFO  com.demo.baseutil.Basetest - Enter the value into enter the model
11:26:23.752 [main] INFO  com.demo.baseutil.Basetest - XUV typed into enter the model
11:26:23.752 [main] INFO  com.demo.baseutil.Basetest - Validate Click on Model is clickable
11:26:26.213 [main] INFO  com.demo.baseutil.Basetest - Clicked on : Click on Model
11:26:26.213 [main] INFO  com.demo.baseutil.Basetest - Enter the value into enter the model
11:26:26.687 [main] INFO  com.demo.baseutil.Basetest - XUV typed into enter the model
11:26:26.687 [main] INFO  com.demo.baseutil.Basetest - Validate Click on Vehicle Number is clickable
11:26:29.140 [main] INFO  com.demo.baseutil.Basetest - Clicked on : Click on Vehicle Number
11:26:29.140 [main] INFO  com.demo.baseutil.Basetest - Enter the value into Enter the engine number
11:26:29.519 [main] INFO  com.demo.baseutil.Basetest - beSjWBaz typed into Enter the engine number
11:26:29.519 [main] INFO  com.demo.baseutil.Basetest - Validate Click on Class-GVWR is clickable
11:26:32.156 [main] INFO  com.demo.baseutil.Basetest - Clicked on : Click on Class-GVWR
11:26:32.156 [main] INFO  com.demo.baseutil.Basetest - Enter the value into enter the classgvwr
11:26:32.585 [main] INFO  com.demo.baseutil.Basetest - Class I typed into enter the classgvwr
11:26:32.585 [main] INFO  com.demo.baseutil.Basetest - Validate Click on Weight Capacity is clickable
11:26:35.123 [main] INFO  com.demo.baseutil.Basetest - Clicked on : Click on Weight Capacity
11:26:35.123 [main] INFO  com.demo.baseutil.Basetest - Enter the value into enter the weight capacity
11:26:35.554 [main] INFO  com.demo.baseutil.Basetest - 100 typed into enter the weight capacity
11:26:39.628 [main] INFO  com.demo.baseutil.Basetest - Scroll down
11:26:39.659 [main] INFO  com.demo.baseutil.Basetest - Scroll down successful
11:26:39.659 [main] INFO  com.demo.baseutil.Basetest - Validate Click on Add button is clickable
11:26:42.230 [main] INFO  com.demo.baseutil.Basetest - Clicked on : Click on Add button
11:26:43.544 [main] INFO  com.demo.baseutil.Basetest - Browser is closed sucessfuly
11:26:46.796 [main] INFO  com.demo.baseutil.Basetest - Browser is closed sucessfuly
11:26:57.469 [main] INFO  com.demo.baseutil.Basetest - Validate Sign in with FarmtoPlate account is clickable
11:27:00.149 [main] INFO  com.demo.baseutil.Basetest - Clicked on : Sign in with FarmtoPlate account
11:27:00.173 [main] INFO  com.demo.baseutil.Basetest - Url contains farmtoplateapps.io/login
11:27:00.183 [main] INFO  com.demo.baseutil.Basetest - Sign in title matched
11:27:00.183 [main] INFO  com.demo.baseutil.Basetest - UI verified for Sigin page.
11:27:00.183 [main] INFO  com.demo.baseutil.Basetest - Sign in function call
11:27:00.183 [main] INFO  com.demo.baseutil.Basetest - Validate email address field is clicked is clickable
11:27:02.780 [main] INFO  com.demo.baseutil.Basetest - Clicked on : email address field is clicked
11:27:02.781 [main] INFO  com.demo.baseutil.Basetest - Enter the value into Email Id Entered
11:27:03.322 [main] INFO  com.demo.baseutil.Basetest - 139@yopmail.com typed into Email Id Entered
11:27:03.323 [main] INFO  com.demo.baseutil.Basetest - Validate Enter the password is clickable
11:27:05.762 [main] INFO  com.demo.baseutil.Basetest - Clicked on : Enter the password
11:27:05.762 [main] INFO  com.demo.baseutil.Basetest - Enter the value into Password Id Entered
11:27:06.151 [main] INFO  com.demo.baseutil.Basetest - Admin@1234 typed into Password Id Entered
11:27:10.247 [main] INFO  com.demo.baseutil.Basetest - Scroll down
11:27:10.247 [main] INFO  com.demo.baseutil.Basetest - Validate Press the signin button is clickable
11:27:14.167 [main] INFO  com.demo.baseutil.Basetest - Clicked on : Press the signin button
11:27:18.855 [main] INFO  com.demo.baseutil.Basetest - HomePage title  is matched
11:27:31.518 [main] INFO  com.demo.baseutil.Basetest - Validate Asset & Infrastructure Data is clicked is clickable
11:27:34.051 [main] INFO  com.demo.baseutil.Basetest - Clicked on : Asset & Infrastructure Data is clicked
11:27:36.051 [main] INFO  com.demo.baseutil.Basetest - Validate Infra is clicked is clickable
11:27:39.022 [main] INFO  com.demo.baseutil.Basetest - Clicked on : Infra is clicked
11:27:41.026 [main] INFO  com.demo.baseutil.Basetest - Validate Add new is clicked is clickable
11:27:43.427 [main] INFO  com.demo.baseutil.Basetest - Clicked on : Add new is clicked
11:27:45.433 [main] INFO  com.demo.baseutil.Basetest - Validate Click on Location Name is clickable
11:27:47.734 [main] INFO  com.demo.baseutil.Basetest - Clicked on : Click on Location Name
11:27:47.738 [main] INFO  com.demo.baseutil.Basetest - Enter the value into enter the location name
11:27:48.065 [main] INFO  com.demo.baseutil.Basetest - Warehouse B typed into enter the location name
11:27:48.065 [main] INFO  com.demo.baseutil.Basetest - Validate Asset type is clicked is clickable
11:27:50.483 [main] INFO  com.demo.baseutil.Basetest - Clicked on : Asset type is clicked
11:27:50.484 [main] INFO  com.demo.baseutil.Basetest - Validate vehicle is selected is clickable
11:27:52.769 [main] INFO  com.demo.baseutil.Basetest - Clicked on : vehicle is selected
11:27:52.770 [main] INFO  com.demo.baseutil.Basetest - Validate Click on GLN is clickable
11:27:55.093 [main] INFO  com.demo.baseutil.Basetest - Clicked on : Click on GLN
11:27:55.094 [main] INFO  com.demo.baseutil.Basetest - Enter the value into enter the GLN
11:27:55.460 [main] INFO  com.demo.baseutil.Basetest - 3700647820351 typed into enter the GLN
11:27:55.464 [main] INFO  com.demo.baseutil.Basetest - Validate Click on address is clickable
11:27:57.978 [main] INFO  com.demo.baseutil.Basetest - Clicked on : Click on address
11:27:57.979 [main] INFO  com.demo.baseutil.Basetest - Enter the value into enter the  address
11:27:58.816 [main] INFO  com.demo.baseutil.Basetest - Bangalore Palace, Palace Cross Road, Vasanth Nagar, Bengaluru, Karnataka, India typed into enter the  address
11:27:58.817 [main] INFO  com.demo.baseutil.Basetest - Validate Click on state is clickable
11:28:01.379 [main] INFO  com.demo.baseutil.Basetest - Clicked on : Click on state
11:28:01.379 [main] INFO  com.demo.baseutil.Basetest - Enter the value into Enetered the state
11:28:01.718 [main] INFO  com.demo.baseutil.Basetest - KA typed into Enetered the state
11:28:01.720 [main] INFO  com.demo.baseutil.Basetest - Validate Click on city is clickable
11:28:04.093 [main] INFO  com.demo.baseutil.Basetest - Clicked on : Click on city
11:28:04.094 [main] INFO  com.demo.baseutil.Basetest - Enter the value into Enetered the city
11:28:04.497 [main] INFO  com.demo.baseutil.Basetest - Bengaluru typed into Enetered the city
11:28:04.498 [main] INFO  com.demo.baseutil.Basetest - Validate Click on country is clickable
11:28:06.903 [main] INFO  com.demo.baseutil.Basetest - Clicked on : Click on country
11:28:06.905 [main] INFO  com.demo.baseutil.Basetest - Enter the value into Enetered the city
11:28:07.292 [main] INFO  com.demo.baseutil.Basetest - India typed into Enetered the city
11:28:07.292 [main] INFO  com.demo.baseutil.Basetest - Validate Click on zip is clickable
11:28:09.677 [main] INFO  com.demo.baseutil.Basetest - Clicked on : Click on zip
11:28:09.678 [main] INFO  com.demo.baseutil.Basetest - Enter the value into Enetred the Zip
11:28:10.085 [main] INFO  com.demo.baseutil.Basetest - 560052 typed into Enetred the Zip
11:28:14.159 [main] INFO  com.demo.baseutil.Basetest - Scroll down
11:28:14.159 [main] INFO  com.demo.baseutil.Basetest - Validate Click on Add button is clickable
11:28:16.611 [main] INFO  com.demo.baseutil.Basetest - Clicked on : Click on Add button
11:28:17.847 [main] INFO  com.demo.baseutil.Basetest - Browser is closed sucessfuly
11:28:18.985 [main] INFO  com.demo.baseutil.Basetest - Browser is closed sucessfuly
11:28:31.633 [main] INFO  com.demo.baseutil.Basetest - Validate Sign in with FarmtoPlate account is clickable
11:28:34.063 [main] INFO  com.demo.baseutil.Basetest - Clicked on : Sign in with FarmtoPlate account
11:28:34.063 [main] INFO  com.demo.baseutil.Basetest - Url contains farmtoplateapps.io/login
11:28:34.095 [main] INFO  com.demo.baseutil.Basetest - Sign in title matched
11:28:34.095 [main] INFO  com.demo.baseutil.Basetest - UI verified for Sigin page.
11:28:34.095 [main] INFO  com.demo.baseutil.Basetest - Sign in function call
11:28:34.095 [main] INFO  com.demo.baseutil.Basetest - Validate email address field is clicked is clickable
11:28:36.828 [main] INFO  com.demo.baseutil.Basetest - Clicked on : email address field is clicked
11:28:36.829 [main] INFO  com.demo.baseutil.Basetest - Enter the value into Email Id Entered
11:28:37.195 [main] INFO  com.demo.baseutil.Basetest - 139@yopmail.com typed into Email Id Entered
11:28:37.195 [main] INFO  com.demo.baseutil.Basetest - Validate Enter the password is clickable
11:28:39.678 [main] INFO  com.demo.baseutil.Basetest - Clicked on : Enter the password
11:28:39.679 [main] INFO  com.demo.baseutil.Basetest - Enter the value into Password Id Entered
11:28:39.990 [main] INFO  com.demo.baseutil.Basetest - Admin@1234 typed into Password Id Entered
11:28:44.044 [main] INFO  com.demo.baseutil.Basetest - Scroll down
11:28:44.044 [main] INFO  com.demo.baseutil.Basetest - Validate Press the signin button is clickable
11:28:47.336 [main] INFO  com.demo.baseutil.Basetest - Clicked on : Press the signin button
11:28:49.338 [main] INFO  com.demo.baseutil.Basetest - HomePage title  is matched
11:29:01.421 [main] INFO  com.demo.baseutil.Basetest - Validate Asset & Infrastructure Data is clicked is clickable
11:29:03.860 [main] INFO  com.demo.baseutil.Basetest - Clicked on : Asset & Infrastructure Data is clicked
11:29:05.868 [main] INFO  com.demo.baseutil.Basetest - Validate Assets is clicked is clickable
11:29:08.495 [main] INFO  com.demo.baseutil.Basetest - Clicked on : Assets is clicked
11:29:10.502 [main] INFO  com.demo.baseutil.Basetest - Validate Add new is clicked is clickable
11:29:12.988 [main] INFO  com.demo.baseutil.Basetest - Clicked on : Add new is clicked
11:29:15.004 [main] INFO  com.demo.baseutil.Basetest - Validate Asset type is clicked is clickable
11:29:17.320 [main] INFO  com.demo.baseutil.Basetest - Clicked on : Asset type is clicked
11:29:17.320 [main] INFO  com.demo.baseutil.Basetest - Validate Click on Vehicle Name is clickable
11:29:19.648 [main] INFO  com.demo.baseutil.Basetest - Clicked on : Click on Vehicle Name
11:29:21.649 [main] INFO  com.demo.baseutil.Basetest - Validate container name is clicked is clickable
11:29:24.153 [main] INFO  com.demo.baseutil.Basetest - Clicked on : container name is clicked
11:29:24.153 [main] INFO  com.demo.baseutil.Basetest - Enter the value into enter the container name
11:29:24.693 [main] INFO  com.demo.baseutil.Basetest - container549549 typed into enter the container name
11:29:26.716 [main] INFO  com.demo.baseutil.Basetest - Validate length is clicked is clickable
11:29:29.113 [main] INFO  com.demo.baseutil.Basetest - Clicked on : length is clicked
11:29:31.118 [main] INFO  com.demo.baseutil.Basetest - Enter the value into enter the length
11:29:31.397 [main] INFO  com.demo.baseutil.Basetest - 10 typed into enter the length
11:29:31.398 [main] INFO  com.demo.baseutil.Basetest - Validate breadth is clicked is clickable
11:29:33.785 [main] INFO  com.demo.baseutil.Basetest - Clicked on : breadth is clicked
11:29:33.785 [main] INFO  com.demo.baseutil.Basetest - Enter the value into breath entered
11:29:34.060 [main] INFO  com.demo.baseutil.Basetest - 10 typed into breath entered
11:29:36.074 [main] INFO  com.demo.baseutil.Basetest - Validate height is clicked is clickable
11:29:38.469 [main] INFO  com.demo.baseutil.Basetest - Clicked on : height is clicked
11:29:40.476 [main] INFO  com.demo.baseutil.Basetest - Enter the value into height entered
11:29:40.745 [main] INFO  com.demo.baseutil.Basetest - 20 typed into height entered
11:29:42.758 [main] INFO  com.demo.baseutil.Basetest - Validate dom is clicked is clickable
11:29:45.167 [main] INFO  com.demo.baseutil.Basetest - Clicked on : dom is clicked
11:29:47.183 [main] INFO  com.demo.baseutil.Basetest - Validate ft is clicked is clickable
11:29:49.513 [main] INFO  com.demo.baseutil.Basetest - Clicked on : ft is clicked
11:29:51.514 [main] INFO  com.demo.baseutil.Basetest - Validate wt is clicked is clickable
11:29:53.922 [main] INFO  com.demo.baseutil.Basetest - Clicked on : wt is clicked
11:29:55.939 [main] INFO  com.demo.baseutil.Basetest - Enter the value into weight entered
11:29:56.287 [main] INFO  com.demo.baseutil.Basetest - 1000 typed into weight entered
11:29:58.300 [main] INFO  com.demo.baseutil.Basetest - Validate wtcap is clicked is clickable
11:30:00.771 [main] INFO  com.demo.baseutil.Basetest - Clicked on : wtcap is clicked
11:30:02.787 [main] INFO  com.demo.baseutil.Basetest - Validate tons is clicked is clickable
11:30:05.054 [main] INFO  com.demo.baseutil.Basetest - Clicked on : tons is clicked
11:30:07.056 [main] INFO  com.demo.baseutil.Basetest - Validate Click on Add button is clickable
11:30:09.400 [main] INFO  com.demo.baseutil.Basetest - Clicked on : Click on Add button
11:30:15.571 [main] INFO  com.demo.baseutil.Basetest - Browser is closed sucessfuly
11:30:17.730 [main] INFO  com.demo.baseutil.Basetest - Browser is closed sucessfuly
11:30:33.128 [main] INFO  com.demo.baseutil.Basetest - Validate Sign in with FarmtoPlate account is clickable
11:30:35.573 [main] INFO  com.demo.baseutil.Basetest - Clicked on : Sign in with FarmtoPlate account
11:30:35.573 [main] INFO  com.demo.baseutil.Basetest - Url contains farmtoplateapps.io/login
11:30:35.589 [main] INFO  com.demo.baseutil.Basetest - Sign in title matched
11:30:35.589 [main] INFO  com.demo.baseutil.Basetest - UI verified for Sigin page.
11:30:35.589 [main] INFO  com.demo.baseutil.Basetest - Sign in function call
11:30:35.589 [main] INFO  com.demo.baseutil.Basetest - Validate email address field is clicked is clickable
11:30:37.976 [main] INFO  com.demo.baseutil.Basetest - Clicked on : email address field is clicked
11:30:37.977 [main] INFO  com.demo.baseutil.Basetest - Enter the value into Email Id Entered
11:30:38.308 [main] INFO  com.demo.baseutil.Basetest - 139@yopmail.com typed into Email Id Entered
11:30:38.309 [main] INFO  com.demo.baseutil.Basetest - Validate Enter the password is clickable
11:30:40.641 [main] INFO  com.demo.baseutil.Basetest - Clicked on : Enter the password
11:30:40.641 [main] INFO  com.demo.baseutil.Basetest - Enter the value into Password Id Entered
11:30:40.930 [main] INFO  com.demo.baseutil.Basetest - Admin@1234 typed into Password Id Entered
11:30:44.991 [main] INFO  com.demo.baseutil.Basetest - Scroll down
11:30:44.991 [main] INFO  com.demo.baseutil.Basetest - Validate Press the signin button is clickable
11:30:48.226 [main] INFO  com.demo.baseutil.Basetest - Clicked on : Press the signin button
11:30:50.235 [main] INFO  com.demo.baseutil.Basetest - HomePage title  is matched
11:31:06.326 [main] INFO  com.demo.baseutil.Basetest - Validate User Management is clicked is clickable
11:31:08.704 [main] INFO  com.demo.baseutil.Basetest - Clicked on : User Management is clicked
11:31:10.705 [main] INFO  com.demo.baseutil.Basetest - Validate users is clicked is clickable
11:31:13.192 [main] INFO  com.demo.baseutil.Basetest - Clicked on : users is clicked
11:31:15.194 [main] INFO  com.demo.baseutil.Basetest - Validate Add new is clicked is clickable
11:31:17.731 [main] INFO  com.demo.baseutil.Basetest - Clicked on : Add new is clicked
11:31:19.743 [main] INFO  com.demo.baseutil.Basetest - Validate first name is clicked is clickable
11:31:22.103 [main] INFO  com.demo.baseutil.Basetest - Clicked on : first name is clicked
11:31:24.106 [main] INFO  com.demo.baseutil.Basetest - Enter the value into first name is entered
11:31:24.335 [main] INFO  com.demo.baseutil.Basetest - abc typed into first name is entered
11:31:26.340 [main] INFO  com.demo.baseutil.Basetest - Validate last name is clicked is clickable
11:31:28.707 [main] INFO  com.demo.baseutil.Basetest - Clicked on : last name is clicked
11:31:30.713 [main] INFO  com.demo.baseutil.Basetest - Enter the value into lastname name is entered
11:31:30.991 [main] INFO  com.demo.baseutil.Basetest - abc typed into lastname name is entered
11:31:33.001 [main] INFO  com.demo.baseutil.Basetest - Validate modulename is clicked is clickable
11:31:35.438 [main] INFO  com.demo.baseutil.Basetest - Clicked on : modulename is clicked
11:31:37.441 [main] INFO  com.demo.baseutil.Basetest - Validate module name is clicked is clickable
11:31:39.944 [main] INFO  com.demo.baseutil.Basetest - Clicked on : module name is clicked
11:31:41.959 [main] INFO  com.demo.baseutil.Basetest - Validate assignrole is clicked is clickable
11:31:44.307 [main] INFO  com.demo.baseutil.Basetest - Clicked on : assignrole is clicked
11:31:46.323 [main] INFO  com.demo.baseutil.Basetest - Validate assignitem is clicked is clickable
11:31:48.619 [main] INFO  com.demo.baseutil.Basetest - Clicked on : assignitem is clicked
11:31:50.632 [main] INFO  com.demo.baseutil.Basetest - Validate emailuser is clicked is clickable
11:31:53.039 [main] INFO  com.demo.baseutil.Basetest - Clicked on : emailuser is clicked
11:31:55.046 [main] INFO  com.demo.baseutil.Basetest - Enter the value into eamil is entered
11:31:55.495 [main] INFO  com.demo.baseutil.Basetest - abc353@yopmail.com typed into eamil is entered
11:31:57.507 [main] INFO  com.demo.baseutil.Basetest - Validate countrycode is clicked is clickable
11:32:00.069 [main] INFO  com.demo.baseutil.Basetest - Clicked on : countrycode is clicked
11:32:02.079 [main] INFO  com.demo.baseutil.Basetest - Enter the value into countrycode is entered
11:32:02.496 [main] INFO  com.demo.baseutil.Basetest - +91 typed into countrycode is entered
11:32:06.510 [main] INFO  com.demo.baseutil.Basetest - Validate countrycode select is clicked is clickable
11:32:08.988 [main] INFO  com.demo.baseutil.Basetest - Clicked on : countrycode select is clicked
11:32:10.989 [main] INFO  com.demo.baseutil.Basetest - Validate phnumber is clicked is clickable
11:32:13.498 [main] INFO  com.demo.baseutil.Basetest - Clicked on : phnumber is clicked
11:32:15.498 [main] INFO  com.demo.baseutil.Basetest - Enter the value into phnumber is entered
11:32:15.950 [main] INFO  com.demo.baseutil.Basetest - 4365168207 typed into phnumber is entered
11:32:19.960 [main] INFO  com.demo.baseutil.Basetest - Validate send invite user  is clicked is clickable
11:32:22.518 [main] INFO  com.demo.baseutil.Basetest - Clicked on : send invite user  is clicked
11:32:26.717 [main] INFO  com.demo.baseutil.Basetest - Validate Email address input field is clicked is clickable
11:32:30.697 [main] INFO  com.demo.baseutil.Basetest - Clicked on : Email address input field is clicked
11:32:30.697 [main] INFO  com.demo.baseutil.Basetest - Enter the value into email address is entered
11:32:31.139 [main] INFO  com.demo.baseutil.Basetest - abc353@yopmail.com typed into email address is entered
11:32:31.157 [main] INFO  com.demo.baseutil.Basetest - Validate arrow button is clicked is clickable
11:32:34.270 [main] INFO  com.demo.baseutil.Basetest - Clicked on : arrow button is clicked
11:32:37.568 [main] INFO  com.demo.baseutil.Basetest - Validate first email is clicked is clickable
11:32:40.203 [main] INFO  com.demo.baseutil.Basetest - Clicked on : first email is clicked
11:32:42.426 [main] INFO  com.demo.baseutil.Basetest - Validate email address is clicked is clickable
11:32:45.687 [main] INFO  com.demo.baseutil.Basetest - Clicked on : email address is clicked
11:32:47.963 [main] INFO  com.demo.baseutil.Basetest - Validate pass is clicked is clickable
11:32:52.184 [main] INFO  com.demo.baseutil.Basetest - Clicked on : pass is clicked
11:32:52.185 [main] INFO  com.demo.baseutil.Basetest - Enter the value into Password is entered
11:32:52.766 [main] INFO  com.demo.baseutil.Basetest - Admin@1234 typed into Password is entered
11:32:52.768 [main] INFO  com.demo.baseutil.Basetest - Validate confirm password is clicked is clickable
11:32:55.839 [main] INFO  com.demo.baseutil.Basetest - Clicked on : confirm password is clicked
11:32:55.840 [main] INFO  com.demo.baseutil.Basetest - Enter the value into Confirm Password is entered
11:32:56.333 [main] INFO  com.demo.baseutil.Basetest - Admin@1234 typed into Confirm Password is entered
11:32:58.428 [main] INFO  com.demo.baseutil.Basetest - Scroll down successful
11:32:58.429 [main] INFO  com.demo.baseutil.Basetest - Validate button is clicked is clickable
11:33:01.238 [main] INFO  com.demo.baseutil.Basetest - Clicked on : button is clicked
11:33:03.240 [main] INFO  com.demo.baseutil.Basetest - Validate email address field is clicked is clickable
11:33:05.770 [main] INFO  com.demo.baseutil.Basetest - Clicked on : email address field is clicked
11:33:05.770 [main] INFO  com.demo.baseutil.Basetest - Enter the value into Email Id Entered
11:33:06.800 [main] INFO  com.demo.baseutil.Basetest - abc353@yopmail.com typed into Email Id Entered
11:33:06.803 [main] INFO  com.demo.baseutil.Basetest - Validate Enter the password is clickable
11:33:09.705 [main] INFO  com.demo.baseutil.Basetest - Clicked on : Enter the password
11:33:09.723 [main] INFO  com.demo.baseutil.Basetest - Enter the value into Password Id Entered
11:33:10.164 [main] INFO  com.demo.baseutil.Basetest - Admin@1234 typed into Password Id Entered
11:33:10.190 [main] INFO  com.demo.baseutil.Basetest - Scroll down successful
11:33:10.191 [main] INFO  com.demo.baseutil.Basetest - Validate Press the signin button is clickable
11:33:14.349 [main] INFO  com.demo.baseutil.Basetest - Clicked on : Press the signin button
11:33:19.785 [main] INFO  com.demo.baseutil.Basetest - Scroll down successful
11:33:20.797 [main] INFO  com.demo.baseutil.Basetest - Validate Press the button is clickable
11:33:25.320 [main] INFO  com.demo.baseutil.Basetest - Browser is closed sucessfuly
11:33:28.794 [main] INFO  com.demo.baseutil.Basetest - Browser is closed sucessfuly
11:33:49.530 [main] INFO  com.demo.baseutil.Basetest - Validate Sign in with FarmtoPlate account is clickable
11:33:52.807 [main] INFO  com.demo.baseutil.Basetest - Clicked on : Sign in with FarmtoPlate account
11:33:52.836 [main] INFO  com.demo.baseutil.Basetest - Url contains farmtoplateapps.io/login
11:33:52.850 [main] INFO  com.demo.baseutil.Basetest - Sign in title matched
11:33:52.850 [main] INFO  com.demo.baseutil.Basetest - UI verified for Sigin page.
11:33:52.850 [main] INFO  com.demo.baseutil.Basetest - Sign in function call
11:33:52.850 [main] INFO  com.demo.baseutil.Basetest - Validate email address field is clicked is clickable
11:33:55.396 [main] INFO  com.demo.baseutil.Basetest - Clicked on : email address field is clicked
11:33:55.400 [main] INFO  com.demo.baseutil.Basetest - Enter the value into Email Id Entered
11:33:56.492 [main] INFO  com.demo.baseutil.Basetest - 139@yopmail.com typed into Email Id Entered
11:33:56.492 [main] INFO  com.demo.baseutil.Basetest - Validate Enter the password is clickable
11:33:59.647 [main] INFO  com.demo.baseutil.Basetest - Clicked on : Enter the password
11:33:59.647 [main] INFO  com.demo.baseutil.Basetest - Enter the value into Password Id Entered
11:34:00.155 [main] INFO  com.demo.baseutil.Basetest - Admin@1234 typed into Password Id Entered
11:34:04.258 [main] INFO  com.demo.baseutil.Basetest - Scroll down
11:34:04.258 [main] INFO  com.demo.baseutil.Basetest - Validate Press the signin button is clickable
11:34:09.504 [main] INFO  com.demo.baseutil.Basetest - Clicked on : Press the signin button
11:34:12.357 [main] INFO  com.demo.baseutil.Basetest - HomePage title  is matched
11:34:24.494 [main] INFO  com.demo.baseutil.Basetest - Validate User Management is clicked is clickable
11:34:27.200 [main] INFO  com.demo.baseutil.Basetest - Clicked on : User Management is clicked
11:34:29.206 [main] INFO  com.demo.baseutil.Basetest - Validate roles is clicked is clickable
11:34:32.200 [main] INFO  com.demo.baseutil.Basetest - Clicked on : roles is clicked
11:34:34.213 [main] INFO  com.demo.baseutil.Basetest - Validate Add new is clicked is clickable
11:34:37.063 [main] INFO  com.demo.baseutil.Basetest - Clicked on : Add new is clicked
11:34:42.078 [main] INFO  com.demo.baseutil.Basetest - Validate role name is clicked is clickable
11:34:44.644 [main] INFO  com.demo.baseutil.Basetest - Clicked on : role name is clicked
11:34:46.656 [main] INFO  com.demo.baseutil.Basetest - Enter the value into rolename is entered
11:34:47.164 [main] INFO  com.demo.baseutil.Basetest - rolename376 typed into rolename is entered
11:34:49.174 [main] INFO  com.demo.baseutil.Basetest - Validate roletype is clicked is clickable
11:34:52.115 [main] INFO  com.demo.baseutil.Basetest - Clicked on : roletype is clicked
11:34:54.125 [main] INFO  com.demo.baseutil.Basetest - Validate Admin is clicked is clickable
11:34:56.724 [main] INFO  com.demo.baseutil.Basetest - Clicked on : Admin is clicked
11:34:58.780 [main] INFO  com.demo.baseutil.Basetest - Scroll down successful
11:35:00.793 [main] INFO  com.demo.baseutil.Basetest - Validate modulename is clicked is clickable
11:35:03.357 [main] INFO  com.demo.baseutil.Basetest - Clicked on : modulename is clicked
11:35:05.367 [main] INFO  com.demo.baseutil.Basetest - Validate module name is clicked is clickable
11:35:08.059 [main] INFO  com.demo.baseutil.Basetest - Clicked on : module name is clicked
11:35:10.748 [main] INFO  com.demo.baseutil.Basetest - Validate orgdept is clicked is clickable
11:35:17.679 [main] INFO  com.demo.baseutil.Basetest - Clicked on : orgdept is clicked
11:35:19.688 [main] INFO  com.demo.baseutil.Basetest - Validate orgdeptselect is clicked is clickable
11:35:22.278 [main] INFO  com.demo.baseutil.Basetest - Clicked on : orgdeptselect is clicked
11:35:24.281 [main] INFO  com.demo.baseutil.Basetest - Validate nxtbutton is clicked is clickable
11:35:27.010 [main] INFO  com.demo.baseutil.Basetest - Clicked on : nxtbutton is clicked
11:35:35.029 [main] INFO  com.demo.baseutil.Basetest - Scroll till the nxtbutton1 scrolled
11:36:06.134 [main] ERROR com.demo.baseutil.Basetest - Scroll till the nxtbutton1 scrolled failed
11:36:08.142 [main] INFO  com.demo.baseutil.Basetest - Validate nxtbutton1 is clicked is clickable
11:36:38.848 [main] ERROR com.demo.baseutil.Basetest - nxtbutton1 is clicked is not clickable
11:36:38.851 [main] ERROR com.demo.baseutil.Basetest - Unable to click on nxtbutton1 is clicked
11:37:10.484 [main] INFO  com.demo.baseutil.Basetest - Browser is closed sucessfuly
11:37:12.622 [main] INFO  com.demo.baseutil.Basetest - Browser is closed sucessfuly
11:37:32.016 [main] INFO  com.demo.baseutil.Basetest - Validate Sign in with FarmtoPlate account is clickable
11:37:34.911 [main] INFO  com.demo.baseutil.Basetest - Clicked on : Sign in with FarmtoPlate account
11:37:34.930 [main] INFO  com.demo.baseutil.Basetest - Url contains farmtoplateapps.io/login
11:37:34.951 [main] INFO  com.demo.baseutil.Basetest - Sign in title matched
11:37:34.952 [main] INFO  com.demo.baseutil.Basetest - UI verified for Sigin page.
11:37:34.953 [main] INFO  com.demo.baseutil.Basetest - Sign in function call
11:37:34.953 [main] INFO  com.demo.baseutil.Basetest - Validate email address field is clicked is clickable
11:37:37.529 [main] INFO  com.demo.baseutil.Basetest - Clicked on : email address field is clicked
11:37:37.530 [main] INFO  com.demo.baseutil.Basetest - Enter the value into Email Id Entered
11:37:38.250 [main] INFO  com.demo.baseutil.Basetest - 139@yopmail.com typed into Email Id Entered
11:37:38.250 [main] INFO  com.demo.baseutil.Basetest - Validate Enter the password is clickable
11:37:41.031 [main] INFO  com.demo.baseutil.Basetest - Clicked on : Enter the password
11:37:41.031 [main] INFO  com.demo.baseutil.Basetest - Enter the value into Password Id Entered
11:37:41.824 [main] INFO  com.demo.baseutil.Basetest - Admin@1234 typed into Password Id Entered
11:37:45.989 [main] INFO  com.demo.baseutil.Basetest - Scroll down
11:37:45.990 [main] INFO  com.demo.baseutil.Basetest - Validate Press the signin button is clickable
11:37:50.921 [main] INFO  com.demo.baseutil.Basetest - Clicked on : Press the signin button
11:37:58.248 [main] INFO  com.demo.baseutil.Basetest - HomePage title  is matched
11:38:12.413 [main] INFO  com.demo.baseutil.Basetest - Scroll down
11:38:14.423 [main] INFO  com.demo.baseutil.Basetest - Validate Products is clicked is clickable
11:38:17.829 [main] INFO  com.demo.baseutil.Basetest - Clicked on : Products is clicked
11:38:22.831 [main] INFO  com.demo.baseutil.Basetest - Validate Add new is clicked is clickable
11:38:25.782 [main] INFO  com.demo.baseutil.Basetest - Clicked on : Add new is clicked
11:38:27.787 [main] INFO  com.demo.baseutil.Basetest - Validate Click on productcategory is clickable
11:38:30.569 [main] INFO  com.demo.baseutil.Basetest - Clicked on : Click on productcategory
11:38:30.570 [main] INFO  com.demo.baseutil.Basetest - Validate productbasedfood is clicked is clickable
11:38:33.472 [main] INFO  com.demo.baseutil.Basetest - Clicked on : productbasedfood is clicked
11:38:33.473 [main] INFO  com.demo.baseutil.Basetest - Validate product name is selected is clickable
11:38:36.412 [main] INFO  com.demo.baseutil.Basetest - Clicked on : product name is selected
11:38:36.414 [main] INFO  com.demo.baseutil.Basetest - Enter the value into enter the product
11:38:37.550 [main] INFO  com.demo.baseutil.Basetest - wheat74714129543296979 typed into enter the product
11:38:37.554 [main] INFO  com.demo.baseutil.Basetest - Validate Click on productid is clickable
11:38:40.381 [main] INFO  com.demo.baseutil.Basetest - Clicked on : Click on productid
11:38:40.382 [main] INFO  com.demo.baseutil.Basetest - Validate Click on checkbox is clickable
11:38:43.026 [main] INFO  com.demo.baseutil.Basetest - Clicked on : Click on checkbox
11:38:43.027 [main] INFO  com.demo.baseutil.Basetest - Validate Click on autogenerate is clickable
11:38:45.788 [main] INFO  com.demo.baseutil.Basetest - Clicked on : Click on autogenerate
11:38:45.788 [main] INFO  com.demo.baseutil.Basetest - Validate Click on productdesc is clickable
11:38:48.326 [main] INFO  com.demo.baseutil.Basetest - Clicked on : Click on productdesc
11:38:48.350 [main] INFO  com.demo.baseutil.Basetest - Enter the value into Enetered the product desc
11:38:49.229 [main] INFO  com.demo.baseutil.Basetest - test typed into Enetered the product desc
11:38:49.229 [main] INFO  com.demo.baseutil.Basetest - Validate Click on upload is clickable
11:38:51.900 [main] INFO  com.demo.baseutil.Basetest - Clicked on : Click on upload
11:39:04.251 [main] INFO  com.demo.baseutil.Basetest - Scroll down
11:39:04.260 [main] INFO  com.demo.baseutil.Basetest - Validate Click on ingrediant name is clickable
11:39:06.779 [main] INFO  com.demo.baseutil.Basetest - Clicked on : Click on ingrediant name
11:39:06.780 [main] INFO  com.demo.baseutil.Basetest - Enter the value into ingredient name is entered
11:39:07.877 [main] INFO  com.demo.baseutil.Basetest - wheat typed into ingredient name is entered
11:39:10.885 [main] INFO  com.demo.baseutil.Basetest - Validate Click on ingrediant name is clickable
11:39:14.488 [main] INFO  com.demo.baseutil.Basetest - Clicked on : Click on ingrediant name
11:39:14.491 [main] INFO  com.demo.baseutil.Basetest - Enter the value into nutri name is entered
11:39:15.226 [main] INFO  com.demo.baseutil.Basetest - fact typed into nutri name is entered
11:39:15.227 [main] INFO  com.demo.baseutil.Basetest - Validate Click on ingrediant QTY is clickable
11:39:18.202 [main] INFO  com.demo.baseutil.Basetest - Clicked on : Click on ingrediant QTY
11:39:18.202 [main] INFO  com.demo.baseutil.Basetest - Enter the value into nutri qty is entered
11:39:18.842 [main] INFO  com.demo.baseutil.Basetest - 1 typed into nutri qty is entered
11:39:18.842 [main] INFO  com.demo.baseutil.Basetest - Validate Click on ingrediant drop is clickable
11:39:21.561 [main] INFO  com.demo.baseutil.Basetest - Clicked on : Click on ingrediant drop
11:39:23.571 [main] INFO  com.demo.baseutil.Basetest - Validate Click on ingrediant value is clickable
11:39:26.346 [main] INFO  com.demo.baseutil.Basetest - Clicked on : Click on ingrediant value
11:39:32.543 [main] INFO  com.demo.baseutil.Basetest - Scroll down
11:39:34.710 [main] INFO  com.demo.baseutil.Basetest - Scroll down successful
11:39:34.711 [main] INFO  com.demo.baseutil.Basetest - Validate Click on ingrediant name is clickable
11:39:38.374 [main] INFO  com.demo.baseutil.Basetest - Clicked on : Click on ingrediant name
11:39:38.374 [main] INFO  com.demo.baseutil.Basetest - Validate Click on ingrediant name is clickable
11:39:41.223 [main] INFO  com.demo.baseutil.Basetest - Clicked on : Click on ingrediant name
11:39:41.223 [main] INFO  com.demo.baseutil.Basetest - Validate Click on ingrediant name is clickable
11:39:43.833 [main] INFO  com.demo.baseutil.Basetest - Clicked on : Click on ingrediant name
11:39:43.836 [main] INFO  com.demo.baseutil.Basetest - Enter the value into price is entered
11:39:44.339 [main] INFO  com.demo.baseutil.Basetest - 1 typed into price is entered
11:39:44.340 [main] INFO  com.demo.baseutil.Basetest - Validate Click on currency is clickable
11:39:46.930 [main] INFO  com.demo.baseutil.Basetest - Clicked on : Click on currency
11:39:46.930 [main] INFO  com.demo.baseutil.Basetest - Validate Click on currency value is clickable
11:39:49.669 [main] INFO  com.demo.baseutil.Basetest - Clicked on : Click on currency value
11:39:49.670 [main] INFO  com.demo.baseutil.Basetest - Validate Click on typepacking value is clickable
11:39:52.523 [main] INFO  com.demo.baseutil.Basetest - Clicked on : Click on typepacking value
11:39:52.523 [main] INFO  com.demo.baseutil.Basetest - Enter the value into typepacking is entered
11:39:53.554 [main] INFO  com.demo.baseutil.Basetest - 1 typed into typepacking is entered
11:39:53.555 [main] INFO  com.demo.baseutil.Basetest - Validate Click on length value is clickable
11:39:56.555 [main] INFO  com.demo.baseutil.Basetest - Clicked on : Click on length value
11:39:56.556 [main] INFO  com.demo.baseutil.Basetest - Enter the value into length is entered
11:39:57.376 [main] INFO  com.demo.baseutil.Basetest - 1 typed into length is entered
11:39:57.376 [main] INFO  com.demo.baseutil.Basetest - Validate Click on breath value is clickable
11:40:01.547 [main] INFO  com.demo.baseutil.Basetest - Clicked on : Click on breath value
11:40:01.549 [main] INFO  com.demo.baseutil.Basetest - Enter the value into breath is entered
11:40:02.899 [main] INFO  com.demo.baseutil.Basetest - 1 typed into breath is entered
11:40:02.900 [main] INFO  com.demo.baseutil.Basetest - Validate Click on height value is clickable
11:40:05.692 [main] INFO  com.demo.baseutil.Basetest - Clicked on : Click on height value
11:40:05.693 [main] INFO  com.demo.baseutil.Basetest - Enter the value into height is entered
11:40:06.459 [main] INFO  com.demo.baseutil.Basetest - 1 typed into height is entered
11:40:08.559 [main] INFO  com.demo.baseutil.Basetest - Scroll down successful
11:40:08.561 [main] INFO  com.demo.baseutil.Basetest - Validate Click on checkbox1 is clickable
11:40:12.226 [main] INFO  com.demo.baseutil.Basetest - Clicked on : Click on checkbox1
11:40:31.186 [main] INFO  com.demo.baseutil.Basetest - Scroll down
11:40:31.187 [main] INFO  com.demo.baseutil.Basetest - Validate Click on gln1 is clickable
11:40:34.923 [main] INFO  com.demo.baseutil.Basetest - Clicked on : Click on gln1
11:40:34.926 [main] INFO  com.demo.baseutil.Basetest - Enter the value into gln1 is entered
11:40:36.422 [main] INFO  com.demo.baseutil.Basetest - warehouse typed into gln1 is entered
11:40:40.430 [main] INFO  com.demo.baseutil.Basetest - Validate Click on autosearch is clickable
11:40:43.502 [main] INFO  com.demo.baseutil.Basetest - Clicked on : Click on autosearch
11:40:45.505 [main] INFO  com.demo.baseutil.Basetest - Validate Click on gln2 is clickable
11:40:48.225 [main] INFO  com.demo.baseutil.Basetest - Clicked on : Click on gln2
11:40:48.228 [main] INFO  com.demo.baseutil.Basetest - Enter the value into gln2 is entered
11:40:49.156 [main] INFO  com.demo.baseutil.Basetest - warehouse typed into gln2 is entered
11:40:53.164 [main] INFO  com.demo.baseutil.Basetest - Validate Click on autosearch is clickable
11:40:56.080 [main] INFO  com.demo.baseutil.Basetest - Clicked on : Click on autosearch
11:41:01.086 [main] INFO  com.demo.baseutil.Basetest - Validate Click on gln3 is clickable
11:41:04.067 [main] INFO  com.demo.baseutil.Basetest - Clicked on : Click on gln3
11:41:04.070 [main] INFO  com.demo.baseutil.Basetest - Enter the value into gln3 is entered
11:41:05.138 [main] INFO  com.demo.baseutil.Basetest - warehouse typed into gln3 is entered
11:41:07.144 [main] INFO  com.demo.baseutil.Basetest - Scroll till the scrolldown to table:
11:41:07.367 [main] INFO  com.demo.baseutil.Basetest - Scroll till the scrolldown to table: completed
11:41:09.372 [main] INFO  com.demo.baseutil.Basetest - Validate Click on autosearch is clickable
11:41:12.381 [main] INFO  com.demo.baseutil.Basetest - Clicked on : Click on autosearch
11:41:18.493 [main] INFO  com.demo.baseutil.Basetest - Scroll down
11:41:20.505 [main] INFO  com.demo.baseutil.Basetest - Validate Click on registerproduct is clickable
11:41:23.412 [main] INFO  com.demo.baseutil.Basetest - Clicked on : Click on registerproduct
11:42:00.031 [main] INFO  com.demo.baseutil.Basetest - Browser is closed sucessfuly
11:42:20.819 [main] INFO  com.demo.baseutil.Basetest - Browser is closed sucessfuly
11:42:39.587 [main] INFO  com.demo.baseutil.Basetest - Validate Sign in with FarmtoPlate account is clickable
11:42:43.778 [main] INFO  com.demo.baseutil.Basetest - Clicked on : Sign in with FarmtoPlate account
11:42:43.912 [main] INFO  com.demo.baseutil.Basetest - Url contains farmtoplateapps.io/login
11:42:50.542 [main] INFO  com.demo.baseutil.Basetest - Sign in title matched
11:42:50.542 [main] INFO  com.demo.baseutil.Basetest - UI verified for Sigin page.
11:42:50.544 [main] INFO  com.demo.baseutil.Basetest - Sign in function call
11:42:50.544 [main] INFO  com.demo.baseutil.Basetest - Validate email address field is clicked is clickable
11:42:54.904 [main] INFO  com.demo.baseutil.Basetest - Clicked on : email address field is clicked
11:42:54.905 [main] INFO  com.demo.baseutil.Basetest - Enter the value into Email Id Entered
11:42:56.701 [main] INFO  com.demo.baseutil.Basetest - 139@yopmail.com typed into Email Id Entered
11:42:56.702 [main] INFO  com.demo.baseutil.Basetest - Validate Enter the password is clickable
11:43:00.853 [main] INFO  com.demo.baseutil.Basetest - Clicked on : Enter the password
11:43:00.853 [main] INFO  com.demo.baseutil.Basetest - Enter the value into Password Id Entered
11:43:02.517 [main] INFO  com.demo.baseutil.Basetest - Admin@1234 typed into Password Id Entered
11:43:06.749 [main] INFO  com.demo.baseutil.Basetest - Scroll down
11:43:06.749 [main] INFO  com.demo.baseutil.Basetest - Validate Press the signin button is clickable
11:43:16.546 [main] INFO  com.demo.baseutil.Basetest - Clicked on : Press the signin button
11:43:24.082 [main] INFO  com.demo.baseutil.Basetest - HomePage title  is matched
11:43:54.348 [main] INFO  com.demo.baseutil.Basetest - Scroll down
11:43:56.370 [main] INFO  com.demo.baseutil.Basetest - Validate Products is clicked is clickable
11:43:59.916 [main] INFO  com.demo.baseutil.Basetest - Clicked on : Products is clicked
11:44:04.925 [main] INFO  com.demo.baseutil.Basetest - Validate link share is clicked is clickable
11:44:08.971 [main] INFO  com.demo.baseutil.Basetest - Clicked on : link share is clicked
11:44:10.982 [main] INFO  com.demo.baseutil.Basetest - Validate shared radio is checked is clickable
11:44:15.360 [main] INFO  com.demo.baseutil.Basetest - Clicked on : shared radio is checked
11:44:15.367 [main] INFO  com.demo.baseutil.Basetest - Validate  Product id is checked is clickable
11:44:18.664 [main] INFO  com.demo.baseutil.Basetest - Clicked on :  Product id is checked
11:44:20.666 [main] INFO  com.demo.baseutil.Basetest - Validate prolabel is checked is clickable
11:44:23.458 [main] INFO  com.demo.baseutil.Basetest - Clicked on : prolabel is checked
11:44:25.474 [main] INFO  com.demo.baseutil.Basetest - Validate orgid is checked is clickable
11:44:28.687 [main] INFO  com.demo.baseutil.Basetest - Clicked on : orgid is checked
11:44:30.700 [main] INFO  com.demo.baseutil.Basetest - Validate orglabel is checked is clickable
11:44:33.710 [main] INFO  com.demo.baseutil.Basetest - Clicked on : orglabel is checked
11:44:37.727 [main] INFO  com.demo.baseutil.Basetest - Validate submit is checked is clickable
11:44:40.968 [main] INFO  com.demo.baseutil.Basetest - Clicked on : submit is checked
11:44:42.967 [main] INFO  com.demo.baseutil.Basetest - product shared successful
11:44:44.367 [main] INFO  com.demo.baseutil.Basetest - Browser is closed sucessfuly
11:44:54.227 [main] INFO  com.demo.baseutil.Basetest - Browser is closed sucessfuly
11:45:21.389 [main] INFO  com.demo.baseutil.Basetest - Validate Sign in with FarmtoPlate account is clickable
11:45:25.357 [main] INFO  com.demo.baseutil.Basetest - Clicked on : Sign in with FarmtoPlate account
11:45:25.393 [main] INFO  com.demo.baseutil.Basetest - Url contains farmtoplateapps.io/login
11:45:25.414 [main] INFO  com.demo.baseutil.Basetest - Sign in title matched
11:45:25.415 [main] INFO  com.demo.baseutil.Basetest - UI verified for Sigin page.
11:45:25.420 [main] INFO  com.demo.baseutil.Basetest - Sign in function call
11:45:25.420 [main] INFO  com.demo.baseutil.Basetest - Validate email address field is clicked is clickable
11:45:29.306 [main] INFO  com.demo.baseutil.Basetest - Clicked on : email address field is clicked
11:45:29.308 [main] INFO  com.demo.baseutil.Basetest - Enter the value into Email Id Entered
11:45:30.143 [main] INFO  com.demo.baseutil.Basetest - 139@yopmail.com typed into Email Id Entered
11:45:30.144 [main] INFO  com.demo.baseutil.Basetest - Validate Enter the password is clickable
11:45:33.125 [main] INFO  com.demo.baseutil.Basetest - Clicked on : Enter the password
11:45:33.128 [main] INFO  com.demo.baseutil.Basetest - Enter the value into Password Id Entered
11:45:33.805 [main] INFO  com.demo.baseutil.Basetest - Admin@1234 typed into Password Id Entered
11:45:37.950 [main] INFO  com.demo.baseutil.Basetest - Scroll down
11:45:37.950 [main] INFO  com.demo.baseutil.Basetest - Validate Press the signin button is clickable
11:45:42.975 [main] INFO  com.demo.baseutil.Basetest - Clicked on : Press the signin button
11:45:45.035 [main] INFO  com.demo.baseutil.Basetest - HomePage title  is matched
11:46:00.290 [main] INFO  com.demo.baseutil.Basetest - Scroll down
11:46:02.296 [main] INFO  com.demo.baseutil.Basetest - Validate Process is clicked is clickable
11:46:04.528 [main] INFO  com.demo.baseutil.Basetest - Browser is closed sucessfuly
11:46:07.098 [main] INFO  com.demo.baseutil.Basetest - Browser is closed sucessfuly
11:46:26.354 [main] INFO  com.demo.baseutil.Basetest - Validate Sign in with FarmtoPlate account is clickable
11:46:29.256 [main] INFO  com.demo.baseutil.Basetest - Clicked on : Sign in with FarmtoPlate account
11:46:29.794 [main] INFO  com.demo.baseutil.Basetest - Url contains farmtoplateapps.io/login
11:46:29.808 [main] INFO  com.demo.baseutil.Basetest - Sign in title matched
11:46:29.808 [main] INFO  com.demo.baseutil.Basetest - UI verified for Sigin page.
11:46:29.809 [main] INFO  com.demo.baseutil.Basetest - Sign in function call
11:46:29.809 [main] INFO  com.demo.baseutil.Basetest - Validate email address field is clicked is clickable
11:46:33.312 [main] INFO  com.demo.baseutil.Basetest - Clicked on : email address field is clicked
11:46:33.312 [main] INFO  com.demo.baseutil.Basetest - Enter the value into Email Id Entered
11:46:34.043 [main] INFO  com.demo.baseutil.Basetest - 139@yopmail.com typed into Email Id Entered
11:46:34.043 [main] INFO  com.demo.baseutil.Basetest - Validate Enter the password is clickable
11:46:36.560 [main] INFO  com.demo.baseutil.Basetest - Clicked on : Enter the password
11:46:36.560 [main] INFO  com.demo.baseutil.Basetest - Enter the value into Password Id Entered
11:46:37.050 [main] INFO  com.demo.baseutil.Basetest - Admin@1234 typed into Password Id Entered
11:46:41.130 [main] INFO  com.demo.baseutil.Basetest - Scroll down
11:46:41.131 [main] INFO  com.demo.baseutil.Basetest - Validate Press the signin button is clickable
11:46:45.711 [main] INFO  com.demo.baseutil.Basetest - Clicked on : Press the signin button
11:46:48.678 [main] INFO  com.demo.baseutil.Basetest - HomePage title  is matched
11:47:08.882 [main] INFO  com.demo.baseutil.Basetest - Validate Asset & Infrastructure Data is clicked is clickable
11:47:11.896 [main] INFO  com.demo.baseutil.Basetest - Clicked on : Asset & Infrastructure Data is clicked
11:47:13.954 [main] INFO  com.demo.baseutil.Basetest - Validate Assets is clicked is clickable
11:47:17.251 [main] INFO  com.demo.baseutil.Basetest - Clicked on : Assets is clicked
11:47:19.263 [main] INFO  com.demo.baseutil.Basetest - Validate Add new is clicked is clickable
11:47:22.470 [main] INFO  com.demo.baseutil.Basetest - Clicked on : Add new is clicked
11:47:24.472 [main] INFO  com.demo.baseutil.Basetest - Validate Asset type is clicked is clickable
11:47:27.875 [main] INFO  com.demo.baseutil.Basetest - Clicked on : Asset type is clicked
11:47:27.876 [main] INFO  com.demo.baseutil.Basetest - Validate Click on Vehicle Name is clickable
11:47:30.852 [main] INFO  com.demo.baseutil.Basetest - Clicked on : Click on Vehicle Name
11:47:32.866 [main] INFO  com.demo.baseutil.Basetest - Validate container name is clicked is clickable
11:47:35.497 [main] INFO  com.demo.baseutil.Basetest - Clicked on : container name is clicked
11:47:35.575 [main] INFO  com.demo.baseutil.Basetest - Enter the value into enter the container name
11:47:36.470 [main] INFO  com.demo.baseutil.Basetest - container818818 typed into enter the container name
11:47:38.538 [main] INFO  com.demo.baseutil.Basetest - Validate length is clicked is clickable
11:47:41.858 [main] INFO  com.demo.baseutil.Basetest - Clicked on : length is clicked
11:47:43.869 [main] INFO  com.demo.baseutil.Basetest - Enter the value into enter the length
11:47:44.525 [main] INFO  com.demo.baseutil.Basetest - 10 typed into enter the length
11:47:44.526 [main] INFO  com.demo.baseutil.Basetest - Validate breadth is clicked is clickable
11:47:47.097 [main] INFO  com.demo.baseutil.Basetest - Clicked on : breadth is clicked
11:47:47.098 [main] INFO  com.demo.baseutil.Basetest - Enter the value into breath entered
11:47:47.863 [main] INFO  com.demo.baseutil.Basetest - 10 typed into breath entered
11:47:49.878 [main] INFO  com.demo.baseutil.Basetest - Validate height is clicked is clickable
11:47:52.640 [main] INFO  com.demo.baseutil.Basetest - Clicked on : height is clicked
11:47:54.653 [main] INFO  com.demo.baseutil.Basetest - Enter the value into height entered
11:47:55.814 [main] INFO  com.demo.baseutil.Basetest - 20 typed into height entered
11:47:57.824 [main] INFO  com.demo.baseutil.Basetest - Validate dom is clicked is clickable
11:48:00.773 [main] INFO  com.demo.baseutil.Basetest - Clicked on : dom is clicked
11:48:02.785 [main] INFO  com.demo.baseutil.Basetest - Validate ft is clicked is clickable
11:48:05.512 [main] INFO  com.demo.baseutil.Basetest - Clicked on : ft is clicked
11:48:07.524 [main] INFO  com.demo.baseutil.Basetest - Validate wt is clicked is clickable
11:48:10.083 [main] INFO  com.demo.baseutil.Basetest - Clicked on : wt is clicked
11:48:12.084 [main] INFO  com.demo.baseutil.Basetest - Enter the value into weight entered
11:48:13.136 [main] INFO  com.demo.baseutil.Basetest - 1000 typed into weight entered
11:48:15.149 [main] INFO  com.demo.baseutil.Basetest - Validate wtcap is clicked is clickable
11:48:17.865 [main] INFO  com.demo.baseutil.Basetest - Clicked on : wtcap is clicked
11:48:19.872 [main] INFO  com.demo.baseutil.Basetest - Validate tons is clicked is clickable
11:48:22.573 [main] INFO  com.demo.baseutil.Basetest - Clicked on : tons is clicked
11:48:24.582 [main] INFO  com.demo.baseutil.Basetest - Validate Click on Add button is clickable
11:48:27.453 [main] INFO  com.demo.baseutil.Basetest - Clicked on : Click on Add button
11:48:35.469 [main] INFO  com.demo.baseutil.Basetest - Validate transaction is clicked is clickable
11:48:39.048 [main] INFO  com.demo.baseutil.Basetest - Clicked on : transaction is clicked
11:48:44.063 [main] INFO  com.demo.baseutil.Basetest - Validate add new is clicked is clickable
11:48:47.323 [main] INFO  com.demo.baseutil.Basetest - Clicked on : add new is clicked
11:48:52.334 [main] INFO  com.demo.baseutil.Basetest - Validate Product id is clicked is clickable
11:48:55.184 [main] INFO  com.demo.baseutil.Basetest - Clicked on : Product id is clicked
11:48:57.256 [main] INFO  com.demo.baseutil.Basetest - Enter the value into Saved Value is entered
11:48:58.169 [main] INFO  com.demo.baseutil.Basetest - F2PG10002383 typed into Saved Value is entered
11:49:00.178 [main] INFO  com.demo.baseutil.Basetest - Validate Product id is clicked is clickable
11:49:03.119 [main] INFO  com.demo.baseutil.Basetest - Clicked on : Product id is clicked
11:49:05.127 [main] INFO  com.demo.baseutil.Basetest - Validate Product id is clicked is clickable
11:49:07.912 [main] INFO  com.demo.baseutil.Basetest - Clicked on : Product id is clicked
11:49:09.920 [main] INFO  com.demo.baseutil.Basetest - Validate chooseprocess id is clicked is clickable
11:49:12.634 [main] INFO  com.demo.baseutil.Basetest - Clicked on : chooseprocess id is clicked
11:49:14.640 [main] INFO  com.demo.baseutil.Basetest - Enter the value into Harvestiong/commission is entered
11:49:15.435 [main] INFO  com.demo.baseutil.Basetest - Harvesting typed into Harvestiong/commission is entered
11:49:17.438 [main] INFO  com.demo.baseutil.Basetest - Validate chooseprocess id is clicked is clickable
11:49:20.204 [main] INFO  com.demo.baseutil.Basetest - Clicked on : chooseprocess id is clicked
11:49:23.217 [main] INFO  com.demo.baseutil.Basetest - Validate Process commision is selected is clickable
11:49:26.132 [main] INFO  com.demo.baseutil.Basetest - Clicked on : Process commision is selected
11:49:28.175 [main] INFO  com.demo.baseutil.Basetest - Scroll down successful
11:49:28.175 [main] INFO  com.demo.baseutil.Basetest - Validate date is selected is clickable
11:49:31.496 [main] INFO  com.demo.baseutil.Basetest - Clicked on : date is selected
11:49:32.498 [main] INFO  com.demo.baseutil.Basetest - Validate date netx button is clickable
11:49:35.380 [main] INFO  com.demo.baseutil.Basetest - Clicked on : date netx button
11:49:35.382 [main] INFO  com.demo.baseutil.Basetest - Validate date is entered is clickable
11:49:38.475 [main] INFO  com.demo.baseutil.Basetest - Clicked on : date is entered
11:49:40.477 [main] INFO  com.demo.baseutil.Basetest - Validate date is selected is clickable
11:49:43.588 [main] INFO  com.demo.baseutil.Basetest - Clicked on : date is selected
11:49:49.704 [main] INFO  com.demo.baseutil.Basetest - Scroll down
11:49:49.706 [main] INFO  com.demo.baseutil.Basetest - Validate activity is selected is clickable
11:49:52.670 [main] INFO  com.demo.baseutil.Basetest - Clicked on : activity is selected
11:49:52.675 [main] INFO  com.demo.baseutil.Basetest - Enter the value into activity Value is entered
11:49:53.255 [main] INFO  com.demo.baseutil.Basetest - abcd typed into activity Value is entered
11:49:55.270 [main] INFO  com.demo.baseutil.Basetest - Validate packing type dropdown is selected is clickable
11:49:57.886 [main] INFO  com.demo.baseutil.Basetest - Clicked on : packing type dropdown is selected
11:49:57.887 [main] INFO  com.demo.baseutil.Basetest - Validate packing type dropdown is selected is clickable
11:50:00.921 [main] INFO  com.demo.baseutil.Basetest - Clicked on : packing type dropdown is selected
11:50:07.013 [main] INFO  com.demo.baseutil.Basetest - Scroll down
11:50:07.015 [main] INFO  com.demo.baseutil.Basetest - Validate tlc is clicked is clickable
11:50:09.795 [main] INFO  com.demo.baseutil.Basetest - Clicked on : tlc is clicked
11:50:09.796 [main] INFO  com.demo.baseutil.Basetest - Enter the value into Tlc no is entered
11:50:10.867 [main] INFO  com.demo.baseutil.Basetest - 1234567890 typed into Tlc no is entered
11:50:10.868 [main] INFO  com.demo.baseutil.Basetest - Validate location is clicked is clickable
11:50:13.556 [main] INFO  com.demo.baseutil.Basetest - Clicked on : location is clicked
11:50:13.569 [main] INFO  com.demo.baseutil.Basetest - Enter the value into location no is entered
11:50:14.361 [main] INFO  com.demo.baseutil.Basetest - location typed into location no is entered
11:50:14.362 [main] INFO  com.demo.baseutil.Basetest - Validate commodity is clicked is clickable
11:50:17.024 [main] INFO  com.demo.baseutil.Basetest - Clicked on : commodity is clicked
11:50:17.025 [main] INFO  com.demo.baseutil.Basetest - Enter the value into commodity is entered
11:50:17.905 [main] INFO  com.demo.baseutil.Basetest - commodity typed into commodity is entered
11:50:22.028 [main] INFO  com.demo.baseutil.Basetest - Scroll down
11:50:22.028 [main] INFO  com.demo.baseutil.Basetest - Validate filed is clicked is clickable
11:50:24.716 [main] INFO  com.demo.baseutil.Basetest - Clicked on : filed is clicked
11:50:24.719 [main] INFO  com.demo.baseutil.Basetest - Enter the value into filed is entered
11:50:25.610 [main] INFO  com.demo.baseutil.Basetest - filed typed into filed is entered
11:50:25.611 [main] INFO  com.demo.baseutil.Basetest - Validate container is clicked is clickable
11:50:28.392 [main] INFO  com.demo.baseutil.Basetest - Clicked on : container is clicked
11:50:28.393 [main] INFO  com.demo.baseutil.Basetest - Enter the value into filed is entered
11:50:29.143 [main] INFO  com.demo.baseutil.Basetest - container818818 typed into filed is entered
11:50:33.153 [main] INFO  com.demo.baseutil.Basetest - Validate Selected the conatiner is clickable
11:50:35.857 [main] INFO  com.demo.baseutil.Basetest - Clicked on : Selected the conatiner
11:50:36.871 [main] INFO  com.demo.baseutil.Basetest - Validate count sgtin is clicked is clickable
11:50:39.410 [main] INFO  com.demo.baseutil.Basetest - Clicked on : count sgtin is clicked
11:50:39.430 [main] INFO  com.demo.baseutil.Basetest - Enter the value into countsgtin is entered
11:50:40.134 [main] INFO  com.demo.baseutil.Basetest - 123 typed into countsgtin is entered
11:50:40.136 [main] INFO  com.demo.baseutil.Basetest - Validate weightsgtin sgtin is clicked is clickable
11:50:42.807 [main] INFO  com.demo.baseutil.Basetest - Clicked on : weightsgtin sgtin is clicked
11:50:42.808 [main] INFO  com.demo.baseutil.Basetest - Enter the value into weightsgtin is entered
11:50:43.856 [main] INFO  com.demo.baseutil.Basetest - 1234567 typed into weightsgtin is entered
11:50:43.857 [main] INFO  com.demo.baseutil.Basetest - Validate itemsgtin sgtin is clicked is clickable
11:50:46.768 [main] INFO  com.demo.baseutil.Basetest - Clicked on : itemsgtin sgtin is clicked
11:50:46.774 [main] INFO  com.demo.baseutil.Basetest - Validate itemgtin is entered is clickable
11:50:49.537 [main] INFO  com.demo.baseutil.Basetest - Clicked on : itemgtin is entered
11:50:49.540 [main] INFO  com.demo.baseutil.Basetest - Validate document is clicked is clickable
11:50:52.507 [main] INFO  com.demo.baseutil.Basetest - Clicked on : document is clicked
11:50:52.508 [main] INFO  com.demo.baseutil.Basetest - Enter the value into document is entered
11:50:53.511 [main] INFO  com.demo.baseutil.Basetest - 1234567 typed into document is entered
11:50:57.677 [main] INFO  com.demo.baseutil.Basetest - Scroll down
11:50:57.679 [main] INFO  com.demo.baseutil.Basetest - Validate Add Transaction is selected is clickable
11:51:00.498 [main] INFO  com.demo.baseutil.Basetest - Clicked on : Add Transaction is selected
11:51:22.675 [main] INFO  com.demo.baseutil.Basetest - Validate Asset & Infrastructure Data is clicked is clickable
11:51:26.422 [main] INFO  com.demo.baseutil.Basetest - Clicked on : Asset & Infrastructure Data is clicked
11:51:28.432 [main] INFO  com.demo.baseutil.Basetest - Validate Assets is clicked is clickable
11:51:32.764 [main] INFO  com.demo.baseutil.Basetest - Clicked on : Assets is clicked
11:51:34.769 [main] INFO  com.demo.baseutil.Basetest - Validate Add new is clicked is clickable
11:51:38.864 [main] INFO  com.demo.baseutil.Basetest - Clicked on : Add new is clicked
11:51:40.869 [main] INFO  com.demo.baseutil.Basetest - Validate Asset type is clicked is clickable
11:51:44.814 [main] INFO  com.demo.baseutil.Basetest - Clicked on : Asset type is clicked
11:51:44.815 [main] INFO  com.demo.baseutil.Basetest - Validate Click on Vehicle Name is clickable
11:51:47.685 [main] INFO  com.demo.baseutil.Basetest - Clicked on : Click on Vehicle Name
11:51:49.687 [main] INFO  com.demo.baseutil.Basetest - Validate container name is clicked is clickable
11:51:52.559 [main] INFO  com.demo.baseutil.Basetest - Clicked on : container name is clicked
11:51:52.560 [main] INFO  com.demo.baseutil.Basetest - Enter the value into enter the container name
11:51:53.441 [main] INFO  com.demo.baseutil.Basetest - container311311 typed into enter the container name
11:51:55.471 [main] INFO  com.demo.baseutil.Basetest - Validate length is clicked is clickable
11:51:58.493 [main] INFO  com.demo.baseutil.Basetest - Clicked on : length is clicked
11:52:00.517 [main] INFO  com.demo.baseutil.Basetest - Enter the value into enter the length
11:52:01.293 [main] INFO  com.demo.baseutil.Basetest - 10 typed into enter the length
11:52:01.294 [main] INFO  com.demo.baseutil.Basetest - Validate breadth is clicked is clickable
11:52:04.073 [main] INFO  com.demo.baseutil.Basetest - Clicked on : breadth is clicked
11:52:04.074 [main] INFO  com.demo.baseutil.Basetest - Enter the value into breath entered
11:52:04.832 [main] INFO  com.demo.baseutil.Basetest - 10 typed into breath entered
11:52:06.847 [main] INFO  com.demo.baseutil.Basetest - Validate height is clicked is clickable
11:52:09.602 [main] INFO  com.demo.baseutil.Basetest - Clicked on : height is clicked
11:52:11.612 [main] INFO  com.demo.baseutil.Basetest - Enter the value into height entered
11:52:12.132 [main] INFO  com.demo.baseutil.Basetest - 20 typed into height entered
11:52:14.134 [main] INFO  com.demo.baseutil.Basetest - Validate dom is clicked is clickable
11:52:16.983 [main] INFO  com.demo.baseutil.Basetest - Clicked on : dom is clicked
11:52:18.998 [main] INFO  com.demo.baseutil.Basetest - Validate ft is clicked is clickable
11:52:21.687 [main] INFO  com.demo.baseutil.Basetest - Clicked on : ft is clicked
11:52:23.700 [main] INFO  com.demo.baseutil.Basetest - Validate wt is clicked is clickable
11:52:26.644 [main] INFO  com.demo.baseutil.Basetest - Clicked on : wt is clicked
11:52:28.646 [main] INFO  com.demo.baseutil.Basetest - Enter the value into weight entered
11:52:29.436 [main] INFO  com.demo.baseutil.Basetest - 1000 typed into weight entered
11:52:31.447 [main] INFO  com.demo.baseutil.Basetest - Validate wtcap is clicked is clickable
11:52:34.078 [main] INFO  com.demo.baseutil.Basetest - Clicked on : wtcap is clicked
11:52:36.090 [main] INFO  com.demo.baseutil.Basetest - Validate tons is clicked is clickable
11:52:38.765 [main] INFO  com.demo.baseutil.Basetest - Clicked on : tons is clicked
11:52:40.782 [main] INFO  com.demo.baseutil.Basetest - Validate Click on Add button is clickable
11:52:43.757 [main] INFO  com.demo.baseutil.Basetest - Clicked on : Click on Add button
11:52:59.894 [main] INFO  com.demo.baseutil.Basetest - Scroll down
11:53:01.910 [main] INFO  com.demo.baseutil.Basetest - Validate transaction is clicked is clickable
11:53:05.425 [main] INFO  com.demo.baseutil.Basetest - Clicked on : transaction is clicked
11:53:12.449 [main] INFO  com.demo.baseutil.Basetest - Validate productid is selected is clickable
11:53:15.404 [main] INFO  com.demo.baseutil.Basetest - Clicked on : productid is selected
11:53:15.441 [main] INFO  com.demo.baseutil.Basetest - Enter the value into enter the productid
11:53:16.268 [main] INFO  com.demo.baseutil.Basetest - F2PG10002383 typed into enter the productid
11:53:16.268 [main] INFO  com.demo.baseutil.Basetest - Validate productid is selected is clickable
11:53:19.103 [main] INFO  com.demo.baseutil.Basetest - Clicked on : productid is selected
11:53:19.104 [main] INFO  com.demo.baseutil.Basetest - Validate search is selected is clickable
11:53:21.890 [main] INFO  com.demo.baseutil.Basetest - Clicked on : search is selected
11:53:21.891 [main] INFO  com.demo.baseutil.Basetest - Validate search button is clicked is clickable
11:53:24.751 [main] INFO  com.demo.baseutil.Basetest - Clicked on : search button is clicked
11:53:26.903 [main] INFO  com.demo.baseutil.Basetest - Scroll up
11:53:28.979 [main] INFO  com.demo.baseutil.Basetest - Scroll up
11:53:32.987 [main] INFO  com.demo.baseutil.Basetest - Validate transaction is clicked is clickable
11:53:36.726 [main] INFO  com.demo.baseutil.Basetest - Clicked on : transaction is clicked
11:53:41.746 [main] INFO  com.demo.baseutil.Basetest - Validate add new is clicked is clickable
11:53:45.401 [main] INFO  com.demo.baseutil.Basetest - Clicked on : add new is clicked
11:53:50.414 [main] INFO  com.demo.baseutil.Basetest - Validate Product id is clicked is clickable
11:53:53.330 [main] INFO  com.demo.baseutil.Basetest - Clicked on : Product id is clicked
11:53:55.342 [main] INFO  com.demo.baseutil.Basetest - Enter the value into Saved Value is entered
11:53:56.319 [main] INFO  com.demo.baseutil.Basetest - F2PG10002383 typed into Saved Value is entered
11:53:58.330 [main] INFO  com.demo.baseutil.Basetest - Validate Product id is clicked is clickable
11:54:01.094 [main] INFO  com.demo.baseutil.Basetest - Clicked on : Product id is clicked
11:54:03.101 [main] INFO  com.demo.baseutil.Basetest - Validate Product id is clicked is clickable
11:54:05.687 [main] INFO  com.demo.baseutil.Basetest - Clicked on : Product id is clicked
11:54:07.689 [main] INFO  com.demo.baseutil.Basetest - Validate chooseprocess id is clicked is clickable
11:54:10.512 [main] INFO  com.demo.baseutil.Basetest - Clicked on : chooseprocess id is clicked
11:54:12.523 [main] INFO  com.demo.baseutil.Basetest - Enter the value into Packing/aggregation is entered
11:54:13.097 [main] INFO  com.demo.baseutil.Basetest - Packing typed into Packing/aggregation is entered
11:54:15.102 [main] INFO  com.demo.baseutil.Basetest - Validate chooseprocess id is clicked is clickable
11:54:17.744 [main] INFO  com.demo.baseutil.Basetest - Clicked on : chooseprocess id is clicked
11:54:21.756 [main] INFO  com.demo.baseutil.Basetest - Validate Process aggre is selected is clickable
11:54:24.585 [main] INFO  com.demo.baseutil.Basetest - Clicked on : Process aggre is selected
11:54:26.643 [main] INFO  com.demo.baseutil.Basetest - Scroll down successful
11:54:26.644 [main] INFO  com.demo.baseutil.Basetest - Validate org is selected is clickable
11:54:29.554 [main] INFO  com.demo.baseutil.Basetest - Clicked on : org is selected
11:54:31.562 [main] INFO  com.demo.baseutil.Basetest - Enter the value into org value is entered
11:54:32.123 [main] INFO  com.demo.baseutil.Basetest - 178 typed into org value is entered
11:54:37.130 [main] INFO  com.demo.baseutil.Basetest - Validate org is selected is clickable
11:54:40.006 [main] INFO  com.demo.baseutil.Basetest - Clicked on : org is selected
11:54:42.013 [main] INFO  com.demo.baseutil.Basetest - Validate location is selected is clickable
11:54:44.743 [main] INFO  com.demo.baseutil.Basetest - Clicked on : location is selected
11:54:44.746 [main] INFO  com.demo.baseutil.Basetest - Enter the value into location value is entered
11:54:45.452 [main] INFO  com.demo.baseutil.Basetest - test typed into location value is entered
11:54:50.457 [main] INFO  com.demo.baseutil.Basetest - Validate location is selected is clickable
11:54:53.175 [main] INFO  com.demo.baseutil.Basetest - Clicked on : location is selected
11:54:53.252 [main] INFO  com.demo.baseutil.Basetest - Scroll down successful
11:54:53.253 [main] INFO  com.demo.baseutil.Basetest - Validate activity is clicked is clickable
11:54:56.352 [main] INFO  com.demo.baseutil.Basetest - Clicked on : activity is clicked
11:54:58.359 [main] INFO  com.demo.baseutil.Basetest - Enter the value into activity is entered
11:54:59.527 [main] INFO  com.demo.baseutil.Basetest - activity typed into activity is entered
11:55:02.537 [main] INFO  com.demo.baseutil.Basetest - Scroll till the scrolles to lot
11:55:02.800 [main] INFO  com.demo.baseutil.Basetest - Scroll till the scrolles to lot completed
11:55:02.802 [main] INFO  com.demo.baseutil.Basetest - Validate sscc number is copied is clickable
11:55:06.705 [main] INFO  com.demo.baseutil.Basetest - Clicked on : sscc number is copied
11:55:16.630 [main] INFO  com.demo.baseutil.Basetest - Scroll up to the element: The lot is displayed after scroll up completed
11:55:19.646 [main] INFO  com.demo.baseutil.Basetest - Validate lot1 is clicked is clickable
11:55:22.547 [main] INFO  com.demo.baseutil.Basetest - Clicked on : lot1 is clicked
11:55:24.551 [main] INFO  com.demo.baseutil.Basetest - Enter the value into lotvalue is entered
11:55:25.940 [main] INFO  com.demo.baseutil.Basetest - 1691016082410000002 typed into lotvalue is entered
11:55:27.945 [main] INFO  com.demo.baseutil.Basetest - Validate lot arrow is clicked is clickable
11:55:30.996 [main] INFO  com.demo.baseutil.Basetest - Clicked on : lot arrow is clicked
11:55:33.011 [main] INFO  com.demo.baseutil.Basetest - Scroll till the scrolled to packloc
11:55:33.235 [main] INFO  com.demo.baseutil.Basetest - Scroll till the scrolled to packloc completed
11:55:38.509 [main] INFO  com.demo.baseutil.Basetest - Scroll up to the element: The packloc is displayed after scroll up completed
11:55:43.524 [main] INFO  com.demo.baseutil.Basetest - Validate packloc is clicked is clickable
11:55:46.574 [main] INFO  com.demo.baseutil.Basetest - Clicked on : packloc is clicked
11:55:48.580 [main] INFO  com.demo.baseutil.Basetest - Enter the value into packing lot is entered
11:55:49.482 [main] INFO  com.demo.baseutil.Basetest - test typed into packing lot is entered
11:55:53.489 [main] INFO  com.demo.baseutil.Basetest - Validate remarks is clicked is clickable
11:55:56.452 [main] INFO  com.demo.baseutil.Basetest - Clicked on : remarks is clicked
11:55:58.457 [main] INFO  com.demo.baseutil.Basetest - Enter the value into remarks is entered
11:55:59.190 [main] INFO  com.demo.baseutil.Basetest - test typed into remarks is entered
11:56:03.206 [main] INFO  com.demo.baseutil.Basetest - Validate tlcloc is clicked is clickable
11:56:05.848 [main] INFO  com.demo.baseutil.Basetest - Clicked on : tlcloc is clicked
11:56:07.860 [main] INFO  com.demo.baseutil.Basetest - Enter the value into tlcloc is entered
11:56:08.977 [main] INFO  com.demo.baseutil.Basetest - test typed into tlcloc is entered
11:56:12.997 [main] INFO  com.demo.baseutil.Basetest - Scroll till the asset is scroll down
11:56:13.487 [main] INFO  com.demo.baseutil.Basetest - Scroll till the asset is scroll down completed
11:56:15.489 [main] INFO  com.demo.baseutil.Basetest - Validate asset is clicked is clickable
11:56:18.907 [main] INFO  com.demo.baseutil.Basetest - Clicked on : asset is clicked
11:56:20.983 [main] INFO  com.demo.baseutil.Basetest - Enter the value into vehicle is entered
11:56:22.841 [main] INFO  com.demo.baseutil.Basetest - vehicle typed into vehicle is entered
11:56:26.867 [main] INFO  com.demo.baseutil.Basetest - Validate assetsearch is clicked is clickable
11:56:30.138 [main] INFO  com.demo.baseutil.Basetest - Clicked on : assetsearch is clicked
11:56:32.159 [main] INFO  com.demo.baseutil.Basetest - Validate shippingdate is clicked is clickable
11:56:35.630 [main] INFO  com.demo.baseutil.Basetest - Clicked on : shippingdate is clicked
11:56:37.648 [main] INFO  com.demo.baseutil.Basetest - Validate datenext button is clicked is clickable
11:56:40.855 [main] INFO  com.demo.baseutil.Basetest - Clicked on : datenext button is clicked
11:56:42.865 [main] INFO  com.demo.baseutil.Basetest - Validate date is entered is clickable
11:56:46.434 [main] INFO  com.demo.baseutil.Basetest - Clicked on : date is entered
11:56:49.439 [main] INFO  com.demo.baseutil.Basetest - Validate date is selected is clickable
11:56:52.444 [main] INFO  com.demo.baseutil.Basetest - Clicked on : date is selected
11:56:55.462 [main] INFO  com.demo.baseutil.Basetest - Validate deliverydate is clicked is clickable
11:56:58.610 [main] INFO  com.demo.baseutil.Basetest - Clicked on : deliverydate is clicked
11:57:00.613 [main] INFO  com.demo.baseutil.Basetest - Validate datenext button is clicked is clickable
11:57:04.526 [main] INFO  com.demo.baseutil.Basetest - Clicked on : datenext button is clicked
11:57:06.539 [main] INFO  com.demo.baseutil.Basetest - Validate datenext button is clicked is clickable
11:57:09.233 [main] INFO  com.demo.baseutil.Basetest - Clicked on : datenext button is clicked
11:57:12.245 [main] INFO  com.demo.baseutil.Basetest - Validate date is entered is clickable
11:57:15.306 [main] INFO  com.demo.baseutil.Basetest - Clicked on : date is entered
11:57:17.323 [main] INFO  com.demo.baseutil.Basetest - Validate date is selected is clickable
11:57:20.499 [main] INFO  com.demo.baseutil.Basetest - Clicked on : date is selected
11:57:20.599 [main] INFO  com.demo.baseutil.Basetest - Scroll down successful
11:57:20.602 [main] INFO  com.demo.baseutil.Basetest - Validate container is clicked is clickable
11:57:23.496 [main] INFO  com.demo.baseutil.Basetest - Clicked on : container is clicked
11:57:23.500 [main] INFO  com.demo.baseutil.Basetest - Enter the value into container value is entered
11:57:24.247 [main] INFO  com.demo.baseutil.Basetest - container311311 typed into container value is entered
11:57:29.258 [main] INFO  com.demo.baseutil.Basetest - Validate container select is clicked is clickable
11:57:32.342 [main] INFO  com.demo.baseutil.Basetest - Clicked on : container select is clicked
11:57:34.356 [main] INFO  com.demo.baseutil.Basetest - Validate invoice select is clicked is clickable
11:57:37.154 [main] INFO  com.demo.baseutil.Basetest - Clicked on : invoice select is clicked
11:57:37.155 [main] INFO  com.demo.baseutil.Basetest - Enter the value into  invoice value is entered
11:57:37.929 [main] INFO  com.demo.baseutil.Basetest - 123 typed into  invoice value is entered
11:57:39.942 [main] INFO  com.demo.baseutil.Basetest - Validate seal select is clicked is clickable
11:57:42.700 [main] INFO  com.demo.baseutil.Basetest - Clicked on : seal select is clicked
11:57:42.706 [main] INFO  com.demo.baseutil.Basetest - Enter the value into seal value is entered
11:57:43.595 [main] INFO  com.demo.baseutil.Basetest - 123 typed into seal value is entered
11:57:45.637 [main] INFO  com.demo.baseutil.Basetest - Scroll down successful
11:57:47.647 [main] INFO  com.demo.baseutil.Basetest - Validate asn select is clicked is clickable
11:57:50.324 [main] INFO  com.demo.baseutil.Basetest - Clicked on : asn select is clicked
11:57:50.326 [main] INFO  com.demo.baseutil.Basetest - Enter the value into asn value is entered
11:57:51.654 [main] INFO  com.demo.baseutil.Basetest - 6631097380114 typed into asn value is entered
11:57:53.666 [main] INFO  com.demo.baseutil.Basetest - Validate lorry select is clicked is clickable
11:57:56.435 [main] INFO  com.demo.baseutil.Basetest - Clicked on : lorry select is clicked
11:57:56.435 [main] INFO  com.demo.baseutil.Basetest - Enter the value into lorry value is entered
11:57:57.306 [main] INFO  com.demo.baseutil.Basetest - 123 typed into lorry value is entered
11:57:59.365 [main] INFO  com.demo.baseutil.Basetest - Validate purchase is clicked is clickable
11:58:02.376 [main] INFO  com.demo.baseutil.Basetest - Clicked on : purchase is clicked
11:58:02.378 [main] INFO  com.demo.baseutil.Basetest - Enter the value into purchase is entered
11:58:03.510 [main] INFO  com.demo.baseutil.Basetest - 123 typed into purchase is entered
11:58:03.512 [main] INFO  com.demo.baseutil.Basetest - Validate bill is clicked is clickable
11:58:06.303 [main] INFO  com.demo.baseutil.Basetest - Clicked on : bill is clicked
11:58:06.306 [main] INFO  com.demo.baseutil.Basetest - Enter the value into purchase is entered
11:58:07.167 [main] INFO  com.demo.baseutil.Basetest - 12345 typed into purchase is entered
11:58:09.169 [main] INFO  com.demo.baseutil.Basetest - Validate document is clicked is clickable
11:58:11.875 [main] INFO  com.demo.baseutil.Basetest - Clicked on : document is clicked
11:58:11.875 [main] INFO  com.demo.baseutil.Basetest - Enter the value into document is entered
11:58:12.805 [main] INFO  com.demo.baseutil.Basetest - 12345 typed into document is entered
11:58:14.847 [main] INFO  com.demo.baseutil.Basetest - Validate Add Transaction is selected is clickable
11:58:17.779 [main] INFO  com.demo.baseutil.Basetest - Clicked on : Add Transaction is selected
11:58:32.801 [main] INFO  com.demo.baseutil.Basetest - Scroll till the scrolled to transaction
11:58:33.041 [main] INFO  com.demo.baseutil.Basetest - Scroll till the scrolled to transaction completed
11:58:33.042 [main] INFO  com.demo.baseutil.Basetest - Validate transaction is clicked is clickable
11:58:36.423 [main] INFO  com.demo.baseutil.Basetest - Clicked on : transaction is clicked
11:58:41.434 [main] INFO  com.demo.baseutil.Basetest - Validate add new is clicked is clickable
11:58:45.197 [main] INFO  com.demo.baseutil.Basetest - Clicked on : add new is clicked
11:58:50.199 [main] INFO  com.demo.baseutil.Basetest - Validate Product id is clicked is clickable
11:58:53.061 [main] INFO  com.demo.baseutil.Basetest - Clicked on : Product id is clicked
11:58:55.090 [main] INFO  com.demo.baseutil.Basetest - Enter the value into Saved Value is entered
11:58:55.780 [main] INFO  com.demo.baseutil.Basetest - F2PG10002383 typed into Saved Value is entered
11:58:57.796 [main] INFO  com.demo.baseutil.Basetest - Validate Product id is clicked is clickable
11:59:00.399 [main] INFO  com.demo.baseutil.Basetest - Clicked on : Product id is clicked
11:59:02.409 [main] INFO  com.demo.baseutil.Basetest - Validate Product id is clicked is clickable
11:59:05.022 [main] INFO  com.demo.baseutil.Basetest - Clicked on : Product id is clicked
11:59:07.033 [main] INFO  com.demo.baseutil.Basetest - Validate chooseprocess id is clicked is clickable
11:59:09.672 [main] INFO  com.demo.baseutil.Basetest - Clicked on : chooseprocess id is clicked
11:59:11.677 [main] INFO  com.demo.baseutil.Basetest - Enter the value into Observation is entered
11:59:12.407 [main] INFO  com.demo.baseutil.Basetest - Observation typed into Observation is entered
11:59:12.408 [main] INFO  com.demo.baseutil.Basetest - Validate chooseprocess id is clicked is clickable
11:59:15.085 [main] INFO  com.demo.baseutil.Basetest - Clicked on : chooseprocess id is clicked
11:59:18.091 [main] INFO  com.demo.baseutil.Basetest - Validate activity is clicked is clickable
11:59:48.931 [main] ERROR com.demo.baseutil.Basetest - activity is clicked is not clickable
11:59:48.937 [main] ERROR com.demo.baseutil.Basetest - Unable to click on activity is clicked
12:00:20.272 [main] INFO  com.demo.baseutil.Basetest - Browser is closed sucessfuly
12:00:23.279 [main] INFO  com.demo.baseutil.Basetest - Browser is closed sucessfuly
12:00:26.272 [main] ERROR com.demo.baseutil.Basetest - Failed to close the Browser
