13:35:59.814 [main] INFO  com.demo.baseutil.Basetest - 
13:35:59.822 [main] INFO  com.demo.baseutil.Basetest - Running locally JavaMail
13:36:00.063 [main] INFO  com.demo.baseutil.Basetest2 - Folder creation for Extent
13:36:00.087 [main] INFO  com.demo.baseutil.Basetest - ExtentDir:-C:\Users\Deepti Jindal\eclipse-workspace2\com.NFR.Trace QA latest/reports/Automation Report- 09_25_2024_13_36_00/Report/09_25_2024_13_36_00
13:36:00.294 [main] INFO  com.demo.baseutil.Basetest - Report Initiated
13:36:00.296 [main] INFO  com.demo.baseutil.Basetest - Screenshot folder created
13:36:13.388 [main] INFO  com.demo.baseutil.Basetest - Validate Sign in with FarmtoPlate account is clickable
13:36:15.778 [main] INFO  com.demo.baseutil.Basetest - Clicked on : Sign in with FarmtoPlate account
13:36:15.794 [main] INFO  com.demo.baseutil.Basetest - Url contains farmtoplateapps.io/login
13:36:15.802 [main] INFO  com.demo.baseutil.Basetest - Sign in title matched
13:36:15.802 [main] INFO  com.demo.baseutil.Basetest - UI verified for Sigin page.
13:36:15.802 [main] INFO  com.demo.baseutil.Basetest - Sign in function call
13:36:15.802 [main] INFO  com.demo.baseutil.Basetest - Validate email address field is clicked is clickable
13:36:18.121 [main] INFO  com.demo.baseutil.Basetest - Clicked on : email address field is clicked
13:36:18.122 [main] INFO  com.demo.baseutil.Basetest - Enter the value into Email Id Entered
13:36:18.630 [main] INFO  com.demo.baseutil.Basetest - farmtoplatef2p@paramountsoft.net typed into Email Id Entered
13:36:18.631 [main] INFO  com.demo.baseutil.Basetest - Validate Enter the password is clickable
13:36:21.090 [main] INFO  com.demo.baseutil.Basetest - Clicked on : Enter the password
13:36:21.091 [main] INFO  com.demo.baseutil.Basetest - Enter the value into Password Id Entered
13:36:21.595 [main] INFO  com.demo.baseutil.Basetest - Admin1234 typed into Password Id Entered
13:36:30.700 [main] INFO  com.demo.baseutil.Basetest - Scroll down
13:36:31.703 [main] INFO  com.demo.baseutil.Basetest - Validate Press the signin button is clickable
13:36:34.937 [main] INFO  com.demo.baseutil.Basetest - Clicked on : Press the signin button
13:36:42.944 [main] INFO  com.demo.baseutil.Basetest - HomePage title  is matched
13:36:55.964 [main] INFO  com.demo.baseutil.Basetest - Validate Network Management is clicked is clickable
13:36:58.419 [main] INFO  com.demo.baseutil.Basetest - Clicked on : Network Management is clicked
13:37:02.423 [main] INFO  com.demo.baseutil.Basetest - Validate Add new is clicked is clickable
13:37:04.969 [main] INFO  com.demo.baseutil.Basetest - Clicked on : Add new is clicked
13:37:06.972 [main] INFO  com.demo.baseutil.Basetest - Validate Organisation Name is clicked is clickable
13:37:09.413 [main] INFO  com.demo.baseutil.Basetest - Clicked on : Organisation Name is clicked
13:37:09.413 [main] INFO  com.demo.baseutil.Basetest - Enter the value into Organisation is Entered
13:37:09.840 [main] INFO  com.demo.baseutil.Basetest - jdfoOddn typed into Organisation is Entered
13:37:09.842 [main] INFO  com.demo.baseutil.Basetest - Validate Organisation type is clicked is clickable
13:37:12.344 [main] INFO  com.demo.baseutil.Basetest - Clicked on : Organisation type is clicked
13:37:12.344 [main] INFO  com.demo.baseutil.Basetest - Validate upstream is selected is clickable
13:37:14.670 [main] INFO  com.demo.baseutil.Basetest - Clicked on : upstream is selected
13:37:14.670 [main] INFO  com.demo.baseutil.Basetest - Validate Organisation role is clicked is clickable
13:37:17.153 [main] INFO  com.demo.baseutil.Basetest - Clicked on : Organisation role is clicked
13:37:17.153 [main] INFO  com.demo.baseutil.Basetest - Validate Organisation role is selected is clickable
13:37:19.643 [main] INFO  com.demo.baseutil.Basetest - Clicked on : Organisation role is selected
13:37:19.643 [main] INFO  com.demo.baseutil.Basetest - Validate module is clicked is clickable
13:37:22.161 [main] INFO  com.demo.baseutil.Basetest - Clicked on : module is clicked
13:37:22.161 [main] INFO  com.demo.baseutil.Basetest - Validate module is selected is clickable
13:37:24.589 [main] INFO  com.demo.baseutil.Basetest - Clicked on : module is selected
13:37:24.589 [main] INFO  com.demo.baseutil.Basetest - Validate email field is clicked is clickable
13:37:27.034 [main] INFO  com.demo.baseutil.Basetest - Clicked on : email field is clicked
13:37:27.035 [main] INFO  com.demo.baseutil.Basetest - Enter the value into emailid is Entered
13:37:27.439 [main] INFO  com.demo.baseutil.Basetest - 23201avcyghg@yopmail.com typed into emailid is Entered
13:37:33.507 [main] INFO  com.demo.baseutil.Basetest - Scroll down
13:37:40.523 [main] INFO  com.demo.baseutil.Basetest - Validate Database Type is clicked is clickable
13:37:43.032 [main] INFO  com.demo.baseutil.Basetest - Clicked on : Database Type is clicked
13:37:43.032 [main] INFO  com.demo.baseutil.Basetest - Validate Db is selected is clickable
13:37:45.417 [main] INFO  com.demo.baseutil.Basetest - Clicked on : Db is selected
13:37:47.457 [main] INFO  com.demo.baseutil.Basetest - Scroll down successful
13:37:48.461 [main] INFO  com.demo.baseutil.Basetest - Validate Db is selected is clickable
13:37:50.806 [main] INFO  com.demo.baseutil.Basetest - Clicked on : Db is selected
13:37:52.819 [main] INFO  com.demo.baseutil.Basetest - Validate ordermgmt is selected is clickable
13:37:55.278 [main] INFO  com.demo.baseutil.Basetest - Clicked on : ordermgmt is selected
13:37:55.278 [main] INFO  com.demo.baseutil.Basetest - Validate Soil Dashboard is selected is clickable
13:37:57.742 [main] INFO  com.demo.baseutil.Basetest - Clicked on : Soil Dashboard is selected
13:37:57.742 [main] INFO  com.demo.baseutil.Basetest - Validate Submit Button is clicked is clickable
13:38:00.034 [main] INFO  com.demo.baseutil.Basetest - Clicked on : Submit Button is clicked
13:38:02.246 [main] INFO  com.demo.baseutil.Basetest - Validate Email address input field is clicked is clickable
13:38:11.118 [main] INFO  com.demo.baseutil.Basetest - Clicked on : Email address input field is clicked
13:38:11.118 [main] INFO  com.demo.baseutil.Basetest - Enter the value into email address is entered
13:38:11.507 [main] INFO  com.demo.baseutil.Basetest - 23201avcyghg@yopmail.com typed into email address is entered
13:38:11.508 [main] INFO  com.demo.baseutil.Basetest - Validate arrow button is clicked is clickable
13:38:13.983 [main] INFO  com.demo.baseutil.Basetest - Clicked on : arrow button is clicked
13:38:21.143 [main] INFO  com.demo.baseutil.Basetest - Validate first email is clicked is clickable
13:38:23.733 [main] INFO  com.demo.baseutil.Basetest - Clicked on : first email is clicked
13:38:25.854 [main] INFO  com.demo.baseutil.Basetest - Validate email address is clicked is clickable
13:38:28.607 [main] INFO  com.demo.baseutil.Basetest - Clicked on : email address is clicked
13:38:34.411 [main] INFO  com.demo.baseutil.Basetest - Validate pass is clicked is clickable
13:38:39.130 [main] INFO  com.demo.baseutil.Basetest - Clicked on : pass is clicked
13:38:39.137 [main] INFO  com.demo.baseutil.Basetest - Enter the value into Password is entered
13:38:39.809 [main] INFO  com.demo.baseutil.Basetest - Admin@1234 typed into Password is entered
13:38:39.811 [main] INFO  com.demo.baseutil.Basetest - Validate confirm password is clicked is clickable
13:38:42.438 [main] INFO  com.demo.baseutil.Basetest - Clicked on : confirm password is clicked
13:38:42.441 [main] INFO  com.demo.baseutil.Basetest - Enter the value into Confirm Password is entered
13:38:42.864 [main] INFO  com.demo.baseutil.Basetest - Admin@1234 typed into Confirm Password is entered
13:38:48.941 [main] INFO  com.demo.baseutil.Basetest - Scroll down
13:38:48.943 [main] INFO  com.demo.baseutil.Basetest - Validate button is clicked is clickable
13:38:51.186 [main] INFO  com.demo.baseutil.Basetest - Clicked on : button is clicked
13:38:53.197 [main] INFO  com.demo.baseutil.Basetest - Validate email address field is clicked is clickable
13:38:55.679 [main] INFO  com.demo.baseutil.Basetest - Clicked on : email address field is clicked
13:38:55.696 [main] INFO  com.demo.baseutil.Basetest - Enter the value into Email Id Entered
13:38:56.175 [main] INFO  com.demo.baseutil.Basetest - 23201avcyghg@yopmail.com typed into Email Id Entered
13:38:56.177 [main] INFO  com.demo.baseutil.Basetest - Validate Enter the password is clickable
13:38:58.561 [main] INFO  com.demo.baseutil.Basetest - Clicked on : Enter the password
13:38:58.564 [main] INFO  com.demo.baseutil.Basetest - Enter the value into Password Id Entered
13:38:58.925 [main] INFO  com.demo.baseutil.Basetest - Admin@1234 typed into Password Id Entered
13:39:02.984 [main] INFO  com.demo.baseutil.Basetest - Scroll down
13:39:02.985 [main] INFO  com.demo.baseutil.Basetest - Validate Press the signin button is clickable
13:39:06.166 [main] INFO  com.demo.baseutil.Basetest - Clicked on : Press the signin button
13:39:09.205 [main] INFO  com.demo.baseutil.Basetest - Scroll down successful
13:39:10.220 [main] INFO  com.demo.baseutil.Basetest - Validate Press the button is clickable
13:39:12.898 [main] INFO  com.demo.baseutil.Basetest - Clicked on : Press the button
13:39:12.909 [main] INFO  com.demo.baseutil.Basetest - Scroll down successful
13:39:12.909 [main] INFO  com.demo.baseutil.Basetest - Validate Press the signin button is clickable
13:39:15.281 [main] INFO  com.demo.baseutil.Basetest - Clicked on : Press the signin button
13:39:17.296 [main] INFO  com.demo.baseutil.Basetest - Validate Press the button is clickable
13:39:19.684 [main] INFO  com.demo.baseutil.Basetest - Clicked on : Press the button
13:39:22.687 [main] INFO  com.demo.baseutil.Basetest - Validate Click on First is clickable
13:39:25.283 [main] INFO  com.demo.baseutil.Basetest - Clicked on : Click on First
13:39:25.284 [main] INFO  com.demo.baseutil.Basetest - Enter the value into enter the  First
13:39:25.636 [main] INFO  com.demo.baseutil.Basetest - First typed into enter the  First
13:39:25.640 [main] INFO  com.demo.baseutil.Basetest - Validate Click on last is clickable
13:39:28.116 [main] INFO  com.demo.baseutil.Basetest - Clicked on : Click on last
13:39:28.117 [main] INFO  com.demo.baseutil.Basetest - Enter the value into enter the  Last
13:39:28.535 [main] INFO  com.demo.baseutil.Basetest - Last typed into enter the  Last
13:39:28.538 [main] INFO  com.demo.baseutil.Basetest - Validate Click on dest is clickable
13:39:30.998 [main] INFO  com.demo.baseutil.Basetest - Clicked on : Click on dest
13:39:31.002 [main] INFO  com.demo.baseutil.Basetest - Enter the value into enter the  dest
13:39:31.471 [main] INFO  com.demo.baseutil.Basetest - dest typed into enter the  dest
13:39:31.472 [main] INFO  com.demo.baseutil.Basetest - Validate Click on Submit is clickable
13:39:33.866 [main] INFO  com.demo.baseutil.Basetest - Clicked on : Click on Submit
13:39:33.867 [main] INFO  com.demo.baseutil.Basetest - Validate Click on address is clickable
13:39:39.038 [main] INFO  com.demo.baseutil.Basetest - Clicked on : Click on address
13:39:39.045 [main] INFO  com.demo.baseutil.Basetest - Enter the value into enter the  address
13:39:39.533 [main] INFO  com.demo.baseutil.Basetest - 123 William Street, New York, NY, USA typed into enter the  address
13:39:41.539 [main] INFO  com.demo.baseutil.Basetest - Validate comapny name is clicked is clickable
13:39:43.980 [main] INFO  com.demo.baseutil.Basetest - Clicked on : comapny name is clicked
13:39:43.980 [main] INFO  com.demo.baseutil.Basetest - Validate Click on state is clickable
13:39:46.315 [main] INFO  com.demo.baseutil.Basetest - Clicked on : Click on state
13:39:46.316 [main] INFO  com.demo.baseutil.Basetest - Enter the value into Enetered the state
13:39:46.637 [main] INFO  com.demo.baseutil.Basetest - NY typed into Enetered the state
13:39:46.638 [main] INFO  com.demo.baseutil.Basetest - Validate Click on zip is clickable
13:39:48.982 [main] INFO  com.demo.baseutil.Basetest - Clicked on : Click on zip
13:39:48.982 [main] INFO  com.demo.baseutil.Basetest - Enter the value into Enetred the Zip
13:39:49.463 [main] INFO  com.demo.baseutil.Basetest - 10038-3804 typed into Enetred the Zip
13:39:49.464 [main] INFO  com.demo.baseutil.Basetest - Validate Click on city is clickable
13:39:51.866 [main] INFO  com.demo.baseutil.Basetest - Clicked on : Click on city
13:39:51.866 [main] INFO  com.demo.baseutil.Basetest - Enter the value into Enetered the city
13:39:52.269 [main] INFO  com.demo.baseutil.Basetest - New York typed into Enetered the city
13:39:52.275 [main] INFO  com.demo.baseutil.Basetest - Validate Click on country is clickable
13:39:54.665 [main] INFO  com.demo.baseutil.Basetest - Clicked on : Click on country
13:39:54.665 [main] INFO  com.demo.baseutil.Basetest - Enter the value into Enetered the country
13:39:55.238 [main] INFO  com.demo.baseutil.Basetest - United States typed into Enetered the country
13:39:55.251 [main] INFO  com.demo.baseutil.Basetest - Scroll till the scrolled to bankname
13:39:55.379 [main] INFO  com.demo.baseutil.Basetest - Scroll till the scrolled to bankname completed
13:39:55.380 [main] INFO  com.demo.baseutil.Basetest - Validate msmenumber is clicked is clickable
13:39:57.765 [main] INFO  com.demo.baseutil.Basetest - Clicked on : msmenumber is clicked
13:39:57.769 [main] INFO  com.demo.baseutil.Basetest - Enter the value into Enetered the msmnumber
13:39:58.258 [main] INFO  com.demo.baseutil.Basetest - 192983758890 typed into Enetered the msmnumber
13:39:58.259 [main] INFO  com.demo.baseutil.Basetest - Validate bankname is clicked is clickable
13:40:00.734 [main] INFO  com.demo.baseutil.Basetest - Clicked on : bankname is clicked
13:40:00.736 [main] INFO  com.demo.baseutil.Basetest - Enter the value into Enetered the bankname
13:40:01.135 [main] INFO  com.demo.baseutil.Basetest - Goldmann typed into Enetered the bankname
13:40:01.136 [main] INFO  com.demo.baseutil.Basetest - Validate accountname is clicked is clickable
13:40:03.574 [main] INFO  com.demo.baseutil.Basetest - Clicked on : accountname is clicked
13:40:03.576 [main] INFO  com.demo.baseutil.Basetest - Enter the value into Enetered the accountname
13:40:03.951 [main] INFO  com.demo.baseutil.Basetest - Gold digger typed into Enetered the accountname
13:40:03.955 [main] INFO  com.demo.baseutil.Basetest - Validate accountnumber is clicked is clickable
13:40:06.498 [main] INFO  com.demo.baseutil.Basetest - Clicked on : accountnumber is clicked
13:40:06.499 [main] INFO  com.demo.baseutil.Basetest - Enter the value into Enetered the accountnumber
13:40:06.919 [main] INFO  com.demo.baseutil.Basetest - 10000234500123 typed into Enetered the accountnumber
13:40:06.920 [main] INFO  com.demo.baseutil.Basetest - Validate ifscdrop is clicked is clickable
13:40:09.481 [main] INFO  com.demo.baseutil.Basetest - Clicked on : ifscdrop is clicked
13:40:09.491 [main] INFO  com.demo.baseutil.Basetest - Validate ifscdrop is clicked is clickable
13:40:11.831 [main] INFO  com.demo.baseutil.Basetest - Clicked on : ifscdrop is clicked
13:40:11.831 [main] INFO  com.demo.baseutil.Basetest - Validate ifsccode is clicked is clickable
13:40:14.232 [main] INFO  com.demo.baseutil.Basetest - Clicked on : ifsccode is clicked
13:40:14.233 [main] INFO  com.demo.baseutil.Basetest - Enter the value into Enetered the ifsccode
13:40:14.688 [main] INFO  com.demo.baseutil.Basetest - 1234IFSC908 typed into Enetered the ifsccode
13:40:20.799 [main] INFO  com.demo.baseutil.Basetest - Scroll down
13:40:22.815 [main] INFO  com.demo.baseutil.Basetest - Validate Click on Submit is clickable
13:40:25.397 [main] INFO  com.demo.baseutil.Basetest - Clicked on : Click on Submit
13:40:27.558 [main] INFO  com.demo.baseutil.Basetest - Browser is closed sucessfuly
13:40:29.234 [main] INFO  com.demo.baseutil.Basetest - Browser is closed sucessfuly
13:40:41.070 [main] INFO  com.demo.baseutil.Basetest - Validate Sign in with FarmtoPlate account is clickable
13:40:43.691 [main] INFO  com.demo.baseutil.Basetest - Clicked on : Sign in with FarmtoPlate account
13:40:43.691 [main] INFO  com.demo.baseutil.Basetest - Url contains farmtoplateapps.io/login
13:40:43.707 [main] INFO  com.demo.baseutil.Basetest - Sign in title matched
13:40:43.707 [main] INFO  com.demo.baseutil.Basetest - UI verified for Sigin page.
13:40:43.707 [main] INFO  com.demo.baseutil.Basetest - Sign in function call
13:40:43.707 [main] INFO  com.demo.baseutil.Basetest - Validate email address field is clicked is clickable
13:40:46.536 [main] INFO  com.demo.baseutil.Basetest - Clicked on : email address field is clicked
13:40:46.537 [main] INFO  com.demo.baseutil.Basetest - Enter the value into Email Id Entered
13:40:47.042 [main] INFO  com.demo.baseutil.Basetest - 139@yopmail.com typed into Email Id Entered
13:40:47.043 [main] INFO  com.demo.baseutil.Basetest - Validate Enter the password is clickable
13:40:49.543 [main] INFO  com.demo.baseutil.Basetest - Clicked on : Enter the password
13:40:49.545 [main] INFO  com.demo.baseutil.Basetest - Enter the value into Password Id Entered
13:40:50.874 [main] INFO  com.demo.baseutil.Basetest - Admin@1234 typed into Password Id Entered
13:40:54.964 [main] INFO  com.demo.baseutil.Basetest - Scroll down
13:40:54.965 [main] INFO  com.demo.baseutil.Basetest - Validate Press the signin button is clickable
13:40:59.449 [main] INFO  com.demo.baseutil.Basetest - Clicked on : Press the signin button
13:41:02.215 [main] INFO  com.demo.baseutil.Basetest - HomePage title  is matched
13:41:12.228 [main] INFO  com.demo.baseutil.Basetest - Validate click on trace is clickable
13:41:14.799 [main] INFO  com.demo.baseutil.Basetest - Clicked on : click on trace
13:41:16.813 [main] INFO  com.demo.baseutil.Basetest - Validate click on dashboard is clickable
13:41:20.263 [main] INFO  com.demo.baseutil.Basetest - Clicked on : click on dashboard
13:41:22.269 [main] INFO  com.demo.baseutil.Basetest - Validate click on organisation network is clickable
13:42:04.071 [main] ERROR com.demo.baseutil.Basetest - click on organisation network is not clickable
13:42:04.108 [main] ERROR com.demo.baseutil.Basetest - Unable to click on click on organisation network
13:42:46.373 [main] INFO  com.demo.baseutil.Basetest - Browser is closed sucessfuly
13:42:48.924 [main] INFO  com.demo.baseutil.Basetest - Browser is closed sucessfuly
13:43:06.835 [main] INFO  com.demo.baseutil.Basetest - Validate Sign in with FarmtoPlate account is clickable
13:43:10.356 [main] INFO  com.demo.baseutil.Basetest - Clicked on : Sign in with FarmtoPlate account
13:43:10.394 [main] INFO  com.demo.baseutil.Basetest - Url contains farmtoplateapps.io/login
13:43:10.420 [main] INFO  com.demo.baseutil.Basetest - Sign in title matched
13:43:10.420 [main] INFO  com.demo.baseutil.Basetest - UI verified for Sigin page.
13:43:10.420 [main] INFO  com.demo.baseutil.Basetest - Sign in function call
13:43:10.420 [main] INFO  com.demo.baseutil.Basetest - Validate email address field is clicked is clickable
13:43:15.479 [main] INFO  com.demo.baseutil.Basetest - Clicked on : email address field is clicked
13:43:15.480 [main] INFO  com.demo.baseutil.Basetest - Enter the value into Email Id Entered
13:43:16.017 [main] INFO  com.demo.baseutil.Basetest - 139@yopmail.com typed into Email Id Entered
13:43:16.017 [main] INFO  com.demo.baseutil.Basetest - Validate Enter the password is clickable
13:43:18.808 [main] INFO  com.demo.baseutil.Basetest - Clicked on : Enter the password
13:43:18.811 [main] INFO  com.demo.baseutil.Basetest - Enter the value into Password Id Entered
13:43:19.533 [main] INFO  com.demo.baseutil.Basetest - Admin@1234 typed into Password Id Entered
13:43:23.604 [main] INFO  com.demo.baseutil.Basetest - Scroll down
13:43:23.604 [main] INFO  com.demo.baseutil.Basetest - Validate Press the signin button is clickable
13:43:28.203 [main] INFO  com.demo.baseutil.Basetest - Clicked on : Press the signin button
13:43:30.911 [main] INFO  com.demo.baseutil.Basetest - HomePage title  is matched
13:43:40.932 [main] INFO  com.demo.baseutil.Basetest - Validate click on trace is clickable
13:43:43.928 [main] INFO  com.demo.baseutil.Basetest - Clicked on : click on trace
13:43:45.932 [main] INFO  com.demo.baseutil.Basetest - Validate Network Management is clicked is clickable
13:43:48.722 [main] INFO  com.demo.baseutil.Basetest - Clicked on : Network Management is clicked
13:43:53.725 [main] INFO  com.demo.baseutil.Basetest - Validate Add new is clicked is clickable
13:43:56.406 [main] INFO  com.demo.baseutil.Basetest - Clicked on : Add new is clicked
13:43:58.408 [main] INFO  com.demo.baseutil.Basetest - Validate Organisation Name is clicked is clickable
13:44:00.860 [main] INFO  com.demo.baseutil.Basetest - Clicked on : Organisation Name is clicked
13:44:00.874 [main] INFO  com.demo.baseutil.Basetest - Enter the value into Organisation is Entered
13:44:01.460 [main] INFO  com.demo.baseutil.Basetest - dHbtdfTd typed into Organisation is Entered
13:44:01.461 [main] INFO  com.demo.baseutil.Basetest - Validate Organisation type is clicked is clickable
13:44:04.093 [main] INFO  com.demo.baseutil.Basetest - Clicked on : Organisation type is clicked
13:44:04.096 [main] INFO  com.demo.baseutil.Basetest - Validate upstream is selected is clickable
13:44:06.576 [main] INFO  com.demo.baseutil.Basetest - Clicked on : upstream is selected
13:44:06.576 [main] INFO  com.demo.baseutil.Basetest - Validate Organisation role is clicked is clickable
13:44:09.060 [main] INFO  com.demo.baseutil.Basetest - Clicked on : Organisation role is clicked
13:44:09.060 [main] INFO  com.demo.baseutil.Basetest - Validate Organisation role is selected is clickable
13:44:11.626 [main] INFO  com.demo.baseutil.Basetest - Clicked on : Organisation role is selected
13:44:11.627 [main] INFO  com.demo.baseutil.Basetest - Validate module is clicked is clickable
13:44:14.075 [main] INFO  com.demo.baseutil.Basetest - Clicked on : module is clicked
13:44:14.076 [main] INFO  com.demo.baseutil.Basetest - Validate module is selected is clickable
13:44:16.597 [main] INFO  com.demo.baseutil.Basetest - Clicked on : module is selected
13:44:16.598 [main] INFO  com.demo.baseutil.Basetest - Validate email field is clicked is clickable
13:44:19.076 [main] INFO  com.demo.baseutil.Basetest - Clicked on : email field is clicked
13:44:19.084 [main] INFO  com.demo.baseutil.Basetest - Enter the value into emailid is Entered
13:44:19.665 [main] INFO  com.demo.baseutil.Basetest - anAvWpbh9@yopmail.com typed into emailid is Entered
13:44:20.676 [main] INFO  com.demo.baseutil.Basetest - Validate sendinvite button is clicked is clickable
13:44:23.191 [main] INFO  com.demo.baseutil.Basetest - Clicked on : sendinvite button is clicked
13:44:25.201 [main] INFO  com.demo.baseutil.Basetest - Validate submit is selected is clickable
13:44:27.642 [main] INFO  com.demo.baseutil.Basetest - Clicked on : submit is selected
13:44:43.011 [main] INFO  com.demo.baseutil.Basetest - Validate Email address input field is clicked is clickable
13:44:45.591 [main] INFO  com.demo.baseutil.Basetest - Clicked on : Email address input field is clicked
13:44:45.603 [main] INFO  com.demo.baseutil.Basetest - Enter the value into email address is entered
13:44:46.127 [main] INFO  com.demo.baseutil.Basetest - anAvWpbh9@yopmail.com typed into email address is entered
13:44:46.128 [main] INFO  com.demo.baseutil.Basetest - Validate arrow button is clicked is clickable
13:44:49.924 [main] INFO  com.demo.baseutil.Basetest - Clicked on : arrow button is clicked
13:44:53.045 [main] INFO  com.demo.baseutil.Basetest - Validate first email is clicked is clickable
13:44:55.742 [main] INFO  com.demo.baseutil.Basetest - Clicked on : first email is clicked
13:44:57.846 [main] INFO  com.demo.baseutil.Basetest - Validate email address is clicked is clickable
13:45:00.484 [main] INFO  com.demo.baseutil.Basetest - Clicked on : email address is clicked
13:45:06.359 [main] INFO  com.demo.baseutil.Basetest - Validate pass is clicked is clickable
13:45:10.603 [main] INFO  com.demo.baseutil.Basetest - Clicked on : pass is clicked
13:45:10.606 [main] INFO  com.demo.baseutil.Basetest - Enter the value into Password is entered
13:45:11.129 [main] INFO  com.demo.baseutil.Basetest - Admin@1234 typed into Password is entered
13:45:11.136 [main] INFO  com.demo.baseutil.Basetest - Validate confirm password is clicked is clickable
13:45:13.661 [main] INFO  com.demo.baseutil.Basetest - Clicked on : confirm password is clicked
13:45:13.663 [main] INFO  com.demo.baseutil.Basetest - Enter the value into Confirm Password is entered
13:45:14.037 [main] INFO  com.demo.baseutil.Basetest - Admin@1234 typed into Confirm Password is entered
13:45:20.143 [main] INFO  com.demo.baseutil.Basetest - Scroll down
13:45:20.143 [main] INFO  com.demo.baseutil.Basetest - Validate button is clicked is clickable
13:45:22.807 [main] INFO  com.demo.baseutil.Basetest - Clicked on : button is clicked
13:45:24.823 [main] INFO  com.demo.baseutil.Basetest - Validate email address field is clicked is clickable
13:45:27.776 [main] INFO  com.demo.baseutil.Basetest - Clicked on : email address field is clicked
13:45:27.776 [main] INFO  com.demo.baseutil.Basetest - Enter the value into Email Id Entered
13:45:28.182 [main] INFO  com.demo.baseutil.Basetest - anAvWpbh9@yopmail.com typed into Email Id Entered
13:45:28.192 [main] INFO  com.demo.baseutil.Basetest - Validate Enter the password is clickable
13:45:30.584 [main] INFO  com.demo.baseutil.Basetest - Clicked on : Enter the password
13:45:30.584 [main] INFO  com.demo.baseutil.Basetest - Enter the value into Password Id Entered
13:45:30.924 [main] INFO  com.demo.baseutil.Basetest - Admin@1234 typed into Password Id Entered
13:45:35.005 [main] INFO  com.demo.baseutil.Basetest - Scroll down
13:45:35.005 [main] INFO  com.demo.baseutil.Basetest - Validate Press the signin button is clickable
13:45:38.323 [main] INFO  com.demo.baseutil.Basetest - Clicked on : Press the signin button
13:45:44.325 [main] INFO  com.demo.baseutil.Basetest - Validate Press the continue button is clickable
13:45:46.792 [main] INFO  com.demo.baseutil.Basetest - Clicked on : Press the continue button
13:45:46.818 [main] INFO  com.demo.baseutil.Basetest - Scroll down successful
13:45:50.872 [main] INFO  com.demo.baseutil.Basetest - Scroll down
13:45:55.903 [main] INFO  com.demo.baseutil.Basetest - Scroll down successful
13:45:55.903 [main] INFO  com.demo.baseutil.Basetest - Validate Press the signin button is clickable
13:45:58.328 [main] INFO  com.demo.baseutil.Basetest - Clicked on : Press the signin button
13:45:58.328 [main] INFO  com.demo.baseutil.Basetest - Validate Press the button is clickable
13:46:00.706 [main] INFO  com.demo.baseutil.Basetest - Clicked on : Press the button
13:46:01.063 [main] INFO  com.demo.baseutil.Basetest - Browser is closed sucessfuly
13:46:03.158 [main] INFO  com.demo.baseutil.Basetest - Browser is closed sucessfuly
13:46:17.425 [main] INFO  com.demo.baseutil.Basetest - Validate Sign in with FarmtoPlate account is clickable
13:46:19.868 [main] INFO  com.demo.baseutil.Basetest - Clicked on : Sign in with FarmtoPlate account
13:46:19.879 [main] INFO  com.demo.baseutil.Basetest - Url contains farmtoplateapps.io/login
13:46:19.887 [main] INFO  com.demo.baseutil.Basetest - Sign in title matched
13:46:19.887 [main] INFO  com.demo.baseutil.Basetest - UI verified for Sigin page.
13:46:19.887 [main] INFO  com.demo.baseutil.Basetest - Sign in function call
13:46:19.887 [main] INFO  com.demo.baseutil.Basetest - Validate email address field is clicked is clickable
13:46:22.211 [main] INFO  com.demo.baseutil.Basetest - Clicked on : email address field is clicked
13:46:22.212 [main] INFO  com.demo.baseutil.Basetest - Enter the value into Email Id Entered
13:46:22.693 [main] INFO  com.demo.baseutil.Basetest - 139@yopmail.com typed into Email Id Entered
13:46:22.694 [main] INFO  com.demo.baseutil.Basetest - Validate Enter the password is clickable
13:46:25.135 [main] INFO  com.demo.baseutil.Basetest - Clicked on : Enter the password
13:46:25.136 [main] INFO  com.demo.baseutil.Basetest - Enter the value into Password Id Entered
13:46:25.414 [main] INFO  com.demo.baseutil.Basetest - Admin@1234 typed into Password Id Entered
13:46:29.894 [main] INFO  com.demo.baseutil.Basetest - Scroll down
13:46:29.894 [main] INFO  com.demo.baseutil.Basetest - Validate Press the signin button is clickable
13:46:35.600 [main] INFO  com.demo.baseutil.Basetest - Clicked on : Press the signin button
13:46:39.320 [main] INFO  com.demo.baseutil.Basetest - HomePage title  is matched
13:46:49.335 [main] INFO  com.demo.baseutil.Basetest - Validate click on trace is clickable
13:46:51.891 [main] INFO  com.demo.baseutil.Basetest - Clicked on : click on trace
13:46:57.959 [main] INFO  com.demo.baseutil.Basetest - Validate Asset & Infrastructure Data is clicked is clickable
13:47:00.346 [main] INFO  com.demo.baseutil.Basetest - Clicked on : Asset & Infrastructure Data is clicked
13:47:02.362 [main] INFO  com.demo.baseutil.Basetest - Validate Assets is clicked is clickable
13:47:04.848 [main] INFO  com.demo.baseutil.Basetest - Clicked on : Assets is clicked
13:47:06.850 [main] INFO  com.demo.baseutil.Basetest - Validate Add new is clicked is clickable
13:47:09.254 [main] INFO  com.demo.baseutil.Basetest - Clicked on : Add new is clicked
13:47:11.255 [main] INFO  com.demo.baseutil.Basetest - Validate Asset type is clicked is clickable
13:47:13.570 [main] INFO  com.demo.baseutil.Basetest - Clicked on : Asset type is clicked
13:47:13.570 [main] INFO  com.demo.baseutil.Basetest - Validate vehicle is selected is clickable
13:47:16.007 [main] INFO  com.demo.baseutil.Basetest - Clicked on : vehicle is selected
13:47:16.008 [main] INFO  com.demo.baseutil.Basetest - Validate Click on Vehicle Name is clickable
13:47:18.430 [main] INFO  com.demo.baseutil.Basetest - Clicked on : Click on Vehicle Name
13:47:18.430 [main] INFO  com.demo.baseutil.Basetest - Enter the value into enter the vehicle name
13:47:19.196 [main] INFO  com.demo.baseutil.Basetest - Loading Vehicleeye typed into enter the vehicle name
13:47:19.196 [main] INFO  com.demo.baseutil.Basetest - Validate Click on Vehicle Number is clickable
13:47:21.698 [main] INFO  com.demo.baseutil.Basetest - Clicked on : Click on Vehicle Number
13:47:21.698 [main] INFO  com.demo.baseutil.Basetest - Enter the value into Enter the vehicle number
13:47:22.046 [main] INFO  com.demo.baseutil.Basetest - XBjOCdoj typed into Enter the vehicle number
13:47:22.046 [main] INFO  com.demo.baseutil.Basetest - Validate click the dropdown of carrier is clickable
13:47:24.453 [main] INFO  com.demo.baseutil.Basetest - Clicked on : click the dropdown of carrier
13:47:24.453 [main] INFO  com.demo.baseutil.Basetest - Validate click the tanker is clickable
13:47:26.883 [main] INFO  com.demo.baseutil.Basetest - Clicked on : click the tanker
13:47:26.883 [main] INFO  com.demo.baseutil.Basetest - Validate Click on Make is clickable
13:47:29.214 [main] INFO  com.demo.baseutil.Basetest - Clicked on : Click on Make
13:47:29.214 [main] INFO  com.demo.baseutil.Basetest - Enter the value into enter the make
13:47:29.505 [main] INFO  com.demo.baseutil.Basetest - Mahindra typed into enter the make
13:47:29.505 [main] INFO  com.demo.baseutil.Basetest - Validate Click on Model is clickable
13:47:31.798 [main] INFO  com.demo.baseutil.Basetest - Clicked on : Click on Model
13:47:31.814 [main] INFO  com.demo.baseutil.Basetest - Enter the value into enter the model
13:47:32.132 [main] INFO  com.demo.baseutil.Basetest - XUV typed into enter the model
13:47:32.132 [main] INFO  com.demo.baseutil.Basetest - Validate Click on Model is clickable
13:47:34.539 [main] INFO  com.demo.baseutil.Basetest - Clicked on : Click on Model
13:47:34.539 [main] INFO  com.demo.baseutil.Basetest - Enter the value into enter the model
13:47:34.876 [main] INFO  com.demo.baseutil.Basetest - XUV typed into enter the model
13:47:34.876 [main] INFO  com.demo.baseutil.Basetest - Validate Click on Vehicle Number is clickable
13:47:37.247 [main] INFO  com.demo.baseutil.Basetest - Clicked on : Click on Vehicle Number
13:47:37.247 [main] INFO  com.demo.baseutil.Basetest - Enter the value into Enter the engine number
13:47:37.547 [main] INFO  com.demo.baseutil.Basetest - KqbIyyWt typed into Enter the engine number
13:47:37.547 [main] INFO  com.demo.baseutil.Basetest - Validate Click on Class-GVWR is clickable
13:47:39.864 [main] INFO  com.demo.baseutil.Basetest - Clicked on : Click on Class-GVWR
13:47:39.864 [main] INFO  com.demo.baseutil.Basetest - Enter the value into enter the classgvwr
13:47:40.148 [main] INFO  com.demo.baseutil.Basetest - Class I typed into enter the classgvwr
13:47:40.148 [main] INFO  com.demo.baseutil.Basetest - Validate Click on Weight Capacity is clickable
13:47:42.597 [main] INFO  com.demo.baseutil.Basetest - Clicked on : Click on Weight Capacity
13:47:42.597 [main] INFO  com.demo.baseutil.Basetest - Enter the value into enter the weight capacity
13:47:42.887 [main] INFO  com.demo.baseutil.Basetest - 100 typed into enter the weight capacity
13:47:46.966 [main] INFO  com.demo.baseutil.Basetest - Scroll down
13:47:46.982 [main] INFO  com.demo.baseutil.Basetest - Scroll down successful
13:47:46.982 [main] INFO  com.demo.baseutil.Basetest - Validate Click on Add button is clickable
13:47:49.355 [main] INFO  com.demo.baseutil.Basetest - Clicked on : Click on Add button
13:47:50.695 [main] INFO  com.demo.baseutil.Basetest - Browser is closed sucessfuly
13:47:51.931 [main] INFO  com.demo.baseutil.Basetest - Browser is closed sucessfuly
13:48:12.435 [main] INFO  com.demo.baseutil.Basetest - Validate Sign in with FarmtoPlate account is clickable
13:48:14.957 [main] INFO  com.demo.baseutil.Basetest - Clicked on : Sign in with FarmtoPlate account
13:48:14.972 [main] INFO  com.demo.baseutil.Basetest - Url contains farmtoplateapps.io/login
13:48:14.984 [main] INFO  com.demo.baseutil.Basetest - Sign in title matched
13:48:14.984 [main] INFO  com.demo.baseutil.Basetest - UI verified for Sigin page.
13:48:14.986 [main] INFO  com.demo.baseutil.Basetest - Sign in function call
13:48:14.987 [main] INFO  com.demo.baseutil.Basetest - Validate email address field is clicked is clickable
13:48:17.712 [main] INFO  com.demo.baseutil.Basetest - Clicked on : email address field is clicked
13:48:17.713 [main] INFO  com.demo.baseutil.Basetest - Enter the value into Email Id Entered
13:48:18.054 [main] INFO  com.demo.baseutil.Basetest - 139@yopmail.com typed into Email Id Entered
13:48:18.054 [main] INFO  com.demo.baseutil.Basetest - Validate Enter the password is clickable
13:48:20.476 [main] INFO  com.demo.baseutil.Basetest - Clicked on : Enter the password
13:48:20.476 [main] INFO  com.demo.baseutil.Basetest - Enter the value into Password Id Entered
13:48:20.904 [main] INFO  com.demo.baseutil.Basetest - Admin@1234 typed into Password Id Entered
13:48:24.983 [main] INFO  com.demo.baseutil.Basetest - Scroll down
13:48:24.983 [main] INFO  com.demo.baseutil.Basetest - Validate Press the signin button is clickable
13:48:28.243 [main] INFO  com.demo.baseutil.Basetest - Clicked on : Press the signin button
13:48:30.747 [main] INFO  com.demo.baseutil.Basetest - HomePage title  is matched
13:48:40.765 [main] INFO  com.demo.baseutil.Basetest - Validate click on trace is clickable
13:48:43.347 [main] INFO  com.demo.baseutil.Basetest - Clicked on : click on trace
13:48:49.426 [main] INFO  com.demo.baseutil.Basetest - Validate Asset & Infrastructure Data is clicked is clickable
13:48:51.807 [main] INFO  com.demo.baseutil.Basetest - Clicked on : Asset & Infrastructure Data is clicked
13:48:53.809 [main] INFO  com.demo.baseutil.Basetest - Validate Infra is clicked is clickable
13:48:56.521 [main] INFO  com.demo.baseutil.Basetest - Clicked on : Infra is clicked
13:48:58.523 [main] INFO  com.demo.baseutil.Basetest - Validate Add new is clicked is clickable
13:49:01.003 [main] INFO  com.demo.baseutil.Basetest - Clicked on : Add new is clicked
13:49:03.020 [main] INFO  com.demo.baseutil.Basetest - Validate Click on Location Name is clickable
13:49:05.412 [main] INFO  com.demo.baseutil.Basetest - Clicked on : Click on Location Name
13:49:05.413 [main] INFO  com.demo.baseutil.Basetest - Enter the value into enter the location name
13:49:05.689 [main] INFO  com.demo.baseutil.Basetest - Warehouse B typed into enter the location name
13:49:05.689 [main] INFO  com.demo.baseutil.Basetest - Validate Asset type is clicked is clickable
13:49:08.213 [main] INFO  com.demo.baseutil.Basetest - Clicked on : Asset type is clicked
13:49:08.213 [main] INFO  com.demo.baseutil.Basetest - Validate vehicle is selected is clickable
13:49:10.651 [main] INFO  com.demo.baseutil.Basetest - Clicked on : vehicle is selected
13:49:10.651 [main] INFO  com.demo.baseutil.Basetest - Validate Click on GLN is clickable
13:49:12.992 [main] INFO  com.demo.baseutil.Basetest - Clicked on : Click on GLN
13:49:12.992 [main] INFO  com.demo.baseutil.Basetest - Enter the value into enter the GLN
13:49:13.327 [main] INFO  com.demo.baseutil.Basetest - 2522320786191 typed into enter the GLN
13:49:13.327 [main] INFO  com.demo.baseutil.Basetest - Validate Click on address is clickable
13:49:15.596 [main] INFO  com.demo.baseutil.Basetest - Clicked on : Click on address
13:49:15.596 [main] INFO  com.demo.baseutil.Basetest - Enter the value into enter the  address
13:49:16.063 [main] INFO  com.demo.baseutil.Basetest - Bangalore Palace, Palace Cross Road, Vasanth Nagar, Bengaluru, Karnataka, India typed into enter the  address
13:49:16.063 [main] INFO  com.demo.baseutil.Basetest - Validate Click on state is clickable
13:49:18.398 [main] INFO  com.demo.baseutil.Basetest - Clicked on : Click on state
13:49:18.398 [main] INFO  com.demo.baseutil.Basetest - Enter the value into Enetered the state
13:49:18.823 [main] INFO  com.demo.baseutil.Basetest - KA typed into Enetered the state
13:49:18.823 [main] INFO  com.demo.baseutil.Basetest - Validate Click on city is clickable
13:49:21.261 [main] INFO  com.demo.baseutil.Basetest - Clicked on : Click on city
13:49:21.261 [main] INFO  com.demo.baseutil.Basetest - Enter the value into Enetered the city
13:49:21.615 [main] INFO  com.demo.baseutil.Basetest - Bengaluru typed into Enetered the city
13:49:21.618 [main] INFO  com.demo.baseutil.Basetest - Validate Click on country is clickable
13:49:24.078 [main] INFO  com.demo.baseutil.Basetest - Clicked on : Click on country
13:49:24.078 [main] INFO  com.demo.baseutil.Basetest - Enter the value into Enetered the city
13:49:24.486 [main] INFO  com.demo.baseutil.Basetest - India typed into Enetered the city
13:49:24.487 [main] INFO  com.demo.baseutil.Basetest - Validate Click on zip is clickable
13:49:26.795 [main] INFO  com.demo.baseutil.Basetest - Clicked on : Click on zip
13:49:26.795 [main] INFO  com.demo.baseutil.Basetest - Enter the value into Enetred the Zip
13:49:27.108 [main] INFO  com.demo.baseutil.Basetest - 560052 typed into Enetred the Zip
13:49:31.198 [main] INFO  com.demo.baseutil.Basetest - Scroll down
13:49:31.198 [main] INFO  com.demo.baseutil.Basetest - Validate Click on Add button is clickable
13:49:33.601 [main] INFO  com.demo.baseutil.Basetest - Clicked on : Click on Add button
13:49:34.887 [main] INFO  com.demo.baseutil.Basetest - Browser is closed sucessfuly
13:49:35.773 [main] INFO  com.demo.baseutil.Basetest - Browser is closed sucessfuly
13:49:58.010 [main] INFO  com.demo.baseutil.Basetest - Validate Sign in with FarmtoPlate account is clickable
13:50:00.466 [main] INFO  com.demo.baseutil.Basetest - Clicked on : Sign in with FarmtoPlate account
13:50:00.476 [main] INFO  com.demo.baseutil.Basetest - Url contains farmtoplateapps.io/login
13:50:00.487 [main] INFO  com.demo.baseutil.Basetest - Sign in title matched
13:50:00.487 [main] INFO  com.demo.baseutil.Basetest - UI verified for Sigin page.
13:50:00.488 [main] INFO  com.demo.baseutil.Basetest - Sign in function call
13:50:00.488 [main] INFO  com.demo.baseutil.Basetest - Validate email address field is clicked is clickable
13:50:02.877 [main] INFO  com.demo.baseutil.Basetest - Clicked on : email address field is clicked
13:50:02.877 [main] INFO  com.demo.baseutil.Basetest - Enter the value into Email Id Entered
13:50:10.726 [main] INFO  com.demo.baseutil.Basetest - 139@yopmail.com typed into Email Id Entered
13:50:10.726 [main] INFO  com.demo.baseutil.Basetest - Validate Enter the password is clickable
13:50:13.179 [main] INFO  com.demo.baseutil.Basetest - Clicked on : Enter the password
13:50:13.179 [main] INFO  com.demo.baseutil.Basetest - Enter the value into Password Id Entered
13:50:13.638 [main] INFO  com.demo.baseutil.Basetest - Admin@1234 typed into Password Id Entered
13:50:17.745 [main] INFO  com.demo.baseutil.Basetest - Scroll down
13:50:17.745 [main] INFO  com.demo.baseutil.Basetest - Validate Press the signin button is clickable
13:50:21.365 [main] INFO  com.demo.baseutil.Basetest - Clicked on : Press the signin button
13:50:23.380 [main] INFO  com.demo.baseutil.Basetest - HomePage title  is matched
13:50:33.387 [main] INFO  com.demo.baseutil.Basetest - Validate click on trace is clickable
13:50:35.755 [main] INFO  com.demo.baseutil.Basetest - Clicked on : click on trace
13:50:41.836 [main] INFO  com.demo.baseutil.Basetest - Validate Asset & Infrastructure Data is clicked is clickable
13:50:44.316 [main] INFO  com.demo.baseutil.Basetest - Clicked on : Asset & Infrastructure Data is clicked
13:50:46.317 [main] INFO  com.demo.baseutil.Basetest - Validate Assets is clicked is clickable
13:50:48.911 [main] INFO  com.demo.baseutil.Basetest - Clicked on : Assets is clicked
13:50:50.916 [main] INFO  com.demo.baseutil.Basetest - Validate Add new is clicked is clickable
13:50:53.342 [main] INFO  com.demo.baseutil.Basetest - Clicked on : Add new is clicked
13:50:55.349 [main] INFO  com.demo.baseutil.Basetest - Validate Asset type is clicked is clickable
13:50:57.940 [main] INFO  com.demo.baseutil.Basetest - Clicked on : Asset type is clicked
13:50:57.940 [main] INFO  com.demo.baseutil.Basetest - Validate Click on Vehicle Name is clickable
13:51:00.300 [main] INFO  com.demo.baseutil.Basetest - Clicked on : Click on Vehicle Name
13:51:02.316 [main] INFO  com.demo.baseutil.Basetest - Validate container name is clicked is clickable
13:51:04.609 [main] INFO  com.demo.baseutil.Basetest - Clicked on : container name is clicked
13:51:04.610 [main] INFO  com.demo.baseutil.Basetest - Enter the value into enter the container name
13:51:05.020 [main] INFO  com.demo.baseutil.Basetest - container271271 typed into enter the container name
13:51:07.072 [main] INFO  com.demo.baseutil.Basetest - Validate length is clicked is clickable
13:51:09.442 [main] INFO  com.demo.baseutil.Basetest - Clicked on : length is clicked
13:51:11.453 [main] INFO  com.demo.baseutil.Basetest - Enter the value into enter the length
13:51:11.737 [main] INFO  com.demo.baseutil.Basetest - 10 typed into enter the length
13:51:11.738 [main] INFO  com.demo.baseutil.Basetest - Validate breadth is clicked is clickable
13:51:14.092 [main] INFO  com.demo.baseutil.Basetest - Clicked on : breadth is clicked
13:51:14.092 [main] INFO  com.demo.baseutil.Basetest - Enter the value into breath entered
13:51:14.356 [main] INFO  com.demo.baseutil.Basetest - 10 typed into breath entered
13:51:16.361 [main] INFO  com.demo.baseutil.Basetest - Validate height is clicked is clickable
13:51:18.708 [main] INFO  com.demo.baseutil.Basetest - Clicked on : height is clicked
13:51:20.716 [main] INFO  com.demo.baseutil.Basetest - Enter the value into height entered
13:51:20.933 [main] INFO  com.demo.baseutil.Basetest - 20 typed into height entered
13:51:22.942 [main] INFO  com.demo.baseutil.Basetest - Validate dom is clicked is clickable
13:51:25.350 [main] INFO  com.demo.baseutil.Basetest - Clicked on : dom is clicked
13:51:27.356 [main] INFO  com.demo.baseutil.Basetest - Validate ft is clicked is clickable
13:51:29.627 [main] INFO  com.demo.baseutil.Basetest - Clicked on : ft is clicked
13:51:31.629 [main] INFO  com.demo.baseutil.Basetest - Validate wt is clicked is clickable
13:51:33.924 [main] INFO  com.demo.baseutil.Basetest - Clicked on : wt is clicked
13:51:35.931 [main] INFO  com.demo.baseutil.Basetest - Enter the value into weight entered
13:51:36.241 [main] INFO  com.demo.baseutil.Basetest - 1000 typed into weight entered
13:51:38.246 [main] INFO  com.demo.baseutil.Basetest - Validate wtcap is clicked is clickable
13:51:40.670 [main] INFO  com.demo.baseutil.Basetest - Clicked on : wtcap is clicked
13:51:42.672 [main] INFO  com.demo.baseutil.Basetest - Validate tons is clicked is clickable
13:51:45.013 [main] INFO  com.demo.baseutil.Basetest - Clicked on : tons is clicked
13:51:47.015 [main] INFO  com.demo.baseutil.Basetest - Validate Click on Add button is clickable
13:51:49.364 [main] INFO  com.demo.baseutil.Basetest - Clicked on : Click on Add button
13:51:55.578 [main] INFO  com.demo.baseutil.Basetest - Browser is closed sucessfuly
13:51:56.898 [main] INFO  com.demo.baseutil.Basetest - Browser is closed sucessfuly
13:52:36.541 [main] INFO  com.demo.baseutil.Basetest - Validate Sign in with FarmtoPlate account is clickable
13:52:39.052 [main] INFO  com.demo.baseutil.Basetest - Clicked on : Sign in with FarmtoPlate account
13:52:39.061 [main] INFO  com.demo.baseutil.Basetest - Url contains farmtoplateapps.io/login
13:52:39.069 [main] INFO  com.demo.baseutil.Basetest - Sign in title matched
13:52:39.069 [main] INFO  com.demo.baseutil.Basetest - UI verified for Sigin page.
13:52:39.069 [main] INFO  com.demo.baseutil.Basetest - Sign in function call
13:52:39.069 [main] INFO  com.demo.baseutil.Basetest - Validate email address field is clicked is clickable
13:52:41.774 [main] INFO  com.demo.baseutil.Basetest - Clicked on : email address field is clicked
13:52:41.774 [main] INFO  com.demo.baseutil.Basetest - Enter the value into Email Id Entered
13:52:42.100 [main] INFO  com.demo.baseutil.Basetest - 139@yopmail.com typed into Email Id Entered
13:52:42.100 [main] INFO  com.demo.baseutil.Basetest - Validate Enter the password is clickable
13:52:44.386 [main] INFO  com.demo.baseutil.Basetest - Clicked on : Enter the password
13:52:44.386 [main] INFO  com.demo.baseutil.Basetest - Enter the value into Password Id Entered
13:52:44.584 [main] INFO  com.demo.baseutil.Basetest - Admin@1234 typed into Password Id Entered
13:52:48.678 [main] INFO  com.demo.baseutil.Basetest - Scroll down
13:52:48.678 [main] INFO  com.demo.baseutil.Basetest - Validate Press the signin button is clickable
13:52:51.659 [main] INFO  com.demo.baseutil.Basetest - Clicked on : Press the signin button
13:52:54.086 [main] INFO  com.demo.baseutil.Basetest - HomePage title  is matched
13:53:04.106 [main] INFO  com.demo.baseutil.Basetest - Validate click on trace is clickable
13:53:06.503 [main] INFO  com.demo.baseutil.Basetest - Clicked on : click on trace
13:53:12.587 [main] INFO  com.demo.baseutil.Basetest - Validate User Management is clicked is clickable
13:53:15.059 [main] INFO  com.demo.baseutil.Basetest - Clicked on : User Management is clicked
13:53:17.075 [main] INFO  com.demo.baseutil.Basetest - Validate users is clicked is clickable
13:53:19.645 [main] INFO  com.demo.baseutil.Basetest - Clicked on : users is clicked
13:53:21.662 [main] INFO  com.demo.baseutil.Basetest - Validate Add new is clicked is clickable
13:53:24.151 [main] INFO  com.demo.baseutil.Basetest - Clicked on : Add new is clicked
13:53:26.156 [main] INFO  com.demo.baseutil.Basetest - Validate first name is clicked is clickable
13:53:28.464 [main] INFO  com.demo.baseutil.Basetest - Clicked on : first name is clicked
13:53:30.479 [main] INFO  com.demo.baseutil.Basetest - Enter the value into first name is entered
13:53:30.780 [main] INFO  com.demo.baseutil.Basetest - abc typed into first name is entered
13:53:32.788 [main] INFO  com.demo.baseutil.Basetest - Validate last name is clicked is clickable
13:53:35.155 [main] INFO  com.demo.baseutil.Basetest - Clicked on : last name is clicked
13:53:37.162 [main] INFO  com.demo.baseutil.Basetest - Enter the value into lastname name is entered
13:53:37.424 [main] INFO  com.demo.baseutil.Basetest - abc typed into lastname name is entered
13:53:39.437 [main] INFO  com.demo.baseutil.Basetest - Validate modulename is clicked is clickable
13:53:41.790 [main] INFO  com.demo.baseutil.Basetest - Clicked on : modulename is clicked
13:53:43.797 [main] INFO  com.demo.baseutil.Basetest - Validate module name is clicked is clickable
13:53:46.128 [main] INFO  com.demo.baseutil.Basetest - Clicked on : module name is clicked
13:53:48.133 [main] INFO  com.demo.baseutil.Basetest - Validate assignrole is clicked is clickable
13:53:50.549 [main] INFO  com.demo.baseutil.Basetest - Clicked on : assignrole is clicked
13:53:52.562 [main] INFO  com.demo.baseutil.Basetest - Validate assignitem is clicked is clickable
13:53:54.924 [main] INFO  com.demo.baseutil.Basetest - Clicked on : assignitem is clicked
13:53:56.925 [main] INFO  com.demo.baseutil.Basetest - Validate emailuser is clicked is clickable
13:53:59.254 [main] INFO  com.demo.baseutil.Basetest - Clicked on : emailuser is clicked
13:54:01.262 [main] INFO  com.demo.baseutil.Basetest - Enter the value into eamil is entered
13:54:01.611 [main] INFO  com.demo.baseutil.Basetest - abc43@yopmail.com typed into eamil is entered
13:54:03.623 [main] INFO  com.demo.baseutil.Basetest - Validate countrycode is clicked is clickable
13:54:06.089 [main] INFO  com.demo.baseutil.Basetest - Clicked on : countrycode is clicked
13:54:08.093 [main] INFO  com.demo.baseutil.Basetest - Enter the value into countrycode is entered
13:54:08.506 [main] INFO  com.demo.baseutil.Basetest - +91 typed into countrycode is entered
13:54:12.514 [main] INFO  com.demo.baseutil.Basetest - Validate countrycode select is clicked is clickable
13:54:14.991 [main] INFO  com.demo.baseutil.Basetest - Clicked on : countrycode select is clicked
13:54:16.994 [main] INFO  com.demo.baseutil.Basetest - Validate phnumber is clicked is clickable
13:54:19.324 [main] INFO  com.demo.baseutil.Basetest - Clicked on : phnumber is clicked
13:54:21.328 [main] INFO  com.demo.baseutil.Basetest - Enter the value into phnumber is entered
13:54:21.780 [main] INFO  com.demo.baseutil.Basetest - 2114868689 typed into phnumber is entered
13:54:25.795 [main] INFO  com.demo.baseutil.Basetest - Validate send invite user  is clicked is clickable
13:54:28.211 [main] INFO  com.demo.baseutil.Basetest - Clicked on : send invite user  is clicked
13:54:32.384 [main] INFO  com.demo.baseutil.Basetest - Validate Email address input field is clicked is clickable
13:54:40.610 [main] INFO  com.demo.baseutil.Basetest - Clicked on : Email address input field is clicked
13:54:40.610 [main] INFO  com.demo.baseutil.Basetest - Enter the value into email address is entered
13:54:40.944 [main] INFO  com.demo.baseutil.Basetest - abc43@yopmail.com typed into email address is entered
13:54:40.945 [main] INFO  com.demo.baseutil.Basetest - Validate arrow button is clicked is clickable
13:54:43.527 [main] INFO  com.demo.baseutil.Basetest - Clicked on : arrow button is clicked
13:54:46.658 [main] INFO  com.demo.baseutil.Basetest - Validate first email is clicked is clickable
13:54:49.155 [main] INFO  com.demo.baseutil.Basetest - Clicked on : first email is clicked
13:54:51.226 [main] INFO  com.demo.baseutil.Basetest - Validate email address is clicked is clickable
13:54:53.642 [main] INFO  com.demo.baseutil.Basetest - Clicked on : email address is clicked
13:54:58.866 [main] INFO  com.demo.baseutil.Basetest - Validate pass is clicked is clickable
13:55:02.326 [main] INFO  com.demo.baseutil.Basetest - Clicked on : pass is clicked
13:55:02.327 [main] INFO  com.demo.baseutil.Basetest - Enter the value into Password is entered
13:55:02.794 [main] INFO  com.demo.baseutil.Basetest - Admin@1234 typed into Password is entered
13:55:02.795 [main] INFO  com.demo.baseutil.Basetest - Validate confirm password is clicked is clickable
13:55:05.252 [main] INFO  com.demo.baseutil.Basetest - Clicked on : confirm password is clicked
13:55:05.252 [main] INFO  com.demo.baseutil.Basetest - Enter the value into Confirm Password is entered
13:55:05.654 [main] INFO  com.demo.baseutil.Basetest - Admin@1234 typed into Confirm Password is entered
13:55:07.685 [main] INFO  com.demo.baseutil.Basetest - Scroll down successful
13:55:07.685 [main] INFO  com.demo.baseutil.Basetest - Validate button is clicked is clickable
13:55:10.141 [main] INFO  com.demo.baseutil.Basetest - Clicked on : button is clicked
13:55:12.143 [main] INFO  com.demo.baseutil.Basetest - Validate email address field is clicked is clickable
13:55:14.561 [main] INFO  com.demo.baseutil.Basetest - Clicked on : email address field is clicked
13:55:14.562 [main] INFO  com.demo.baseutil.Basetest - Enter the value into Email Id Entered
13:55:14.986 [main] INFO  com.demo.baseutil.Basetest - abc43@yopmail.com typed into Email Id Entered
13:55:14.986 [main] INFO  com.demo.baseutil.Basetest - Validate Enter the password is clickable
13:55:17.671 [main] INFO  com.demo.baseutil.Basetest - Clicked on : Enter the password
13:55:17.671 [main] INFO  com.demo.baseutil.Basetest - Enter the value into Password Id Entered
13:55:18.032 [main] INFO  com.demo.baseutil.Basetest - Admin@1234 typed into Password Id Entered
13:55:18.057 [main] INFO  com.demo.baseutil.Basetest - Scroll down successful
13:55:18.058 [main] INFO  com.demo.baseutil.Basetest - Validate Press the signin button is clickable
13:55:20.925 [main] INFO  com.demo.baseutil.Basetest - Clicked on : Press the signin button
13:55:23.943 [main] INFO  com.demo.baseutil.Basetest - Scroll down successful
13:55:24.961 [main] INFO  com.demo.baseutil.Basetest - Validate Press the button is clickable
13:55:27.651 [main] INFO  com.demo.baseutil.Basetest - Clicked on : Press the button
13:55:27.667 [main] INFO  com.demo.baseutil.Basetest - Scroll down successful
13:55:27.667 [main] INFO  com.demo.baseutil.Basetest - Validate Press the signin button is clickable
13:55:30.065 [main] INFO  com.demo.baseutil.Basetest - Clicked on : Press the signin button
13:55:32.070 [main] INFO  com.demo.baseutil.Basetest - Validate Press the button is clickable
13:55:34.334 [main] INFO  com.demo.baseutil.Basetest - Clicked on : Press the button
13:55:34.537 [main] INFO  com.demo.baseutil.Basetest - Browser is closed sucessfuly
13:55:35.590 [main] INFO  com.demo.baseutil.Basetest - Browser is closed sucessfuly
13:55:51.588 [main] INFO  com.demo.baseutil.Basetest - Validate Sign in with FarmtoPlate account is clickable
13:55:54.028 [main] INFO  com.demo.baseutil.Basetest - Clicked on : Sign in with FarmtoPlate account
13:55:54.036 [main] INFO  com.demo.baseutil.Basetest - Url contains farmtoplateapps.io/login
13:55:54.041 [main] INFO  com.demo.baseutil.Basetest - Sign in title matched
13:55:54.041 [main] INFO  com.demo.baseutil.Basetest - UI verified for Sigin page.
13:55:54.042 [main] INFO  com.demo.baseutil.Basetest - Sign in function call
13:55:54.042 [main] INFO  com.demo.baseutil.Basetest - Validate email address field is clicked is clickable
13:55:56.386 [main] INFO  com.demo.baseutil.Basetest - Clicked on : email address field is clicked
13:55:56.387 [main] INFO  com.demo.baseutil.Basetest - Enter the value into Email Id Entered
13:55:57.648 [main] INFO  com.demo.baseutil.Basetest - 139@yopmail.com typed into Email Id Entered
13:55:57.649 [main] INFO  com.demo.baseutil.Basetest - Validate Enter the password is clickable
13:56:00.001 [main] INFO  com.demo.baseutil.Basetest - Clicked on : Enter the password
13:56:00.001 [main] INFO  com.demo.baseutil.Basetest - Enter the value into Password Id Entered
13:56:01.392 [main] INFO  com.demo.baseutil.Basetest - Admin@1234 typed into Password Id Entered
13:56:05.475 [main] INFO  com.demo.baseutil.Basetest - Scroll down
13:56:05.475 [main] INFO  com.demo.baseutil.Basetest - Validate Press the signin button is clickable
13:56:08.671 [main] INFO  com.demo.baseutil.Basetest - Clicked on : Press the signin button
13:56:10.995 [main] INFO  com.demo.baseutil.Basetest - HomePage title  is matched
13:56:21.016 [main] INFO  com.demo.baseutil.Basetest - Validate click on trace is clickable
13:56:23.373 [main] INFO  com.demo.baseutil.Basetest - Clicked on : click on trace
13:56:29.460 [main] INFO  com.demo.baseutil.Basetest - Validate User Management is clicked is clickable
13:56:31.817 [main] INFO  com.demo.baseutil.Basetest - Clicked on : User Management is clicked
13:56:33.824 [main] INFO  com.demo.baseutil.Basetest - Validate roles is clicked is clickable
13:56:36.340 [main] INFO  com.demo.baseutil.Basetest - Clicked on : roles is clicked
13:56:38.349 [main] INFO  com.demo.baseutil.Basetest - Validate Add new is clicked is clickable
13:56:40.716 [main] INFO  com.demo.baseutil.Basetest - Clicked on : Add new is clicked
13:56:45.730 [main] INFO  com.demo.baseutil.Basetest - Validate role name is clicked is clickable
13:56:48.090 [main] INFO  com.demo.baseutil.Basetest - Clicked on : role name is clicked
13:56:50.092 [main] INFO  com.demo.baseutil.Basetest - Enter the value into rolename is entered
13:56:50.328 [main] INFO  com.demo.baseutil.Basetest - rolename131 typed into rolename is entered
13:56:52.350 [main] INFO  com.demo.baseutil.Basetest - Validate roletype is clicked is clickable
13:56:54.759 [main] INFO  com.demo.baseutil.Basetest - Clicked on : roletype is clicked
13:56:56.765 [main] INFO  com.demo.baseutil.Basetest - Validate Admin is clicked is clickable
13:56:59.170 [main] INFO  com.demo.baseutil.Basetest - Clicked on : Admin is clicked
13:57:01.379 [main] INFO  com.demo.baseutil.Basetest - Scroll down successful
13:57:03.408 [main] INFO  com.demo.baseutil.Basetest - Validate modulename is clicked is clickable
13:57:06.286 [main] INFO  com.demo.baseutil.Basetest - Clicked on : modulename is clicked
13:57:08.292 [main] INFO  com.demo.baseutil.Basetest - Validate module name is clicked is clickable
13:57:10.596 [main] INFO  com.demo.baseutil.Basetest - Clicked on : module name is clicked
13:57:12.598 [main] INFO  com.demo.baseutil.Basetest - Validate orgdept is clicked is clickable
13:57:14.918 [main] INFO  com.demo.baseutil.Basetest - Clicked on : orgdept is clicked
13:57:16.926 [main] INFO  com.demo.baseutil.Basetest - Validate orgdeptselect is clicked is clickable
13:57:19.256 [main] INFO  com.demo.baseutil.Basetest - Clicked on : orgdeptselect is clicked
13:57:21.257 [main] INFO  com.demo.baseutil.Basetest - Validate nxtbutton is clicked is clickable
13:57:23.707 [main] INFO  com.demo.baseutil.Basetest - Clicked on : nxtbutton is clicked
13:57:31.720 [main] INFO  com.demo.baseutil.Basetest - Scroll till the nxtbutton1 scrolled
13:57:31.808 [main] INFO  com.demo.baseutil.Basetest - Scroll till the nxtbutton1 scrolled completed
13:57:33.812 [main] INFO  com.demo.baseutil.Basetest - Validate nxtbutton1 is clicked is clickable
13:57:36.269 [main] INFO  com.demo.baseutil.Basetest - Clicked on : nxtbutton1 is clicked
13:57:54.841 [main] INFO  com.demo.baseutil.Basetest - Validate update1 select is clicked is clickable
13:57:57.312 [main] INFO  com.demo.baseutil.Basetest - Clicked on : update1 select is clicked
13:57:59.314 [main] INFO  com.demo.baseutil.Basetest - Validate update2 is clicked is clickable
13:58:01.745 [main] INFO  com.demo.baseutil.Basetest - Clicked on : update2 is clicked
13:58:05.761 [main] INFO  com.demo.baseutil.Basetest - Validate alert1  is clicked is clickable
13:58:08.127 [main] INFO  com.demo.baseutil.Basetest - Clicked on : alert1  is clicked
13:58:10.127 [main] INFO  com.demo.baseutil.Basetest - Validate alert2  is clicked is clickable
13:58:12.427 [main] INFO  com.demo.baseutil.Basetest - Clicked on : alert2  is clicked
13:58:16.443 [main] INFO  com.demo.baseutil.Basetest - Scroll till the submitbtn scrolled
13:58:16.589 [main] INFO  com.demo.baseutil.Basetest - Scroll till the submitbtn scrolled completed
13:58:18.592 [main] INFO  com.demo.baseutil.Basetest - Validate submitbtn is clicked is clickable
13:58:20.957 [main] INFO  com.demo.baseutil.Basetest - Clicked on : submitbtn is clicked
13:58:26.358 [main] INFO  com.demo.baseutil.Basetest - Browser is closed sucessfuly
13:58:27.113 [main] INFO  com.demo.baseutil.Basetest - Browser is closed sucessfuly
13:58:47.232 [main] INFO  com.demo.baseutil.Basetest - Validate Sign in with FarmtoPlate account is clickable
13:58:49.799 [main] INFO  com.demo.baseutil.Basetest - Clicked on : Sign in with FarmtoPlate account
13:58:49.820 [main] INFO  com.demo.baseutil.Basetest - Url contains farmtoplateapps.io/login
13:58:49.829 [main] INFO  com.demo.baseutil.Basetest - Sign in title matched
13:58:49.831 [main] INFO  com.demo.baseutil.Basetest - UI verified for Sigin page.
13:58:49.831 [main] INFO  com.demo.baseutil.Basetest - Sign in function call
13:58:49.832 [main] INFO  com.demo.baseutil.Basetest - Validate email address field is clicked is clickable
13:58:52.252 [main] INFO  com.demo.baseutil.Basetest - Clicked on : email address field is clicked
13:58:52.252 [main] INFO  com.demo.baseutil.Basetest - Enter the value into Email Id Entered
13:58:52.597 [main] INFO  com.demo.baseutil.Basetest - 139@yopmail.com typed into Email Id Entered
13:58:52.598 [main] INFO  com.demo.baseutil.Basetest - Validate Enter the password is clickable
13:58:55.015 [main] INFO  com.demo.baseutil.Basetest - Clicked on : Enter the password
13:58:55.015 [main] INFO  com.demo.baseutil.Basetest - Enter the value into Password Id Entered
13:58:56.839 [main] INFO  com.demo.baseutil.Basetest - Admin@1234 typed into Password Id Entered
13:59:00.934 [main] INFO  com.demo.baseutil.Basetest - Scroll down
13:59:00.934 [main] INFO  com.demo.baseutil.Basetest - Validate Press the signin button is clickable
13:59:06.310 [main] INFO  com.demo.baseutil.Basetest - Clicked on : Press the signin button
13:59:08.803 [main] INFO  com.demo.baseutil.Basetest - HomePage title  is matched
13:59:18.827 [main] INFO  com.demo.baseutil.Basetest - Validate click on trace is clickable
13:59:21.366 [main] INFO  com.demo.baseutil.Basetest - Clicked on : click on trace
13:59:29.459 [main] INFO  com.demo.baseutil.Basetest - Scroll down
13:59:31.460 [main] INFO  com.demo.baseutil.Basetest - Validate Products is clicked is clickable
13:59:34.035 [main] INFO  com.demo.baseutil.Basetest - Clicked on : Products is clicked
13:59:39.063 [main] INFO  com.demo.baseutil.Basetest - Validate Add new is clicked is clickable
13:59:41.552 [main] INFO  com.demo.baseutil.Basetest - Clicked on : Add new is clicked
13:59:43.570 [main] INFO  com.demo.baseutil.Basetest - Validate Click on productcategory is clickable
13:59:45.836 [main] INFO  com.demo.baseutil.Basetest - Clicked on : Click on productcategory
13:59:45.836 [main] INFO  com.demo.baseutil.Basetest - Validate productbasedfood is clicked is clickable
13:59:48.536 [main] INFO  com.demo.baseutil.Basetest - Clicked on : productbasedfood is clicked
13:59:48.536 [main] INFO  com.demo.baseutil.Basetest - Validate product name is selected is clickable
13:59:50.949 [main] INFO  com.demo.baseutil.Basetest - Clicked on : product name is selected
13:59:50.949 [main] INFO  com.demo.baseutil.Basetest - Enter the value into enter the product
13:59:51.474 [main] INFO  com.demo.baseutil.Basetest - wheat38657210966125460 typed into enter the product
13:59:51.475 [main] INFO  com.demo.baseutil.Basetest - Validate Click on productid is clickable
13:59:54.012 [main] INFO  com.demo.baseutil.Basetest - Clicked on : Click on productid
13:59:54.012 [main] INFO  com.demo.baseutil.Basetest - Validate Click on checkbox is clickable
13:59:56.556 [main] INFO  com.demo.baseutil.Basetest - Clicked on : Click on checkbox
13:59:56.556 [main] INFO  com.demo.baseutil.Basetest - Validate Click on autogenerate is clickable
13:59:59.271 [main] INFO  com.demo.baseutil.Basetest - Clicked on : Click on autogenerate
13:59:59.271 [main] INFO  com.demo.baseutil.Basetest - Validate Click on productdesc is clickable
14:00:01.779 [main] INFO  com.demo.baseutil.Basetest - Clicked on : Click on productdesc
14:00:01.779 [main] INFO  com.demo.baseutil.Basetest - Enter the value into Enetered the product desc
14:00:02.273 [main] INFO  com.demo.baseutil.Basetest - test typed into Enetered the product desc
14:00:02.273 [main] INFO  com.demo.baseutil.Basetest - Validate Click on upload is clickable
14:00:04.787 [main] INFO  com.demo.baseutil.Basetest - Clicked on : Click on upload
14:00:16.454 [main] INFO  com.demo.baseutil.Basetest - Scroll down
14:00:16.454 [main] INFO  com.demo.baseutil.Basetest - Validate Click on ingrediant name is clickable
14:00:18.995 [main] INFO  com.demo.baseutil.Basetest - Clicked on : Click on ingrediant name
14:00:18.995 [main] INFO  com.demo.baseutil.Basetest - Enter the value into ingredient name is entered
14:00:19.408 [main] INFO  com.demo.baseutil.Basetest - wheat typed into ingredient name is entered
14:00:22.432 [main] INFO  com.demo.baseutil.Basetest - Validate Click on ingrediant name is clickable
14:00:24.794 [main] INFO  com.demo.baseutil.Basetest - Clicked on : Click on ingrediant name
14:00:24.794 [main] INFO  com.demo.baseutil.Basetest - Enter the value into nutri name is entered
14:00:25.153 [main] INFO  com.demo.baseutil.Basetest - fact typed into nutri name is entered
14:00:25.154 [main] INFO  com.demo.baseutil.Basetest - Validate Click on ingrediant QTY is clickable
14:00:27.578 [main] INFO  com.demo.baseutil.Basetest - Clicked on : Click on ingrediant QTY
14:00:27.578 [main] INFO  com.demo.baseutil.Basetest - Enter the value into nutri qty is entered
14:00:27.835 [main] INFO  com.demo.baseutil.Basetest - 1 typed into nutri qty is entered
14:00:27.835 [main] INFO  com.demo.baseutil.Basetest - Validate Click on ingrediant drop is clickable
14:00:30.315 [main] INFO  com.demo.baseutil.Basetest - Clicked on : Click on ingrediant drop
14:00:32.331 [main] INFO  com.demo.baseutil.Basetest - Validate Click on ingrediant value is clickable
14:00:34.719 [main] INFO  com.demo.baseutil.Basetest - Clicked on : Click on ingrediant value
14:00:40.779 [main] INFO  com.demo.baseutil.Basetest - Scroll down
14:00:42.847 [main] INFO  com.demo.baseutil.Basetest - Scroll down successful
14:00:42.847 [main] INFO  com.demo.baseutil.Basetest - Validate Click on ingrediant name is clickable
14:00:45.266 [main] INFO  com.demo.baseutil.Basetest - Clicked on : Click on ingrediant name
14:00:45.267 [main] INFO  com.demo.baseutil.Basetest - Validate Click on ingrediant name is clickable
14:00:47.564 [main] INFO  com.demo.baseutil.Basetest - Clicked on : Click on ingrediant name
14:00:47.564 [main] INFO  com.demo.baseutil.Basetest - Validate Click on ingrediant name is clickable
14:00:49.995 [main] INFO  com.demo.baseutil.Basetest - Clicked on : Click on ingrediant name
14:00:49.995 [main] INFO  com.demo.baseutil.Basetest - Enter the value into price is entered
14:00:50.382 [main] INFO  com.demo.baseutil.Basetest - 1 typed into price is entered
14:00:50.382 [main] INFO  com.demo.baseutil.Basetest - Validate Click on currency is clickable
14:00:52.778 [main] INFO  com.demo.baseutil.Basetest - Clicked on : Click on currency
14:00:52.778 [main] INFO  com.demo.baseutil.Basetest - Validate Click on currency value is clickable
14:00:55.098 [main] INFO  com.demo.baseutil.Basetest - Clicked on : Click on currency value
14:00:55.098 [main] INFO  com.demo.baseutil.Basetest - Validate Click on typepacking value is clickable
14:00:57.494 [main] INFO  com.demo.baseutil.Basetest - Clicked on : Click on typepacking value
14:00:57.494 [main] INFO  com.demo.baseutil.Basetest - Enter the value into typepacking is entered
14:00:57.785 [main] INFO  com.demo.baseutil.Basetest - 1 typed into typepacking is entered
14:00:57.785 [main] INFO  com.demo.baseutil.Basetest - Validate Click on length value is clickable
14:01:00.117 [main] INFO  com.demo.baseutil.Basetest - Clicked on : Click on length value
14:01:00.117 [main] INFO  com.demo.baseutil.Basetest - Enter the value into length is entered
14:01:00.657 [main] INFO  com.demo.baseutil.Basetest - 1 typed into length is entered
14:01:00.657 [main] INFO  com.demo.baseutil.Basetest - Validate Click on breath value is clickable
14:01:03.184 [main] INFO  com.demo.baseutil.Basetest - Clicked on : Click on breath value
14:01:03.184 [main] INFO  com.demo.baseutil.Basetest - Enter the value into breath is entered
14:01:03.435 [main] INFO  com.demo.baseutil.Basetest - 1 typed into breath is entered
14:01:03.435 [main] INFO  com.demo.baseutil.Basetest - Validate Click on height value is clickable
14:01:05.780 [main] INFO  com.demo.baseutil.Basetest - Clicked on : Click on height value
14:01:05.780 [main] INFO  com.demo.baseutil.Basetest - Enter the value into height is entered
14:01:06.111 [main] INFO  com.demo.baseutil.Basetest - 1 typed into height is entered
14:01:08.128 [main] INFO  com.demo.baseutil.Basetest - Scroll down successful
14:01:08.144 [main] INFO  com.demo.baseutil.Basetest - Validate Click on checkbox1 is clickable
14:01:10.469 [main] INFO  com.demo.baseutil.Basetest - Clicked on : Click on checkbox1
14:01:19.574 [main] INFO  com.demo.baseutil.Basetest - Scroll down
14:01:19.574 [main] INFO  com.demo.baseutil.Basetest - Validate Click on gln1 is clickable
14:01:21.959 [main] INFO  com.demo.baseutil.Basetest - Clicked on : Click on gln1
14:01:21.959 [main] INFO  com.demo.baseutil.Basetest - Enter the value into gln1 is entered
14:01:22.404 [main] INFO  com.demo.baseutil.Basetest - warehouse typed into gln1 is entered
14:01:26.415 [main] INFO  com.demo.baseutil.Basetest - Validate Click on autosearch is clickable
14:01:29.032 [main] INFO  com.demo.baseutil.Basetest - Clicked on : Click on autosearch
14:01:31.037 [main] INFO  com.demo.baseutil.Basetest - Validate Click on gln2 is clickable
14:01:33.476 [main] INFO  com.demo.baseutil.Basetest - Clicked on : Click on gln2
14:01:33.476 [main] INFO  com.demo.baseutil.Basetest - Enter the value into gln2 is entered
14:01:33.760 [main] INFO  com.demo.baseutil.Basetest - warehouse typed into gln2 is entered
14:01:37.768 [main] INFO  com.demo.baseutil.Basetest - Validate Click on autosearch is clickable
14:01:40.263 [main] INFO  com.demo.baseutil.Basetest - Clicked on : Click on autosearch
14:01:45.264 [main] INFO  com.demo.baseutil.Basetest - Validate Click on gln3 is clickable
14:01:47.708 [main] INFO  com.demo.baseutil.Basetest - Clicked on : Click on gln3
14:01:47.708 [main] INFO  com.demo.baseutil.Basetest - Enter the value into gln3 is entered
14:01:47.952 [main] INFO  com.demo.baseutil.Basetest - warehouse typed into gln3 is entered
14:01:49.961 [main] INFO  com.demo.baseutil.Basetest - Scroll till the scrolldown to table:
14:01:50.118 [main] INFO  com.demo.baseutil.Basetest - Scroll till the scrolldown to table: completed
14:01:52.139 [main] INFO  com.demo.baseutil.Basetest - Validate Click on autosearch is clickable
14:01:54.581 [main] INFO  com.demo.baseutil.Basetest - Clicked on : Click on autosearch
14:02:00.675 [main] INFO  com.demo.baseutil.Basetest - Scroll down
14:02:02.691 [main] INFO  com.demo.baseutil.Basetest - Validate Click on registerproduct is clickable
14:02:05.132 [main] INFO  com.demo.baseutil.Basetest - Clicked on : Click on registerproduct
14:02:30.966 [main] INFO  com.demo.baseutil.Basetest - Browser is closed sucessfuly
14:02:33.319 [main] INFO  com.demo.baseutil.Basetest - Browser is closed sucessfuly
14:02:53.731 [main] INFO  com.demo.baseutil.Basetest - Validate Sign in with FarmtoPlate account is clickable
14:02:56.279 [main] INFO  com.demo.baseutil.Basetest - Clicked on : Sign in with FarmtoPlate account
14:02:56.293 [main] INFO  com.demo.baseutil.Basetest - Url contains farmtoplateapps.io/login
14:02:56.300 [main] INFO  com.demo.baseutil.Basetest - Sign in title matched
14:02:56.300 [main] INFO  com.demo.baseutil.Basetest - UI verified for Sigin page.
14:02:56.302 [main] INFO  com.demo.baseutil.Basetest - Sign in function call
14:02:56.302 [main] INFO  com.demo.baseutil.Basetest - Validate email address field is clicked is clickable
14:02:58.663 [main] INFO  com.demo.baseutil.Basetest - Clicked on : email address field is clicked
14:02:58.663 [main] INFO  com.demo.baseutil.Basetest - Enter the value into Email Id Entered
14:02:59.103 [main] INFO  com.demo.baseutil.Basetest - 139@yopmail.com typed into Email Id Entered
14:02:59.104 [main] INFO  com.demo.baseutil.Basetest - Validate Enter the password is clickable
14:03:01.528 [main] INFO  com.demo.baseutil.Basetest - Clicked on : Enter the password
14:03:01.528 [main] INFO  com.demo.baseutil.Basetest - Enter the value into Password Id Entered
14:03:02.061 [main] INFO  com.demo.baseutil.Basetest - Admin@1234 typed into Password Id Entered
14:03:06.177 [main] INFO  com.demo.baseutil.Basetest - Scroll down
14:03:06.177 [main] INFO  com.demo.baseutil.Basetest - Validate Press the signin button is clickable
14:03:10.212 [main] INFO  com.demo.baseutil.Basetest - Clicked on : Press the signin button
14:03:12.226 [main] INFO  com.demo.baseutil.Basetest - HomePage title  is matched
14:03:22.241 [main] INFO  com.demo.baseutil.Basetest - Validate click on trace is clickable
14:03:24.689 [main] INFO  com.demo.baseutil.Basetest - Clicked on : click on trace
14:03:32.777 [main] INFO  com.demo.baseutil.Basetest - Scroll down
14:03:34.780 [main] INFO  com.demo.baseutil.Basetest - Validate Process is clicked is clickable
14:03:37.339 [main] INFO  com.demo.baseutil.Basetest - Clicked on : Process is clicked
14:03:42.347 [main] INFO  com.demo.baseutil.Basetest - Validate Process add is clicked is clickable
14:03:44.728 [main] INFO  com.demo.baseutil.Basetest - Clicked on : Process add is clicked
14:03:49.730 [main] INFO  com.demo.baseutil.Basetest - Validate Product id is clicked is clickable
14:03:52.188 [main] INFO  com.demo.baseutil.Basetest - Clicked on : Product id is clicked
14:04:05.814 [main] INFO  com.demo.baseutil.Basetest - Validate Product id is clicked is clickable
14:04:08.346 [main] INFO  com.demo.baseutil.Basetest - Clicked on : Product id is clicked
14:04:10.347 [main] INFO  com.demo.baseutil.Basetest - Validate Product id searchbox is clicked is clickable
14:04:12.844 [main] INFO  com.demo.baseutil.Basetest - Clicked on : Product id searchbox is clicked
14:04:14.855 [main] INFO  com.demo.baseutil.Basetest - Validate outside is clicked is clickable
14:04:17.240 [main] INFO  com.demo.baseutil.Basetest - Clicked on : outside is clicked
14:04:19.273 [main] INFO  com.demo.baseutil.Basetest - Scroll down successful
14:04:19.273 [main] INFO  com.demo.baseutil.Basetest - Validate process name is clicked is clickable
14:04:21.691 [main] INFO  com.demo.baseutil.Basetest - Clicked on : process name is clicked
14:04:23.697 [main] INFO  com.demo.baseutil.Basetest - Enter the value into process name Value is entered
14:04:24.076 [main] INFO  com.demo.baseutil.Basetest - processdisagg typed into process name Value is entered
14:04:30.165 [main] INFO  com.demo.baseutil.Basetest - Scroll down
14:04:32.171 [main] INFO  com.demo.baseutil.Basetest - Validate process loc is clicked is clickable
14:04:34.492 [main] INFO  com.demo.baseutil.Basetest - Clicked on : process loc is clicked
14:04:36.497 [main] INFO  com.demo.baseutil.Basetest - Enter the value into process name Value is entered
14:04:36.994 [main] INFO  com.demo.baseutil.Basetest - 0956265002424 typed into process name Value is entered
14:04:42.000 [main] INFO  com.demo.baseutil.Basetest - Validate process loc is clicked is clickable
14:04:44.441 [main] INFO  com.demo.baseutil.Basetest - Clicked on : process loc is clicked
14:04:49.455 [main] INFO  com.demo.baseutil.Basetest - Validate process type is clicked is clickable
14:04:51.888 [main] INFO  com.demo.baseutil.Basetest - Clicked on : process type is clicked
14:04:53.906 [main] INFO  com.demo.baseutil.Basetest - Scroll down successful
14:04:53.906 [main] INFO  com.demo.baseutil.Basetest - Validate process discomm is clicked is clickable
14:04:56.199 [main] INFO  com.demo.baseutil.Basetest - Clicked on : process discomm is clicked
14:05:02.614 [main] INFO  com.demo.baseutil.Basetest - Scroll down
14:05:02.615 [main] INFO  com.demo.baseutil.Basetest - Validate process add button is clicked is clickable
14:05:05.165 [main] INFO  com.demo.baseutil.Basetest - Clicked on : process add button is clicked
14:05:19.265 [main] INFO  com.demo.baseutil.Basetest - Scroll down
14:05:21.279 [main] INFO  com.demo.baseutil.Basetest - Validate Process is clicked is clickable
14:05:23.682 [main] INFO  com.demo.baseutil.Basetest - Clicked on : Process is clicked
14:05:28.697 [main] INFO  com.demo.baseutil.Basetest - Validate Process add is clicked is clickable
14:05:31.127 [main] INFO  com.demo.baseutil.Basetest - Clicked on : Process add is clicked
14:05:36.133 [main] INFO  com.demo.baseutil.Basetest - Validate Product id is clicked is clickable
14:05:38.528 [main] INFO  com.demo.baseutil.Basetest - Clicked on : Product id is clicked
14:05:42.823 [main] INFO  com.demo.baseutil.Basetest - Validate Product id is clicked is clickable
14:05:45.188 [main] INFO  com.demo.baseutil.Basetest - Clicked on : Product id is clicked
14:05:47.199 [main] INFO  com.demo.baseutil.Basetest - Validate Product id is clicked is clickable
14:05:49.612 [main] INFO  com.demo.baseutil.Basetest - Clicked on : Product id is clicked
14:05:51.616 [main] INFO  com.demo.baseutil.Basetest - Validate outside is clicked is clickable
14:05:54.018 [main] INFO  com.demo.baseutil.Basetest - Clicked on : outside is clicked
14:06:00.113 [main] INFO  com.demo.baseutil.Basetest - Scroll down
14:06:00.113 [main] INFO  com.demo.baseutil.Basetest - Validate process name is clicked is clickable
14:06:02.694 [main] INFO  com.demo.baseutil.Basetest - Clicked on : process name is clicked
14:06:04.696 [main] INFO  com.demo.baseutil.Basetest - Enter the value into process name Value is entered
14:06:05.002 [main] INFO  com.demo.baseutil.Basetest - processtrans typed into process name Value is entered
14:06:07.052 [main] INFO  com.demo.baseutil.Basetest - Scroll down successful
14:06:07.052 [main] INFO  com.demo.baseutil.Basetest - Validate process loc is clicked is clickable
14:06:09.626 [main] INFO  com.demo.baseutil.Basetest - Clicked on : process loc is clicked
14:06:11.632 [main] INFO  com.demo.baseutil.Basetest - Enter the value into process name Value is entered
14:06:11.952 [main] INFO  com.demo.baseutil.Basetest - 0956265002424 typed into process name Value is entered
14:06:16.966 [main] INFO  com.demo.baseutil.Basetest - Validate process loc is clicked is clickable
14:06:19.345 [main] INFO  com.demo.baseutil.Basetest - Clicked on : process loc is clicked
14:06:21.362 [main] INFO  com.demo.baseutil.Basetest - Validate process type is clicked is clickable
14:06:23.740 [main] INFO  com.demo.baseutil.Basetest - Clicked on : process type is clicked
14:06:25.789 [main] INFO  com.demo.baseutil.Basetest - Scroll down successful
14:06:25.789 [main] INFO  com.demo.baseutil.Basetest - Validate process trans is clicked is clickable
14:06:28.229 [main] INFO  com.demo.baseutil.Basetest - Clicked on : process trans is clicked
14:06:34.312 [main] INFO  com.demo.baseutil.Basetest - Scroll down
14:06:34.312 [main] INFO  com.demo.baseutil.Basetest - Validate process add button is clicked is clickable
14:06:36.876 [main] INFO  com.demo.baseutil.Basetest - Clicked on : process add button is clicked
14:06:50.955 [main] INFO  com.demo.baseutil.Basetest - Scroll down
14:06:52.956 [main] INFO  com.demo.baseutil.Basetest - Validate Process is clicked is clickable
14:06:55.524 [main] INFO  com.demo.baseutil.Basetest - Clicked on : Process is clicked
14:07:00.528 [main] INFO  com.demo.baseutil.Basetest - Validate Process add is clicked is clickable
14:07:03.062 [main] INFO  com.demo.baseutil.Basetest - Clicked on : Process add is clicked
14:07:08.072 [main] INFO  com.demo.baseutil.Basetest - Validate Product id is clicked is clickable
14:07:10.485 [main] INFO  com.demo.baseutil.Basetest - Clicked on : Product id is clicked
14:07:14.737 [main] INFO  com.demo.baseutil.Basetest - Validate Product id is clicked is clickable
14:07:17.085 [main] INFO  com.demo.baseutil.Basetest - Clicked on : Product id is clicked
14:07:19.094 [main] INFO  com.demo.baseutil.Basetest - Validate Product id is clicked is clickable
14:07:21.634 [main] INFO  com.demo.baseutil.Basetest - Clicked on : Product id is clicked
14:07:23.657 [main] INFO  com.demo.baseutil.Basetest - Validate outside is clicked is clickable
14:07:26.088 [main] INFO  com.demo.baseutil.Basetest - Clicked on : outside is clicked
14:07:32.144 [main] INFO  com.demo.baseutil.Basetest - Scroll down
14:07:32.144 [main] INFO  com.demo.baseutil.Basetest - Validate process name is clicked is clickable
14:07:34.602 [main] INFO  com.demo.baseutil.Basetest - Clicked on : process name is clicked
14:07:36.612 [main] INFO  com.demo.baseutil.Basetest - Enter the value into process name Value is entered
14:07:36.894 [main] INFO  com.demo.baseutil.Basetest - processcooling typed into process name Value is entered
14:07:38.918 [main] INFO  com.demo.baseutil.Basetest - Scroll down successful
14:07:38.934 [main] INFO  com.demo.baseutil.Basetest - Validate process loc is clicked is clickable
14:07:41.290 [main] INFO  com.demo.baseutil.Basetest - Clicked on : process loc is clicked
14:07:43.295 [main] INFO  com.demo.baseutil.Basetest - Enter the value into process name Value is entered
14:07:43.666 [main] INFO  com.demo.baseutil.Basetest - 0956265002424 typed into process name Value is entered
14:07:48.679 [main] INFO  com.demo.baseutil.Basetest - Validate process loc is clicked is clickable
14:07:51.175 [main] INFO  com.demo.baseutil.Basetest - Clicked on : process loc is clicked
14:07:53.190 [main] INFO  com.demo.baseutil.Basetest - Validate process type is clicked is clickable
14:07:55.689 [main] INFO  com.demo.baseutil.Basetest - Clicked on : process type is clicked
14:07:57.706 [main] INFO  com.demo.baseutil.Basetest - Scroll down successful
14:07:57.706 [main] INFO  com.demo.baseutil.Basetest - Validate process trans is clicked is clickable
14:08:00.125 [main] INFO  com.demo.baseutil.Basetest - Clicked on : process trans is clicked
14:08:06.226 [main] INFO  com.demo.baseutil.Basetest - Scroll down
14:08:06.226 [main] INFO  com.demo.baseutil.Basetest - Validate process add button is clicked is clickable
14:08:08.574 [main] INFO  com.demo.baseutil.Basetest - Clicked on : process add button is clicked
14:08:22.659 [main] INFO  com.demo.baseutil.Basetest - Scroll down
14:08:24.660 [main] INFO  com.demo.baseutil.Basetest - Validate Process is clicked is clickable
14:08:27.060 [main] INFO  com.demo.baseutil.Basetest - Clicked on : Process is clicked
14:08:32.078 [main] INFO  com.demo.baseutil.Basetest - Validate Process add is clicked is clickable
14:08:34.502 [main] INFO  com.demo.baseutil.Basetest - Clicked on : Process add is clicked
14:08:39.503 [main] INFO  com.demo.baseutil.Basetest - Validate Product id is clicked is clickable
14:08:41.833 [main] INFO  com.demo.baseutil.Basetest - Clicked on : Product id is clicked
14:08:46.205 [main] INFO  com.demo.baseutil.Basetest - Validate Product id is clicked is clickable
14:08:48.587 [main] INFO  com.demo.baseutil.Basetest - Clicked on : Product id is clicked
14:08:50.593 [main] INFO  com.demo.baseutil.Basetest - Validate Product id is clicked is clickable
14:08:52.956 [main] INFO  com.demo.baseutil.Basetest - Clicked on : Product id is clicked
14:08:54.971 [main] INFO  com.demo.baseutil.Basetest - Validate outside is clicked is clickable
14:08:57.430 [main] INFO  com.demo.baseutil.Basetest - Clicked on : outside is clicked
14:09:03.522 [main] INFO  com.demo.baseutil.Basetest - Scroll down
14:09:03.522 [main] INFO  com.demo.baseutil.Basetest - Validate process name is clicked is clickable
14:09:05.985 [main] INFO  com.demo.baseutil.Basetest - Clicked on : process name is clicked
14:09:07.990 [main] INFO  com.demo.baseutil.Basetest - Enter the value into process name Value is entered
14:09:08.399 [main] INFO  com.demo.baseutil.Basetest - processdiscomm typed into process name Value is entered
14:09:10.417 [main] INFO  com.demo.baseutil.Basetest - Scroll down successful
14:09:10.417 [main] INFO  com.demo.baseutil.Basetest - Validate process loc is clicked is clickable
14:09:12.856 [main] INFO  com.demo.baseutil.Basetest - Clicked on : process loc is clicked
14:09:14.872 [main] INFO  com.demo.baseutil.Basetest - Enter the value into process name Value is entered
14:09:15.242 [main] INFO  com.demo.baseutil.Basetest - 0956265002424 typed into process name Value is entered
14:09:20.246 [main] INFO  com.demo.baseutil.Basetest - Validate process loc is clicked is clickable
14:09:22.589 [main] INFO  com.demo.baseutil.Basetest - Clicked on : process loc is clicked
14:09:24.606 [main] INFO  com.demo.baseutil.Basetest - Validate process type is clicked is clickable
14:09:26.913 [main] INFO  com.demo.baseutil.Basetest - Clicked on : process type is clicked
14:09:28.939 [main] INFO  com.demo.baseutil.Basetest - Scroll down successful
14:09:28.939 [main] INFO  com.demo.baseutil.Basetest - Validate process trans is clicked is clickable
14:09:31.360 [main] INFO  com.demo.baseutil.Basetest - Clicked on : process trans is clicked
14:09:37.464 [main] INFO  com.demo.baseutil.Basetest - Scroll down
14:09:37.464 [main] INFO  com.demo.baseutil.Basetest - Validate process add button is clicked is clickable
14:09:39.822 [main] INFO  com.demo.baseutil.Basetest - Clicked on : process add button is clicked
14:09:42.139 [main] INFO  com.demo.baseutil.Basetest - Browser is closed sucessfuly
14:09:43.098 [main] INFO  com.demo.baseutil.Basetest - Browser is closed sucessfuly
14:10:00.906 [main] INFO  com.demo.baseutil.Basetest - Validate Sign in with FarmtoPlate account is clickable
14:10:03.386 [main] INFO  com.demo.baseutil.Basetest - Clicked on : Sign in with FarmtoPlate account
14:10:03.401 [main] INFO  com.demo.baseutil.Basetest - Url contains farmtoplateapps.io/login
14:10:03.413 [main] INFO  com.demo.baseutil.Basetest - Sign in title matched
14:10:03.413 [main] INFO  com.demo.baseutil.Basetest - UI verified for Sigin page.
14:10:03.414 [main] INFO  com.demo.baseutil.Basetest - Sign in function call
14:10:03.414 [main] INFO  com.demo.baseutil.Basetest - Validate email address field is clicked is clickable
14:10:06.062 [main] INFO  com.demo.baseutil.Basetest - Clicked on : email address field is clicked
14:10:06.062 [main] INFO  com.demo.baseutil.Basetest - Enter the value into Email Id Entered
14:10:06.425 [main] INFO  com.demo.baseutil.Basetest - 139@yopmail.com typed into Email Id Entered
14:10:06.425 [main] INFO  com.demo.baseutil.Basetest - Validate Enter the password is clickable
14:10:08.786 [main] INFO  com.demo.baseutil.Basetest - Clicked on : Enter the password
14:10:08.786 [main] INFO  com.demo.baseutil.Basetest - Enter the value into Password Id Entered
14:10:09.791 [main] INFO  com.demo.baseutil.Basetest - Admin@1234 typed into Password Id Entered
14:10:13.984 [main] INFO  com.demo.baseutil.Basetest - Scroll down
14:10:13.984 [main] INFO  com.demo.baseutil.Basetest - Validate Press the signin button is clickable
14:10:17.709 [main] INFO  com.demo.baseutil.Basetest - Clicked on : Press the signin button
14:10:19.740 [main] INFO  com.demo.baseutil.Basetest - HomePage title  is matched
14:10:37.769 [main] INFO  com.demo.baseutil.Basetest - Validate click on trace is clickable
14:10:40.178 [main] INFO  com.demo.baseutil.Basetest - Clicked on : click on trace
14:10:46.260 [main] INFO  com.demo.baseutil.Basetest - Validate Asset & Infrastructure Data is clicked is clickable
14:10:48.640 [main] INFO  com.demo.baseutil.Basetest - Clicked on : Asset & Infrastructure Data is clicked
14:10:50.656 [main] INFO  com.demo.baseutil.Basetest - Validate Assets is clicked is clickable
14:10:53.165 [main] INFO  com.demo.baseutil.Basetest - Clicked on : Assets is clicked
14:10:55.166 [main] INFO  com.demo.baseutil.Basetest - Validate Add new is clicked is clickable
14:10:57.448 [main] INFO  com.demo.baseutil.Basetest - Clicked on : Add new is clicked
14:10:59.464 [main] INFO  com.demo.baseutil.Basetest - Validate Asset type is clicked is clickable
14:11:01.786 [main] INFO  com.demo.baseutil.Basetest - Clicked on : Asset type is clicked
14:11:01.786 [main] INFO  com.demo.baseutil.Basetest - Validate Click on Vehicle Name is clickable
14:11:04.137 [main] INFO  com.demo.baseutil.Basetest - Clicked on : Click on Vehicle Name
14:11:06.140 [main] INFO  com.demo.baseutil.Basetest - Validate container name is clicked is clickable
14:11:08.552 [main] INFO  com.demo.baseutil.Basetest - Clicked on : container name is clicked
14:11:08.552 [main] INFO  com.demo.baseutil.Basetest - Enter the value into enter the container name
14:11:08.827 [main] INFO  com.demo.baseutil.Basetest - container2020 typed into enter the container name
14:11:10.832 [main] INFO  com.demo.baseutil.Basetest - Validate length is clicked is clickable
14:11:13.302 [main] INFO  com.demo.baseutil.Basetest - Clicked on : length is clicked
14:11:15.305 [main] INFO  com.demo.baseutil.Basetest - Enter the value into enter the length
14:11:15.670 [main] INFO  com.demo.baseutil.Basetest - 10 typed into enter the length
14:11:15.670 [main] INFO  com.demo.baseutil.Basetest - Validate breadth is clicked is clickable
14:11:18.096 [main] INFO  com.demo.baseutil.Basetest - Clicked on : breadth is clicked
14:11:18.096 [main] INFO  com.demo.baseutil.Basetest - Enter the value into breath entered
14:11:18.458 [main] INFO  com.demo.baseutil.Basetest - 10 typed into breath entered
14:11:20.470 [main] INFO  com.demo.baseutil.Basetest - Validate height is clicked is clickable
14:11:22.821 [main] INFO  com.demo.baseutil.Basetest - Clicked on : height is clicked
14:11:24.836 [main] INFO  com.demo.baseutil.Basetest - Enter the value into height entered
14:11:25.208 [main] INFO  com.demo.baseutil.Basetest - 20 typed into height entered
14:11:27.214 [main] INFO  com.demo.baseutil.Basetest - Validate dom is clicked is clickable
14:11:29.609 [main] INFO  com.demo.baseutil.Basetest - Clicked on : dom is clicked
14:11:31.610 [main] INFO  com.demo.baseutil.Basetest - Validate ft is clicked is clickable
14:11:33.951 [main] INFO  com.demo.baseutil.Basetest - Clicked on : ft is clicked
14:11:35.960 [main] INFO  com.demo.baseutil.Basetest - Validate wt is clicked is clickable
14:11:38.397 [main] INFO  com.demo.baseutil.Basetest - Clicked on : wt is clicked
14:11:40.403 [main] INFO  com.demo.baseutil.Basetest - Enter the value into weight entered
14:11:40.726 [main] INFO  com.demo.baseutil.Basetest - 1000 typed into weight entered
14:11:42.730 [main] INFO  com.demo.baseutil.Basetest - Validate wtcap is clicked is clickable
14:11:45.111 [main] INFO  com.demo.baseutil.Basetest - Clicked on : wtcap is clicked
14:11:47.117 [main] INFO  com.demo.baseutil.Basetest - Validate tons is clicked is clickable
14:11:49.537 [main] INFO  com.demo.baseutil.Basetest - Clicked on : tons is clicked
14:11:51.550 [main] INFO  com.demo.baseutil.Basetest - Validate Click on Add button is clickable
14:11:54.019 [main] INFO  com.demo.baseutil.Basetest - Clicked on : Click on Add button
14:12:05.026 [main] INFO  com.demo.baseutil.Basetest - Scroll till the transaction
14:12:05.117 [main] INFO  com.demo.baseutil.Basetest - Scroll till the transaction completed
14:12:05.118 [main] INFO  com.demo.baseutil.Basetest - Validate transaction is clicked is clickable
14:12:07.668 [main] INFO  com.demo.baseutil.Basetest - Clicked on : transaction is clicked
14:12:12.695 [main] INFO  com.demo.baseutil.Basetest - Validate add new is clicked is clickable
14:12:15.286 [main] INFO  com.demo.baseutil.Basetest - Clicked on : add new is clicked
14:12:20.290 [main] INFO  com.demo.baseutil.Basetest - Validate Product id is clicked is clickable
14:12:22.603 [main] INFO  com.demo.baseutil.Basetest - Clicked on : Product id is clicked
14:12:24.610 [main] INFO  com.demo.baseutil.Basetest - Enter the value into Saved Value is entered
14:12:24.887 [main] INFO  com.demo.baseutil.Basetest - F2PG10002439 typed into Saved Value is entered
14:12:26.899 [main] INFO  com.demo.baseutil.Basetest - Validate Product id is clicked is clickable
14:12:29.154 [main] INFO  com.demo.baseutil.Basetest - Clicked on : Product id is clicked
14:12:31.161 [main] INFO  com.demo.baseutil.Basetest - Validate Product id is clicked is clickable
14:12:33.523 [main] INFO  com.demo.baseutil.Basetest - Clicked on : Product id is clicked
14:12:35.532 [main] INFO  com.demo.baseutil.Basetest - Validate chooseprocess id is clicked is clickable
14:12:37.863 [main] INFO  com.demo.baseutil.Basetest - Clicked on : chooseprocess id is clicked
14:12:39.873 [main] INFO  com.demo.baseutil.Basetest - Enter the value into Harvestiong/commission is entered
14:12:40.209 [main] INFO  com.demo.baseutil.Basetest - Harvesting typed into Harvestiong/commission is entered
14:12:42.225 [main] INFO  com.demo.baseutil.Basetest - Validate chooseprocess id is clicked is clickable
14:12:44.549 [main] INFO  com.demo.baseutil.Basetest - Clicked on : chooseprocess id is clicked
14:12:47.560 [main] INFO  com.demo.baseutil.Basetest - Validate Process commision is selected is clickable
14:12:49.976 [main] INFO  com.demo.baseutil.Basetest - Clicked on : Process commision is selected
14:12:51.996 [main] INFO  com.demo.baseutil.Basetest - Scroll down successful
14:12:51.996 [main] INFO  com.demo.baseutil.Basetest - Validate date is selected is clickable
14:12:54.407 [main] INFO  com.demo.baseutil.Basetest - Clicked on : date is selected
14:12:55.415 [main] INFO  com.demo.baseutil.Basetest - Validate date netx button is clickable
14:12:57.750 [main] INFO  com.demo.baseutil.Basetest - Clicked on : date netx button
14:12:57.750 [main] INFO  com.demo.baseutil.Basetest - Validate date is entered is clickable
14:13:00.150 [main] INFO  com.demo.baseutil.Basetest - Clicked on : date is entered
14:13:02.161 [main] INFO  com.demo.baseutil.Basetest - Validate date is selected is clickable
14:13:04.719 [main] INFO  com.demo.baseutil.Basetest - Clicked on : date is selected
14:13:10.808 [main] INFO  com.demo.baseutil.Basetest - Scroll down
14:13:10.808 [main] INFO  com.demo.baseutil.Basetest - Validate activity is selected is clickable
14:13:13.277 [main] INFO  com.demo.baseutil.Basetest - Clicked on : activity is selected
14:13:13.277 [main] INFO  com.demo.baseutil.Basetest - Enter the value into activity Value is entered
14:13:13.563 [main] INFO  com.demo.baseutil.Basetest - abcd typed into activity Value is entered
14:13:15.569 [main] INFO  com.demo.baseutil.Basetest - Validate packing type dropdown is selected is clickable
14:13:17.907 [main] INFO  com.demo.baseutil.Basetest - Clicked on : packing type dropdown is selected
14:13:17.907 [main] INFO  com.demo.baseutil.Basetest - Validate packing type dropdown is selected is clickable
14:13:20.380 [main] INFO  com.demo.baseutil.Basetest - Clicked on : packing type dropdown is selected
14:13:26.586 [main] INFO  com.demo.baseutil.Basetest - Scroll down
14:13:26.586 [main] INFO  com.demo.baseutil.Basetest - Validate tlc is clicked is clickable
14:13:29.107 [main] INFO  com.demo.baseutil.Basetest - Clicked on : tlc is clicked
14:13:29.107 [main] INFO  com.demo.baseutil.Basetest - Enter the value into Tlc no is entered
14:13:29.570 [main] INFO  com.demo.baseutil.Basetest - 1234567890 typed into Tlc no is entered
14:13:29.571 [main] INFO  com.demo.baseutil.Basetest - Validate location is clicked is clickable
14:13:32.010 [main] INFO  com.demo.baseutil.Basetest - Clicked on : location is clicked
14:13:32.026 [main] INFO  com.demo.baseutil.Basetest - Enter the value into location no is entered
14:13:32.393 [main] INFO  com.demo.baseutil.Basetest - location typed into location no is entered
14:13:32.393 [main] INFO  com.demo.baseutil.Basetest - Validate commodity is clicked is clickable
14:13:34.859 [main] INFO  com.demo.baseutil.Basetest - Clicked on : commodity is clicked
14:13:34.859 [main] INFO  com.demo.baseutil.Basetest - Enter the value into commodity is entered
14:13:35.152 [main] INFO  com.demo.baseutil.Basetest - commodity typed into commodity is entered
14:13:39.230 [main] INFO  com.demo.baseutil.Basetest - Scroll down
14:13:39.230 [main] INFO  com.demo.baseutil.Basetest - Validate filed is clicked is clickable
14:13:41.625 [main] INFO  com.demo.baseutil.Basetest - Clicked on : filed is clicked
14:13:41.625 [main] INFO  com.demo.baseutil.Basetest - Enter the value into filed is entered
14:13:42.006 [main] INFO  com.demo.baseutil.Basetest - filed typed into filed is entered
14:13:42.006 [main] INFO  com.demo.baseutil.Basetest - Validate container is clicked is clickable
14:13:44.398 [main] INFO  com.demo.baseutil.Basetest - Clicked on : container is clicked
14:13:44.398 [main] INFO  com.demo.baseutil.Basetest - Enter the value into filed is entered
14:13:44.845 [main] INFO  com.demo.baseutil.Basetest - container2020 typed into filed is entered
14:13:48.852 [main] INFO  com.demo.baseutil.Basetest - Validate Selected the conatiner is clickable
14:13:51.170 [main] INFO  com.demo.baseutil.Basetest - Clicked on : Selected the conatiner
14:13:52.183 [main] INFO  com.demo.baseutil.Basetest - Validate count sgtin is clicked is clickable
14:13:54.645 [main] INFO  com.demo.baseutil.Basetest - Clicked on : count sgtin is clicked
14:13:54.646 [main] INFO  com.demo.baseutil.Basetest - Enter the value into countsgtin is entered
14:13:54.959 [main] INFO  com.demo.baseutil.Basetest - 123 typed into countsgtin is entered
14:13:54.967 [main] INFO  com.demo.baseutil.Basetest - Validate weightsgtin sgtin is clicked is clickable
14:13:57.445 [main] INFO  com.demo.baseutil.Basetest - Clicked on : weightsgtin sgtin is clicked
14:13:57.447 [main] INFO  com.demo.baseutil.Basetest - Enter the value into weightsgtin is entered
14:13:57.785 [main] INFO  com.demo.baseutil.Basetest - 1234567 typed into weightsgtin is entered
14:13:57.785 [main] INFO  com.demo.baseutil.Basetest - Validate itemsgtin sgtin is clicked is clickable
14:14:00.341 [main] INFO  com.demo.baseutil.Basetest - Clicked on : itemsgtin sgtin is clicked
14:14:00.342 [main] INFO  com.demo.baseutil.Basetest - Validate itemgtin is entered is clickable
14:14:02.918 [main] INFO  com.demo.baseutil.Basetest - Clicked on : itemgtin is entered
14:14:02.920 [main] INFO  com.demo.baseutil.Basetest - Validate document is clicked is clickable
14:14:05.265 [main] INFO  com.demo.baseutil.Basetest - Clicked on : document is clicked
14:14:05.265 [main] INFO  com.demo.baseutil.Basetest - Enter the value into document is entered
14:14:05.667 [main] INFO  com.demo.baseutil.Basetest - 1234567 typed into document is entered
14:14:09.749 [main] INFO  com.demo.baseutil.Basetest - Scroll down
14:14:09.749 [main] INFO  com.demo.baseutil.Basetest - Validate Add Transaction is selected is clickable
14:14:12.233 [main] INFO  com.demo.baseutil.Basetest - Clicked on : Add Transaction is selected
14:14:28.249 [main] INFO  com.demo.baseutil.Basetest - Validate click on trace is clickable
14:14:30.780 [main] INFO  com.demo.baseutil.Basetest - Clicked on : click on trace
14:14:42.833 [main] INFO  com.demo.baseutil.Basetest - Validate click on trace is clickable
14:14:45.352 [main] INFO  com.demo.baseutil.Basetest - Clicked on : click on trace
14:14:51.438 [main] INFO  com.demo.baseutil.Basetest - Validate Asset & Infrastructure Data is clicked is clickable
14:14:53.865 [main] INFO  com.demo.baseutil.Basetest - Clicked on : Asset & Infrastructure Data is clicked
14:14:55.874 [main] INFO  com.demo.baseutil.Basetest - Validate Assets is clicked is clickable
14:14:58.422 [main] INFO  com.demo.baseutil.Basetest - Clicked on : Assets is clicked
14:15:00.437 [main] INFO  com.demo.baseutil.Basetest - Validate Add new is clicked is clickable
14:15:02.969 [main] INFO  com.demo.baseutil.Basetest - Clicked on : Add new is clicked
14:15:04.977 [main] INFO  com.demo.baseutil.Basetest - Validate Asset type is clicked is clickable
14:15:07.425 [main] INFO  com.demo.baseutil.Basetest - Clicked on : Asset type is clicked
14:15:07.425 [main] INFO  com.demo.baseutil.Basetest - Validate Click on Vehicle Name is clickable
14:15:09.792 [main] INFO  com.demo.baseutil.Basetest - Clicked on : Click on Vehicle Name
14:15:11.806 [main] INFO  com.demo.baseutil.Basetest - Validate container name is clicked is clickable
14:15:14.259 [main] INFO  com.demo.baseutil.Basetest - Clicked on : container name is clicked
14:15:14.259 [main] INFO  com.demo.baseutil.Basetest - Enter the value into enter the container name
14:15:14.629 [main] INFO  com.demo.baseutil.Basetest - container712712 typed into enter the container name
14:15:16.641 [main] INFO  com.demo.baseutil.Basetest - Validate length is clicked is clickable
14:15:19.127 [main] INFO  com.demo.baseutil.Basetest - Clicked on : length is clicked
14:15:21.133 [main] INFO  com.demo.baseutil.Basetest - Enter the value into enter the length
14:15:21.534 [main] INFO  com.demo.baseutil.Basetest - 10 typed into enter the length
14:15:21.534 [main] INFO  com.demo.baseutil.Basetest - Validate breadth is clicked is clickable
14:15:23.860 [main] INFO  com.demo.baseutil.Basetest - Clicked on : breadth is clicked
14:15:23.860 [main] INFO  com.demo.baseutil.Basetest - Enter the value into breath entered
14:15:24.222 [main] INFO  com.demo.baseutil.Basetest - 10 typed into breath entered
14:15:26.229 [main] INFO  com.demo.baseutil.Basetest - Validate height is clicked is clickable
14:15:28.578 [main] INFO  com.demo.baseutil.Basetest - Clicked on : height is clicked
14:15:30.583 [main] INFO  com.demo.baseutil.Basetest - Enter the value into height entered
14:15:30.863 [main] INFO  com.demo.baseutil.Basetest - 20 typed into height entered
14:15:32.874 [main] INFO  com.demo.baseutil.Basetest - Validate dom is clicked is clickable
14:15:35.240 [main] INFO  com.demo.baseutil.Basetest - Clicked on : dom is clicked
14:15:37.253 [main] INFO  com.demo.baseutil.Basetest - Validate ft is clicked is clickable
14:15:39.749 [main] INFO  com.demo.baseutil.Basetest - Clicked on : ft is clicked
14:15:41.759 [main] INFO  com.demo.baseutil.Basetest - Validate wt is clicked is clickable
14:15:44.259 [main] INFO  com.demo.baseutil.Basetest - Clicked on : wt is clicked
14:15:46.264 [main] INFO  com.demo.baseutil.Basetest - Enter the value into weight entered
14:15:46.628 [main] INFO  com.demo.baseutil.Basetest - 1000 typed into weight entered
14:15:48.639 [main] INFO  com.demo.baseutil.Basetest - Validate wtcap is clicked is clickable
14:15:51.118 [main] INFO  com.demo.baseutil.Basetest - Clicked on : wtcap is clicked
14:15:53.121 [main] INFO  com.demo.baseutil.Basetest - Validate tons is clicked is clickable
14:15:55.551 [main] INFO  com.demo.baseutil.Basetest - Clicked on : tons is clicked
14:15:57.562 [main] INFO  com.demo.baseutil.Basetest - Validate Click on Add button is clickable
14:15:59.913 [main] INFO  com.demo.baseutil.Basetest - Clicked on : Click on Add button
14:16:16.010 [main] INFO  com.demo.baseutil.Basetest - Scroll down
14:16:18.025 [main] INFO  com.demo.baseutil.Basetest - Validate transaction is clicked is clickable
14:16:20.511 [main] INFO  com.demo.baseutil.Basetest - Clicked on : transaction is clicked
14:16:27.528 [main] INFO  com.demo.baseutil.Basetest - Validate productid is selected is clickable
14:16:30.058 [main] INFO  com.demo.baseutil.Basetest - Clicked on : productid is selected
14:16:30.074 [main] INFO  com.demo.baseutil.Basetest - Enter the value into enter the productid
14:16:30.629 [main] INFO  com.demo.baseutil.Basetest - F2PG10002439 typed into enter the productid
14:16:30.630 [main] INFO  com.demo.baseutil.Basetest - Validate productid is selected is clickable
14:16:33.100 [main] INFO  com.demo.baseutil.Basetest - Clicked on : productid is selected
14:16:33.100 [main] INFO  com.demo.baseutil.Basetest - Validate search is selected is clickable
14:16:35.659 [main] INFO  com.demo.baseutil.Basetest - Clicked on : search is selected
14:16:35.659 [main] INFO  com.demo.baseutil.Basetest - Validate search button is clicked is clickable
14:16:38.226 [main] INFO  com.demo.baseutil.Basetest - Clicked on : search button is clicked
14:16:40.358 [main] INFO  com.demo.baseutil.Basetest - Scroll up
14:16:42.398 [main] INFO  com.demo.baseutil.Basetest - Scroll up
14:16:46.411 [main] INFO  com.demo.baseutil.Basetest - Validate transaction is clicked is clickable
14:16:48.929 [main] INFO  com.demo.baseutil.Basetest - Clicked on : transaction is clicked
14:16:53.933 [main] INFO  com.demo.baseutil.Basetest - Validate add new is clicked is clickable
14:16:56.295 [main] INFO  com.demo.baseutil.Basetest - Clicked on : add new is clicked
14:17:01.299 [main] INFO  com.demo.baseutil.Basetest - Validate Product id is clicked is clickable
14:17:03.770 [main] INFO  com.demo.baseutil.Basetest - Clicked on : Product id is clicked
14:17:05.778 [main] INFO  com.demo.baseutil.Basetest - Enter the value into Saved Value is entered
14:17:06.114 [main] INFO  com.demo.baseutil.Basetest - F2PG10002439 typed into Saved Value is entered
14:17:08.121 [main] INFO  com.demo.baseutil.Basetest - Validate Product id is clicked is clickable
14:17:10.536 [main] INFO  com.demo.baseutil.Basetest - Clicked on : Product id is clicked
14:17:12.545 [main] INFO  com.demo.baseutil.Basetest - Validate Product id is clicked is clickable
14:17:14.939 [main] INFO  com.demo.baseutil.Basetest - Clicked on : Product id is clicked
14:17:16.953 [main] INFO  com.demo.baseutil.Basetest - Validate chooseprocess id is clicked is clickable
14:17:19.407 [main] INFO  com.demo.baseutil.Basetest - Clicked on : chooseprocess id is clicked
14:17:21.411 [main] INFO  com.demo.baseutil.Basetest - Enter the value into Packing/aggregation is entered
14:17:21.634 [main] INFO  com.demo.baseutil.Basetest - Packing typed into Packing/aggregation is entered
14:17:23.643 [main] INFO  com.demo.baseutil.Basetest - Validate chooseprocess id is clicked is clickable
14:17:26.085 [main] INFO  com.demo.baseutil.Basetest - Clicked on : chooseprocess id is clicked
14:17:30.098 [main] INFO  com.demo.baseutil.Basetest - Validate Process aggre is selected is clickable
14:17:32.560 [main] INFO  com.demo.baseutil.Basetest - Clicked on : Process aggre is selected
14:17:34.580 [main] INFO  com.demo.baseutil.Basetest - Scroll down successful
14:17:34.595 [main] INFO  com.demo.baseutil.Basetest - Validate org is selected is clickable
14:17:37.119 [main] INFO  com.demo.baseutil.Basetest - Clicked on : org is selected
14:17:39.128 [main] INFO  com.demo.baseutil.Basetest - Enter the value into org value is entered
14:17:39.423 [main] INFO  com.demo.baseutil.Basetest - 178 typed into org value is entered
14:17:44.433 [main] INFO  com.demo.baseutil.Basetest - Validate org is selected is clickable
14:17:46.901 [main] INFO  com.demo.baseutil.Basetest - Clicked on : org is selected
14:17:49.902 [main] INFO  com.demo.baseutil.Basetest - Validate location is selected is clickable
14:17:52.327 [main] INFO  com.demo.baseutil.Basetest - Clicked on : location is selected
14:17:52.329 [main] INFO  com.demo.baseutil.Basetest - Enter the value into location value is entered
14:17:52.689 [main] INFO  com.demo.baseutil.Basetest - test typed into location value is entered
14:17:57.698 [main] INFO  com.demo.baseutil.Basetest - Validate location is selected is clickable
14:18:00.008 [main] INFO  com.demo.baseutil.Basetest - Clicked on : location is selected
14:18:00.027 [main] INFO  com.demo.baseutil.Basetest - Scroll down successful
14:18:00.027 [main] INFO  com.demo.baseutil.Basetest - Validate activity is clicked is clickable
14:18:02.575 [main] INFO  com.demo.baseutil.Basetest - Clicked on : activity is clicked
14:18:04.578 [main] INFO  com.demo.baseutil.Basetest - Enter the value into activity is entered
14:18:05.149 [main] INFO  com.demo.baseutil.Basetest - activity typed into activity is entered
14:18:08.159 [main] INFO  com.demo.baseutil.Basetest - Scroll till the scrolles to lot
14:18:08.294 [main] INFO  com.demo.baseutil.Basetest - Scroll till the scrolles to lot completed
14:18:08.304 [main] INFO  com.demo.baseutil.Basetest - Validate sscc number is copied is clickable
14:18:10.710 [main] INFO  com.demo.baseutil.Basetest - Clicked on : sscc number is copied
14:18:20.122 [main] INFO  com.demo.baseutil.Basetest - Scroll up to the element: The lot is displayed after scroll up completed
14:18:23.124 [main] INFO  com.demo.baseutil.Basetest - Validate lot1 is clicked is clickable
14:18:25.485 [main] INFO  com.demo.baseutil.Basetest - Clicked on : lot1 is clicked
14:18:27.509 [main] INFO  com.demo.baseutil.Basetest - Enter the value into lotvalue is entered
14:18:28.031 [main] INFO  com.demo.baseutil.Basetest - 1691025092410000001 typed into lotvalue is entered
14:18:30.037 [main] INFO  com.demo.baseutil.Basetest - Validate lot arrow is clicked is clickable
14:18:32.360 [main] INFO  com.demo.baseutil.Basetest - Clicked on : lot arrow is clicked
14:18:34.364 [main] INFO  com.demo.baseutil.Basetest - Scroll till the scrolled to packloc
14:18:34.497 [main] INFO  com.demo.baseutil.Basetest - Scroll till the scrolled to packloc completed
14:18:39.638 [main] INFO  com.demo.baseutil.Basetest - Scroll up to the element: The packloc is displayed after scroll up completed
14:18:44.645 [main] INFO  com.demo.baseutil.Basetest - Validate packloc is clicked is clickable
14:18:47.051 [main] INFO  com.demo.baseutil.Basetest - Clicked on : packloc is clicked
14:18:49.060 [main] INFO  com.demo.baseutil.Basetest - Enter the value into packing lot is entered
14:18:49.437 [main] INFO  com.demo.baseutil.Basetest - test typed into packing lot is entered
14:18:53.444 [main] INFO  com.demo.baseutil.Basetest - Validate remarks is clicked is clickable
14:18:55.901 [main] INFO  com.demo.baseutil.Basetest - Clicked on : remarks is clicked
14:18:57.912 [main] INFO  com.demo.baseutil.Basetest - Enter the value into remarks is entered
14:18:58.421 [main] INFO  com.demo.baseutil.Basetest - test typed into remarks is entered
14:19:02.430 [main] INFO  com.demo.baseutil.Basetest - Validate tlcloc is clicked is clickable
14:19:04.792 [main] INFO  com.demo.baseutil.Basetest - Clicked on : tlcloc is clicked
14:19:06.797 [main] INFO  com.demo.baseutil.Basetest - Enter the value into tlcloc is entered
14:19:07.130 [main] INFO  com.demo.baseutil.Basetest - test typed into tlcloc is entered
14:19:11.143 [main] INFO  com.demo.baseutil.Basetest - Scroll till the asset is scroll down
14:19:11.266 [main] INFO  com.demo.baseutil.Basetest - Scroll till the asset is scroll down completed
14:19:13.276 [main] INFO  com.demo.baseutil.Basetest - Validate asset is clicked is clickable
14:19:15.702 [main] INFO  com.demo.baseutil.Basetest - Clicked on : asset is clicked
14:19:17.710 [main] INFO  com.demo.baseutil.Basetest - Enter the value into vehicle is entered
14:19:18.025 [main] INFO  com.demo.baseutil.Basetest - vehicle typed into vehicle is entered
14:19:22.047 [main] INFO  com.demo.baseutil.Basetest - Validate assetsearch is clicked is clickable
14:19:24.397 [main] INFO  com.demo.baseutil.Basetest - Clicked on : assetsearch is clicked
14:19:26.411 [main] INFO  com.demo.baseutil.Basetest - Validate shippingdate is clicked is clickable
14:19:28.884 [main] INFO  com.demo.baseutil.Basetest - Clicked on : shippingdate is clicked
14:19:30.890 [main] INFO  com.demo.baseutil.Basetest - Validate datenext button is clicked is clickable
14:19:33.334 [main] INFO  com.demo.baseutil.Basetest - Clicked on : datenext button is clicked
14:19:35.351 [main] INFO  com.demo.baseutil.Basetest - Validate date is entered is clickable
14:19:37.789 [main] INFO  com.demo.baseutil.Basetest - Clicked on : date is entered
14:19:40.794 [main] INFO  com.demo.baseutil.Basetest - Validate date is selected is clickable
14:19:43.376 [main] INFO  com.demo.baseutil.Basetest - Clicked on : date is selected
14:19:46.379 [main] INFO  com.demo.baseutil.Basetest - Validate deliverydate is clicked is clickable
14:19:48.832 [main] INFO  com.demo.baseutil.Basetest - Clicked on : deliverydate is clicked
14:19:50.840 [main] INFO  com.demo.baseutil.Basetest - Validate datenext button is clicked is clickable
14:19:53.190 [main] INFO  com.demo.baseutil.Basetest - Clicked on : datenext button is clicked
14:19:55.191 [main] INFO  com.demo.baseutil.Basetest - Validate datenext button is clicked is clickable
14:19:57.590 [main] INFO  com.demo.baseutil.Basetest - Clicked on : datenext button is clicked
14:20:00.597 [main] INFO  com.demo.baseutil.Basetest - Validate date is entered is clickable
14:20:03.124 [main] INFO  com.demo.baseutil.Basetest - Clicked on : date is entered
14:20:05.126 [main] INFO  com.demo.baseutil.Basetest - Validate date is selected is clickable
14:20:07.529 [main] INFO  com.demo.baseutil.Basetest - Clicked on : date is selected
14:20:07.560 [main] INFO  com.demo.baseutil.Basetest - Scroll down successful
14:20:07.560 [main] INFO  com.demo.baseutil.Basetest - Validate container is clicked is clickable
14:20:10.083 [main] INFO  com.demo.baseutil.Basetest - Clicked on : container is clicked
14:20:10.083 [main] INFO  com.demo.baseutil.Basetest - Enter the value into container value is entered
14:20:10.564 [main] INFO  com.demo.baseutil.Basetest - container712712 typed into container value is entered
14:20:15.575 [main] INFO  com.demo.baseutil.Basetest - Validate container select is clicked is clickable
14:20:18.170 [main] INFO  com.demo.baseutil.Basetest - Clicked on : container select is clicked
14:20:20.172 [main] INFO  com.demo.baseutil.Basetest - Validate invoice select is clicked is clickable
14:20:22.520 [main] INFO  com.demo.baseutil.Basetest - Clicked on : invoice select is clicked
14:20:22.522 [main] INFO  com.demo.baseutil.Basetest - Enter the value into  invoice value is entered
14:20:22.861 [main] INFO  com.demo.baseutil.Basetest - 123 typed into  invoice value is entered
14:20:24.886 [main] INFO  com.demo.baseutil.Basetest - Validate seal select is clicked is clickable
14:20:27.384 [main] INFO  com.demo.baseutil.Basetest - Clicked on : seal select is clicked
14:20:27.384 [main] INFO  com.demo.baseutil.Basetest - Enter the value into seal value is entered
14:20:27.665 [main] INFO  com.demo.baseutil.Basetest - 123 typed into seal value is entered
14:20:29.686 [main] INFO  com.demo.baseutil.Basetest - Scroll down successful
14:20:31.707 [main] INFO  com.demo.baseutil.Basetest - Validate asn select is clicked is clickable
14:20:34.142 [main] INFO  com.demo.baseutil.Basetest - Clicked on : asn select is clicked
14:20:34.144 [main] INFO  com.demo.baseutil.Basetest - Enter the value into asn value is entered
14:20:34.544 [main] INFO  com.demo.baseutil.Basetest - 6201029827860 typed into asn value is entered
14:20:36.563 [main] INFO  com.demo.baseutil.Basetest - Validate lorry select is clicked is clickable
14:20:38.965 [main] INFO  com.demo.baseutil.Basetest - Clicked on : lorry select is clicked
14:20:38.965 [main] INFO  com.demo.baseutil.Basetest - Enter the value into lorry value is entered
14:20:39.491 [main] INFO  com.demo.baseutil.Basetest - 123 typed into lorry value is entered
14:20:41.509 [main] INFO  com.demo.baseutil.Basetest - Validate purchase is clicked is clickable
14:20:44.082 [main] INFO  com.demo.baseutil.Basetest - Clicked on : purchase is clicked
14:20:44.082 [main] INFO  com.demo.baseutil.Basetest - Enter the value into purchase is entered
14:20:44.525 [main] INFO  com.demo.baseutil.Basetest - 123 typed into purchase is entered
14:20:44.527 [main] INFO  com.demo.baseutil.Basetest - Validate bill is clicked is clickable
14:20:46.949 [main] INFO  com.demo.baseutil.Basetest - Clicked on : bill is clicked
14:20:46.949 [main] INFO  com.demo.baseutil.Basetest - Enter the value into purchase is entered
14:20:47.291 [main] INFO  com.demo.baseutil.Basetest - 12345 typed into purchase is entered
14:20:49.302 [main] INFO  com.demo.baseutil.Basetest - Validate document is clicked is clickable
14:20:51.536 [main] INFO  com.demo.baseutil.Basetest - Clicked on : document is clicked
14:20:51.536 [main] INFO  com.demo.baseutil.Basetest - Enter the value into document is entered
14:20:52.011 [main] INFO  com.demo.baseutil.Basetest - 12345 typed into document is entered
14:20:54.081 [main] INFO  com.demo.baseutil.Basetest - Validate Add Transaction is selected is clickable
14:20:56.640 [main] INFO  com.demo.baseutil.Basetest - Clicked on : Add Transaction is selected
14:21:18.742 [main] INFO  com.demo.baseutil.Basetest - Scroll down
14:21:20.758 [main] INFO  com.demo.baseutil.Basetest - Validate transaction is clicked is clickable
14:21:23.247 [main] INFO  com.demo.baseutil.Basetest - Clicked on : transaction is clicked
14:21:28.247 [main] INFO  com.demo.baseutil.Basetest - Validate add new is clicked is clickable
14:21:30.754 [main] INFO  com.demo.baseutil.Basetest - Clicked on : add new is clicked
14:21:35.765 [main] INFO  com.demo.baseutil.Basetest - Validate Product id is clicked is clickable
14:21:38.098 [main] INFO  com.demo.baseutil.Basetest - Clicked on : Product id is clicked
14:21:40.155 [main] INFO  com.demo.baseutil.Basetest - Enter the value into Saved Value is entered
14:21:40.564 [main] INFO  com.demo.baseutil.Basetest - F2PG10002439 typed into Saved Value is entered
14:21:42.581 [main] INFO  com.demo.baseutil.Basetest - Validate Product id is clicked is clickable
14:21:45.062 [main] INFO  com.demo.baseutil.Basetest - Clicked on : Product id is clicked
14:21:50.076 [main] INFO  com.demo.baseutil.Basetest - Validate Product id is clicked is clickable
14:21:52.504 [main] INFO  com.demo.baseutil.Basetest - Clicked on : Product id is clicked
14:21:54.506 [main] INFO  com.demo.baseutil.Basetest - Validate chooseprocess id is clicked is clickable
14:21:56.931 [main] INFO  com.demo.baseutil.Basetest - Clicked on : chooseprocess id is clicked
14:22:01.937 [main] INFO  com.demo.baseutil.Basetest - Enter the value into Observation is entered
14:22:02.399 [main] INFO  com.demo.baseutil.Basetest - Observation typed into Observation is entered
14:22:04.414 [main] INFO  com.demo.baseutil.Basetest - Validate chooseprocess id is clicked is clickable
14:22:06.724 [main] INFO  com.demo.baseutil.Basetest - Clicked on : chooseprocess id is clicked
14:22:12.726 [main] INFO  com.demo.baseutil.Basetest - Validate activity is clicked is clickable
14:22:15.247 [main] INFO  com.demo.baseutil.Basetest - Clicked on : activity is clicked
14:22:17.254 [main] INFO  com.demo.baseutil.Basetest - Enter the value into activity is entered
14:22:17.609 [main] INFO  com.demo.baseutil.Basetest - activity typed into activity is entered
14:22:20.625 [main] INFO  com.demo.baseutil.Basetest - Scroll till the sscc is scrolled down
14:22:20.768 [main] INFO  com.demo.baseutil.Basetest - Scroll till the sscc is scrolled down completed
14:22:23.769 [main] INFO  com.demo.baseutil.Basetest - Validate sscc is clicked is clickable
14:22:26.148 [main] INFO  com.demo.baseutil.Basetest - Clicked on : sscc is clicked
14:22:28.154 [main] INFO  com.demo.baseutil.Basetest - Enter the value into sscc is entered
14:22:28.422 [main] INFO  com.demo.baseutil.Basetest - 1690025092410000001 typed into sscc is entered
14:22:31.435 [main] INFO  com.demo.baseutil.Basetest - Validate sscc arrow is clicked is clickable
14:22:33.901 [main] INFO  com.demo.baseutil.Basetest - Clicked on : sscc arrow is clicked
14:22:35.905 [main] INFO  com.demo.baseutil.Basetest - Scroll till the addd transaction button scrolled
14:22:35.974 [main] INFO  com.demo.baseutil.Basetest - Scroll till the addd transaction button scrolled completed
14:22:35.974 [main] INFO  com.demo.baseutil.Basetest - Validate Add Transaction is selected is clickable
14:22:38.370 [main] INFO  com.demo.baseutil.Basetest - Clicked on : Add Transaction is selected
14:22:43.740 [main] INFO  com.demo.baseutil.Basetest - Browser is closed sucessfuly
14:22:46.492 [main] INFO  com.demo.baseutil.Basetest - Browser is closed sucessfuly
14:22:48.320 [main] ERROR com.demo.baseutil.Basetest - Failed to close the Browser
