12:26:42.880 [main] INFO  com.demo.baseutil.Basetest - 
12:26:42.902 [main] INFO  com.demo.baseutil.Basetest - Running locally JavaMail
12:26:43.266 [main] INFO  com.demo.baseutil.Basetest2 - Folder creation for Extent
12:26:43.282 [main] INFO  com.demo.baseutil.Basetest - ExtentDir:-C:\Users\Deepti Jindal\eclipse-workspace2\com.NFR.Trace QA latest/reports/Automation Report- 11_08_2024_12_26_43/Report/11_08_2024_12_26_43
12:26:43.531 [main] INFO  com.demo.baseutil.Basetest - Report Initiated
12:26:43.547 [main] INFO  com.demo.baseutil.Basetest - Screenshot folder created
12:27:01.447 [main] INFO  com.demo.baseutil.Basetest - Validate Sign in with FarmtoPlate account is clickable
12:27:04.621 [main] INFO  com.demo.baseutil.Basetest - Clicked on : Sign in with FarmtoPlate account
12:27:05.353 [main] INFO  com.demo.baseutil.Basetest - Url contains farmtoplateapps.io/login
12:27:05.384 [main] INFO  com.demo.baseutil.Basetest - Sign in title matched
12:27:05.384 [main] INFO  com.demo.baseutil.Basetest - UI verified for Sigin page.
12:27:05.384 [main] INFO  com.demo.baseutil.Basetest - Sign in function call
12:27:05.384 [main] INFO  com.demo.baseutil.Basetest - Validate email address field is clicked is clickable
12:27:08.202 [main] INFO  com.demo.baseutil.Basetest - Clicked on : email address field is clicked
12:27:08.202 [main] INFO  com.demo.baseutil.Basetest - Enter the value into Email Id Entered
12:27:11.698 [main] INFO  com.demo.baseutil.Basetest - farmtoplatef2p@paramountsoft.net typed into Email Id Entered
12:27:11.699 [main] INFO  com.demo.baseutil.Basetest - Validate Enter the password is clickable
12:27:14.175 [main] INFO  com.demo.baseutil.Basetest - Clicked on : Enter the password
12:27:14.175 [main] INFO  com.demo.baseutil.Basetest - Enter the value into Password Id Entered
12:27:14.597 [main] INFO  com.demo.baseutil.Basetest - Admin1234 typed into Password Id Entered
12:27:23.668 [main] INFO  com.demo.baseutil.Basetest - Scroll down
12:27:24.670 [main] INFO  com.demo.baseutil.Basetest - Validate Press the signin button is clickable
12:27:28.404 [main] INFO  com.demo.baseutil.Basetest - Clicked on : Press the signin button
12:27:36.412 [main] INFO  com.demo.baseutil.Basetest - HomePage title  is matched
12:27:49.429 [main] INFO  com.demo.baseutil.Basetest - Validate Network Management is clicked is clickable
12:27:51.851 [main] INFO  com.demo.baseutil.Basetest - Clicked on : Network Management is clicked
12:27:55.853 [main] INFO  com.demo.baseutil.Basetest - Validate Add new is clicked is clickable
12:27:58.245 [main] INFO  com.demo.baseutil.Basetest - Clicked on : Add new is clicked
12:28:00.254 [main] INFO  com.demo.baseutil.Basetest - Validate Organisation Name is clicked is clickable
12:28:02.701 [main] INFO  com.demo.baseutil.Basetest - Clicked on : Organisation Name is clicked
12:28:02.701 [main] INFO  com.demo.baseutil.Basetest - Enter the value into Organisation is Entered
12:28:03.062 [main] INFO  com.demo.baseutil.Basetest - RhedjmeI typed into Organisation is Entered
12:28:03.062 [main] INFO  com.demo.baseutil.Basetest - Validate Organisation type is clicked is clickable
12:28:05.433 [main] INFO  com.demo.baseutil.Basetest - Clicked on : Organisation type is clicked
12:28:05.433 [main] INFO  com.demo.baseutil.Basetest - Validate upstream is selected is clickable
12:28:07.781 [main] INFO  com.demo.baseutil.Basetest - Clicked on : upstream is selected
12:28:07.781 [main] INFO  com.demo.baseutil.Basetest - Validate Organisation role is clicked is clickable
12:28:10.117 [main] INFO  com.demo.baseutil.Basetest - Clicked on : Organisation role is clicked
12:28:10.117 [main] INFO  com.demo.baseutil.Basetest - Validate Organisation role is selected is clickable
12:28:12.452 [main] INFO  com.demo.baseutil.Basetest - Clicked on : Organisation role is selected
12:28:12.453 [main] INFO  com.demo.baseutil.Basetest - Validate module is clicked is clickable
12:28:14.793 [main] INFO  com.demo.baseutil.Basetest - Clicked on : module is clicked
12:28:14.793 [main] INFO  com.demo.baseutil.Basetest - Validate module is selected is clickable
12:28:17.172 [main] INFO  com.demo.baseutil.Basetest - Clicked on : module is selected
12:28:17.174 [main] INFO  com.demo.baseutil.Basetest - Validate email field is clicked is clickable
12:28:19.615 [main] INFO  com.demo.baseutil.Basetest - Clicked on : email field is clicked
12:28:19.616 [main] INFO  com.demo.baseutil.Basetest - Enter the value into emailid is Entered
12:28:20.217 [main] INFO  com.demo.baseutil.Basetest - 21101avcyghg@yopmail.com typed into emailid is Entered
12:28:26.289 [main] INFO  com.demo.baseutil.Basetest - Scroll down
12:28:33.297 [main] INFO  com.demo.baseutil.Basetest - Validate Database Type is clicked is clickable
12:28:35.751 [main] INFO  com.demo.baseutil.Basetest - Clicked on : Database Type is clicked
12:28:35.751 [main] INFO  com.demo.baseutil.Basetest - Validate Db is selected is clickable
12:28:38.347 [main] INFO  com.demo.baseutil.Basetest - Clicked on : Db is selected
12:28:40.378 [main] INFO  com.demo.baseutil.Basetest - Scroll down successful
12:28:41.393 [main] INFO  com.demo.baseutil.Basetest - Validate Db is selected is clickable
12:28:43.851 [main] INFO  com.demo.baseutil.Basetest - Clicked on : Db is selected
12:28:45.866 [main] INFO  com.demo.baseutil.Basetest - Validate ordermgmt is selected is clickable
12:28:48.173 [main] INFO  com.demo.baseutil.Basetest - Clicked on : ordermgmt is selected
12:28:48.173 [main] INFO  com.demo.baseutil.Basetest - Validate Soil Dashboard is selected is clickable
12:28:50.454 [main] INFO  com.demo.baseutil.Basetest - Clicked on : Soil Dashboard is selected
12:28:50.454 [main] INFO  com.demo.baseutil.Basetest - Validate Submit Button is clicked is clickable
12:28:52.883 [main] INFO  com.demo.baseutil.Basetest - Clicked on : Submit Button is clicked
12:28:55.203 [main] INFO  com.demo.baseutil.Basetest - Validate Email address input field is clicked is clickable
12:29:03.491 [main] INFO  com.demo.baseutil.Basetest - Clicked on : Email address input field is clicked
12:29:03.491 [main] INFO  com.demo.baseutil.Basetest - Enter the value into email address is entered
12:29:03.921 [main] INFO  com.demo.baseutil.Basetest - 21101avcyghg@yopmail.com typed into email address is entered
12:29:03.921 [main] INFO  com.demo.baseutil.Basetest - Validate arrow button is clicked is clickable
12:29:07.000 [main] INFO  com.demo.baseutil.Basetest - Clicked on : arrow button is clicked
12:29:17.433 [main] INFO  com.demo.baseutil.Basetest - Validate first email is clicked is clickable
12:29:19.731 [main] INFO  com.demo.baseutil.Basetest - Clicked on : first email is clicked
12:29:21.836 [main] INFO  com.demo.baseutil.Basetest - Validate email address is clicked is clickable
12:29:24.338 [main] INFO  com.demo.baseutil.Basetest - Clicked on : email address is clicked
12:29:26.365 [main] INFO  com.demo.baseutil.Basetest - Validate pass is clicked is clickable
12:29:28.881 [main] INFO  com.demo.baseutil.Basetest - Clicked on : pass is clicked
12:29:28.881 [main] INFO  com.demo.baseutil.Basetest - Enter the value into Password is entered
12:29:29.216 [main] INFO  com.demo.baseutil.Basetest - Admin@1234 typed into Password is entered
12:29:29.216 [main] INFO  com.demo.baseutil.Basetest - Validate confirm password is clicked is clickable
12:29:31.591 [main] INFO  com.demo.baseutil.Basetest - Clicked on : confirm password is clicked
12:29:31.591 [main] INFO  com.demo.baseutil.Basetest - Enter the value into Confirm Password is entered
12:29:32.016 [main] INFO  com.demo.baseutil.Basetest - Admin@1234 typed into Confirm Password is entered
12:29:38.087 [main] INFO  com.demo.baseutil.Basetest - Scroll down
12:29:38.087 [main] INFO  com.demo.baseutil.Basetest - Validate button is clicked is clickable
12:29:40.429 [main] INFO  com.demo.baseutil.Basetest - Clicked on : button is clicked
12:29:42.445 [main] INFO  com.demo.baseutil.Basetest - Validate email address field is clicked is clickable
12:29:44.863 [main] INFO  com.demo.baseutil.Basetest - Clicked on : email address field is clicked
12:29:44.863 [main] INFO  com.demo.baseutil.Basetest - Enter the value into Email Id Entered
12:29:45.348 [main] INFO  com.demo.baseutil.Basetest - 21101avcyghg@yopmail.com typed into Email Id Entered
12:29:45.348 [main] INFO  com.demo.baseutil.Basetest - Validate Enter the password is clickable
12:29:47.708 [main] INFO  com.demo.baseutil.Basetest - Clicked on : Enter the password
12:29:47.708 [main] INFO  com.demo.baseutil.Basetest - Enter the value into Password Id Entered
12:29:47.932 [main] INFO  com.demo.baseutil.Basetest - Admin@1234 typed into Password Id Entered
12:29:52.011 [main] INFO  com.demo.baseutil.Basetest - Scroll down
12:29:52.011 [main] INFO  com.demo.baseutil.Basetest - Validate Press the signin button is clickable
12:29:55.167 [main] INFO  com.demo.baseutil.Basetest - Clicked on : Press the signin button
12:29:58.186 [main] INFO  com.demo.baseutil.Basetest - Scroll down successful
12:30:00.196 [main] INFO  com.demo.baseutil.Basetest - Validate Press the button is clickable
12:30:02.647 [main] INFO  com.demo.baseutil.Basetest - Clicked on : Press the button
12:30:02.696 [main] INFO  com.demo.baseutil.Basetest - Scroll down successful
12:30:04.709 [main] INFO  com.demo.baseutil.Basetest - Validate Press the signin button is clickable
12:30:07.078 [main] INFO  com.demo.baseutil.Basetest - Clicked on : Press the signin button
12:30:09.088 [main] INFO  com.demo.baseutil.Basetest - Validate Press the button is clickable
12:30:11.469 [main] INFO  com.demo.baseutil.Basetest - Clicked on : Press the button
12:30:14.478 [main] INFO  com.demo.baseutil.Basetest - Validate Click on First is clickable
12:30:16.762 [main] INFO  com.demo.baseutil.Basetest - Clicked on : Click on First
12:30:16.762 [main] INFO  com.demo.baseutil.Basetest - Enter the value into enter the  First
12:30:17.050 [main] INFO  com.demo.baseutil.Basetest - First typed into enter the  First
12:30:17.050 [main] INFO  com.demo.baseutil.Basetest - Validate Click on last is clickable
12:30:19.425 [main] INFO  com.demo.baseutil.Basetest - Clicked on : Click on last
12:30:19.427 [main] INFO  com.demo.baseutil.Basetest - Enter the value into enter the  Last
12:30:19.764 [main] INFO  com.demo.baseutil.Basetest - Last typed into enter the  Last
12:30:19.765 [main] INFO  com.demo.baseutil.Basetest - Validate Click on dest is clickable
12:30:22.182 [main] INFO  com.demo.baseutil.Basetest - Clicked on : Click on dest
12:30:22.183 [main] INFO  com.demo.baseutil.Basetest - Enter the value into enter the  dest
12:30:22.411 [main] INFO  com.demo.baseutil.Basetest - dest typed into enter the  dest
12:30:22.411 [main] INFO  com.demo.baseutil.Basetest - Validate Click on Submit is clickable
12:30:24.796 [main] INFO  com.demo.baseutil.Basetest - Clicked on : Click on Submit
12:30:24.798 [main] INFO  com.demo.baseutil.Basetest - Validate Click on address is clickable
12:30:30.661 [main] INFO  com.demo.baseutil.Basetest - Clicked on : Click on address
12:30:30.662 [main] INFO  com.demo.baseutil.Basetest - Enter the value into enter the  address
12:30:31.032 [main] INFO  com.demo.baseutil.Basetest - 123 William Street, New York, NY, USA typed into enter the  address
12:30:33.043 [main] INFO  com.demo.baseutil.Basetest - Validate comapny name is clicked is clickable
12:30:35.309 [main] INFO  com.demo.baseutil.Basetest - Clicked on : comapny name is clicked
12:30:35.309 [main] INFO  com.demo.baseutil.Basetest - Validate Click on state is clickable
12:30:37.643 [main] INFO  com.demo.baseutil.Basetest - Clicked on : Click on state
12:30:37.643 [main] INFO  com.demo.baseutil.Basetest - Enter the value into Enetered the state
12:30:37.899 [main] INFO  com.demo.baseutil.Basetest - NY typed into Enetered the state
12:30:37.899 [main] INFO  com.demo.baseutil.Basetest - Validate Click on zip is clickable
12:30:40.179 [main] INFO  com.demo.baseutil.Basetest - Clicked on : Click on zip
12:30:40.180 [main] INFO  com.demo.baseutil.Basetest - Enter the value into Enetred the Zip
12:30:40.565 [main] INFO  com.demo.baseutil.Basetest - 10038-3804 typed into Enetred the Zip
12:30:40.566 [main] INFO  com.demo.baseutil.Basetest - Validate Click on city is clickable
12:30:42.865 [main] INFO  com.demo.baseutil.Basetest - Clicked on : Click on city
12:30:42.865 [main] INFO  com.demo.baseutil.Basetest - Enter the value into Enetered the city
12:30:43.286 [main] INFO  com.demo.baseutil.Basetest - New York typed into Enetered the city
12:30:43.286 [main] INFO  com.demo.baseutil.Basetest - Validate Click on country is clickable
12:30:45.692 [main] INFO  com.demo.baseutil.Basetest - Clicked on : Click on country
12:30:45.692 [main] INFO  com.demo.baseutil.Basetest - Enter the value into Enetered the country
12:30:46.009 [main] INFO  com.demo.baseutil.Basetest - United States typed into Enetered the country
12:30:46.009 [main] INFO  com.demo.baseutil.Basetest - Scroll till the scrolled to bankname
12:30:46.091 [main] INFO  com.demo.baseutil.Basetest - Scroll till the scrolled to bankname completed
12:30:46.091 [main] INFO  com.demo.baseutil.Basetest - Validate msmenumber is clicked is clickable
12:30:48.393 [main] INFO  com.demo.baseutil.Basetest - Clicked on : msmenumber is clicked
12:30:48.393 [main] INFO  com.demo.baseutil.Basetest - Enter the value into Enetered the msmnumber
12:30:48.789 [main] INFO  com.demo.baseutil.Basetest - 192983758890 typed into Enetered the msmnumber
12:30:48.789 [main] INFO  com.demo.baseutil.Basetest - Validate bankname is clicked is clickable
12:30:51.076 [main] INFO  com.demo.baseutil.Basetest - Clicked on : bankname is clicked
12:30:51.076 [main] INFO  com.demo.baseutil.Basetest - Enter the value into Enetered the bankname
12:30:51.298 [main] INFO  com.demo.baseutil.Basetest - Goldmann typed into Enetered the bankname
12:30:51.298 [main] INFO  com.demo.baseutil.Basetest - Validate accountname is clicked is clickable
12:30:53.610 [main] INFO  com.demo.baseutil.Basetest - Clicked on : accountname is clicked
12:30:53.610 [main] INFO  com.demo.baseutil.Basetest - Enter the value into Enetered the accountname
12:30:54.008 [main] INFO  com.demo.baseutil.Basetest - Gold digger typed into Enetered the accountname
12:30:54.008 [main] INFO  com.demo.baseutil.Basetest - Validate accountnumber is clicked is clickable
12:30:56.410 [main] INFO  com.demo.baseutil.Basetest - Clicked on : accountnumber is clicked
12:30:56.410 [main] INFO  com.demo.baseutil.Basetest - Enter the value into Enetered the accountnumber
12:30:56.799 [main] INFO  com.demo.baseutil.Basetest - 10000234500123 typed into Enetered the accountnumber
12:30:56.799 [main] INFO  com.demo.baseutil.Basetest - Validate ifscdrop is clicked is clickable
12:30:59.115 [main] INFO  com.demo.baseutil.Basetest - Clicked on : ifscdrop is clicked
12:30:59.115 [main] INFO  com.demo.baseutil.Basetest - Validate ifscdrop is clicked is clickable
12:31:01.520 [main] INFO  com.demo.baseutil.Basetest - Clicked on : ifscdrop is clicked
12:31:01.521 [main] INFO  com.demo.baseutil.Basetest - Validate ifsccode is clicked is clickable
12:31:03.860 [main] INFO  com.demo.baseutil.Basetest - Clicked on : ifsccode is clicked
12:31:03.860 [main] INFO  com.demo.baseutil.Basetest - Enter the value into Enetered the ifsccode
12:31:04.084 [main] INFO  com.demo.baseutil.Basetest - IFSC0123494 typed into Enetered the ifsccode
12:31:10.173 [main] INFO  com.demo.baseutil.Basetest - Scroll down
12:31:12.175 [main] INFO  com.demo.baseutil.Basetest - Validate Click on Submit is clickable
12:31:14.663 [main] INFO  com.demo.baseutil.Basetest - Clicked on : Click on Submit
12:31:18.015 [main] INFO  com.demo.baseutil.Basetest - Browser is closed sucessfuly
12:31:19.232 [main] INFO  com.demo.baseutil.Basetest - Browser is closed sucessfuly
12:31:42.514 [main] INFO  com.demo.baseutil.Basetest - Validate Sign in with FarmtoPlate account is clickable
12:31:45.076 [main] INFO  com.demo.baseutil.Basetest - Clicked on : Sign in with FarmtoPlate account
12:31:45.082 [main] INFO  com.demo.baseutil.Basetest - Url contains farmtoplateapps.io/login
12:31:45.098 [main] INFO  com.demo.baseutil.Basetest - Sign in title matched
12:31:45.099 [main] INFO  com.demo.baseutil.Basetest - UI verified for Sigin page.
12:31:45.099 [main] INFO  com.demo.baseutil.Basetest - Sign in function call
12:31:45.099 [main] INFO  com.demo.baseutil.Basetest - Validate email address field is clicked is clickable
12:31:47.795 [main] INFO  com.demo.baseutil.Basetest - Clicked on : email address field is clicked
12:31:47.797 [main] INFO  com.demo.baseutil.Basetest - Enter the value into Email Id Entered
12:31:48.275 [main] INFO  com.demo.baseutil.Basetest - 139@yopmail.com typed into Email Id Entered
12:31:48.276 [main] INFO  com.demo.baseutil.Basetest - Validate Enter the password is clickable
12:31:50.691 [main] INFO  com.demo.baseutil.Basetest - Clicked on : Enter the password
12:31:50.692 [main] INFO  com.demo.baseutil.Basetest - Enter the value into Password Id Entered
12:31:51.030 [main] INFO  com.demo.baseutil.Basetest - Admin@1234 typed into Password Id Entered
12:31:55.093 [main] INFO  com.demo.baseutil.Basetest - Scroll down
12:31:55.093 [main] INFO  com.demo.baseutil.Basetest - Validate Press the signin button is clickable
12:31:58.533 [main] INFO  com.demo.baseutil.Basetest - Clicked on : Press the signin button
12:32:00.545 [main] INFO  com.demo.baseutil.Basetest - HomePage title  is matched
12:32:10.567 [main] INFO  com.demo.baseutil.Basetest - Validate click on trace is clickable
12:32:13.012 [main] INFO  com.demo.baseutil.Basetest - Clicked on : click on trace
12:32:15.027 [main] INFO  com.demo.baseutil.Basetest - Validate click on dashboard is clickable
12:32:17.614 [main] INFO  com.demo.baseutil.Basetest - Clicked on : click on dashboard
12:32:19.618 [main] INFO  com.demo.baseutil.Basetest - Validate click on organisation network is clickable
12:32:22.193 [main] INFO  com.demo.baseutil.Basetest - Clicked on : click on organisation network
12:32:27.259 [main] INFO  com.demo.baseutil.Basetest - Sign in title matched
12:32:27.259 [main] INFO  com.demo.baseutil.Basetest - UI verified for Organisation network page.
12:32:29.316 [main] INFO  com.demo.baseutil.Basetest - Validate click on product register is clickable
12:32:31.706 [main] INFO  com.demo.baseutil.Basetest - Clicked on : click on product register
12:32:38.764 [main] INFO  com.demo.baseutil.Basetest - Sign in title matched
12:32:38.764 [main] INFO  com.demo.baseutil.Basetest - UI verified for Product page.
12:32:39.832 [main] INFO  com.demo.baseutil.Basetest - Validate click on lots is clickable
12:32:42.326 [main] INFO  com.demo.baseutil.Basetest - Clicked on : click on lots
12:32:48.366 [main] INFO  com.demo.baseutil.Basetest - Sign in title matched
12:32:48.366 [main] INFO  com.demo.baseutil.Basetest - UI verified for Lots page.
12:32:50.972 [main] INFO  com.demo.baseutil.Basetest - Browser is closed sucessfuly
12:32:51.611 [main] INFO  com.demo.baseutil.Basetest - Browser is closed sucessfuly
12:33:13.225 [main] INFO  com.demo.baseutil.Basetest - Validate Sign in with FarmtoPlate account is clickable
12:33:15.730 [main] INFO  com.demo.baseutil.Basetest - Clicked on : Sign in with FarmtoPlate account
12:33:15.738 [main] INFO  com.demo.baseutil.Basetest - Url contains farmtoplateapps.io/login
12:33:15.764 [main] INFO  com.demo.baseutil.Basetest - Sign in title matched
12:33:15.764 [main] INFO  com.demo.baseutil.Basetest - UI verified for Sigin page.
12:33:15.764 [main] INFO  com.demo.baseutil.Basetest - Sign in function call
12:33:15.764 [main] INFO  com.demo.baseutil.Basetest - Validate email address field is clicked is clickable
12:33:19.999 [main] INFO  com.demo.baseutil.Basetest - Clicked on : email address field is clicked
12:33:19.999 [main] INFO  com.demo.baseutil.Basetest - Enter the value into Email Id Entered
12:33:20.445 [main] INFO  com.demo.baseutil.Basetest - 139@yopmail.com typed into Email Id Entered
12:33:20.445 [main] INFO  com.demo.baseutil.Basetest - Validate Enter the password is clickable
12:33:22.808 [main] INFO  com.demo.baseutil.Basetest - Clicked on : Enter the password
12:33:22.808 [main] INFO  com.demo.baseutil.Basetest - Enter the value into Password Id Entered
12:33:23.077 [main] INFO  com.demo.baseutil.Basetest - Admin@1234 typed into Password Id Entered
12:33:27.162 [main] INFO  com.demo.baseutil.Basetest - Scroll down
12:33:27.162 [main] INFO  com.demo.baseutil.Basetest - Validate Press the signin button is clickable
12:33:32.199 [main] INFO  com.demo.baseutil.Basetest - Clicked on : Press the signin button
12:33:34.215 [main] INFO  com.demo.baseutil.Basetest - HomePage title  is matched
12:33:44.232 [main] INFO  com.demo.baseutil.Basetest - Validate click on trace is clickable
12:33:46.781 [main] INFO  com.demo.baseutil.Basetest - Clicked on : click on trace
12:33:48.797 [main] INFO  com.demo.baseutil.Basetest - Validate Network Management is clicked is clickable
12:33:51.480 [main] INFO  com.demo.baseutil.Basetest - Clicked on : Network Management is clicked
12:33:56.493 [main] INFO  com.demo.baseutil.Basetest - Validate Add new is clicked is clickable
12:33:58.986 [main] INFO  com.demo.baseutil.Basetest - Clicked on : Add new is clicked
12:34:00.993 [main] INFO  com.demo.baseutil.Basetest - Validate Organisation Name is clicked is clickable
12:34:03.540 [main] INFO  com.demo.baseutil.Basetest - Clicked on : Organisation Name is clicked
12:34:03.542 [main] INFO  com.demo.baseutil.Basetest - Enter the value into Organisation is Entered
12:34:04.185 [main] INFO  com.demo.baseutil.Basetest - vkRnJuQB typed into Organisation is Entered
12:34:04.186 [main] INFO  com.demo.baseutil.Basetest - Validate Organisation type is clicked is clickable
12:34:06.626 [main] INFO  com.demo.baseutil.Basetest - Clicked on : Organisation type is clicked
12:34:06.627 [main] INFO  com.demo.baseutil.Basetest - Validate upstream is selected is clickable
12:34:09.154 [main] INFO  com.demo.baseutil.Basetest - Clicked on : upstream is selected
12:34:09.155 [main] INFO  com.demo.baseutil.Basetest - Validate Organisation role is clicked is clickable
12:34:11.794 [main] INFO  com.demo.baseutil.Basetest - Clicked on : Organisation role is clicked
12:34:11.794 [main] INFO  com.demo.baseutil.Basetest - Validate Organisation role is selected is clickable
12:34:14.228 [main] INFO  com.demo.baseutil.Basetest - Clicked on : Organisation role is selected
12:34:14.229 [main] INFO  com.demo.baseutil.Basetest - Validate module is clicked is clickable
12:34:16.840 [main] INFO  com.demo.baseutil.Basetest - Clicked on : module is clicked
12:34:16.841 [main] INFO  com.demo.baseutil.Basetest - Validate module is selected is clickable
12:34:19.338 [main] INFO  com.demo.baseutil.Basetest - Clicked on : module is selected
12:34:19.338 [main] INFO  com.demo.baseutil.Basetest - Validate email field is clicked is clickable
12:34:21.888 [main] INFO  com.demo.baseutil.Basetest - Clicked on : email field is clicked
12:34:21.889 [main] INFO  com.demo.baseutil.Basetest - Enter the value into emailid is Entered
12:34:22.573 [main] INFO  com.demo.baseutil.Basetest - AzUoiujn196@yopmail.com typed into emailid is Entered
12:34:23.585 [main] INFO  com.demo.baseutil.Basetest - Validate sendinvite button is clicked is clickable
12:34:26.129 [main] INFO  com.demo.baseutil.Basetest - Clicked on : sendinvite button is clicked
12:34:28.140 [main] INFO  com.demo.baseutil.Basetest - Validate submit is selected is clickable
12:34:30.508 [main] INFO  com.demo.baseutil.Basetest - Clicked on : submit is selected
12:34:45.856 [main] INFO  com.demo.baseutil.Basetest - Validate Email address input field is clicked is clickable
12:34:48.371 [main] INFO  com.demo.baseutil.Basetest - Clicked on : Email address input field is clicked
12:34:48.371 [main] INFO  com.demo.baseutil.Basetest - Enter the value into email address is entered
12:34:48.963 [main] INFO  com.demo.baseutil.Basetest - AzUoiujn196@yopmail.com typed into email address is entered
12:34:48.975 [main] INFO  com.demo.baseutil.Basetest - Validate arrow button is clicked is clickable
12:34:52.822 [main] INFO  com.demo.baseutil.Basetest - Clicked on : arrow button is clicked
12:34:55.912 [main] INFO  com.demo.baseutil.Basetest - Validate first email is clicked is clickable
12:34:58.610 [main] INFO  com.demo.baseutil.Basetest - Clicked on : first email is clicked
12:35:00.726 [main] INFO  com.demo.baseutil.Basetest - Validate email address is clicked is clickable
12:35:03.740 [main] INFO  com.demo.baseutil.Basetest - Clicked on : email address is clicked
12:35:09.389 [main] INFO  com.demo.baseutil.Basetest - Validate pass is clicked is clickable
12:35:15.104 [main] INFO  com.demo.baseutil.Basetest - Clicked on : pass is clicked
12:35:15.104 [main] INFO  com.demo.baseutil.Basetest - Enter the value into Password is entered
12:35:15.569 [main] INFO  com.demo.baseutil.Basetest - Admin@1234 typed into Password is entered
12:35:15.569 [main] INFO  com.demo.baseutil.Basetest - Validate confirm password is clicked is clickable
12:35:18.073 [main] INFO  com.demo.baseutil.Basetest - Clicked on : confirm password is clicked
12:35:18.073 [main] INFO  com.demo.baseutil.Basetest - Enter the value into Confirm Password is entered
12:35:18.475 [main] INFO  com.demo.baseutil.Basetest - Admin@1234 typed into Confirm Password is entered
12:35:24.573 [main] INFO  com.demo.baseutil.Basetest - Scroll down
12:35:24.573 [main] INFO  com.demo.baseutil.Basetest - Validate button is clicked is clickable
12:35:27.053 [main] INFO  com.demo.baseutil.Basetest - Clicked on : button is clicked
12:35:29.069 [main] INFO  com.demo.baseutil.Basetest - Validate email address field is clicked is clickable
12:35:32.302 [main] INFO  com.demo.baseutil.Basetest - Clicked on : email address field is clicked
12:35:32.302 [main] INFO  com.demo.baseutil.Basetest - Enter the value into Email Id Entered
12:35:32.791 [main] INFO  com.demo.baseutil.Basetest - AzUoiujn196@yopmail.com typed into Email Id Entered
12:35:32.791 [main] INFO  com.demo.baseutil.Basetest - Validate Enter the password is clickable
12:35:35.266 [main] INFO  com.demo.baseutil.Basetest - Clicked on : Enter the password
12:35:35.266 [main] INFO  com.demo.baseutil.Basetest - Enter the value into Password Id Entered
12:35:35.641 [main] INFO  com.demo.baseutil.Basetest - Admin@1234 typed into Password Id Entered
12:35:39.735 [main] INFO  com.demo.baseutil.Basetest - Scroll down
12:35:39.735 [main] INFO  com.demo.baseutil.Basetest - Validate Press the signin button is clickable
12:35:44.801 [main] INFO  com.demo.baseutil.Basetest - Clicked on : Press the signin button
12:35:50.802 [main] INFO  com.demo.baseutil.Basetest - Validate Press the continue button is clickable
12:35:53.273 [main] INFO  com.demo.baseutil.Basetest - Clicked on : Press the continue button
12:35:53.289 [main] INFO  com.demo.baseutil.Basetest - Scroll down successful
12:35:57.368 [main] INFO  com.demo.baseutil.Basetest - Scroll down
12:36:02.398 [main] INFO  com.demo.baseutil.Basetest - Scroll down successful
12:36:02.414 [main] INFO  com.demo.baseutil.Basetest - Validate Press the signin button is clickable
12:36:05.007 [main] INFO  com.demo.baseutil.Basetest - Clicked on : Press the signin button
12:36:05.007 [main] INFO  com.demo.baseutil.Basetest - Validate Press the button is clickable
12:36:07.521 [main] INFO  com.demo.baseutil.Basetest - Clicked on : Press the button
12:36:07.767 [main] INFO  com.demo.baseutil.Basetest - Browser is closed sucessfuly
12:36:12.707 [main] INFO  com.demo.baseutil.Basetest - Browser is closed sucessfuly
12:36:38.481 [main] INFO  com.demo.baseutil.Basetest - Validate Sign in with FarmtoPlate account is clickable
12:36:41.805 [main] INFO  com.demo.baseutil.Basetest - Clicked on : Sign in with FarmtoPlate account
12:36:42.945 [main] INFO  com.demo.baseutil.Basetest - Url contains farmtoplateapps.io/login
12:36:42.965 [main] INFO  com.demo.baseutil.Basetest - Sign in title matched
12:36:42.965 [main] INFO  com.demo.baseutil.Basetest - UI verified for Sigin page.
12:36:42.965 [main] INFO  com.demo.baseutil.Basetest - Sign in function call
12:36:42.965 [main] INFO  com.demo.baseutil.Basetest - Validate email address field is clicked is clickable
12:36:46.635 [main] INFO  com.demo.baseutil.Basetest - Clicked on : email address field is clicked
12:36:46.637 [main] INFO  com.demo.baseutil.Basetest - Enter the value into Email Id Entered
12:36:47.439 [main] INFO  com.demo.baseutil.Basetest - 139@yopmail.com typed into Email Id Entered
12:36:47.439 [main] INFO  com.demo.baseutil.Basetest - Validate Enter the password is clickable
12:36:50.236 [main] INFO  com.demo.baseutil.Basetest - Clicked on : Enter the password
12:36:50.237 [main] INFO  com.demo.baseutil.Basetest - Enter the value into Password Id Entered
12:36:50.848 [main] INFO  com.demo.baseutil.Basetest - Admin@1234 typed into Password Id Entered
12:36:55.049 [main] INFO  com.demo.baseutil.Basetest - Scroll down
12:36:55.049 [main] INFO  com.demo.baseutil.Basetest - Validate Press the signin button is clickable
12:36:59.656 [main] INFO  com.demo.baseutil.Basetest - Clicked on : Press the signin button
12:37:02.395 [main] INFO  com.demo.baseutil.Basetest - HomePage title  is matched
12:37:12.424 [main] INFO  com.demo.baseutil.Basetest - Validate click on trace is clickable
12:37:15.014 [main] INFO  com.demo.baseutil.Basetest - Clicked on : click on trace
12:37:21.112 [main] INFO  com.demo.baseutil.Basetest - Validate Asset & Infrastructure Data is clicked is clickable
12:37:23.631 [main] INFO  com.demo.baseutil.Basetest - Clicked on : Asset & Infrastructure Data is clicked
12:37:25.641 [main] INFO  com.demo.baseutil.Basetest - Validate Assets is clicked is clickable
12:37:28.459 [main] INFO  com.demo.baseutil.Basetest - Clicked on : Assets is clicked
12:37:30.469 [main] INFO  com.demo.baseutil.Basetest - Validate Add new is clicked is clickable
12:37:33.095 [main] INFO  com.demo.baseutil.Basetest - Clicked on : Add new is clicked
12:37:35.100 [main] INFO  com.demo.baseutil.Basetest - Validate Asset type is clicked is clickable
12:37:37.650 [main] INFO  com.demo.baseutil.Basetest - Clicked on : Asset type is clicked
12:37:37.651 [main] INFO  com.demo.baseutil.Basetest - Validate vehicle is selected is clickable
12:37:40.202 [main] INFO  com.demo.baseutil.Basetest - Clicked on : vehicle is selected
12:37:40.202 [main] INFO  com.demo.baseutil.Basetest - Validate Click on Vehicle Name is clickable
12:37:42.532 [main] INFO  com.demo.baseutil.Basetest - Clicked on : Click on Vehicle Name
12:37:42.533 [main] INFO  com.demo.baseutil.Basetest - Enter the value into enter the vehicle name
12:37:43.038 [main] INFO  com.demo.baseutil.Basetest - Loading VehiclezpBk typed into enter the vehicle name
12:37:43.038 [main] INFO  com.demo.baseutil.Basetest - Validate Click on Vehicle Number is clickable
12:37:45.484 [main] INFO  com.demo.baseutil.Basetest - Clicked on : Click on Vehicle Number
12:37:45.486 [main] INFO  com.demo.baseutil.Basetest - Enter the value into Enter the vehicle number
12:37:45.956 [main] INFO  com.demo.baseutil.Basetest - eviEdjyY typed into Enter the vehicle number
12:37:45.957 [main] INFO  com.demo.baseutil.Basetest - Validate click the dropdown of carrier is clickable
12:37:48.452 [main] INFO  com.demo.baseutil.Basetest - Clicked on : click the dropdown of carrier
12:37:48.453 [main] INFO  com.demo.baseutil.Basetest - Validate click the tanker is clickable
12:37:51.015 [main] INFO  com.demo.baseutil.Basetest - Clicked on : click the tanker
12:37:51.016 [main] INFO  com.demo.baseutil.Basetest - Validate Click on Make is clickable
12:37:53.484 [main] INFO  com.demo.baseutil.Basetest - Clicked on : Click on Make
12:37:53.485 [main] INFO  com.demo.baseutil.Basetest - Enter the value into enter the make
12:37:53.808 [main] INFO  com.demo.baseutil.Basetest - Mahindra typed into enter the make
12:37:53.809 [main] INFO  com.demo.baseutil.Basetest - Validate Click on Model is clickable
12:37:56.282 [main] INFO  com.demo.baseutil.Basetest - Clicked on : Click on Model
12:37:56.282 [main] INFO  com.demo.baseutil.Basetest - Enter the value into enter the model
12:37:56.571 [main] INFO  com.demo.baseutil.Basetest - XUV typed into enter the model
12:37:56.571 [main] INFO  com.demo.baseutil.Basetest - Validate Click on Model is clickable
12:37:58.960 [main] INFO  com.demo.baseutil.Basetest - Clicked on : Click on Model
12:37:58.960 [main] INFO  com.demo.baseutil.Basetest - Enter the value into enter the model
12:37:59.406 [main] INFO  com.demo.baseutil.Basetest - XUV typed into enter the model
12:37:59.406 [main] INFO  com.demo.baseutil.Basetest - Validate Click on Vehicle Number is clickable
12:38:01.929 [main] INFO  com.demo.baseutil.Basetest - Clicked on : Click on Vehicle Number
12:38:01.929 [main] INFO  com.demo.baseutil.Basetest - Enter the value into Enter the engine number
12:38:02.288 [main] INFO  com.demo.baseutil.Basetest - GbujMajj typed into Enter the engine number
12:38:02.288 [main] INFO  com.demo.baseutil.Basetest - Validate Click on Class-GVWR is clickable
12:38:04.745 [main] INFO  com.demo.baseutil.Basetest - Clicked on : Click on Class-GVWR
12:38:04.745 [main] INFO  com.demo.baseutil.Basetest - Enter the value into enter the classgvwr
12:38:05.126 [main] INFO  com.demo.baseutil.Basetest - Class I typed into enter the classgvwr
12:38:05.127 [main] INFO  com.demo.baseutil.Basetest - Validate Click on Weight Capacity is clickable
12:38:07.580 [main] INFO  com.demo.baseutil.Basetest - Clicked on : Click on Weight Capacity
12:38:07.595 [main] INFO  com.demo.baseutil.Basetest - Enter the value into enter the weight capacity
12:38:07.943 [main] INFO  com.demo.baseutil.Basetest - 100 typed into enter the weight capacity
12:38:12.031 [main] INFO  com.demo.baseutil.Basetest - Scroll down
12:38:12.047 [main] INFO  com.demo.baseutil.Basetest - Scroll down successful
12:38:12.047 [main] INFO  com.demo.baseutil.Basetest - Validate Click on Add button is clickable
12:38:14.479 [main] INFO  com.demo.baseutil.Basetest - Clicked on : Click on Add button
12:38:15.734 [main] INFO  com.demo.baseutil.Basetest - Browser is closed sucessfuly
12:38:19.075 [main] INFO  com.demo.baseutil.Basetest - Browser is closed sucessfuly
12:38:41.145 [main] INFO  com.demo.baseutil.Basetest - Validate Sign in with FarmtoPlate account is clickable
12:38:44.491 [main] INFO  com.demo.baseutil.Basetest - Clicked on : Sign in with FarmtoPlate account
12:38:44.548 [main] INFO  com.demo.baseutil.Basetest - Url contains farmtoplateapps.io/login
12:38:44.578 [main] INFO  com.demo.baseutil.Basetest - Sign in title matched
12:38:44.579 [main] INFO  com.demo.baseutil.Basetest - UI verified for Sigin page.
12:38:44.580 [main] INFO  com.demo.baseutil.Basetest - Sign in function call
12:38:44.580 [main] INFO  com.demo.baseutil.Basetest - Validate email address field is clicked is clickable
12:38:48.032 [main] INFO  com.demo.baseutil.Basetest - Clicked on : email address field is clicked
12:38:48.035 [main] INFO  com.demo.baseutil.Basetest - Enter the value into Email Id Entered
12:38:48.984 [main] INFO  com.demo.baseutil.Basetest - 139@yopmail.com typed into Email Id Entered
12:38:48.985 [main] INFO  com.demo.baseutil.Basetest - Validate Enter the password is clickable
12:38:51.699 [main] INFO  com.demo.baseutil.Basetest - Clicked on : Enter the password
12:38:51.700 [main] INFO  com.demo.baseutil.Basetest - Enter the value into Password Id Entered
12:38:52.326 [main] INFO  com.demo.baseutil.Basetest - Admin@1234 typed into Password Id Entered
12:38:56.432 [main] INFO  com.demo.baseutil.Basetest - Scroll down
12:38:56.433 [main] INFO  com.demo.baseutil.Basetest - Validate Press the signin button is clickable
12:39:00.154 [main] INFO  com.demo.baseutil.Basetest - Clicked on : Press the signin button
12:39:02.680 [main] INFO  com.demo.baseutil.Basetest - HomePage title  is matched
12:39:12.693 [main] INFO  com.demo.baseutil.Basetest - Validate click on trace is clickable
12:39:15.237 [main] INFO  com.demo.baseutil.Basetest - Clicked on : click on trace
12:39:21.336 [main] INFO  com.demo.baseutil.Basetest - Validate Asset & Infrastructure Data is clicked is clickable
12:39:23.948 [main] INFO  com.demo.baseutil.Basetest - Clicked on : Asset & Infrastructure Data is clicked
12:39:25.961 [main] INFO  com.demo.baseutil.Basetest - Validate Infra is clicked is clickable
12:39:28.684 [main] INFO  com.demo.baseutil.Basetest - Clicked on : Infra is clicked
12:39:30.695 [main] INFO  com.demo.baseutil.Basetest - Validate Add new is clicked is clickable
12:39:33.483 [main] INFO  com.demo.baseutil.Basetest - Clicked on : Add new is clicked
12:39:35.498 [main] INFO  com.demo.baseutil.Basetest - Validate Click on Location Name is clickable
12:39:37.999 [main] INFO  com.demo.baseutil.Basetest - Clicked on : Click on Location Name
12:39:38.003 [main] INFO  com.demo.baseutil.Basetest - Enter the value into enter the location name
12:39:38.489 [main] INFO  com.demo.baseutil.Basetest - Warehouse B typed into enter the location name
12:39:38.490 [main] INFO  com.demo.baseutil.Basetest - Validate Asset type is clicked is clickable
12:39:41.092 [main] INFO  com.demo.baseutil.Basetest - Clicked on : Asset type is clicked
12:39:41.092 [main] INFO  com.demo.baseutil.Basetest - Validate vehicle is selected is clickable
12:39:43.474 [main] INFO  com.demo.baseutil.Basetest - Clicked on : vehicle is selected
12:39:43.476 [main] INFO  com.demo.baseutil.Basetest - Validate Click on GLN is clickable
12:39:45.978 [main] INFO  com.demo.baseutil.Basetest - Clicked on : Click on GLN
12:39:45.981 [main] INFO  com.demo.baseutil.Basetest - Enter the value into enter the GLN
12:39:46.380 [main] INFO  com.demo.baseutil.Basetest - 8377043500982 typed into enter the GLN
12:39:46.387 [main] INFO  com.demo.baseutil.Basetest - Validate Click on address is clickable
12:39:48.859 [main] INFO  com.demo.baseutil.Basetest - Clicked on : Click on address
12:39:48.860 [main] INFO  com.demo.baseutil.Basetest - Enter the value into enter the  address
12:39:49.383 [main] INFO  com.demo.baseutil.Basetest - Bangalore Palace, Palace Cross Road, Vasanth Nagar, Bengaluru, Karnataka, India typed into enter the  address
12:39:49.384 [main] INFO  com.demo.baseutil.Basetest - Validate Click on state is clickable
12:39:51.848 [main] INFO  com.demo.baseutil.Basetest - Clicked on : Click on state
12:39:51.849 [main] INFO  com.demo.baseutil.Basetest - Enter the value into Enetered the state
12:39:52.178 [main] INFO  com.demo.baseutil.Basetest - KA typed into Enetered the state
12:39:52.180 [main] INFO  com.demo.baseutil.Basetest - Validate Click on city is clickable
12:39:54.682 [main] INFO  com.demo.baseutil.Basetest - Clicked on : Click on city
12:39:54.683 [main] INFO  com.demo.baseutil.Basetest - Enter the value into Enetered the city
12:39:55.141 [main] INFO  com.demo.baseutil.Basetest - Bengaluru typed into Enetered the city
12:39:55.142 [main] INFO  com.demo.baseutil.Basetest - Validate Click on country is clickable
12:39:57.645 [main] INFO  com.demo.baseutil.Basetest - Clicked on : Click on country
12:39:57.647 [main] INFO  com.demo.baseutil.Basetest - Enter the value into Enetered the city
12:39:58.051 [main] INFO  com.demo.baseutil.Basetest - India typed into Enetered the city
12:39:58.052 [main] INFO  com.demo.baseutil.Basetest - Validate Click on zip is clickable
12:40:00.544 [main] INFO  com.demo.baseutil.Basetest - Clicked on : Click on zip
12:40:00.556 [main] INFO  com.demo.baseutil.Basetest - Enter the value into Enetred the Zip
12:40:00.930 [main] INFO  com.demo.baseutil.Basetest - 560052 typed into Enetred the Zip
12:40:05.035 [main] INFO  com.demo.baseutil.Basetest - Scroll down
12:40:05.035 [main] INFO  com.demo.baseutil.Basetest - Validate Click on Add button is clickable
12:40:07.552 [main] INFO  com.demo.baseutil.Basetest - Clicked on : Click on Add button
12:40:09.004 [main] INFO  com.demo.baseutil.Basetest - Browser is closed sucessfuly
12:40:10.243 [main] INFO  com.demo.baseutil.Basetest - Browser is closed sucessfuly
12:40:35.658 [main] INFO  com.demo.baseutil.Basetest - Validate Sign in with FarmtoPlate account is clickable
12:40:38.400 [main] INFO  com.demo.baseutil.Basetest - Clicked on : Sign in with FarmtoPlate account
12:40:38.825 [main] INFO  com.demo.baseutil.Basetest - Url contains farmtoplateapps.io/login
12:40:38.847 [main] INFO  com.demo.baseutil.Basetest - Sign in title matched
12:40:38.847 [main] INFO  com.demo.baseutil.Basetest - UI verified for Sigin page.
12:40:38.849 [main] INFO  com.demo.baseutil.Basetest - Sign in function call
12:40:38.850 [main] INFO  com.demo.baseutil.Basetest - Validate email address field is clicked is clickable
12:40:41.725 [main] INFO  com.demo.baseutil.Basetest - Clicked on : email address field is clicked
12:40:41.726 [main] INFO  com.demo.baseutil.Basetest - Enter the value into Email Id Entered
12:40:42.243 [main] INFO  com.demo.baseutil.Basetest - 139@yopmail.com typed into Email Id Entered
12:40:42.245 [main] INFO  com.demo.baseutil.Basetest - Validate Enter the password is clickable
12:40:44.725 [main] INFO  com.demo.baseutil.Basetest - Clicked on : Enter the password
12:40:44.725 [main] INFO  com.demo.baseutil.Basetest - Enter the value into Password Id Entered
12:40:45.367 [main] INFO  com.demo.baseutil.Basetest - Admin@1234 typed into Password Id Entered
12:40:49.476 [main] INFO  com.demo.baseutil.Basetest - Scroll down
12:40:49.476 [main] INFO  com.demo.baseutil.Basetest - Validate Press the signin button is clickable
12:40:54.578 [main] INFO  com.demo.baseutil.Basetest - Clicked on : Press the signin button
12:40:56.656 [main] INFO  com.demo.baseutil.Basetest - HomePage title  is matched
12:41:06.688 [main] INFO  com.demo.baseutil.Basetest - Validate click on trace is clickable
12:41:09.239 [main] INFO  com.demo.baseutil.Basetest - Clicked on : click on trace
12:41:15.318 [main] INFO  com.demo.baseutil.Basetest - Validate Asset & Infrastructure Data is clicked is clickable
12:41:17.952 [main] INFO  com.demo.baseutil.Basetest - Clicked on : Asset & Infrastructure Data is clicked
12:41:19.968 [main] INFO  com.demo.baseutil.Basetest - Validate Assets is clicked is clickable
12:41:22.864 [main] INFO  com.demo.baseutil.Basetest - Clicked on : Assets is clicked
12:41:27.879 [main] INFO  com.demo.baseutil.Basetest - Validate Add new is clicked is clickable
12:41:30.462 [main] INFO  com.demo.baseutil.Basetest - Clicked on : Add new is clicked
12:41:35.478 [main] INFO  com.demo.baseutil.Basetest - Validate Asset type is clicked is clickable
12:41:37.945 [main] INFO  com.demo.baseutil.Basetest - Clicked on : Asset type is clicked
12:41:37.945 [main] INFO  com.demo.baseutil.Basetest - Validate Click on Vehicle Name is clickable
12:41:40.542 [main] INFO  com.demo.baseutil.Basetest - Clicked on : Click on Vehicle Name
12:41:42.558 [main] INFO  com.demo.baseutil.Basetest - Validate container name is clicked is clickable
12:41:45.074 [main] INFO  com.demo.baseutil.Basetest - Clicked on : container name is clicked
12:41:45.074 [main] INFO  com.demo.baseutil.Basetest - Enter the value into enter the container name
12:41:45.772 [main] INFO  com.demo.baseutil.Basetest - containerr301301301 typed into enter the container name
12:41:47.780 [main] INFO  com.demo.baseutil.Basetest - Validate length is clicked is clickable
12:41:50.242 [main] INFO  com.demo.baseutil.Basetest - Clicked on : length is clicked
12:41:52.248 [main] INFO  com.demo.baseutil.Basetest - Enter the value into enter the length
12:41:52.580 [main] INFO  com.demo.baseutil.Basetest - 10 typed into enter the length
12:41:52.580 [main] INFO  com.demo.baseutil.Basetest - Validate breadth is clicked is clickable
12:41:55.041 [main] INFO  com.demo.baseutil.Basetest - Clicked on : breadth is clicked
12:41:55.041 [main] INFO  com.demo.baseutil.Basetest - Enter the value into breath entered
12:41:55.432 [main] INFO  com.demo.baseutil.Basetest - 10 typed into breath entered
12:41:57.456 [main] INFO  com.demo.baseutil.Basetest - Validate height is clicked is clickable
12:41:59.891 [main] INFO  com.demo.baseutil.Basetest - Clicked on : height is clicked
12:42:01.898 [main] INFO  com.demo.baseutil.Basetest - Enter the value into height entered
12:42:02.282 [main] INFO  com.demo.baseutil.Basetest - 20 typed into height entered
12:42:04.290 [main] INFO  com.demo.baseutil.Basetest - Validate dom is clicked is clickable
12:42:06.781 [main] INFO  com.demo.baseutil.Basetest - Clicked on : dom is clicked
12:42:08.784 [main] INFO  com.demo.baseutil.Basetest - Validate ft is clicked is clickable
12:42:11.259 [main] INFO  com.demo.baseutil.Basetest - Clicked on : ft is clicked
12:42:13.275 [main] INFO  com.demo.baseutil.Basetest - Validate wt is clicked is clickable
12:42:15.773 [main] INFO  com.demo.baseutil.Basetest - Clicked on : wt is clicked
12:42:17.784 [main] INFO  com.demo.baseutil.Basetest - Enter the value into weight entered
12:42:18.246 [main] INFO  com.demo.baseutil.Basetest - 1000 typed into weight entered
12:42:20.254 [main] INFO  com.demo.baseutil.Basetest - Validate wtcap is clicked is clickable
12:42:22.693 [main] INFO  com.demo.baseutil.Basetest - Clicked on : wtcap is clicked
12:42:24.709 [main] INFO  com.demo.baseutil.Basetest - Validate tons is clicked is clickable
12:42:27.049 [main] INFO  com.demo.baseutil.Basetest - Clicked on : tons is clicked
12:42:29.056 [main] INFO  com.demo.baseutil.Basetest - Validate Click on Add button is clickable
12:42:31.679 [main] INFO  com.demo.baseutil.Basetest - Clicked on : Click on Add button
12:42:37.891 [main] INFO  com.demo.baseutil.Basetest - Browser is closed sucessfuly
12:42:38.970 [main] INFO  com.demo.baseutil.Basetest - Browser is closed sucessfuly
12:43:04.147 [main] INFO  com.demo.baseutil.Basetest - Validate Sign in with FarmtoPlate account is clickable
12:43:06.515 [main] INFO  com.demo.baseutil.Basetest - Clicked on : Sign in with FarmtoPlate account
12:43:06.527 [main] INFO  com.demo.baseutil.Basetest - Url contains farmtoplateapps.io/login
12:43:06.539 [main] INFO  com.demo.baseutil.Basetest - Sign in title matched
12:43:06.540 [main] INFO  com.demo.baseutil.Basetest - UI verified for Sigin page.
12:43:06.540 [main] INFO  com.demo.baseutil.Basetest - Sign in function call
12:43:06.540 [main] INFO  com.demo.baseutil.Basetest - Validate email address field is clicked is clickable
12:43:09.100 [main] INFO  com.demo.baseutil.Basetest - Clicked on : email address field is clicked
12:43:09.100 [main] INFO  com.demo.baseutil.Basetest - Enter the value into Email Id Entered
12:43:09.428 [main] INFO  com.demo.baseutil.Basetest - 139@yopmail.com typed into Email Id Entered
12:43:09.428 [main] INFO  com.demo.baseutil.Basetest - Validate Enter the password is clickable
12:43:11.748 [main] INFO  com.demo.baseutil.Basetest - Clicked on : Enter the password
12:43:11.748 [main] INFO  com.demo.baseutil.Basetest - Enter the value into Password Id Entered
12:43:12.110 [main] INFO  com.demo.baseutil.Basetest - Admin@1234 typed into Password Id Entered
12:43:16.177 [main] INFO  com.demo.baseutil.Basetest - Scroll down
12:43:16.177 [main] INFO  com.demo.baseutil.Basetest - Validate Press the signin button is clickable
12:43:19.165 [main] INFO  com.demo.baseutil.Basetest - Clicked on : Press the signin button
12:43:21.602 [main] INFO  com.demo.baseutil.Basetest - HomePage title  is matched
12:43:31.621 [main] INFO  com.demo.baseutil.Basetest - Validate click on trace is clickable
12:43:34.140 [main] INFO  com.demo.baseutil.Basetest - Clicked on : click on trace
12:43:40.233 [main] INFO  com.demo.baseutil.Basetest - Validate User Management is clicked is clickable
12:43:42.755 [main] INFO  com.demo.baseutil.Basetest - Clicked on : User Management is clicked
12:43:44.771 [main] INFO  com.demo.baseutil.Basetest - Validate users is clicked is clickable
12:43:47.410 [main] INFO  com.demo.baseutil.Basetest - Clicked on : users is clicked
12:43:49.417 [main] INFO  com.demo.baseutil.Basetest - Validate Add new is clicked is clickable
12:43:52.063 [main] INFO  com.demo.baseutil.Basetest - Clicked on : Add new is clicked
12:43:54.078 [main] INFO  com.demo.baseutil.Basetest - Validate first name is clicked is clickable
12:43:56.570 [main] INFO  com.demo.baseutil.Basetest - Clicked on : first name is clicked
12:43:58.579 [main] INFO  com.demo.baseutil.Basetest - Enter the value into first name is entered
12:43:58.888 [main] INFO  com.demo.baseutil.Basetest - abc typed into first name is entered
12:44:00.898 [main] INFO  com.demo.baseutil.Basetest - Validate last name is clicked is clickable
12:44:03.371 [main] INFO  com.demo.baseutil.Basetest - Clicked on : last name is clicked
12:44:05.378 [main] INFO  com.demo.baseutil.Basetest - Enter the value into lastname name is entered
12:44:05.754 [main] INFO  com.demo.baseutil.Basetest - abc typed into lastname name is entered
12:44:07.773 [main] INFO  com.demo.baseutil.Basetest - Validate modulename is clicked is clickable
12:44:10.256 [main] INFO  com.demo.baseutil.Basetest - Clicked on : modulename is clicked
12:44:12.262 [main] INFO  com.demo.baseutil.Basetest - Validate module name is clicked is clickable
12:44:14.685 [main] INFO  com.demo.baseutil.Basetest - Clicked on : module name is clicked
12:44:16.690 [main] INFO  com.demo.baseutil.Basetest - Validate assignrole is clicked is clickable
12:44:19.229 [main] INFO  com.demo.baseutil.Basetest - Clicked on : assignrole is clicked
12:44:21.230 [main] INFO  com.demo.baseutil.Basetest - Validate assignitem is clicked is clickable
12:44:23.577 [main] INFO  com.demo.baseutil.Basetest - Clicked on : assignitem is clicked
12:44:25.580 [main] INFO  com.demo.baseutil.Basetest - Validate emailuser is clicked is clickable
12:44:28.040 [main] INFO  com.demo.baseutil.Basetest - Clicked on : emailuser is clicked
12:44:30.047 [main] INFO  com.demo.baseutil.Basetest - Enter the value into eamil is entered
12:44:30.495 [main] INFO  com.demo.baseutil.Basetest - abc953@yopmail.com typed into eamil is entered
12:44:32.506 [main] INFO  com.demo.baseutil.Basetest - Validate countrycode is clicked is clickable
12:44:35.059 [main] INFO  com.demo.baseutil.Basetest - Clicked on : countrycode is clicked
12:44:37.066 [main] INFO  com.demo.baseutil.Basetest - Enter the value into countrycode is entered
12:44:37.868 [main] INFO  com.demo.baseutil.Basetest - +91 typed into countrycode is entered
12:44:41.878 [main] INFO  com.demo.baseutil.Basetest - Validate countrycode select is clicked is clickable
12:44:44.407 [main] INFO  com.demo.baseutil.Basetest - Clicked on : countrycode select is clicked
12:44:46.424 [main] INFO  com.demo.baseutil.Basetest - Validate phnumber is clicked is clickable
12:44:48.876 [main] INFO  com.demo.baseutil.Basetest - Clicked on : phnumber is clicked
12:44:50.879 [main] INFO  com.demo.baseutil.Basetest - Enter the value into phnumber is entered
12:44:51.245 [main] INFO  com.demo.baseutil.Basetest - 5673994421 typed into phnumber is entered
12:44:55.260 [main] INFO  com.demo.baseutil.Basetest - Validate send invite user  is clicked is clickable
12:44:57.660 [main] INFO  com.demo.baseutil.Basetest - Clicked on : send invite user  is clicked
12:45:01.824 [main] INFO  com.demo.baseutil.Basetest - Validate Email address input field is clicked is clickable
12:45:09.259 [main] INFO  com.demo.baseutil.Basetest - Clicked on : Email address input field is clicked
12:45:09.260 [main] INFO  com.demo.baseutil.Basetest - Enter the value into email address is entered
12:45:09.611 [main] INFO  com.demo.baseutil.Basetest - abc953@yopmail.com typed into email address is entered
12:45:09.611 [main] INFO  com.demo.baseutil.Basetest - Validate arrow button is clicked is clickable
12:45:12.693 [main] INFO  com.demo.baseutil.Basetest - Clicked on : arrow button is clicked
12:45:22.848 [main] INFO  com.demo.baseutil.Basetest - Validate first email is clicked is clickable
12:45:25.391 [main] INFO  com.demo.baseutil.Basetest - Clicked on : first email is clicked
12:45:27.519 [main] INFO  com.demo.baseutil.Basetest - Validate email address is clicked is clickable
12:45:30.315 [main] INFO  com.demo.baseutil.Basetest - Clicked on : email address is clicked
12:45:32.344 [main] INFO  com.demo.baseutil.Basetest - Validate pass is clicked is clickable
12:45:35.161 [main] INFO  com.demo.baseutil.Basetest - Clicked on : pass is clicked
12:45:35.161 [main] INFO  com.demo.baseutil.Basetest - Enter the value into Password is entered
12:45:35.612 [main] INFO  com.demo.baseutil.Basetest - Admin@1234 typed into Password is entered
12:45:35.612 [main] INFO  com.demo.baseutil.Basetest - Validate confirm password is clicked is clickable
12:45:38.105 [main] INFO  com.demo.baseutil.Basetest - Clicked on : confirm password is clicked
12:45:38.105 [main] INFO  com.demo.baseutil.Basetest - Enter the value into Confirm Password is entered
12:45:38.426 [main] INFO  com.demo.baseutil.Basetest - Admin@1234 typed into Confirm Password is entered
12:45:40.486 [main] INFO  com.demo.baseutil.Basetest - Scroll down successful
12:45:40.486 [main] INFO  com.demo.baseutil.Basetest - Validate button is clicked is clickable
12:45:42.958 [main] INFO  com.demo.baseutil.Basetest - Clicked on : button is clicked
12:45:44.964 [main] INFO  com.demo.baseutil.Basetest - Validate email address field is clicked is clickable
12:45:47.408 [main] INFO  com.demo.baseutil.Basetest - Clicked on : email address field is clicked
12:45:47.410 [main] INFO  com.demo.baseutil.Basetest - Enter the value into Email Id Entered
12:45:47.876 [main] INFO  com.demo.baseutil.Basetest - abc953@yopmail.com typed into Email Id Entered
12:45:47.876 [main] INFO  com.demo.baseutil.Basetest - Validate Enter the password is clickable
12:45:50.403 [main] INFO  com.demo.baseutil.Basetest - Clicked on : Enter the password
12:45:50.403 [main] INFO  com.demo.baseutil.Basetest - Enter the value into Password Id Entered
12:45:50.727 [main] INFO  com.demo.baseutil.Basetest - Admin@1234 typed into Password Id Entered
12:45:50.748 [main] INFO  com.demo.baseutil.Basetest - Scroll down successful
12:45:50.748 [main] INFO  com.demo.baseutil.Basetest - Validate Press the signin button is clickable
12:45:53.943 [main] INFO  com.demo.baseutil.Basetest - Clicked on : Press the signin button
12:45:56.984 [main] INFO  com.demo.baseutil.Basetest - Scroll down successful
12:45:57.989 [main] INFO  com.demo.baseutil.Basetest - Validate Press the button is clickable
12:46:00.299 [main] INFO  com.demo.baseutil.Basetest - Clicked on : Press the button
12:46:00.331 [main] INFO  com.demo.baseutil.Basetest - Scroll down successful
12:46:00.331 [main] INFO  com.demo.baseutil.Basetest - Validate Press the signin button is clickable
12:46:02.849 [main] INFO  com.demo.baseutil.Basetest - Clicked on : Press the signin button
12:46:04.852 [main] INFO  com.demo.baseutil.Basetest - Validate Press the button is clickable
12:46:07.297 [main] INFO  com.demo.baseutil.Basetest - Clicked on : Press the button
12:46:07.488 [main] INFO  com.demo.baseutil.Basetest - Browser is closed sucessfuly
12:46:08.470 [main] INFO  com.demo.baseutil.Basetest - Browser is closed sucessfuly
12:46:27.047 [main] INFO  com.demo.baseutil.Basetest - Validate Sign in with FarmtoPlate account is clickable
12:46:29.630 [main] INFO  com.demo.baseutil.Basetest - Clicked on : Sign in with FarmtoPlate account
12:46:29.642 [main] INFO  com.demo.baseutil.Basetest - Url contains farmtoplateapps.io/login
12:46:29.655 [main] INFO  com.demo.baseutil.Basetest - Sign in title matched
12:46:29.655 [main] INFO  com.demo.baseutil.Basetest - UI verified for Sigin page.
12:46:29.655 [main] INFO  com.demo.baseutil.Basetest - Sign in function call
12:46:29.655 [main] INFO  com.demo.baseutil.Basetest - Validate email address field is clicked is clickable
12:46:32.654 [main] INFO  com.demo.baseutil.Basetest - Clicked on : email address field is clicked
12:46:32.654 [main] INFO  com.demo.baseutil.Basetest - Enter the value into Email Id Entered
12:46:33.040 [main] INFO  com.demo.baseutil.Basetest - 139@yopmail.com typed into Email Id Entered
12:46:33.041 [main] INFO  com.demo.baseutil.Basetest - Validate Enter the password is clickable
12:46:35.413 [main] INFO  com.demo.baseutil.Basetest - Clicked on : Enter the password
12:46:35.413 [main] INFO  com.demo.baseutil.Basetest - Enter the value into Password Id Entered
12:46:36.268 [main] INFO  com.demo.baseutil.Basetest - Admin@1234 typed into Password Id Entered
12:46:40.341 [main] INFO  com.demo.baseutil.Basetest - Scroll down
12:46:40.341 [main] INFO  com.demo.baseutil.Basetest - Validate Press the signin button is clickable
12:46:43.581 [main] INFO  com.demo.baseutil.Basetest - Clicked on : Press the signin button
12:46:45.968 [main] INFO  com.demo.baseutil.Basetest - HomePage title  is matched
12:46:55.997 [main] INFO  com.demo.baseutil.Basetest - Validate click on trace is clickable
12:46:58.582 [main] INFO  com.demo.baseutil.Basetest - Clicked on : click on trace
12:47:04.700 [main] INFO  com.demo.baseutil.Basetest - Validate User Management is clicked is clickable
12:47:07.151 [main] INFO  com.demo.baseutil.Basetest - Clicked on : User Management is clicked
12:47:09.155 [main] INFO  com.demo.baseutil.Basetest - Validate roles is clicked is clickable
12:47:11.843 [main] INFO  com.demo.baseutil.Basetest - Clicked on : roles is clicked
12:47:13.854 [main] INFO  com.demo.baseutil.Basetest - Validate Add new is clicked is clickable
12:47:16.380 [main] INFO  com.demo.baseutil.Basetest - Clicked on : Add new is clicked
12:47:21.381 [main] INFO  com.demo.baseutil.Basetest - Validate role name is clicked is clickable
12:47:23.831 [main] INFO  com.demo.baseutil.Basetest - Clicked on : role name is clicked
12:47:25.838 [main] INFO  com.demo.baseutil.Basetest - Enter the value into rolename is entered
12:47:26.213 [main] INFO  com.demo.baseutil.Basetest - rolename17 typed into rolename is entered
12:47:28.216 [main] INFO  com.demo.baseutil.Basetest - Validate roletype is clicked is clickable
12:47:30.652 [main] INFO  com.demo.baseutil.Basetest - Clicked on : roletype is clicked
12:47:32.668 [main] INFO  com.demo.baseutil.Basetest - Validate Admin is clicked is clickable
12:47:35.119 [main] INFO  com.demo.baseutil.Basetest - Clicked on : Admin is clicked
12:47:37.150 [main] INFO  com.demo.baseutil.Basetest - Scroll down successful
12:47:39.166 [main] INFO  com.demo.baseutil.Basetest - Validate modulename is clicked is clickable
12:47:41.598 [main] INFO  com.demo.baseutil.Basetest - Clicked on : modulename is clicked
12:47:43.605 [main] INFO  com.demo.baseutil.Basetest - Validate module name is clicked is clickable
12:47:46.215 [main] INFO  com.demo.baseutil.Basetest - Clicked on : module name is clicked
12:47:48.231 [main] INFO  com.demo.baseutil.Basetest - Validate orgdept is clicked is clickable
12:47:50.714 [main] INFO  com.demo.baseutil.Basetest - Clicked on : orgdept is clicked
12:47:52.722 [main] INFO  com.demo.baseutil.Basetest - Validate orgdeptselect is clicked is clickable
12:47:55.235 [main] INFO  com.demo.baseutil.Basetest - Clicked on : orgdeptselect is clicked
12:47:57.251 [main] INFO  com.demo.baseutil.Basetest - Validate nxtbutton is clicked is clickable
12:47:59.641 [main] INFO  com.demo.baseutil.Basetest - Clicked on : nxtbutton is clicked
12:48:07.652 [main] INFO  com.demo.baseutil.Basetest - Scroll till the nxtbutton1 scrolled
12:48:07.756 [main] INFO  com.demo.baseutil.Basetest - Scroll till the nxtbutton1 scrolled completed
12:48:09.763 [main] INFO  com.demo.baseutil.Basetest - Validate nxtbutton1 is clicked is clickable
12:48:12.275 [main] INFO  com.demo.baseutil.Basetest - Clicked on : nxtbutton1 is clicked
12:48:30.735 [main] INFO  com.demo.baseutil.Basetest - Validate update1 select is clicked is clickable
12:48:33.330 [main] INFO  com.demo.baseutil.Basetest - Clicked on : update1 select is clicked
12:48:35.333 [main] INFO  com.demo.baseutil.Basetest - Validate update2 is clicked is clickable
12:48:37.796 [main] INFO  com.demo.baseutil.Basetest - Clicked on : update2 is clicked
12:48:41.798 [main] INFO  com.demo.baseutil.Basetest - Validate alert1  is clicked is clickable
12:48:44.698 [main] INFO  com.demo.baseutil.Basetest - Clicked on : alert1  is clicked
12:48:46.699 [main] INFO  com.demo.baseutil.Basetest - Validate alert2  is clicked is clickable
12:48:49.259 [main] INFO  com.demo.baseutil.Basetest - Clicked on : alert2  is clicked
12:48:53.275 [main] INFO  com.demo.baseutil.Basetest - Scroll till the submitbtn scrolled
12:48:53.408 [main] INFO  com.demo.baseutil.Basetest - Scroll till the submitbtn scrolled completed
12:48:55.424 [main] INFO  com.demo.baseutil.Basetest - Validate submitbtn is clicked is clickable
12:48:57.954 [main] INFO  com.demo.baseutil.Basetest - Clicked on : submitbtn is clicked
12:49:03.426 [main] INFO  com.demo.baseutil.Basetest - Browser is closed sucessfuly
12:49:04.301 [main] INFO  com.demo.baseutil.Basetest - Browser is closed sucessfuly
12:49:23.938 [main] INFO  com.demo.baseutil.Basetest - Validate Sign in with FarmtoPlate account is clickable
12:49:26.401 [main] INFO  com.demo.baseutil.Basetest - Clicked on : Sign in with FarmtoPlate account
12:49:26.410 [main] INFO  com.demo.baseutil.Basetest - Url contains farmtoplateapps.io/login
12:49:26.420 [main] INFO  com.demo.baseutil.Basetest - Sign in title matched
12:49:26.421 [main] INFO  com.demo.baseutil.Basetest - UI verified for Sigin page.
12:49:26.421 [main] INFO  com.demo.baseutil.Basetest - Sign in function call
12:49:26.421 [main] INFO  com.demo.baseutil.Basetest - Validate email address field is clicked is clickable
12:49:29.286 [main] INFO  com.demo.baseutil.Basetest - Clicked on : email address field is clicked
12:49:29.287 [main] INFO  com.demo.baseutil.Basetest - Enter the value into Email Id Entered
12:49:29.774 [main] INFO  com.demo.baseutil.Basetest - distributorqa@yopmail.com typed into Email Id Entered
12:49:29.775 [main] INFO  com.demo.baseutil.Basetest - Validate Enter the password is clickable
12:49:32.108 [main] INFO  com.demo.baseutil.Basetest - Clicked on : Enter the password
12:49:32.108 [main] INFO  com.demo.baseutil.Basetest - Enter the value into Password Id Entered
12:49:33.089 [main] INFO  com.demo.baseutil.Basetest - Admin@1234 typed into Password Id Entered
12:49:37.213 [main] INFO  com.demo.baseutil.Basetest - Scroll down
12:49:37.213 [main] INFO  com.demo.baseutil.Basetest - Validate Press the signin button is clickable
12:49:40.514 [main] INFO  com.demo.baseutil.Basetest - Clicked on : Press the signin button
12:49:43.789 [main] INFO  com.demo.baseutil.Basetest - HomePage title  is matched
12:49:53.810 [main] INFO  com.demo.baseutil.Basetest - Validate click on trace is clickable
12:49:56.307 [main] INFO  com.demo.baseutil.Basetest - Clicked on : click on trace
12:49:58.322 [main] INFO  com.demo.baseutil.Basetest - Validate click on questionbank is clickable
12:50:00.911 [main] INFO  com.demo.baseutil.Basetest - Clicked on : click on questionbank
12:50:02.920 [main] INFO  com.demo.baseutil.Basetest - Validate click on addnew is clickable
12:50:05.459 [main] INFO  com.demo.baseutil.Basetest - Clicked on : click on addnew
12:50:07.474 [main] INFO  com.demo.baseutil.Basetest - Validate click on dropdown is clickable
12:50:09.911 [main] INFO  com.demo.baseutil.Basetest - Clicked on : click on dropdown
12:50:11.924 [main] INFO  com.demo.baseutil.Basetest - Validate click on companylevel is clickable
12:50:14.472 [main] INFO  com.demo.baseutil.Basetest - Clicked on : click on companylevel
12:50:16.477 [main] INFO  com.demo.baseutil.Basetest - Validate click on addbtn is clickable
12:50:19.013 [main] INFO  com.demo.baseutil.Basetest - Clicked on : click on addbtn
12:50:21.024 [main] INFO  com.demo.baseutil.Basetest - Validate click on ques1 is clickable
12:50:23.343 [main] INFO  com.demo.baseutil.Basetest - Clicked on : click on ques1
12:50:25.351 [main] INFO  com.demo.baseutil.Basetest - Validate click on addques is clickable
12:50:27.900 [main] INFO  com.demo.baseutil.Basetest - Clicked on : click on addques
12:50:27.900 [main] INFO  com.demo.baseutil.Basetest - Validate click on ques2 is clickable
12:50:30.378 [main] INFO  com.demo.baseutil.Basetest - Clicked on : click on ques2
12:50:32.401 [main] INFO  com.demo.baseutil.Basetest - Enter the value into ques2 is entered
12:50:32.779 [main] INFO  com.demo.baseutil.Basetest - ques2 typed into ques2 is entered
12:50:34.794 [main] INFO  com.demo.baseutil.Basetest - Validate click on addques is clickable
12:50:37.285 [main] INFO  com.demo.baseutil.Basetest - Clicked on : click on addques
12:50:39.300 [main] INFO  com.demo.baseutil.Basetest - Validate click on ques3 is clickable
12:50:41.744 [main] INFO  com.demo.baseutil.Basetest - Clicked on : click on ques3
12:50:43.751 [main] INFO  com.demo.baseutil.Basetest - Enter the value into ques3 is entered
12:50:44.164 [main] INFO  com.demo.baseutil.Basetest - ques3 typed into ques3 is entered
12:50:46.177 [main] INFO  com.demo.baseutil.Basetest - Validate click on addques is clickable
12:50:48.664 [main] INFO  com.demo.baseutil.Basetest - Clicked on : click on addques
12:50:48.664 [main] INFO  com.demo.baseutil.Basetest - Validate click on ques4 is clickable
12:50:51.095 [main] INFO  com.demo.baseutil.Basetest - Clicked on : click on ques4
12:50:53.101 [main] INFO  com.demo.baseutil.Basetest - Enter the value into ques4 is entered
12:50:53.642 [main] INFO  com.demo.baseutil.Basetest - ques4 typed into ques4 is entered
12:50:55.643 [main] INFO  com.demo.baseutil.Basetest - Scroll till the scroll to submit
12:50:55.793 [main] INFO  com.demo.baseutil.Basetest - Scroll till the scroll to submit completed
12:50:55.793 [main] INFO  com.demo.baseutil.Basetest - Validate click on addques is clickable
12:50:58.344 [main] INFO  com.demo.baseutil.Basetest - Clicked on : click on addques
12:50:58.344 [main] INFO  com.demo.baseutil.Basetest - Validate click on ques5 is clickable
12:51:00.795 [main] INFO  com.demo.baseutil.Basetest - Clicked on : click on ques5
12:51:02.801 [main] INFO  com.demo.baseutil.Basetest - Enter the value into ques5 is entered
12:51:03.202 [main] INFO  com.demo.baseutil.Basetest - ques5 typed into ques5 is entered
12:51:05.227 [main] INFO  com.demo.baseutil.Basetest - Validate click on addques is clickable
12:51:07.677 [main] INFO  com.demo.baseutil.Basetest - Clicked on : click on addques
12:51:07.677 [main] INFO  com.demo.baseutil.Basetest - Validate click on ques6 is clickable
12:51:10.276 [main] INFO  com.demo.baseutil.Basetest - Clicked on : click on ques6
12:51:12.283 [main] INFO  com.demo.baseutil.Basetest - Enter the value into ques6 is entered
12:51:12.893 [main] INFO  com.demo.baseutil.Basetest - ques6 typed into ques6 is entered
12:51:14.910 [main] INFO  com.demo.baseutil.Basetest - Validate click on addques is clickable
12:51:17.550 [main] INFO  com.demo.baseutil.Basetest - Clicked on : click on addques
12:51:17.550 [main] INFO  com.demo.baseutil.Basetest - Validate click on ques7 is clickable
12:51:20.043 [main] INFO  com.demo.baseutil.Basetest - Clicked on : click on ques7
12:51:22.051 [main] INFO  com.demo.baseutil.Basetest - Enter the value into ques7 is entered
12:51:22.576 [main] INFO  com.demo.baseutil.Basetest - ques7 typed into ques7 is entered
12:51:24.593 [main] INFO  com.demo.baseutil.Basetest - Validate click on addques is clickable
12:51:27.125 [main] INFO  com.demo.baseutil.Basetest - Clicked on : click on addques
12:51:27.125 [main] INFO  com.demo.baseutil.Basetest - Validate click on ques10 is clickable
12:51:29.793 [main] INFO  com.demo.baseutil.Basetest - Clicked on : click on ques10
12:51:31.801 [main] INFO  com.demo.baseutil.Basetest - Enter the value into ques8 is entered
12:51:32.281 [main] INFO  com.demo.baseutil.Basetest - ques8 typed into ques8 is entered
12:51:34.293 [main] INFO  com.demo.baseutil.Basetest - Scroll till the scrolled to submit
12:51:34.417 [main] INFO  com.demo.baseutil.Basetest - Scroll till the scrolled to submit completed
12:51:34.417 [main] INFO  com.demo.baseutil.Basetest - Validate click on addques is clickable
12:51:37.013 [main] INFO  com.demo.baseutil.Basetest - Clicked on : click on addques
12:51:37.013 [main] INFO  com.demo.baseutil.Basetest - Validate click on ques9 is clickable
12:51:39.575 [main] INFO  com.demo.baseutil.Basetest - Clicked on : click on ques9
12:51:41.584 [main] INFO  com.demo.baseutil.Basetest - Enter the value into ques9 is entered
12:51:42.100 [main] INFO  com.demo.baseutil.Basetest - ques9 typed into ques9 is entered
12:51:44.110 [main] INFO  com.demo.baseutil.Basetest - Scroll till the scrolled to addbtn
12:51:44.257 [main] INFO  com.demo.baseutil.Basetest - Scroll till the scrolled to addbtn completed
12:51:46.274 [main] INFO  com.demo.baseutil.Basetest - Validate click on addques is clickable
12:51:48.742 [main] INFO  com.demo.baseutil.Basetest - Clicked on : click on addques
12:51:48.742 [main] INFO  com.demo.baseutil.Basetest - Validate click on ques10 is clickable
12:51:51.243 [main] INFO  com.demo.baseutil.Basetest - Clicked on : click on ques10
12:51:53.251 [main] INFO  com.demo.baseutil.Basetest - Enter the value into ques10 is entered
12:51:53.907 [main] INFO  com.demo.baseutil.Basetest - ques10 typed into ques10 is entered
12:51:55.925 [main] INFO  com.demo.baseutil.Basetest - Scroll till the scrolled to addbtn
12:51:56.023 [main] INFO  com.demo.baseutil.Basetest - Scroll till the scrolled to addbtn completed
12:51:58.043 [main] INFO  com.demo.baseutil.Basetest - Validate click on submit is clickable
12:52:00.666 [main] INFO  com.demo.baseutil.Basetest - Clicked on : click on submit
12:52:02.670 [main] INFO  com.demo.baseutil.Basetest - Validate click on yesbtn is clickable
12:52:05.216 [main] INFO  com.demo.baseutil.Basetest - Clicked on : click on yesbtn
12:52:12.218 [main] INFO  com.demo.baseutil.Basetest - Validate click on check1 is clickable
12:52:14.930 [main] INFO  com.demo.baseutil.Basetest - Clicked on : click on check1
12:52:16.930 [main] INFO  com.demo.baseutil.Basetest - Validate click on check2 is clickable
12:52:19.379 [main] INFO  com.demo.baseutil.Basetest - Clicked on : click on check2
12:52:21.379 [main] INFO  com.demo.baseutil.Basetest - Validate click on check3 is clickable
12:52:23.877 [main] INFO  com.demo.baseutil.Basetest - Clicked on : click on check3
12:52:25.877 [main] INFO  com.demo.baseutil.Basetest - Validate click on check4 is clickable
12:52:28.328 [main] INFO  com.demo.baseutil.Basetest - Clicked on : click on check4
12:52:30.333 [main] INFO  com.demo.baseutil.Basetest - Validate click on check5 is clickable
12:52:32.925 [main] INFO  com.demo.baseutil.Basetest - Clicked on : click on check5
12:52:34.941 [main] INFO  com.demo.baseutil.Basetest - Scroll till the scroll to upwards
12:52:35.097 [main] INFO  com.demo.baseutil.Basetest - Scroll till the scroll to upwards completed
12:52:39.106 [main] INFO  com.demo.baseutil.Basetest - Validate click on subques is clickable
12:52:41.591 [main] INFO  com.demo.baseutil.Basetest - Clicked on : click on subques
12:52:44.607 [main] INFO  com.demo.baseutil.Basetest - Validate click on name is clickable
12:52:47.009 [main] INFO  com.demo.baseutil.Basetest - Clicked on : click on name
12:52:50.020 [main] INFO  com.demo.baseutil.Basetest - Enter the value into name is entered
12:52:50.432 [main] INFO  com.demo.baseutil.Basetest - kyedMCQeabc typed into name is entered
12:52:52.441 [main] INFO  com.demo.baseutil.Basetest - Validate click on subsubmit is clickable
12:52:55.010 [main] INFO  com.demo.baseutil.Basetest - Clicked on : click on subsubmit
12:53:08.027 [main] INFO  com.demo.baseutil.Basetest - Validate click on questionbank is clickable
12:53:10.588 [main] INFO  com.demo.baseutil.Basetest - Clicked on : click on questionbank
12:53:12.603 [main] INFO  com.demo.baseutil.Basetest - Validate click on addnew is clickable
12:53:15.151 [main] INFO  com.demo.baseutil.Basetest - Clicked on : click on addnew
12:53:17.156 [main] INFO  com.demo.baseutil.Basetest - Validate click on dropdown is clickable
12:53:19.587 [main] INFO  com.demo.baseutil.Basetest - Clicked on : click on dropdown
12:53:21.602 [main] INFO  com.demo.baseutil.Basetest - Validate click on companylevel is clickable
12:53:24.142 [main] INFO  com.demo.baseutil.Basetest - Clicked on : click on companylevel
12:53:26.150 [main] INFO  com.demo.baseutil.Basetest - Validate click on addbtn is clickable
12:53:28.632 [main] INFO  com.demo.baseutil.Basetest - Clicked on : click on addbtn
12:53:34.580 [main] INFO  com.demo.baseutil.Basetest - Validate quest is deleting is clickable
12:53:36.831 [main] INFO  com.demo.baseutil.Basetest - Clicked on : quest is deleting
12:53:37.836 [main] INFO  com.demo.baseutil.Basetest - Validate delyes is clicked is clickable
12:53:40.396 [main] INFO  com.demo.baseutil.Basetest - Clicked on : delyes is clicked
12:53:46.425 [main] INFO  com.demo.baseutil.Basetest - Validate quest is deleting is clickable
12:53:48.708 [main] INFO  com.demo.baseutil.Basetest - Clicked on : quest is deleting
12:53:49.713 [main] INFO  com.demo.baseutil.Basetest - Validate delyes is clicked is clickable
12:53:52.230 [main] INFO  com.demo.baseutil.Basetest - Clicked on : delyes is clicked
12:53:58.261 [main] INFO  com.demo.baseutil.Basetest - Validate quest is deleting is clickable
12:54:00.545 [main] INFO  com.demo.baseutil.Basetest - Clicked on : quest is deleting
12:54:01.558 [main] INFO  com.demo.baseutil.Basetest - Validate delyes is clicked is clickable
12:54:03.962 [main] INFO  com.demo.baseutil.Basetest - Clicked on : delyes is clicked
12:54:10.014 [main] INFO  com.demo.baseutil.Basetest - Validate quest is deleting is clickable
12:54:12.311 [main] INFO  com.demo.baseutil.Basetest - Clicked on : quest is deleting
12:54:13.314 [main] INFO  com.demo.baseutil.Basetest - Validate delyes is clicked is clickable
12:54:15.863 [main] INFO  com.demo.baseutil.Basetest - Clicked on : delyes is clicked
12:54:21.919 [main] INFO  com.demo.baseutil.Basetest - Validate quest is deleting is clickable
12:54:24.246 [main] INFO  com.demo.baseutil.Basetest - Clicked on : quest is deleting
12:54:25.251 [main] INFO  com.demo.baseutil.Basetest - Validate delyes is clicked is clickable
12:54:27.729 [main] INFO  com.demo.baseutil.Basetest - Clicked on : delyes is clicked
12:54:33.762 [main] INFO  com.demo.baseutil.Basetest - Validate quest is deleting is clickable
12:54:36.028 [main] INFO  com.demo.baseutil.Basetest - Clicked on : quest is deleting
12:54:37.041 [main] INFO  com.demo.baseutil.Basetest - Validate delyes is clicked is clickable
12:54:39.528 [main] INFO  com.demo.baseutil.Basetest - Clicked on : delyes is clicked
12:54:45.586 [main] INFO  com.demo.baseutil.Basetest - Validate quest is deleting is clickable
12:54:47.838 [main] INFO  com.demo.baseutil.Basetest - Clicked on : quest is deleting
12:54:48.839 [main] INFO  com.demo.baseutil.Basetest - Validate delyes is clicked is clickable
12:54:51.258 [main] INFO  com.demo.baseutil.Basetest - Clicked on : delyes is clicked
12:54:57.303 [main] INFO  com.demo.baseutil.Basetest - Validate quest is deleting is clickable
12:54:59.514 [main] INFO  com.demo.baseutil.Basetest - Clicked on : quest is deleting
12:55:00.516 [main] INFO  com.demo.baseutil.Basetest - Validate delyes is clicked is clickable
12:55:02.968 [main] INFO  com.demo.baseutil.Basetest - Clicked on : delyes is clicked
12:55:09.013 [main] INFO  com.demo.baseutil.Basetest - Validate quest is deleting is clickable
12:55:11.281 [main] INFO  com.demo.baseutil.Basetest - Clicked on : quest is deleting
12:55:12.281 [main] INFO  com.demo.baseutil.Basetest - Validate delyes is clicked is clickable
12:55:14.619 [main] INFO  com.demo.baseutil.Basetest - Clicked on : delyes is clicked
12:55:20.904 [main] INFO  com.demo.baseutil.Basetest - Browser is closed sucessfuly
12:55:22.631 [main] INFO  com.demo.baseutil.Basetest - Browser is closed sucessfuly
12:55:38.633 [main] INFO  com.demo.baseutil.Basetest - Validate Sign in with FarmtoPlate account is clickable
12:55:41.135 [main] INFO  com.demo.baseutil.Basetest - Clicked on : Sign in with FarmtoPlate account
12:55:41.148 [main] INFO  com.demo.baseutil.Basetest - Url contains farmtoplateapps.io/login
12:55:41.161 [main] INFO  com.demo.baseutil.Basetest - Sign in title matched
12:55:41.161 [main] INFO  com.demo.baseutil.Basetest - UI verified for Sigin page.
12:55:41.162 [main] INFO  com.demo.baseutil.Basetest - Sign in function call
12:55:41.162 [main] INFO  com.demo.baseutil.Basetest - Validate email address field is clicked is clickable
12:55:43.553 [main] INFO  com.demo.baseutil.Basetest - Clicked on : email address field is clicked
12:55:43.553 [main] INFO  com.demo.baseutil.Basetest - Enter the value into Email Id Entered
12:55:44.698 [main] INFO  com.demo.baseutil.Basetest - 139@yopmail.com typed into Email Id Entered
12:55:44.699 [main] INFO  com.demo.baseutil.Basetest - Validate Enter the password is clickable
12:55:47.953 [main] INFO  com.demo.baseutil.Basetest - Clicked on : Enter the password
12:55:47.953 [main] INFO  com.demo.baseutil.Basetest - Enter the value into Password Id Entered
12:55:48.339 [main] INFO  com.demo.baseutil.Basetest - Admin@1234 typed into Password Id Entered
12:55:52.405 [main] INFO  com.demo.baseutil.Basetest - Scroll down
12:55:52.405 [main] INFO  com.demo.baseutil.Basetest - Validate Press the signin button is clickable
12:55:55.481 [main] INFO  com.demo.baseutil.Basetest - Clicked on : Press the signin button
12:55:57.588 [main] INFO  com.demo.baseutil.Basetest - HomePage title  is matched
12:56:07.594 [main] INFO  com.demo.baseutil.Basetest - Validate click on trace is clickable
12:56:10.122 [main] INFO  com.demo.baseutil.Basetest - Clicked on : click on trace
12:56:18.197 [main] INFO  com.demo.baseutil.Basetest - Scroll down
12:56:20.212 [main] INFO  com.demo.baseutil.Basetest - Validate Products is clicked is clickable
12:56:22.884 [main] INFO  com.demo.baseutil.Basetest - Clicked on : Products is clicked
12:56:27.891 [main] INFO  com.demo.baseutil.Basetest - Validate Add new is clicked is clickable
12:56:30.441 [main] INFO  com.demo.baseutil.Basetest - Clicked on : Add new is clicked
12:56:32.443 [main] INFO  com.demo.baseutil.Basetest - Validate Click on productcategory is clickable
12:56:34.857 [main] INFO  com.demo.baseutil.Basetest - Clicked on : Click on productcategory
12:56:34.857 [main] INFO  com.demo.baseutil.Basetest - Validate productbasedfood is clicked is clickable
12:56:37.317 [main] INFO  com.demo.baseutil.Basetest - Clicked on : productbasedfood is clicked
12:56:37.317 [main] INFO  com.demo.baseutil.Basetest - Validate product name is selected is clickable
12:56:39.823 [main] INFO  com.demo.baseutil.Basetest - Clicked on : product name is selected
12:56:39.823 [main] INFO  com.demo.baseutil.Basetest - Enter the value into enter the product
12:56:40.383 [main] INFO  com.demo.baseutil.Basetest - wheat10596315736740979 typed into enter the product
12:56:40.393 [main] INFO  com.demo.baseutil.Basetest - Validate Click on productid is clickable
12:56:42.824 [main] INFO  com.demo.baseutil.Basetest - Clicked on : Click on productid
12:56:42.824 [main] INFO  com.demo.baseutil.Basetest - Validate Click on checkbox is clickable
12:56:45.341 [main] INFO  com.demo.baseutil.Basetest - Clicked on : Click on checkbox
12:56:45.341 [main] INFO  com.demo.baseutil.Basetest - Validate Click on autogenerate is clickable
12:56:47.809 [main] INFO  com.demo.baseutil.Basetest - Clicked on : Click on autogenerate
12:56:47.810 [main] INFO  com.demo.baseutil.Basetest - Validate Click on productdesc is clickable
12:56:50.256 [main] INFO  com.demo.baseutil.Basetest - Clicked on : Click on productdesc
12:56:50.256 [main] INFO  com.demo.baseutil.Basetest - Enter the value into Enetered the product desc
12:56:50.644 [main] INFO  com.demo.baseutil.Basetest - test typed into Enetered the product desc
12:56:50.644 [main] INFO  com.demo.baseutil.Basetest - Validate Click on upload is clickable
12:56:53.006 [main] INFO  com.demo.baseutil.Basetest - Clicked on : Click on upload
12:57:04.130 [main] INFO  com.demo.baseutil.Basetest - Scroll down
12:57:04.133 [main] INFO  com.demo.baseutil.Basetest - Validate Click on ingrediant name is clickable
12:57:06.723 [main] INFO  com.demo.baseutil.Basetest - Clicked on : Click on ingrediant name
12:57:06.723 [main] INFO  com.demo.baseutil.Basetest - Enter the value into ingredient name is entered
12:57:07.067 [main] INFO  com.demo.baseutil.Basetest - wheat typed into ingredient name is entered
12:57:10.076 [main] INFO  com.demo.baseutil.Basetest - Validate Click on ingrediant name is clickable
12:57:12.509 [main] INFO  com.demo.baseutil.Basetest - Clicked on : Click on ingrediant name
12:57:12.509 [main] INFO  com.demo.baseutil.Basetest - Enter the value into nutri name is entered
12:57:12.805 [main] INFO  com.demo.baseutil.Basetest - fact typed into nutri name is entered
12:57:12.811 [main] INFO  com.demo.baseutil.Basetest - Validate Click on ingrediant QTY is clickable
12:57:15.321 [main] INFO  com.demo.baseutil.Basetest - Clicked on : Click on ingrediant QTY
12:57:15.322 [main] INFO  com.demo.baseutil.Basetest - Enter the value into nutri qty is entered
12:57:15.700 [main] INFO  com.demo.baseutil.Basetest - 1 typed into nutri qty is entered
12:57:15.700 [main] INFO  com.demo.baseutil.Basetest - Validate Click on ingrediant drop is clickable
12:57:18.186 [main] INFO  com.demo.baseutil.Basetest - Clicked on : Click on ingrediant drop
12:57:20.194 [main] INFO  com.demo.baseutil.Basetest - Validate Click on ingrediant value is clickable
12:57:22.685 [main] INFO  com.demo.baseutil.Basetest - Clicked on : Click on ingrediant value
12:57:28.772 [main] INFO  com.demo.baseutil.Basetest - Scroll down
12:57:30.797 [main] INFO  com.demo.baseutil.Basetest - Scroll down successful
12:57:30.797 [main] INFO  com.demo.baseutil.Basetest - Validate Click on ingrediant name is clickable
12:57:33.249 [main] INFO  com.demo.baseutil.Basetest - Clicked on : Click on ingrediant name
12:57:33.249 [main] INFO  com.demo.baseutil.Basetest - Validate Click on ingrediant name is clickable
12:57:35.678 [main] INFO  com.demo.baseutil.Basetest - Clicked on : Click on ingrediant name
12:57:35.678 [main] INFO  com.demo.baseutil.Basetest - Validate Click on ingrediant name is clickable
12:57:38.105 [main] INFO  com.demo.baseutil.Basetest - Clicked on : Click on ingrediant name
12:57:38.105 [main] INFO  com.demo.baseutil.Basetest - Enter the value into price is entered
12:57:38.538 [main] INFO  com.demo.baseutil.Basetest - 1 typed into price is entered
12:57:38.543 [main] INFO  com.demo.baseutil.Basetest - Validate Click on currency is clickable
12:57:41.021 [main] INFO  com.demo.baseutil.Basetest - Clicked on : Click on currency
12:57:41.021 [main] INFO  com.demo.baseutil.Basetest - Validate Click on currency value is clickable
12:57:43.477 [main] INFO  com.demo.baseutil.Basetest - Clicked on : Click on currency value
12:57:43.477 [main] INFO  com.demo.baseutil.Basetest - Validate Click on typepacking value is clickable
12:57:45.921 [main] INFO  com.demo.baseutil.Basetest - Clicked on : Click on typepacking value
12:57:45.921 [main] INFO  com.demo.baseutil.Basetest - Enter the value into typepacking is entered
12:57:46.254 [main] INFO  com.demo.baseutil.Basetest - 1 typed into typepacking is entered
12:57:46.254 [main] INFO  com.demo.baseutil.Basetest - Validate Click on length value is clickable
12:57:48.688 [main] INFO  com.demo.baseutil.Basetest - Clicked on : Click on length value
12:57:48.688 [main] INFO  com.demo.baseutil.Basetest - Enter the value into length is entered
12:57:49.100 [main] INFO  com.demo.baseutil.Basetest - 1 typed into length is entered
12:57:49.100 [main] INFO  com.demo.baseutil.Basetest - Validate Click on breath value is clickable
12:57:51.538 [main] INFO  com.demo.baseutil.Basetest - Clicked on : Click on breath value
12:57:51.538 [main] INFO  com.demo.baseutil.Basetest - Enter the value into breath is entered
12:57:51.877 [main] INFO  com.demo.baseutil.Basetest - 1 typed into breath is entered
12:57:51.878 [main] INFO  com.demo.baseutil.Basetest - Validate Click on height value is clickable
12:57:54.367 [main] INFO  com.demo.baseutil.Basetest - Clicked on : Click on height value
12:57:54.367 [main] INFO  com.demo.baseutil.Basetest - Enter the value into height is entered
12:57:54.811 [main] INFO  com.demo.baseutil.Basetest - 1 typed into height is entered
12:57:56.834 [main] INFO  com.demo.baseutil.Basetest - Scroll down successful
12:57:56.834 [main] INFO  com.demo.baseutil.Basetest - Validate Click on checkbox1 is clickable
12:57:59.266 [main] INFO  com.demo.baseutil.Basetest - Clicked on : Click on checkbox1
12:58:08.360 [main] INFO  com.demo.baseutil.Basetest - Scroll down
12:58:08.360 [main] INFO  com.demo.baseutil.Basetest - Validate Click on gln1 is clickable
12:58:10.850 [main] INFO  com.demo.baseutil.Basetest - Clicked on : Click on gln1
12:58:10.850 [main] INFO  com.demo.baseutil.Basetest - Enter the value into gln1 is entered
12:58:11.266 [main] INFO  com.demo.baseutil.Basetest - warehouse typed into gln1 is entered
12:58:15.273 [main] INFO  com.demo.baseutil.Basetest - Validate Click on autosearch is clickable
12:58:17.737 [main] INFO  com.demo.baseutil.Basetest - Clicked on : Click on autosearch
12:58:19.738 [main] INFO  com.demo.baseutil.Basetest - Validate Click on gln2 is clickable
12:58:22.258 [main] INFO  com.demo.baseutil.Basetest - Clicked on : Click on gln2
12:58:22.258 [main] INFO  com.demo.baseutil.Basetest - Enter the value into gln2 is entered
12:58:22.606 [main] INFO  com.demo.baseutil.Basetest - warehouse typed into gln2 is entered
12:58:26.610 [main] INFO  com.demo.baseutil.Basetest - Validate Click on autosearch is clickable
12:58:29.092 [main] INFO  com.demo.baseutil.Basetest - Clicked on : Click on autosearch
12:58:34.105 [main] INFO  com.demo.baseutil.Basetest - Validate Click on gln3 is clickable
12:58:36.583 [main] INFO  com.demo.baseutil.Basetest - Clicked on : Click on gln3
12:58:36.583 [main] INFO  com.demo.baseutil.Basetest - Enter the value into gln3 is entered
12:58:37.001 [main] INFO  com.demo.baseutil.Basetest - warehouse typed into gln3 is entered
12:58:39.003 [main] INFO  com.demo.baseutil.Basetest - Scroll till the scrolldown to table:
12:59:09.891 [main] ERROR com.demo.baseutil.Basetest - Scroll till the scrolldown to table: failed
12:59:11.911 [main] INFO  com.demo.baseutil.Basetest - Validate Click on autosearch is clickable
12:59:14.269 [main] INFO  com.demo.baseutil.Basetest - Clicked on : Click on autosearch
12:59:20.358 [main] INFO  com.demo.baseutil.Basetest - Scroll down
12:59:22.374 [main] INFO  com.demo.baseutil.Basetest - Validate Click on registerproduct is clickable
12:59:24.902 [main] INFO  com.demo.baseutil.Basetest - Clicked on : Click on registerproduct
12:59:57.016 [main] INFO  com.demo.baseutil.Basetest - Browser is closed sucessfuly
12:59:58.023 [main] INFO  com.demo.baseutil.Basetest - Browser is closed sucessfuly
13:00:19.252 [main] INFO  com.demo.baseutil.Basetest - Validate Sign in with FarmtoPlate account is clickable
13:00:21.870 [main] INFO  com.demo.baseutil.Basetest - Clicked on : Sign in with FarmtoPlate account
13:00:21.882 [main] INFO  com.demo.baseutil.Basetest - Url contains farmtoplateapps.io/login
13:00:21.892 [main] INFO  com.demo.baseutil.Basetest - Sign in title matched
13:00:21.892 [main] INFO  com.demo.baseutil.Basetest - UI verified for Sigin page.
13:00:21.893 [main] INFO  com.demo.baseutil.Basetest - Sign in function call
13:00:21.893 [main] INFO  com.demo.baseutil.Basetest - Validate email address field is clicked is clickable
13:00:24.688 [main] INFO  com.demo.baseutil.Basetest - Clicked on : email address field is clicked
13:00:24.689 [main] INFO  com.demo.baseutil.Basetest - Enter the value into Email Id Entered
13:00:25.200 [main] INFO  com.demo.baseutil.Basetest - 139@yopmail.com typed into Email Id Entered
13:00:25.200 [main] INFO  com.demo.baseutil.Basetest - Validate Enter the password is clickable
13:00:27.535 [main] INFO  com.demo.baseutil.Basetest - Clicked on : Enter the password
13:00:27.535 [main] INFO  com.demo.baseutil.Basetest - Enter the value into Password Id Entered
13:00:27.977 [main] INFO  com.demo.baseutil.Basetest - Admin@1234 typed into Password Id Entered
13:00:32.050 [main] INFO  com.demo.baseutil.Basetest - Scroll down
13:00:32.050 [main] INFO  com.demo.baseutil.Basetest - Validate Press the signin button is clickable
13:00:35.325 [main] INFO  com.demo.baseutil.Basetest - Clicked on : Press the signin button
13:00:37.486 [main] INFO  com.demo.baseutil.Basetest - HomePage title  is matched
13:00:47.499 [main] INFO  com.demo.baseutil.Basetest - Validate click on trace is clickable
13:00:50.029 [main] INFO  com.demo.baseutil.Basetest - Clicked on : click on trace
13:00:58.133 [main] INFO  com.demo.baseutil.Basetest - Scroll down
13:01:00.143 [main] INFO  com.demo.baseutil.Basetest - Validate Process is clicked is clickable
13:01:02.901 [main] INFO  com.demo.baseutil.Basetest - Clicked on : Process is clicked
13:01:07.911 [main] INFO  com.demo.baseutil.Basetest - Validate Process add is clicked is clickable
13:01:10.480 [main] INFO  com.demo.baseutil.Basetest - Clicked on : Process add is clicked
13:01:15.481 [main] INFO  com.demo.baseutil.Basetest - Validate Product id is clicked is clickable
13:01:17.995 [main] INFO  com.demo.baseutil.Basetest - Clicked on : Product id is clicked
13:01:31.389 [main] INFO  com.demo.baseutil.Basetest - Validate Product id is clicked is clickable
13:01:33.866 [main] INFO  com.demo.baseutil.Basetest - Clicked on : Product id is clicked
13:01:35.870 [main] INFO  com.demo.baseutil.Basetest - Validate Product id searchbox is clicked is clickable
13:01:38.415 [main] INFO  com.demo.baseutil.Basetest - Clicked on : Product id searchbox is clicked
13:01:40.419 [main] INFO  com.demo.baseutil.Basetest - Validate outside is clicked is clickable
13:01:42.928 [main] INFO  com.demo.baseutil.Basetest - Clicked on : outside is clicked
13:01:44.959 [main] INFO  com.demo.baseutil.Basetest - Scroll down successful
13:01:44.959 [main] INFO  com.demo.baseutil.Basetest - Validate process name is clicked is clickable
13:01:47.444 [main] INFO  com.demo.baseutil.Basetest - Clicked on : process name is clicked
13:01:49.453 [main] INFO  com.demo.baseutil.Basetest - Enter the value into process name Value is entered
13:01:49.919 [main] INFO  com.demo.baseutil.Basetest - processdisagg typed into process name Value is entered
13:01:56.019 [main] INFO  com.demo.baseutil.Basetest - Scroll down
13:01:58.026 [main] INFO  com.demo.baseutil.Basetest - Validate process loc is clicked is clickable
13:02:00.462 [main] INFO  com.demo.baseutil.Basetest - Clicked on : process loc is clicked
13:02:11.859 [main] INFO  com.demo.baseutil.Basetest - Validate process loc is clicked is clickable
13:02:14.408 [main] INFO  com.demo.baseutil.Basetest - Clicked on : process loc is clicked
13:02:19.420 [main] INFO  com.demo.baseutil.Basetest - Validate process type is clicked is clickable
13:02:21.944 [main] INFO  com.demo.baseutil.Basetest - Clicked on : process type is clicked
13:02:23.964 [main] INFO  com.demo.baseutil.Basetest - Scroll down successful
13:02:23.964 [main] INFO  com.demo.baseutil.Basetest - Validate process discomm is clicked is clickable
13:02:26.290 [main] INFO  com.demo.baseutil.Basetest - Clicked on : process discomm is clicked
13:02:32.387 [main] INFO  com.demo.baseutil.Basetest - Scroll down
13:02:32.387 [main] INFO  com.demo.baseutil.Basetest - Validate process add button is clicked is clickable
13:02:34.844 [main] INFO  com.demo.baseutil.Basetest - Clicked on : process add button is clicked
13:02:48.940 [main] INFO  com.demo.baseutil.Basetest - Scroll down
13:02:50.955 [main] INFO  com.demo.baseutil.Basetest - Validate Process is clicked is clickable
13:02:53.477 [main] INFO  com.demo.baseutil.Basetest - Clicked on : Process is clicked
13:02:58.493 [main] INFO  com.demo.baseutil.Basetest - Validate Process add is clicked is clickable
13:03:01.029 [main] INFO  com.demo.baseutil.Basetest - Clicked on : Process add is clicked
13:03:06.030 [main] INFO  com.demo.baseutil.Basetest - Validate Product id is clicked is clickable
13:03:08.510 [main] INFO  com.demo.baseutil.Basetest - Clicked on : Product id is clicked
13:03:12.826 [main] INFO  com.demo.baseutil.Basetest - Validate Product id is clicked is clickable
13:03:15.213 [main] INFO  com.demo.baseutil.Basetest - Clicked on : Product id is clicked
13:03:17.221 [main] INFO  com.demo.baseutil.Basetest - Validate Product id is clicked is clickable
13:03:19.788 [main] INFO  com.demo.baseutil.Basetest - Clicked on : Product id is clicked
13:03:21.796 [main] INFO  com.demo.baseutil.Basetest - Validate outside is clicked is clickable
13:03:24.239 [main] INFO  com.demo.baseutil.Basetest - Clicked on : outside is clicked
13:03:30.325 [main] INFO  com.demo.baseutil.Basetest - Scroll down
13:03:30.325 [main] INFO  com.demo.baseutil.Basetest - Validate process name is clicked is clickable
13:03:32.792 [main] INFO  com.demo.baseutil.Basetest - Clicked on : process name is clicked
13:03:34.806 [main] INFO  com.demo.baseutil.Basetest - Enter the value into process name Value is entered
13:03:35.076 [main] INFO  com.demo.baseutil.Basetest - processtrans typed into process name Value is entered
13:03:37.123 [main] INFO  com.demo.baseutil.Basetest - Scroll down successful
13:03:37.123 [main] INFO  com.demo.baseutil.Basetest - Validate process loc is clicked is clickable
13:03:39.526 [main] INFO  com.demo.baseutil.Basetest - Clicked on : process loc is clicked
13:03:41.534 [main] INFO  com.demo.baseutil.Basetest - Enter the value into process name Value is entered
13:03:41.930 [main] INFO  com.demo.baseutil.Basetest - 0956265002424 typed into process name Value is entered
13:03:46.936 [main] INFO  com.demo.baseutil.Basetest - Validate process loc is clicked is clickable
13:03:49.497 [main] INFO  com.demo.baseutil.Basetest - Clicked on : process loc is clicked
13:03:51.512 [main] INFO  com.demo.baseutil.Basetest - Validate process type is clicked is clickable
13:03:53.949 [main] INFO  com.demo.baseutil.Basetest - Clicked on : process type is clicked
13:03:55.996 [main] INFO  com.demo.baseutil.Basetest - Scroll down successful
13:03:55.996 [main] INFO  com.demo.baseutil.Basetest - Validate process trans is clicked is clickable
13:03:58.444 [main] INFO  com.demo.baseutil.Basetest - Clicked on : process trans is clicked
13:04:04.518 [main] INFO  com.demo.baseutil.Basetest - Scroll down
13:04:04.518 [main] INFO  com.demo.baseutil.Basetest - Validate process add button is clicked is clickable
13:04:07.153 [main] INFO  com.demo.baseutil.Basetest - Clicked on : process add button is clicked
13:04:21.262 [main] INFO  com.demo.baseutil.Basetest - Scroll down
13:04:23.263 [main] INFO  com.demo.baseutil.Basetest - Validate Process is clicked is clickable
13:04:25.842 [main] INFO  com.demo.baseutil.Basetest - Clicked on : Process is clicked
13:04:30.843 [main] INFO  com.demo.baseutil.Basetest - Validate Process add is clicked is clickable
13:04:33.377 [main] INFO  com.demo.baseutil.Basetest - Clicked on : Process add is clicked
13:04:38.377 [main] INFO  com.demo.baseutil.Basetest - Validate Product id is clicked is clickable
13:04:40.874 [main] INFO  com.demo.baseutil.Basetest - Clicked on : Product id is clicked
13:04:45.191 [main] INFO  com.demo.baseutil.Basetest - Validate Product id is clicked is clickable
13:04:47.545 [main] INFO  com.demo.baseutil.Basetest - Clicked on : Product id is clicked
13:04:49.557 [main] INFO  com.demo.baseutil.Basetest - Validate Product id is clicked is clickable
13:04:51.889 [main] INFO  com.demo.baseutil.Basetest - Clicked on : Product id is clicked
13:04:53.894 [main] INFO  com.demo.baseutil.Basetest - Validate outside is clicked is clickable
13:04:56.412 [main] INFO  com.demo.baseutil.Basetest - Clicked on : outside is clicked
13:05:02.518 [main] INFO  com.demo.baseutil.Basetest - Scroll down
13:05:02.518 [main] INFO  com.demo.baseutil.Basetest - Validate process name is clicked is clickable
13:05:05.061 [main] INFO  com.demo.baseutil.Basetest - Clicked on : process name is clicked
13:05:07.071 [main] INFO  com.demo.baseutil.Basetest - Enter the value into process name Value is entered
13:05:07.476 [main] INFO  com.demo.baseutil.Basetest - processcooling typed into process name Value is entered
13:05:09.499 [main] INFO  com.demo.baseutil.Basetest - Scroll down successful
13:05:09.499 [main] INFO  com.demo.baseutil.Basetest - Validate process loc is clicked is clickable
13:05:11.964 [main] INFO  com.demo.baseutil.Basetest - Clicked on : process loc is clicked
13:05:13.968 [main] INFO  com.demo.baseutil.Basetest - Enter the value into process name Value is entered
13:05:14.414 [main] INFO  com.demo.baseutil.Basetest - 0956265002424 typed into process name Value is entered
13:05:19.420 [main] INFO  com.demo.baseutil.Basetest - Validate process loc is clicked is clickable
13:05:21.881 [main] INFO  com.demo.baseutil.Basetest - Clicked on : process loc is clicked
13:05:23.887 [main] INFO  com.demo.baseutil.Basetest - Validate process type is clicked is clickable
13:05:26.316 [main] INFO  com.demo.baseutil.Basetest - Clicked on : process type is clicked
13:05:28.338 [main] INFO  com.demo.baseutil.Basetest - Scroll down successful
13:05:28.338 [main] INFO  com.demo.baseutil.Basetest - Validate process trans is clicked is clickable
13:05:30.827 [main] INFO  com.demo.baseutil.Basetest - Clicked on : process trans is clicked
13:05:36.917 [main] INFO  com.demo.baseutil.Basetest - Scroll down
13:05:36.917 [main] INFO  com.demo.baseutil.Basetest - Validate process add button is clicked is clickable
13:05:39.306 [main] INFO  com.demo.baseutil.Basetest - Clicked on : process add button is clicked
13:05:53.410 [main] INFO  com.demo.baseutil.Basetest - Scroll down
13:05:55.417 [main] INFO  com.demo.baseutil.Basetest - Validate Process is clicked is clickable
13:05:58.195 [main] INFO  com.demo.baseutil.Basetest - Clicked on : Process is clicked
13:06:03.197 [main] INFO  com.demo.baseutil.Basetest - Validate Process add is clicked is clickable
13:06:05.810 [main] INFO  com.demo.baseutil.Basetest - Clicked on : Process add is clicked
13:06:10.832 [main] INFO  com.demo.baseutil.Basetest - Validate Product id is clicked is clickable
13:06:13.677 [main] INFO  com.demo.baseutil.Basetest - Clicked on : Product id is clicked
13:06:18.160 [main] INFO  com.demo.baseutil.Basetest - Validate Product id is clicked is clickable
13:06:20.729 [main] INFO  com.demo.baseutil.Basetest - Clicked on : Product id is clicked
13:06:22.738 [main] INFO  com.demo.baseutil.Basetest - Validate Product id is clicked is clickable
13:06:25.307 [main] INFO  com.demo.baseutil.Basetest - Clicked on : Product id is clicked
13:06:27.329 [main] INFO  com.demo.baseutil.Basetest - Validate outside is clicked is clickable
13:06:29.769 [main] INFO  com.demo.baseutil.Basetest - Clicked on : outside is clicked
13:06:35.891 [main] INFO  com.demo.baseutil.Basetest - Scroll down
13:06:35.891 [main] INFO  com.demo.baseutil.Basetest - Validate process name is clicked is clickable
13:06:38.240 [main] INFO  com.demo.baseutil.Basetest - Clicked on : process name is clicked
13:06:40.248 [main] INFO  com.demo.baseutil.Basetest - Enter the value into process name Value is entered
13:06:40.677 [main] INFO  com.demo.baseutil.Basetest - processdiscomm typed into process name Value is entered
13:06:42.708 [main] INFO  com.demo.baseutil.Basetest - Scroll down successful
13:06:42.708 [main] INFO  com.demo.baseutil.Basetest - Validate process loc is clicked is clickable
13:06:45.253 [main] INFO  com.demo.baseutil.Basetest - Clicked on : process loc is clicked
13:06:47.262 [main] INFO  com.demo.baseutil.Basetest - Enter the value into process name Value is entered
13:06:47.862 [main] INFO  com.demo.baseutil.Basetest - 0956265002424 typed into process name Value is entered
13:06:52.877 [main] INFO  com.demo.baseutil.Basetest - Validate process loc is clicked is clickable
13:06:55.348 [main] INFO  com.demo.baseutil.Basetest - Clicked on : process loc is clicked
13:06:57.360 [main] INFO  com.demo.baseutil.Basetest - Validate process type is clicked is clickable
13:06:59.792 [main] INFO  com.demo.baseutil.Basetest - Clicked on : process type is clicked
13:07:01.829 [main] INFO  com.demo.baseutil.Basetest - Scroll down successful
13:07:01.829 [main] INFO  com.demo.baseutil.Basetest - Validate process trans is clicked is clickable
13:07:04.445 [main] INFO  com.demo.baseutil.Basetest - Clicked on : process trans is clicked
13:07:10.512 [main] INFO  com.demo.baseutil.Basetest - Scroll down
13:07:10.512 [main] INFO  com.demo.baseutil.Basetest - Validate process add button is clicked is clickable
13:07:13.133 [main] INFO  com.demo.baseutil.Basetest - Clicked on : process add button is clicked
13:07:15.389 [main] INFO  com.demo.baseutil.Basetest - Browser is closed sucessfuly
13:07:16.304 [main] INFO  com.demo.baseutil.Basetest - Browser is closed sucessfuly
13:07:30.713 [main] INFO  com.demo.baseutil.Basetest - Validate Sign in with FarmtoPlate account is clickable
13:07:33.224 [main] INFO  com.demo.baseutil.Basetest - Clicked on : Sign in with FarmtoPlate account
13:07:33.232 [main] INFO  com.demo.baseutil.Basetest - Url contains farmtoplateapps.io/login
13:07:33.236 [main] INFO  com.demo.baseutil.Basetest - Sign in title matched
13:07:33.236 [main] INFO  com.demo.baseutil.Basetest - UI verified for Sigin page.
13:07:33.236 [main] INFO  com.demo.baseutil.Basetest - Sign in function call
13:07:33.236 [main] INFO  com.demo.baseutil.Basetest - Validate email address field is clicked is clickable
13:07:36.032 [main] INFO  com.demo.baseutil.Basetest - Clicked on : email address field is clicked
13:07:36.032 [main] INFO  com.demo.baseutil.Basetest - Enter the value into Email Id Entered
13:07:36.442 [main] INFO  com.demo.baseutil.Basetest - 139@yopmail.com typed into Email Id Entered
13:07:36.442 [main] INFO  com.demo.baseutil.Basetest - Validate Enter the password is clickable
13:07:39.141 [main] INFO  com.demo.baseutil.Basetest - Clicked on : Enter the password
13:07:39.142 [main] INFO  com.demo.baseutil.Basetest - Enter the value into Password Id Entered
13:07:40.283 [main] INFO  com.demo.baseutil.Basetest - Admin@1234 typed into Password Id Entered
13:07:44.360 [main] INFO  com.demo.baseutil.Basetest - Scroll down
13:07:44.360 [main] INFO  com.demo.baseutil.Basetest - Validate Press the signin button is clickable
13:07:48.150 [main] INFO  com.demo.baseutil.Basetest - Clicked on : Press the signin button
13:07:50.403 [main] INFO  com.demo.baseutil.Basetest - HomePage title  is matched
13:08:08.442 [main] INFO  com.demo.baseutil.Basetest - Validate click on trace is clickable
13:08:10.948 [main] INFO  com.demo.baseutil.Basetest - Clicked on : click on trace
13:08:17.036 [main] INFO  com.demo.baseutil.Basetest - Validate Asset & Infrastructure Data is clicked is clickable
13:08:19.602 [main] INFO  com.demo.baseutil.Basetest - Clicked on : Asset & Infrastructure Data is clicked
13:08:21.613 [main] INFO  com.demo.baseutil.Basetest - Validate Assets is clicked is clickable
13:08:24.205 [main] INFO  com.demo.baseutil.Basetest - Clicked on : Assets is clicked
13:08:29.212 [main] INFO  com.demo.baseutil.Basetest - Validate Add new is clicked is clickable
13:08:31.683 [main] INFO  com.demo.baseutil.Basetest - Clicked on : Add new is clicked
13:08:36.700 [main] INFO  com.demo.baseutil.Basetest - Validate Asset type is clicked is clickable
13:08:39.216 [main] INFO  com.demo.baseutil.Basetest - Clicked on : Asset type is clicked
13:08:39.216 [main] INFO  com.demo.baseutil.Basetest - Validate Click on Vehicle Name is clickable
13:08:41.739 [main] INFO  com.demo.baseutil.Basetest - Clicked on : Click on Vehicle Name
13:08:43.754 [main] INFO  com.demo.baseutil.Basetest - Validate container name is clicked is clickable
13:08:46.256 [main] INFO  com.demo.baseutil.Basetest - Clicked on : container name is clicked
13:08:46.257 [main] INFO  com.demo.baseutil.Basetest - Enter the value into enter the container name
13:08:46.939 [main] INFO  com.demo.baseutil.Basetest - containerr596596596 typed into enter the container name
13:08:48.957 [main] INFO  com.demo.baseutil.Basetest - Validate length is clicked is clickable
13:08:51.407 [main] INFO  com.demo.baseutil.Basetest - Clicked on : length is clicked
13:08:53.412 [main] INFO  com.demo.baseutil.Basetest - Enter the value into enter the length
13:08:53.946 [main] INFO  com.demo.baseutil.Basetest - 10 typed into enter the length
13:08:53.946 [main] INFO  com.demo.baseutil.Basetest - Validate breadth is clicked is clickable
13:08:56.539 [main] INFO  com.demo.baseutil.Basetest - Clicked on : breadth is clicked
13:08:56.539 [main] INFO  com.demo.baseutil.Basetest - Enter the value into breath entered
13:08:56.915 [main] INFO  com.demo.baseutil.Basetest - 10 typed into breath entered
13:08:58.938 [main] INFO  com.demo.baseutil.Basetest - Validate height is clicked is clickable
13:09:01.324 [main] INFO  com.demo.baseutil.Basetest - Clicked on : height is clicked
13:09:03.328 [main] INFO  com.demo.baseutil.Basetest - Enter the value into height entered
13:09:03.732 [main] INFO  com.demo.baseutil.Basetest - 20 typed into height entered
13:09:05.740 [main] INFO  com.demo.baseutil.Basetest - Validate dom is clicked is clickable
13:09:08.184 [main] INFO  com.demo.baseutil.Basetest - Clicked on : dom is clicked
13:09:10.200 [main] INFO  com.demo.baseutil.Basetest - Validate ft is clicked is clickable
13:09:12.647 [main] INFO  com.demo.baseutil.Basetest - Clicked on : ft is clicked
13:09:14.659 [main] INFO  com.demo.baseutil.Basetest - Validate wt is clicked is clickable
13:09:17.137 [main] INFO  com.demo.baseutil.Basetest - Clicked on : wt is clicked
13:09:19.159 [main] INFO  com.demo.baseutil.Basetest - Enter the value into weight entered
13:09:19.756 [main] INFO  com.demo.baseutil.Basetest - 1000 typed into weight entered
13:09:21.768 [main] INFO  com.demo.baseutil.Basetest - Validate wtcap is clicked is clickable
13:09:24.138 [main] INFO  com.demo.baseutil.Basetest - Clicked on : wtcap is clicked
13:09:26.143 [main] INFO  com.demo.baseutil.Basetest - Validate tons is clicked is clickable
13:09:28.623 [main] INFO  com.demo.baseutil.Basetest - Clicked on : tons is clicked
13:09:30.627 [main] INFO  com.demo.baseutil.Basetest - Validate Click on Add button is clickable
13:09:33.040 [main] INFO  com.demo.baseutil.Basetest - Clicked on : Click on Add button
13:09:44.059 [main] INFO  com.demo.baseutil.Basetest - Scroll till the transaction
13:09:44.185 [main] INFO  com.demo.baseutil.Basetest - Scroll till the transaction completed
13:09:44.185 [main] INFO  com.demo.baseutil.Basetest - Validate transaction is clicked is clickable
13:09:46.902 [main] INFO  com.demo.baseutil.Basetest - Clicked on : transaction is clicked
13:09:51.915 [main] INFO  com.demo.baseutil.Basetest - Validate add new is clicked is clickable
13:09:54.474 [main] INFO  com.demo.baseutil.Basetest - Clicked on : add new is clicked
13:09:59.486 [main] INFO  com.demo.baseutil.Basetest - Validate clicked on CTE is clickable
13:10:01.974 [main] INFO  com.demo.baseutil.Basetest - Clicked on : clicked on CTE
13:10:05.983 [main] INFO  com.demo.baseutil.Basetest - Validate clicked on CTE comm is clickable
13:10:08.443 [main] INFO  com.demo.baseutil.Basetest - Clicked on : clicked on CTE comm
13:10:10.456 [main] INFO  com.demo.baseutil.Basetest - Validate Product id is clicked is clickable
13:10:12.919 [main] INFO  com.demo.baseutil.Basetest - Clicked on : Product id is clicked
13:10:14.958 [main] INFO  com.demo.baseutil.Basetest - Enter the value into Saved Value is entered
13:10:15.381 [main] INFO  com.demo.baseutil.Basetest - F2PG10002551 typed into Saved Value is entered
13:10:17.382 [main] INFO  com.demo.baseutil.Basetest - Validate Product id is clicked is clickable
13:10:19.876 [main] INFO  com.demo.baseutil.Basetest - Clicked on : Product id is clicked
13:10:21.887 [main] INFO  com.demo.baseutil.Basetest - Validate Product id is clicked is clickable
13:10:24.350 [main] INFO  com.demo.baseutil.Basetest - Clicked on : Product id is clicked
13:10:26.357 [main] INFO  com.demo.baseutil.Basetest - Validate chooseprocess id is clicked is clickable
13:10:28.815 [main] INFO  com.demo.baseutil.Basetest - Clicked on : chooseprocess id is clicked
13:10:30.823 [main] INFO  com.demo.baseutil.Basetest - Enter the value into Harvestiong/commission is entered
13:10:31.203 [main] INFO  com.demo.baseutil.Basetest - Harvesting typed into Harvestiong/commission is entered
13:10:33.217 [main] INFO  com.demo.baseutil.Basetest - Validate Process commision is selected is clickable
13:10:35.553 [main] INFO  com.demo.baseutil.Basetest - Clicked on : Process commision is selected
13:10:37.557 [main] INFO  com.demo.baseutil.Basetest - Validate click on submit button is clickable
13:10:40.076 [main] INFO  com.demo.baseutil.Basetest - Clicked on : click on submit button
13:10:42.122 [main] INFO  com.demo.baseutil.Basetest - Scroll down successful
13:10:42.122 [main] INFO  com.demo.baseutil.Basetest - Validate date is selected is clickable
13:10:44.778 [main] INFO  com.demo.baseutil.Basetest - Clicked on : date is selected
13:10:45.781 [main] INFO  com.demo.baseutil.Basetest - Validate date netx button is clickable
13:10:48.239 [main] INFO  com.demo.baseutil.Basetest - Clicked on : date netx button
13:10:48.239 [main] INFO  com.demo.baseutil.Basetest - Validate date is entered is clickable
13:10:50.721 [main] INFO  com.demo.baseutil.Basetest - Clicked on : date is entered
13:10:52.721 [main] INFO  com.demo.baseutil.Basetest - Validate date is selected is clickable
13:10:55.259 [main] INFO  com.demo.baseutil.Basetest - Clicked on : date is selected
13:11:01.347 [main] INFO  com.demo.baseutil.Basetest - Scroll down
13:11:01.347 [main] INFO  com.demo.baseutil.Basetest - Validate activity is selected is clickable
13:11:03.831 [main] INFO  com.demo.baseutil.Basetest - Clicked on : activity is selected
13:11:03.831 [main] INFO  com.demo.baseutil.Basetest - Enter the value into activity Value is entered
13:11:04.226 [main] INFO  com.demo.baseutil.Basetest - abcd typed into activity Value is entered
13:11:06.235 [main] INFO  com.demo.baseutil.Basetest - Validate packing type dropdown is selected is clickable
13:11:08.732 [main] INFO  com.demo.baseutil.Basetest - Clicked on : packing type dropdown is selected
13:11:08.734 [main] INFO  com.demo.baseutil.Basetest - Validate packing type dropdown is selected is clickable
13:11:11.215 [main] INFO  com.demo.baseutil.Basetest - Clicked on : packing type dropdown is selected
13:11:17.317 [main] INFO  com.demo.baseutil.Basetest - Scroll down
13:11:17.317 [main] INFO  com.demo.baseutil.Basetest - Validate tlc is clicked is clickable
13:11:19.864 [main] INFO  com.demo.baseutil.Basetest - Clicked on : tlc is clicked
13:11:19.865 [main] INFO  com.demo.baseutil.Basetest - Enter the value into Tlc no is entered
13:11:20.594 [main] INFO  com.demo.baseutil.Basetest - 1234567890 typed into Tlc no is entered
13:11:20.594 [main] INFO  com.demo.baseutil.Basetest - Validate location is clicked is clickable
13:11:23.069 [main] INFO  com.demo.baseutil.Basetest - Clicked on : location is clicked
13:11:23.073 [main] INFO  com.demo.baseutil.Basetest - Enter the value into location no is entered
13:11:23.598 [main] INFO  com.demo.baseutil.Basetest - location typed into location no is entered
13:11:23.598 [main] INFO  com.demo.baseutil.Basetest - Validate commodity is clicked is clickable
13:11:26.119 [main] INFO  com.demo.baseutil.Basetest - Clicked on : commodity is clicked
13:11:26.119 [main] INFO  com.demo.baseutil.Basetest - Enter the value into commodity is entered
13:11:26.540 [main] INFO  com.demo.baseutil.Basetest - commodity typed into commodity is entered
13:11:30.622 [main] INFO  com.demo.baseutil.Basetest - Scroll down
13:11:30.622 [main] INFO  com.demo.baseutil.Basetest - Validate filed is clicked is clickable
13:11:33.219 [main] INFO  com.demo.baseutil.Basetest - Clicked on : filed is clicked
13:11:33.220 [main] INFO  com.demo.baseutil.Basetest - Enter the value into filed is entered
13:11:33.638 [main] INFO  com.demo.baseutil.Basetest - filed typed into filed is entered
13:11:33.638 [main] INFO  com.demo.baseutil.Basetest - Validate container is clicked is clickable
13:11:36.086 [main] INFO  com.demo.baseutil.Basetest - Clicked on : container is clicked
13:11:36.088 [main] INFO  com.demo.baseutil.Basetest - Enter the value into filed is entered
13:11:36.501 [main] INFO  com.demo.baseutil.Basetest - containerr596596596 typed into filed is entered
13:11:40.507 [main] INFO  com.demo.baseutil.Basetest - Validate Selected the container is clickable
13:11:42.900 [main] INFO  com.demo.baseutil.Basetest - Clicked on : Selected the container
13:11:43.908 [main] INFO  com.demo.baseutil.Basetest - Validate count sgtin is clicked is clickable
13:11:46.332 [main] INFO  com.demo.baseutil.Basetest - Clicked on : count sgtin is clicked
13:11:46.334 [main] INFO  com.demo.baseutil.Basetest - Enter the value into countsgtin is entered
13:11:46.659 [main] INFO  com.demo.baseutil.Basetest - 123 typed into countsgtin is entered
13:11:46.659 [main] INFO  com.demo.baseutil.Basetest - Validate weightsgtin sgtin is clicked is clickable
13:11:49.130 [main] INFO  com.demo.baseutil.Basetest - Clicked on : weightsgtin sgtin is clicked
13:11:49.130 [main] INFO  com.demo.baseutil.Basetest - Enter the value into weightsgtin is entered
13:11:49.508 [main] INFO  com.demo.baseutil.Basetest - 1234567 typed into weightsgtin is entered
13:11:49.508 [main] INFO  com.demo.baseutil.Basetest - Validate itemsgtin sgtin is clicked is clickable
13:11:51.920 [main] INFO  com.demo.baseutil.Basetest - Clicked on : itemsgtin sgtin is clicked
13:11:51.920 [main] INFO  com.demo.baseutil.Basetest - Validate itemgtin is entered is clickable
13:11:54.368 [main] INFO  com.demo.baseutil.Basetest - Clicked on : itemgtin is entered
13:11:54.368 [main] INFO  com.demo.baseutil.Basetest - Validate document is clicked is clickable
13:11:56.879 [main] INFO  com.demo.baseutil.Basetest - Clicked on : document is clicked
13:11:56.879 [main] INFO  com.demo.baseutil.Basetest - Enter the value into document is entered
13:11:57.466 [main] INFO  com.demo.baseutil.Basetest - 1234567 typed into document is entered
13:12:01.580 [main] INFO  com.demo.baseutil.Basetest - Scroll down
13:12:01.580 [main] INFO  com.demo.baseutil.Basetest - Validate Add Transaction is selected is clickable
13:12:04.003 [main] INFO  com.demo.baseutil.Basetest - Clicked on : Add Transaction is selected
13:12:20.023 [main] INFO  com.demo.baseutil.Basetest - Validate click on trace is clickable
13:12:22.547 [main] INFO  com.demo.baseutil.Basetest - Clicked on : click on trace
13:12:34.592 [main] INFO  com.demo.baseutil.Basetest - Validate click on trace is clickable
13:12:37.002 [main] INFO  com.demo.baseutil.Basetest - Clicked on : click on trace
13:12:43.089 [main] INFO  com.demo.baseutil.Basetest - Validate Asset & Infrastructure Data is clicked is clickable
13:12:45.560 [main] INFO  com.demo.baseutil.Basetest - Clicked on : Asset & Infrastructure Data is clicked
13:12:47.560 [main] INFO  com.demo.baseutil.Basetest - Validate Assets is clicked is clickable
13:12:50.119 [main] INFO  com.demo.baseutil.Basetest - Clicked on : Assets is clicked
13:12:55.135 [main] INFO  com.demo.baseutil.Basetest - Validate Add new is clicked is clickable
13:12:57.667 [main] INFO  com.demo.baseutil.Basetest - Clicked on : Add new is clicked
13:13:02.672 [main] INFO  com.demo.baseutil.Basetest - Validate Asset type is clicked is clickable
13:13:05.133 [main] INFO  com.demo.baseutil.Basetest - Clicked on : Asset type is clicked
13:13:05.133 [main] INFO  com.demo.baseutil.Basetest - Validate Click on Vehicle Name is clickable
13:13:07.568 [main] INFO  com.demo.baseutil.Basetest - Clicked on : Click on Vehicle Name
13:13:09.570 [main] INFO  com.demo.baseutil.Basetest - Validate container name is clicked is clickable
13:13:12.049 [main] INFO  com.demo.baseutil.Basetest - Clicked on : container name is clicked
13:13:12.049 [main] INFO  com.demo.baseutil.Basetest - Enter the value into enter the container name
13:13:12.702 [main] INFO  com.demo.baseutil.Basetest - containerr838383 typed into enter the container name
13:13:14.714 [main] INFO  com.demo.baseutil.Basetest - Validate length is clicked is clickable
13:13:17.218 [main] INFO  com.demo.baseutil.Basetest - Clicked on : length is clicked
13:13:19.223 [main] INFO  com.demo.baseutil.Basetest - Enter the value into enter the length
13:13:19.677 [main] INFO  com.demo.baseutil.Basetest - 10 typed into enter the length
13:13:19.678 [main] INFO  com.demo.baseutil.Basetest - Validate breadth is clicked is clickable
13:13:22.185 [main] INFO  com.demo.baseutil.Basetest - Clicked on : breadth is clicked
13:13:22.185 [main] INFO  com.demo.baseutil.Basetest - Enter the value into breath entered
13:13:22.645 [main] INFO  com.demo.baseutil.Basetest - 10 typed into breath entered
13:13:24.650 [main] INFO  com.demo.baseutil.Basetest - Validate height is clicked is clickable
13:13:27.013 [main] INFO  com.demo.baseutil.Basetest - Clicked on : height is clicked
13:13:29.019 [main] INFO  com.demo.baseutil.Basetest - Enter the value into height entered
13:13:29.391 [main] INFO  com.demo.baseutil.Basetest - 20 typed into height entered
13:13:31.401 [main] INFO  com.demo.baseutil.Basetest - Validate dom is clicked is clickable
13:13:33.893 [main] INFO  com.demo.baseutil.Basetest - Clicked on : dom is clicked
13:13:35.896 [main] INFO  com.demo.baseutil.Basetest - Validate ft is clicked is clickable
13:13:38.381 [main] INFO  com.demo.baseutil.Basetest - Clicked on : ft is clicked
13:13:40.381 [main] INFO  com.demo.baseutil.Basetest - Validate wt is clicked is clickable
13:13:42.867 [main] INFO  com.demo.baseutil.Basetest - Clicked on : wt is clicked
13:13:44.872 [main] INFO  com.demo.baseutil.Basetest - Enter the value into weight entered
13:13:45.368 [main] INFO  com.demo.baseutil.Basetest - 1000 typed into weight entered
13:13:47.383 [main] INFO  com.demo.baseutil.Basetest - Validate wtcap is clicked is clickable
13:13:49.806 [main] INFO  com.demo.baseutil.Basetest - Clicked on : wtcap is clicked
13:13:51.815 [main] INFO  com.demo.baseutil.Basetest - Validate tons is clicked is clickable
13:13:54.286 [main] INFO  com.demo.baseutil.Basetest - Clicked on : tons is clicked
13:13:56.292 [main] INFO  com.demo.baseutil.Basetest - Validate Click on Add button is clickable
13:13:58.752 [main] INFO  com.demo.baseutil.Basetest - Clicked on : Click on Add button
13:14:14.847 [main] INFO  com.demo.baseutil.Basetest - Scroll down
13:14:16.859 [main] INFO  com.demo.baseutil.Basetest - Validate transaction is clicked is clickable
13:14:19.549 [main] INFO  com.demo.baseutil.Basetest - Clicked on : transaction is clicked
13:14:26.575 [main] INFO  com.demo.baseutil.Basetest - Validate productid is selected is clickable
13:14:29.095 [main] INFO  com.demo.baseutil.Basetest - Clicked on : productid is selected
13:14:29.110 [main] INFO  com.demo.baseutil.Basetest - Enter the value into enter the productid
13:14:29.555 [main] INFO  com.demo.baseutil.Basetest - F2PG10002551 typed into enter the productid
13:14:29.556 [main] INFO  com.demo.baseutil.Basetest - Validate productid is selected is clickable
13:14:31.969 [main] INFO  com.demo.baseutil.Basetest - Clicked on : productid is selected
13:14:31.970 [main] INFO  com.demo.baseutil.Basetest - Validate search is selected is clickable
13:14:34.410 [main] INFO  com.demo.baseutil.Basetest - Clicked on : search is selected
13:14:34.410 [main] INFO  com.demo.baseutil.Basetest - Validate search button is clicked is clickable
13:14:36.842 [main] INFO  com.demo.baseutil.Basetest - Clicked on : search button is clicked
13:14:38.990 [main] INFO  com.demo.baseutil.Basetest - Scroll up
13:14:41.023 [main] INFO  com.demo.baseutil.Basetest - Scroll up
13:14:45.038 [main] INFO  com.demo.baseutil.Basetest - Validate transaction is clicked is clickable
13:14:47.609 [main] INFO  com.demo.baseutil.Basetest - Clicked on : transaction is clicked
13:14:52.624 [main] INFO  com.demo.baseutil.Basetest - Validate add new is clicked is clickable
13:14:55.162 [main] INFO  com.demo.baseutil.Basetest - Clicked on : add new is clicked
13:15:00.177 [main] INFO  com.demo.baseutil.Basetest - Validate clicked on CTE is clickable
13:15:02.936 [main] INFO  com.demo.baseutil.Basetest - Clicked on : clicked on CTE
13:15:06.951 [main] INFO  com.demo.baseutil.Basetest - Validate clicked on CTEagg comm is clickable
13:15:09.200 [main] INFO  com.demo.baseutil.Basetest - Clicked on : clicked on CTEagg comm
13:15:11.216 [main] INFO  com.demo.baseutil.Basetest - Validate Product id is clicked is clickable
13:15:13.626 [main] INFO  com.demo.baseutil.Basetest - Clicked on : Product id is clicked
13:15:15.634 [main] INFO  com.demo.baseutil.Basetest - Enter the value into Saved Value is entered
13:15:16.318 [main] INFO  com.demo.baseutil.Basetest - F2PG10002551 typed into Saved Value is entered
13:15:18.323 [main] INFO  com.demo.baseutil.Basetest - Validate Product id is clicked is clickable
13:15:20.822 [main] INFO  com.demo.baseutil.Basetest - Clicked on : Product id is clicked
13:15:22.826 [main] INFO  com.demo.baseutil.Basetest - Validate Product id is clicked is clickable
13:15:25.342 [main] INFO  com.demo.baseutil.Basetest - Clicked on : Product id is clicked
13:15:27.350 [main] INFO  com.demo.baseutil.Basetest - Validate chooseprocess id is clicked is clickable
13:15:29.807 [main] INFO  com.demo.baseutil.Basetest - Clicked on : chooseprocess id is clicked
13:15:31.816 [main] INFO  com.demo.baseutil.Basetest - Enter the value into Harvestiong/commission is entered
13:15:32.300 [main] INFO  com.demo.baseutil.Basetest - Packing typed into Harvestiong/commission is entered
13:15:34.325 [main] INFO  com.demo.baseutil.Basetest - Validate Process commision is selected is clickable
13:15:37.975 [main] INFO  com.demo.baseutil.Basetest - Clicked on : Process commision is selected
13:15:39.984 [main] INFO  com.demo.baseutil.Basetest - Validate click on submit button is clickable
13:15:42.367 [main] INFO  com.demo.baseutil.Basetest - Clicked on : click on submit button
13:15:44.412 [main] INFO  com.demo.baseutil.Basetest - Scroll down successful
13:15:44.412 [main] INFO  com.demo.baseutil.Basetest - Validate org is selected is clickable
13:15:46.925 [main] INFO  com.demo.baseutil.Basetest - Clicked on : org is selected
13:15:48.932 [main] INFO  com.demo.baseutil.Basetest - Enter the value into org value is entered
13:15:49.301 [main] INFO  com.demo.baseutil.Basetest - 178 typed into org value is entered
13:15:54.320 [main] INFO  com.demo.baseutil.Basetest - Validate org is selected is clickable
13:15:56.779 [main] INFO  com.demo.baseutil.Basetest - Clicked on : org is selected
13:15:59.782 [main] INFO  com.demo.baseutil.Basetest - Validate location is selected is clickable
13:16:02.278 [main] INFO  com.demo.baseutil.Basetest - Clicked on : location is selected
13:16:02.278 [main] INFO  com.demo.baseutil.Basetest - Enter the value into location value is entered
13:16:02.583 [main] INFO  com.demo.baseutil.Basetest - test typed into location value is entered
13:16:07.604 [main] INFO  com.demo.baseutil.Basetest - Validate location is selected is clickable
13:16:10.164 [main] INFO  com.demo.baseutil.Basetest - Clicked on : location is selected
13:16:10.187 [main] INFO  com.demo.baseutil.Basetest - Scroll down successful
13:16:10.187 [main] INFO  com.demo.baseutil.Basetest - Validate activity is clicked is clickable
13:16:12.610 [main] INFO  com.demo.baseutil.Basetest - Clicked on : activity is clicked
13:16:14.617 [main] INFO  com.demo.baseutil.Basetest - Enter the value into activity is entered
13:16:15.084 [main] INFO  com.demo.baseutil.Basetest - activity typed into activity is entered
13:16:18.098 [main] INFO  com.demo.baseutil.Basetest - Scroll till the scrolles to lot
13:16:18.221 [main] INFO  com.demo.baseutil.Basetest - Scroll till the scrolles to lot completed
13:16:18.221 [main] INFO  com.demo.baseutil.Basetest - Validate sscc number is copied is clickable
13:16:20.724 [main] INFO  com.demo.baseutil.Basetest - Clicked on : sscc number is copied
13:16:30.110 [main] INFO  com.demo.baseutil.Basetest - Scroll up to the element: The lot is displayed after scroll up completed
13:16:33.113 [main] INFO  com.demo.baseutil.Basetest - Validate lot1 is clicked is clickable
13:16:35.525 [main] INFO  com.demo.baseutil.Basetest - Clicked on : lot1 is clicked
13:16:37.531 [main] INFO  com.demo.baseutil.Basetest - Enter the value into lotvalue is entered
13:16:38.249 [main] INFO  com.demo.baseutil.Basetest - 1691008112410000003 typed into lotvalue is entered
13:16:40.257 [main] INFO  com.demo.baseutil.Basetest - Validate lot arrow is clicked is clickable
13:16:42.880 [main] INFO  com.demo.baseutil.Basetest - Clicked on : lot arrow is clicked
13:16:44.883 [main] INFO  com.demo.baseutil.Basetest - Scroll till the scrolled to packloc
13:16:44.989 [main] INFO  com.demo.baseutil.Basetest - Scroll till the scrolled to packloc completed
13:16:50.125 [main] INFO  com.demo.baseutil.Basetest - Scroll up to the element: The packloc is displayed after scroll up completed
13:16:55.131 [main] INFO  com.demo.baseutil.Basetest - Validate packloc is clicked is clickable
13:16:57.623 [main] INFO  com.demo.baseutil.Basetest - Clicked on : packloc is clicked
13:16:59.632 [main] INFO  com.demo.baseutil.Basetest - Enter the value into packing lot is entered
13:17:00.200 [main] INFO  com.demo.baseutil.Basetest - test typed into packing lot is entered
13:17:04.214 [main] INFO  com.demo.baseutil.Basetest - Validate remarks is clicked is clickable
13:17:06.595 [main] INFO  com.demo.baseutil.Basetest - Clicked on : remarks is clicked
13:17:08.601 [main] INFO  com.demo.baseutil.Basetest - Enter the value into remarks is entered
13:17:09.190 [main] INFO  com.demo.baseutil.Basetest - test typed into remarks is entered
13:17:13.199 [main] INFO  com.demo.baseutil.Basetest - Validate tlcloc is clicked is clickable
13:17:15.661 [main] INFO  com.demo.baseutil.Basetest - Clicked on : tlcloc is clicked
13:17:17.667 [main] INFO  com.demo.baseutil.Basetest - Enter the value into tlcloc is entered
13:17:18.114 [main] INFO  com.demo.baseutil.Basetest - test typed into tlcloc is entered
13:17:22.131 [main] INFO  com.demo.baseutil.Basetest - Scroll till the asset is scroll down
13:17:22.273 [main] INFO  com.demo.baseutil.Basetest - Scroll till the asset is scroll down completed
13:17:24.278 [main] INFO  com.demo.baseutil.Basetest - Validate asset is clicked is clickable
13:17:26.642 [main] INFO  com.demo.baseutil.Basetest - Clicked on : asset is clicked
13:17:28.650 [main] INFO  com.demo.baseutil.Basetest - Enter the value into vehicle is entered
13:17:29.080 [main] INFO  com.demo.baseutil.Basetest - vehicle typed into vehicle is entered
13:17:33.083 [main] INFO  com.demo.baseutil.Basetest - Validate assetsearch is clicked is clickable
13:17:35.533 [main] INFO  com.demo.baseutil.Basetest - Clicked on : assetsearch is clicked
13:17:37.542 [main] INFO  com.demo.baseutil.Basetest - Validate shippingdate is clicked is clickable
13:17:40.121 [main] INFO  com.demo.baseutil.Basetest - Clicked on : shippingdate is clicked
13:17:42.129 [main] INFO  com.demo.baseutil.Basetest - Validate datenext button is clicked is clickable
13:17:44.637 [main] INFO  com.demo.baseutil.Basetest - Clicked on : datenext button is clicked
13:17:46.645 [main] INFO  com.demo.baseutil.Basetest - Validate date is entered is clickable
13:17:49.264 [main] INFO  com.demo.baseutil.Basetest - Clicked on : date is entered
13:17:52.267 [main] INFO  com.demo.baseutil.Basetest - Validate date is selected is clickable
13:17:54.899 [main] INFO  com.demo.baseutil.Basetest - Clicked on : date is selected
13:17:57.904 [main] INFO  com.demo.baseutil.Basetest - Validate deliverydate is clicked is clickable
13:18:00.357 [main] INFO  com.demo.baseutil.Basetest - Clicked on : deliverydate is clicked
13:18:02.364 [main] INFO  com.demo.baseutil.Basetest - Validate datenext button is clicked is clickable
13:18:04.722 [main] INFO  com.demo.baseutil.Basetest - Clicked on : datenext button is clicked
13:18:06.734 [main] INFO  com.demo.baseutil.Basetest - Validate datenext button is clicked is clickable
13:18:09.166 [main] INFO  com.demo.baseutil.Basetest - Clicked on : datenext button is clicked
13:18:12.178 [main] INFO  com.demo.baseutil.Basetest - Validate date is entered is clickable
13:18:14.587 [main] INFO  com.demo.baseutil.Basetest - Clicked on : date is entered
13:18:16.597 [main] INFO  com.demo.baseutil.Basetest - Validate date is selected is clickable
13:18:19.069 [main] INFO  com.demo.baseutil.Basetest - Clicked on : date is selected
13:18:19.085 [main] INFO  com.demo.baseutil.Basetest - Scroll down successful
13:18:19.085 [main] INFO  com.demo.baseutil.Basetest - Validate container is clicked is clickable
13:18:21.490 [main] INFO  com.demo.baseutil.Basetest - Clicked on : container is clicked
13:18:21.490 [main] INFO  com.demo.baseutil.Basetest - Enter the value into container value is entered
13:18:21.922 [main] INFO  com.demo.baseutil.Basetest - containerr838383 typed into container value is entered
13:18:26.931 [main] INFO  com.demo.baseutil.Basetest - Validate container select is clicked is clickable
13:18:29.506 [main] INFO  com.demo.baseutil.Basetest - Clicked on : container select is clicked
13:18:31.511 [main] INFO  com.demo.baseutil.Basetest - Validate invoice select is clicked is clickable
13:18:33.920 [main] INFO  com.demo.baseutil.Basetest - Clicked on : invoice select is clicked
13:18:33.920 [main] INFO  com.demo.baseutil.Basetest - Enter the value into  invoice value is entered
13:18:34.297 [main] INFO  com.demo.baseutil.Basetest - 123 typed into  invoice value is entered
13:18:36.303 [main] INFO  com.demo.baseutil.Basetest - Validate seal select is clicked is clickable
13:18:38.804 [main] INFO  com.demo.baseutil.Basetest - Clicked on : seal select is clicked
13:18:38.804 [main] INFO  com.demo.baseutil.Basetest - Enter the value into seal value is entered
13:18:39.137 [main] INFO  com.demo.baseutil.Basetest - 123 typed into seal value is entered
13:18:41.169 [main] INFO  com.demo.baseutil.Basetest - Scroll down successful
13:18:43.177 [main] INFO  com.demo.baseutil.Basetest - Validate asn select is clicked is clickable
13:18:45.602 [main] INFO  com.demo.baseutil.Basetest - Clicked on : asn select is clicked
13:18:45.602 [main] INFO  com.demo.baseutil.Basetest - Enter the value into asn value is entered
13:18:46.215 [main] INFO  com.demo.baseutil.Basetest - 9930406022023 typed into asn value is entered
13:18:48.220 [main] INFO  com.demo.baseutil.Basetest - Validate lorry select is clicked is clickable
13:18:50.638 [main] INFO  com.demo.baseutil.Basetest - Clicked on : lorry select is clicked
13:18:50.638 [main] INFO  com.demo.baseutil.Basetest - Enter the value into lorry value is entered
13:18:51.040 [main] INFO  com.demo.baseutil.Basetest - 123 typed into lorry value is entered
13:18:53.084 [main] INFO  com.demo.baseutil.Basetest - Validate purchase is clicked is clickable
13:18:55.743 [main] INFO  com.demo.baseutil.Basetest - Clicked on : purchase is clicked
13:18:55.744 [main] INFO  com.demo.baseutil.Basetest - Enter the value into purchase is entered
13:18:56.107 [main] INFO  com.demo.baseutil.Basetest - 123 typed into purchase is entered
13:18:56.111 [main] INFO  com.demo.baseutil.Basetest - Validate bill is clicked is clickable
13:18:58.487 [main] INFO  com.demo.baseutil.Basetest - Clicked on : bill is clicked
13:18:58.487 [main] INFO  com.demo.baseutil.Basetest - Enter the value into purchase is entered
13:18:58.945 [main] INFO  com.demo.baseutil.Basetest - 12345 typed into purchase is entered
13:19:00.962 [main] INFO  com.demo.baseutil.Basetest - Validate document is clicked is clickable
13:19:03.502 [main] INFO  com.demo.baseutil.Basetest - Clicked on : document is clicked
13:19:03.502 [main] INFO  com.demo.baseutil.Basetest - Enter the value into document is entered
13:19:04.030 [main] INFO  com.demo.baseutil.Basetest - 12345 typed into document is entered
13:19:06.067 [main] INFO  com.demo.baseutil.Basetest - Validate Add Transaction is selected is clickable
13:19:08.654 [main] INFO  com.demo.baseutil.Basetest - Clicked on : Add Transaction is selected
13:19:19.186 [main] INFO  com.demo.baseutil.Basetest - Browser is closed sucessfuly
13:19:20.870 [main] INFO  com.demo.baseutil.Basetest - Browser is closed sucessfuly
13:19:22.809 [main] ERROR com.demo.baseutil.Basetest - Failed to close the Browser
