11:35:37.553 [main] INFO  com.demo.baseutil.Basetest - 
11:35:37.573 [main] INFO  com.demo.baseutil.Basetest - Running locally JavaMail
11:35:38.008 [main] INFO  com.demo.baseutil.Basetest2 - Folder creation for Extent
11:35:38.038 [main] INFO  com.demo.baseutil.Basetest - ExtentDir:-C:\Users\Deepti Jindal\eclipse-workspace2\com.NFR.Trace Performance latest/reports/Automation Report- 09_03_2024_11_35_38/Report/09_03_2024_11_35_38
11:35:38.415 [main] INFO  com.demo.baseutil.Basetest - Report Initiated
11:35:38.426 [main] INFO  com.demo.baseutil.Basetest - Screenshot folder created
11:36:07.610 [main] INFO  com.demo.baseutil.Basetest - Validate Sign in with FarmtoPlate account is clickable
11:36:10.870 [main] INFO  com.demo.baseutil.Basetest - Clicked on : Sign in with FarmtoPlate account
11:36:10.919 [main] INFO  com.demo.baseutil.Basetest - Url contains farmtoplateapps.io/login
11:36:10.978 [main] INFO  com.demo.baseutil.Basetest - Sign in title matched
11:36:10.979 [main] INFO  com.demo.baseutil.Basetest - UI verified for Sigin page.
11:36:10.979 [main] INFO  com.demo.baseutil.Basetest - Sign in function call
11:36:10.979 [main] INFO  com.demo.baseutil.Basetest - Validate email address field is clicked is clickable
11:36:14.104 [main] INFO  com.demo.baseutil.Basetest - Clicked on : email address field is clicked
11:36:14.105 [main] INFO  com.demo.baseutil.Basetest - Enter the value into Email Id Entered
11:36:14.798 [main] INFO  com.demo.baseutil.Basetest - farmtoplatef2p@paramountsoft.net typed into Email Id Entered
11:36:14.800 [main] INFO  com.demo.baseutil.Basetest - Validate Enter the password is clickable
11:36:17.335 [main] INFO  com.demo.baseutil.Basetest - Clicked on : Enter the password
11:36:17.337 [main] INFO  com.demo.baseutil.Basetest - Enter the value into Password Id Entered
11:36:17.965 [main] INFO  com.demo.baseutil.Basetest - Admin1234 typed into Password Id Entered
11:36:27.087 [main] INFO  com.demo.baseutil.Basetest - Scroll down
11:36:28.099 [main] INFO  com.demo.baseutil.Basetest - Validate Press the signin button is clickable
11:36:33.398 [main] INFO  com.demo.baseutil.Basetest - Clicked on : Press the signin button
11:36:41.469 [main] INFO  com.demo.baseutil.Basetest - HomePage title  is matched
11:36:54.584 [main] INFO  com.demo.baseutil.Basetest - Validate Network Management is clicked is clickable
11:36:57.779 [main] INFO  com.demo.baseutil.Basetest - Clicked on : Network Management is clicked
11:37:01.794 [main] INFO  com.demo.baseutil.Basetest - Validate Add new is clicked is clickable
11:37:04.860 [main] INFO  com.demo.baseutil.Basetest - Clicked on : Add new is clicked
11:37:06.882 [main] INFO  com.demo.baseutil.Basetest - Validate Organisation Name is clicked is clickable
11:37:09.497 [main] INFO  com.demo.baseutil.Basetest - Clicked on : Organisation Name is clicked
11:37:09.519 [main] INFO  com.demo.baseutil.Basetest - Enter the value into Organisation is Entered
11:37:10.498 [main] INFO  com.demo.baseutil.Basetest - fZCirois typed into Organisation is Entered
11:37:10.503 [main] INFO  com.demo.baseutil.Basetest - Validate Organisation type is clicked is clickable
11:37:13.355 [main] INFO  com.demo.baseutil.Basetest - Clicked on : Organisation type is clicked
11:37:13.356 [main] INFO  com.demo.baseutil.Basetest - Validate upstream is selected is clickable
11:37:16.217 [main] INFO  com.demo.baseutil.Basetest - Clicked on : upstream is selected
11:37:16.218 [main] INFO  com.demo.baseutil.Basetest - Validate Organisation role is clicked is clickable
11:37:18.985 [main] INFO  com.demo.baseutil.Basetest - Clicked on : Organisation role is clicked
11:37:18.988 [main] INFO  com.demo.baseutil.Basetest - Validate Organisation role is selected is clickable
11:37:21.692 [main] INFO  com.demo.baseutil.Basetest - Clicked on : Organisation role is selected
11:37:21.693 [main] INFO  com.demo.baseutil.Basetest - Validate module is clicked is clickable
11:37:24.472 [main] INFO  com.demo.baseutil.Basetest - Clicked on : module is clicked
11:37:24.473 [main] INFO  com.demo.baseutil.Basetest - Validate module is selected is clickable
11:37:27.570 [main] INFO  com.demo.baseutil.Basetest - Clicked on : module is selected
11:37:27.576 [main] INFO  com.demo.baseutil.Basetest - Validate email field is clicked is clickable
11:37:30.649 [main] INFO  com.demo.baseutil.Basetest - Clicked on : email field is clicked
11:37:30.770 [main] INFO  com.demo.baseutil.Basetest - Enter the value into emailid is Entered
11:37:32.206 [main] INFO  com.demo.baseutil.Basetest - 39701avcyghg@yopmail.com typed into emailid is Entered
11:37:38.336 [main] INFO  com.demo.baseutil.Basetest - Scroll down
11:37:45.360 [main] INFO  com.demo.baseutil.Basetest - Validate Database Type is clicked is clickable
11:37:48.061 [main] INFO  com.demo.baseutil.Basetest - Clicked on : Database Type is clicked
11:37:48.062 [main] INFO  com.demo.baseutil.Basetest - Validate Db is selected is clickable
11:37:51.158 [main] INFO  com.demo.baseutil.Basetest - Clicked on : Db is selected
11:37:53.224 [main] INFO  com.demo.baseutil.Basetest - Scroll down successful
11:37:54.240 [main] INFO  com.demo.baseutil.Basetest - Validate Db is selected is clickable
11:37:57.328 [main] INFO  com.demo.baseutil.Basetest - Clicked on : Db is selected
11:37:59.357 [main] INFO  com.demo.baseutil.Basetest - Validate ordermgmt is selected is clickable
11:38:02.225 [main] INFO  com.demo.baseutil.Basetest - Clicked on : ordermgmt is selected
11:38:02.228 [main] INFO  com.demo.baseutil.Basetest - Validate Soil Dashboard is selected is clickable
11:38:04.967 [main] INFO  com.demo.baseutil.Basetest - Clicked on : Soil Dashboard is selected
11:38:04.992 [main] INFO  com.demo.baseutil.Basetest - Validate Submit Button is clicked is clickable
11:38:07.976 [main] INFO  com.demo.baseutil.Basetest - Clicked on : Submit Button is clicked
11:38:11.317 [main] INFO  com.demo.baseutil.Basetest - Validate Email address input field is clicked is clickable
11:38:16.070 [main] INFO  com.demo.baseutil.Basetest - Clicked on : Email address input field is clicked
11:38:16.075 [main] INFO  com.demo.baseutil.Basetest - Enter the value into email address is entered
11:38:16.785 [main] INFO  com.demo.baseutil.Basetest - 39701avcyghg@yopmail.com typed into email address is entered
11:38:16.786 [main] INFO  com.demo.baseutil.Basetest - Validate arrow button is clicked is clickable
11:38:20.346 [main] INFO  com.demo.baseutil.Basetest - Clicked on : arrow button is clicked
11:38:27.824 [main] INFO  com.demo.baseutil.Basetest - Validate first email is clicked is clickable
11:38:31.336 [main] INFO  com.demo.baseutil.Basetest - Clicked on : first email is clicked
11:38:33.545 [main] INFO  com.demo.baseutil.Basetest - Validate email address is clicked is clickable
11:38:37.603 [main] INFO  com.demo.baseutil.Basetest - Clicked on : email address is clicked
11:38:39.678 [main] INFO  com.demo.baseutil.Basetest - Validate pass is clicked is clickable
11:38:44.048 [main] INFO  com.demo.baseutil.Basetest - Clicked on : pass is clicked
11:38:44.119 [main] INFO  com.demo.baseutil.Basetest - Enter the value into Password is entered
11:38:44.885 [main] INFO  com.demo.baseutil.Basetest - Admin@1234 typed into Password is entered
11:38:44.888 [main] INFO  com.demo.baseutil.Basetest - Validate confirm password is clicked is clickable
11:38:48.046 [main] INFO  com.demo.baseutil.Basetest - Clicked on : confirm password is clicked
11:38:48.050 [main] INFO  com.demo.baseutil.Basetest - Enter the value into Confirm Password is entered
11:38:48.716 [main] INFO  com.demo.baseutil.Basetest - Admin@1234 typed into Confirm Password is entered
11:38:54.834 [main] INFO  com.demo.baseutil.Basetest - Scroll down
11:38:54.835 [main] INFO  com.demo.baseutil.Basetest - Validate button is clicked is clickable
11:38:57.623 [main] INFO  com.demo.baseutil.Basetest - Clicked on : button is clicked
11:38:59.626 [main] INFO  com.demo.baseutil.Basetest - Validate email address field is clicked is clickable
11:39:03.123 [main] INFO  com.demo.baseutil.Basetest - Clicked on : email address field is clicked
11:39:03.191 [main] INFO  com.demo.baseutil.Basetest - Enter the value into Email Id Entered
11:39:05.963 [main] INFO  com.demo.baseutil.Basetest - 39701avcyghg@yopmail.com typed into Email Id Entered
11:39:05.965 [main] INFO  com.demo.baseutil.Basetest - Validate Enter the password is clickable
11:39:08.583 [main] INFO  com.demo.baseutil.Basetest - Clicked on : Enter the password
11:39:08.585 [main] INFO  com.demo.baseutil.Basetest - Enter the value into Password Id Entered
11:39:09.094 [main] INFO  com.demo.baseutil.Basetest - Admin@1234 typed into Password Id Entered
11:39:13.168 [main] INFO  com.demo.baseutil.Basetest - Scroll down
11:39:13.169 [main] INFO  com.demo.baseutil.Basetest - Validate Press the signin button is clickable
11:39:19.071 [main] INFO  com.demo.baseutil.Basetest - Clicked on : Press the signin button
11:39:22.107 [main] INFO  com.demo.baseutil.Basetest - Scroll down successful
11:39:23.112 [main] INFO  com.demo.baseutil.Basetest - Validate Press the button is clickable
11:39:26.743 [main] INFO  com.demo.baseutil.Basetest - Clicked on : Press the button
11:39:29.653 [main] INFO  com.demo.baseutil.Basetest - Scroll down successful
11:39:29.654 [main] INFO  com.demo.baseutil.Basetest - Validate Press the signin button is clickable
11:39:32.729 [main] INFO  com.demo.baseutil.Basetest - Clicked on : Press the signin button
11:39:34.743 [main] INFO  com.demo.baseutil.Basetest - Validate Press the button is clickable
11:39:37.458 [main] INFO  com.demo.baseutil.Basetest - Clicked on : Press the button
11:39:40.533 [main] INFO  com.demo.baseutil.Basetest - Validate Click on First is clickable
11:39:43.355 [main] INFO  com.demo.baseutil.Basetest - Clicked on : Click on First
11:39:43.364 [main] INFO  com.demo.baseutil.Basetest - Enter the value into enter the  First
11:39:44.094 [main] INFO  com.demo.baseutil.Basetest - First typed into enter the  First
11:39:44.099 [main] INFO  com.demo.baseutil.Basetest - Validate Click on last is clickable
11:39:46.826 [main] INFO  com.demo.baseutil.Basetest - Clicked on : Click on last
11:39:46.831 [main] INFO  com.demo.baseutil.Basetest - Enter the value into enter the  Last
11:39:47.366 [main] INFO  com.demo.baseutil.Basetest - Last typed into enter the  Last
11:39:47.368 [main] INFO  com.demo.baseutil.Basetest - Validate Click on dest is clickable
11:39:50.083 [main] INFO  com.demo.baseutil.Basetest - Clicked on : Click on dest
11:39:50.086 [main] INFO  com.demo.baseutil.Basetest - Enter the value into enter the  dest
11:39:50.519 [main] INFO  com.demo.baseutil.Basetest - dest typed into enter the  dest
11:39:50.520 [main] INFO  com.demo.baseutil.Basetest - Validate Click on Submit is clickable
11:39:53.164 [main] INFO  com.demo.baseutil.Basetest - Clicked on : Click on Submit
11:39:53.165 [main] INFO  com.demo.baseutil.Basetest - Validate Click on address is clickable
11:39:58.228 [main] INFO  com.demo.baseutil.Basetest - Clicked on : Click on address
11:39:58.230 [main] INFO  com.demo.baseutil.Basetest - Enter the value into enter the  address
11:39:59.015 [main] INFO  com.demo.baseutil.Basetest - 123 William Street, New York, NY, USA typed into enter the  address
11:40:01.029 [main] INFO  com.demo.baseutil.Basetest - Validate comapny name is clicked is clickable
11:40:03.946 [main] INFO  com.demo.baseutil.Basetest - Clicked on : comapny name is clicked
11:40:03.957 [main] INFO  com.demo.baseutil.Basetest - Validate Click on state is clickable
11:40:06.681 [main] INFO  com.demo.baseutil.Basetest - Clicked on : Click on state
11:40:06.684 [main] INFO  com.demo.baseutil.Basetest - Enter the value into Enetered the state
11:40:07.295 [main] INFO  com.demo.baseutil.Basetest - NY typed into Enetered the state
11:40:07.305 [main] INFO  com.demo.baseutil.Basetest - Validate Click on zip is clickable
11:40:09.976 [main] INFO  com.demo.baseutil.Basetest - Clicked on : Click on zip
11:40:09.997 [main] INFO  com.demo.baseutil.Basetest - Enter the value into Enetred the Zip
11:40:10.851 [main] INFO  com.demo.baseutil.Basetest - 10038-3804 typed into Enetred the Zip
11:40:10.852 [main] INFO  com.demo.baseutil.Basetest - Validate Click on city is clickable
11:40:13.461 [main] INFO  com.demo.baseutil.Basetest - Clicked on : Click on city
11:40:13.463 [main] INFO  com.demo.baseutil.Basetest - Enter the value into Enetered the city
11:40:14.105 [main] INFO  com.demo.baseutil.Basetest - New York typed into Enetered the city
11:40:14.113 [main] INFO  com.demo.baseutil.Basetest - Validate Click on country is clickable
11:40:16.845 [main] INFO  com.demo.baseutil.Basetest - Clicked on : Click on country
11:40:16.849 [main] INFO  com.demo.baseutil.Basetest - Enter the value into Enetered the country
11:40:17.617 [main] INFO  com.demo.baseutil.Basetest - United States typed into Enetered the country
11:40:23.844 [main] INFO  com.demo.baseutil.Basetest - Scroll down
11:40:25.858 [main] INFO  com.demo.baseutil.Basetest - Validate Click on Submit is clickable
11:40:28.715 [main] INFO  com.demo.baseutil.Basetest - Clicked on : Click on Submit
11:40:33.743 [main] INFO  com.demo.baseutil.Basetest - Browser is closed sucessfuly
11:40:55.037 [main] INFO  com.demo.baseutil.Basetest - Browser is closed sucessfuly
11:41:19.704 [main] INFO  com.demo.baseutil.Basetest - Validate Sign in with FarmtoPlate account is clickable
11:41:22.694 [main] INFO  com.demo.baseutil.Basetest - Clicked on : Sign in with FarmtoPlate account
11:41:22.731 [main] INFO  com.demo.baseutil.Basetest - Url contains farmtoplateapps.io/login
11:41:22.746 [main] INFO  com.demo.baseutil.Basetest - Sign in title matched
11:41:22.746 [main] INFO  com.demo.baseutil.Basetest - UI verified for Sigin page.
11:41:22.747 [main] INFO  com.demo.baseutil.Basetest - Sign in function call
11:41:22.747 [main] INFO  com.demo.baseutil.Basetest - Validate email address field is clicked is clickable
11:41:25.410 [main] INFO  com.demo.baseutil.Basetest - Clicked on : email address field is clicked
11:41:25.411 [main] INFO  com.demo.baseutil.Basetest - Enter the value into Email Id Entered
11:41:27.497 [main] INFO  com.demo.baseutil.Basetest - 300@yopmail.com typed into Email Id Entered
11:41:27.498 [main] INFO  com.demo.baseutil.Basetest - Validate Enter the password is clickable
11:41:30.142 [main] INFO  com.demo.baseutil.Basetest - Clicked on : Enter the password
11:41:30.147 [main] INFO  com.demo.baseutil.Basetest - Enter the value into Password Id Entered
11:41:30.886 [main] INFO  com.demo.baseutil.Basetest - Admin@1234 typed into Password Id Entered
11:41:34.995 [main] INFO  com.demo.baseutil.Basetest - Scroll down
11:41:34.996 [main] INFO  com.demo.baseutil.Basetest - Validate Press the signin button is clickable
11:41:40.003 [main] INFO  com.demo.baseutil.Basetest - Clicked on : Press the signin button
11:41:42.789 [main] INFO  com.demo.baseutil.Basetest - HomePage title  is matched
11:41:52.808 [main] INFO  com.demo.baseutil.Basetest - Validate click on dashboard is clickable
11:41:55.698 [main] INFO  com.demo.baseutil.Basetest - Clicked on : click on dashboard
11:41:57.710 [main] INFO  com.demo.baseutil.Basetest - Validate click on organisation network is clickable
11:42:00.493 [main] INFO  com.demo.baseutil.Basetest - Clicked on : click on organisation network
11:42:08.216 [main] INFO  com.demo.baseutil.Basetest - Sign in title matched
11:42:08.217 [main] INFO  com.demo.baseutil.Basetest - UI verified for Organisation network page.
11:42:10.625 [main] INFO  com.demo.baseutil.Basetest - Validate click on product register is clickable
11:42:13.787 [main] INFO  com.demo.baseutil.Basetest - Clicked on : click on product register
11:42:21.027 [main] INFO  com.demo.baseutil.Basetest - Sign in title matched
11:42:21.045 [main] INFO  com.demo.baseutil.Basetest - UI verified for Product page.
11:42:22.140 [main] INFO  com.demo.baseutil.Basetest - Validate click on lots is clickable
11:42:25.748 [main] INFO  com.demo.baseutil.Basetest - Clicked on : click on lots
11:42:33.873 [main] INFO  com.demo.baseutil.Basetest - Browser is closed sucessfuly
11:42:47.707 [main] INFO  com.demo.baseutil.Basetest - Browser is closed sucessfuly
11:43:12.630 [main] INFO  com.demo.baseutil.Basetest - Validate Sign in with FarmtoPlate account is clickable
11:43:16.130 [main] INFO  com.demo.baseutil.Basetest - Clicked on : Sign in with FarmtoPlate account
11:43:16.170 [main] INFO  com.demo.baseutil.Basetest - Url contains farmtoplateapps.io/login
11:43:16.194 [main] INFO  com.demo.baseutil.Basetest - Sign in title matched
11:43:16.195 [main] INFO  com.demo.baseutil.Basetest - UI verified for Sigin page.
11:43:16.207 [main] INFO  com.demo.baseutil.Basetest - Sign in function call
11:43:16.208 [main] INFO  com.demo.baseutil.Basetest - Validate email address field is clicked is clickable
11:43:18.982 [main] INFO  com.demo.baseutil.Basetest - Clicked on : email address field is clicked
11:43:18.983 [main] INFO  com.demo.baseutil.Basetest - Enter the value into Email Id Entered
11:43:24.843 [main] INFO  com.demo.baseutil.Basetest - 300@yopmail.com typed into Email Id Entered
11:43:24.845 [main] INFO  com.demo.baseutil.Basetest - Validate Enter the password is clickable
11:43:27.752 [main] INFO  com.demo.baseutil.Basetest - Clicked on : Enter the password
11:43:27.758 [main] INFO  com.demo.baseutil.Basetest - Enter the value into Password Id Entered
11:43:28.425 [main] INFO  com.demo.baseutil.Basetest - Admin@1234 typed into Password Id Entered
11:43:32.564 [main] INFO  com.demo.baseutil.Basetest - Scroll down
11:43:32.565 [main] INFO  com.demo.baseutil.Basetest - Validate Press the signin button is clickable
11:43:37.681 [main] INFO  com.demo.baseutil.Basetest - Clicked on : Press the signin button
11:43:44.944 [main] INFO  com.demo.baseutil.Basetest - HomePage title  is matched
11:43:55.005 [main] INFO  com.demo.baseutil.Basetest - Validate Network Management is clicked is clickable
11:43:59.178 [main] INFO  com.demo.baseutil.Basetest - Clicked on : Network Management is clicked
11:44:04.198 [main] INFO  com.demo.baseutil.Basetest - Validate Add new is clicked is clickable
11:44:07.606 [main] INFO  com.demo.baseutil.Basetest - Clicked on : Add new is clicked
11:44:09.631 [main] INFO  com.demo.baseutil.Basetest - Validate Organisation Name is clicked is clickable
11:44:13.167 [main] INFO  com.demo.baseutil.Basetest - Clicked on : Organisation Name is clicked
11:44:13.170 [main] INFO  com.demo.baseutil.Basetest - Enter the value into Organisation is Entered
11:44:13.913 [main] INFO  com.demo.baseutil.Basetest - onnXkjaV typed into Organisation is Entered
11:44:13.914 [main] INFO  com.demo.baseutil.Basetest - Validate Organisation type is clicked is clickable
11:44:16.560 [main] INFO  com.demo.baseutil.Basetest - Clicked on : Organisation type is clicked
11:44:16.563 [main] INFO  com.demo.baseutil.Basetest - Validate upstream is selected is clickable
11:44:19.158 [main] INFO  com.demo.baseutil.Basetest - Clicked on : upstream is selected
11:44:19.160 [main] INFO  com.demo.baseutil.Basetest - Validate Organisation role is clicked is clickable
11:44:21.910 [main] INFO  com.demo.baseutil.Basetest - Clicked on : Organisation role is clicked
11:44:21.911 [main] INFO  com.demo.baseutil.Basetest - Validate Organisation role is selected is clickable
11:44:24.525 [main] INFO  com.demo.baseutil.Basetest - Clicked on : Organisation role is selected
11:44:24.528 [main] INFO  com.demo.baseutil.Basetest - Validate module is clicked is clickable
11:44:27.267 [main] INFO  com.demo.baseutil.Basetest - Clicked on : module is clicked
11:44:27.269 [main] INFO  com.demo.baseutil.Basetest - Validate module is selected is clickable
11:44:29.943 [main] INFO  com.demo.baseutil.Basetest - Clicked on : module is selected
11:44:29.944 [main] INFO  com.demo.baseutil.Basetest - Validate email field is clicked is clickable
11:44:32.597 [main] INFO  com.demo.baseutil.Basetest - Clicked on : email field is clicked
11:44:32.609 [main] INFO  com.demo.baseutil.Basetest - Enter the value into emailid is Entered
11:44:33.650 [main] INFO  com.demo.baseutil.Basetest - VOvdnyVG658@yopmail.com typed into emailid is Entered
11:44:34.655 [main] INFO  com.demo.baseutil.Basetest - Validate sendinvite button is clicked is clickable
11:44:37.286 [main] INFO  com.demo.baseutil.Basetest - Clicked on : sendinvite button is clicked
11:44:39.288 [main] INFO  com.demo.baseutil.Basetest - Validate submit is selected is clickable
11:44:41.950 [main] INFO  com.demo.baseutil.Basetest - Clicked on : submit is selected
11:44:57.507 [main] INFO  com.demo.baseutil.Basetest - Validate Email address input field is clicked is clickable
11:45:00.241 [main] INFO  com.demo.baseutil.Basetest - Clicked on : Email address input field is clicked
11:45:00.245 [main] INFO  com.demo.baseutil.Basetest - Enter the value into email address is entered
11:45:01.090 [main] INFO  com.demo.baseutil.Basetest - VOvdnyVG658@yopmail.com typed into email address is entered
11:45:01.091 [main] INFO  com.demo.baseutil.Basetest - Validate arrow button is clicked is clickable
11:45:05.347 [main] INFO  com.demo.baseutil.Basetest - Clicked on : arrow button is clicked
11:45:08.538 [main] INFO  com.demo.baseutil.Basetest - Validate first email is clicked is clickable
11:45:11.426 [main] INFO  com.demo.baseutil.Basetest - Clicked on : first email is clicked
11:45:13.657 [main] INFO  com.demo.baseutil.Basetest - Validate email address is clicked is clickable
11:45:16.721 [main] INFO  com.demo.baseutil.Basetest - Clicked on : email address is clicked
11:45:18.842 [main] INFO  com.demo.baseutil.Basetest - Validate pass is clicked is clickable
11:45:21.878 [main] INFO  com.demo.baseutil.Basetest - Clicked on : pass is clicked
11:45:21.881 [main] INFO  com.demo.baseutil.Basetest - Enter the value into Password is entered
11:45:23.263 [main] INFO  com.demo.baseutil.Basetest - Admin@1234 typed into Password is entered
11:45:23.264 [main] INFO  com.demo.baseutil.Basetest - Validate confirm password is clicked is clickable
11:45:25.877 [main] INFO  com.demo.baseutil.Basetest - Clicked on : confirm password is clicked
11:45:25.881 [main] INFO  com.demo.baseutil.Basetest - Enter the value into Confirm Password is entered
11:45:26.475 [main] INFO  com.demo.baseutil.Basetest - Admin@1234 typed into Confirm Password is entered
11:45:32.608 [main] INFO  com.demo.baseutil.Basetest - Scroll down
11:45:32.609 [main] INFO  com.demo.baseutil.Basetest - Validate button is clicked is clickable
11:45:35.334 [main] INFO  com.demo.baseutil.Basetest - Clicked on : button is clicked
11:45:37.347 [main] INFO  com.demo.baseutil.Basetest - Validate email address field is clicked is clickable
11:45:40.178 [main] INFO  com.demo.baseutil.Basetest - Clicked on : email address field is clicked
11:45:40.179 [main] INFO  com.demo.baseutil.Basetest - Enter the value into Email Id Entered
11:45:41.097 [main] INFO  com.demo.baseutil.Basetest - VOvdnyVG658@yopmail.com typed into Email Id Entered
11:45:41.097 [main] INFO  com.demo.baseutil.Basetest - Validate Enter the password is clickable
11:45:43.798 [main] INFO  com.demo.baseutil.Basetest - Clicked on : Enter the password
11:45:43.806 [main] INFO  com.demo.baseutil.Basetest - Enter the value into Password Id Entered
11:45:44.410 [main] INFO  com.demo.baseutil.Basetest - Admin@1234 typed into Password Id Entered
11:45:48.492 [main] INFO  com.demo.baseutil.Basetest - Scroll down
11:45:48.493 [main] INFO  com.demo.baseutil.Basetest - Validate Press the signin button is clickable
11:45:54.161 [main] INFO  com.demo.baseutil.Basetest - Clicked on : Press the signin button
11:46:00.166 [main] INFO  com.demo.baseutil.Basetest - Validate Press the continue button is clickable
11:46:03.356 [main] INFO  com.demo.baseutil.Basetest - Clicked on : Press the continue button
11:46:03.393 [main] INFO  com.demo.baseutil.Basetest - Scroll down successful
11:46:07.495 [main] INFO  com.demo.baseutil.Basetest - Scroll down
11:46:12.537 [main] INFO  com.demo.baseutil.Basetest - Scroll down successful
11:46:12.538 [main] INFO  com.demo.baseutil.Basetest - Validate Press the signin button is clickable
11:46:15.286 [main] INFO  com.demo.baseutil.Basetest - Clicked on : Press the signin button
11:46:15.288 [main] INFO  com.demo.baseutil.Basetest - Validate Press the button is clickable
11:46:18.060 [main] INFO  com.demo.baseutil.Basetest - Clicked on : Press the button
11:46:18.762 [main] INFO  com.demo.baseutil.Basetest - Browser is closed sucessfuly
11:46:21.925 [main] INFO  com.demo.baseutil.Basetest - Browser is closed sucessfuly
11:46:53.428 [main] INFO  com.demo.baseutil.Basetest - Validate Sign in with FarmtoPlate account is clickable
11:46:57.039 [main] INFO  com.demo.baseutil.Basetest - Clicked on : Sign in with FarmtoPlate account
11:46:57.700 [main] INFO  com.demo.baseutil.Basetest - Url contains farmtoplateapps.io/login
11:46:57.776 [main] INFO  com.demo.baseutil.Basetest - Sign in title matched
11:46:57.776 [main] INFO  com.demo.baseutil.Basetest - UI verified for Sigin page.
11:46:57.785 [main] INFO  com.demo.baseutil.Basetest - Sign in function call
11:46:57.785 [main] INFO  com.demo.baseutil.Basetest - Validate email address field is clicked is clickable
11:47:03.791 [main] INFO  com.demo.baseutil.Basetest - Clicked on : email address field is clicked
11:47:03.792 [main] INFO  com.demo.baseutil.Basetest - Enter the value into Email Id Entered
11:47:04.702 [main] INFO  com.demo.baseutil.Basetest - 300@yopmail.com typed into Email Id Entered
11:47:04.704 [main] INFO  com.demo.baseutil.Basetest - Validate Enter the password is clickable
11:47:07.463 [main] INFO  com.demo.baseutil.Basetest - Clicked on : Enter the password
11:47:07.466 [main] INFO  com.demo.baseutil.Basetest - Enter the value into Password Id Entered
11:47:07.920 [main] INFO  com.demo.baseutil.Basetest - Admin@1234 typed into Password Id Entered
11:47:12.007 [main] INFO  com.demo.baseutil.Basetest - Scroll down
11:47:12.008 [main] INFO  com.demo.baseutil.Basetest - Validate Press the signin button is clickable
11:47:18.645 [main] INFO  com.demo.baseutil.Basetest - Clicked on : Press the signin button
11:47:22.130 [main] INFO  com.demo.baseutil.Basetest - HomePage title  is matched
11:47:34.297 [main] INFO  com.demo.baseutil.Basetest - Validate Asset & Infrastructure Data is clicked is clickable
11:47:37.886 [main] INFO  com.demo.baseutil.Basetest - Clicked on : Asset & Infrastructure Data is clicked
11:47:39.899 [main] INFO  com.demo.baseutil.Basetest - Validate Assets is clicked is clickable
11:47:44.576 [main] INFO  com.demo.baseutil.Basetest - Clicked on : Assets is clicked
11:47:46.690 [main] INFO  com.demo.baseutil.Basetest - Validate Add new is clicked is clickable
11:47:51.348 [main] INFO  com.demo.baseutil.Basetest - Clicked on : Add new is clicked
11:47:53.366 [main] INFO  com.demo.baseutil.Basetest - Validate Asset type is clicked is clickable
11:47:56.046 [main] INFO  com.demo.baseutil.Basetest - Clicked on : Asset type is clicked
11:47:56.095 [main] INFO  com.demo.baseutil.Basetest - Validate vehicle is selected is clickable
11:47:59.234 [main] INFO  com.demo.baseutil.Basetest - Clicked on : vehicle is selected
11:47:59.238 [main] INFO  com.demo.baseutil.Basetest - Validate Click on Vehicle Name is clickable
11:48:02.197 [main] INFO  com.demo.baseutil.Basetest - Clicked on : Click on Vehicle Name
11:48:02.207 [main] INFO  com.demo.baseutil.Basetest - Enter the value into enter the vehicle name
11:48:02.917 [main] INFO  com.demo.baseutil.Basetest - Loading VehicleZrq typed into enter the vehicle name
11:48:02.919 [main] INFO  com.demo.baseutil.Basetest - Validate Click on Vehicle Number is clickable
11:48:05.632 [main] INFO  com.demo.baseutil.Basetest - Clicked on : Click on Vehicle Number
11:48:05.637 [main] INFO  com.demo.baseutil.Basetest - Enter the value into Enter the vehicle number
11:48:06.155 [main] INFO  com.demo.baseutil.Basetest - Hvbyrjzs typed into Enter the vehicle number
11:48:06.158 [main] INFO  com.demo.baseutil.Basetest - Validate click the dropdown of carrier is clickable
11:48:08.679 [main] INFO  com.demo.baseutil.Basetest - Clicked on : click the dropdown of carrier
11:48:08.683 [main] INFO  com.demo.baseutil.Basetest - Validate click the tanker is clickable
11:48:11.463 [main] INFO  com.demo.baseutil.Basetest - Clicked on : click the tanker
11:48:11.465 [main] INFO  com.demo.baseutil.Basetest - Validate Click on Make is clickable
11:48:14.171 [main] INFO  com.demo.baseutil.Basetest - Clicked on : Click on Make
11:48:14.174 [main] INFO  com.demo.baseutil.Basetest - Enter the value into enter the make
11:48:14.565 [main] INFO  com.demo.baseutil.Basetest - Mahindra typed into enter the make
11:48:14.567 [main] INFO  com.demo.baseutil.Basetest - Validate Click on Model is clickable
11:48:17.389 [main] INFO  com.demo.baseutil.Basetest - Clicked on : Click on Model
11:48:17.392 [main] INFO  com.demo.baseutil.Basetest - Enter the value into enter the model
11:48:18.007 [main] INFO  com.demo.baseutil.Basetest - XUV typed into enter the model
11:48:18.007 [main] INFO  com.demo.baseutil.Basetest - Validate Click on Model is clickable
11:48:20.537 [main] INFO  com.demo.baseutil.Basetest - Clicked on : Click on Model
11:48:20.538 [main] INFO  com.demo.baseutil.Basetest - Enter the value into enter the model
11:48:21.609 [main] INFO  com.demo.baseutil.Basetest - XUV typed into enter the model
11:48:21.611 [main] INFO  com.demo.baseutil.Basetest - Validate Click on Vehicle Number is clickable
11:48:24.256 [main] INFO  com.demo.baseutil.Basetest - Clicked on : Click on Vehicle Number
11:48:24.263 [main] INFO  com.demo.baseutil.Basetest - Enter the value into Enter the engine number
11:48:24.861 [main] INFO  com.demo.baseutil.Basetest - jjbRqikU typed into Enter the engine number
11:48:24.863 [main] INFO  com.demo.baseutil.Basetest - Validate Click on Class-GVWR is clickable
11:48:27.488 [main] INFO  com.demo.baseutil.Basetest - Clicked on : Click on Class-GVWR
11:48:27.490 [main] INFO  com.demo.baseutil.Basetest - Enter the value into enter the classgvwr
11:48:27.965 [main] INFO  com.demo.baseutil.Basetest - Class I typed into enter the classgvwr
11:48:27.966 [main] INFO  com.demo.baseutil.Basetest - Validate Click on Weight Capacity is clickable
11:48:30.553 [main] INFO  com.demo.baseutil.Basetest - Clicked on : Click on Weight Capacity
11:48:30.555 [main] INFO  com.demo.baseutil.Basetest - Enter the value into enter the weight capacity
11:48:31.100 [main] INFO  com.demo.baseutil.Basetest - 100 typed into enter the weight capacity
11:48:35.204 [main] INFO  com.demo.baseutil.Basetest - Scroll down
11:48:35.256 [main] INFO  com.demo.baseutil.Basetest - Scroll down successful
11:48:35.258 [main] INFO  com.demo.baseutil.Basetest - Validate Click on Add button is clickable
11:48:38.057 [main] INFO  com.demo.baseutil.Basetest - Clicked on : Click on Add button
11:48:39.720 [main] INFO  com.demo.baseutil.Basetest - Browser is closed sucessfuly
11:48:41.213 [main] INFO  com.demo.baseutil.Basetest - Browser is closed sucessfuly
11:49:12.716 [main] INFO  com.demo.baseutil.Basetest - Validate Sign in with FarmtoPlate account is clickable
11:49:18.162 [main] INFO  com.demo.baseutil.Basetest - Clicked on : Sign in with FarmtoPlate account
11:49:18.222 [main] INFO  com.demo.baseutil.Basetest - Url contains farmtoplateapps.io/login
11:49:18.255 [main] INFO  com.demo.baseutil.Basetest - Sign in title matched
11:49:18.256 [main] INFO  com.demo.baseutil.Basetest - UI verified for Sigin page.
11:49:18.258 [main] INFO  com.demo.baseutil.Basetest - Sign in function call
11:49:18.259 [main] INFO  com.demo.baseutil.Basetest - Validate email address field is clicked is clickable
11:49:21.244 [main] INFO  com.demo.baseutil.Basetest - Clicked on : email address field is clicked
11:49:21.246 [main] INFO  com.demo.baseutil.Basetest - Enter the value into Email Id Entered
11:49:22.021 [main] INFO  com.demo.baseutil.Basetest - 300@yopmail.com typed into Email Id Entered
11:49:22.024 [main] INFO  com.demo.baseutil.Basetest - Validate Enter the password is clickable
11:49:24.601 [main] INFO  com.demo.baseutil.Basetest - Clicked on : Enter the password
11:49:24.602 [main] INFO  com.demo.baseutil.Basetest - Enter the value into Password Id Entered
11:49:25.454 [main] INFO  com.demo.baseutil.Basetest - Admin@1234 typed into Password Id Entered
11:49:29.800 [main] INFO  com.demo.baseutil.Basetest - Scroll down
11:49:29.800 [main] INFO  com.demo.baseutil.Basetest - Validate Press the signin button is clickable
11:49:34.467 [main] INFO  com.demo.baseutil.Basetest - Clicked on : Press the signin button
11:49:38.238 [main] INFO  com.demo.baseutil.Basetest - HomePage title  is matched
11:49:50.557 [main] INFO  com.demo.baseutil.Basetest - Validate Asset & Infrastructure Data is clicked is clickable
11:49:53.345 [main] INFO  com.demo.baseutil.Basetest - Clicked on : Asset & Infrastructure Data is clicked
11:49:55.355 [main] INFO  com.demo.baseutil.Basetest - Validate Infra is clicked is clickable
11:49:58.613 [main] INFO  com.demo.baseutil.Basetest - Clicked on : Infra is clicked
11:50:00.620 [main] INFO  com.demo.baseutil.Basetest - Validate Add new is clicked is clickable
11:50:04.350 [main] INFO  com.demo.baseutil.Basetest - Clicked on : Add new is clicked
11:50:06.361 [main] INFO  com.demo.baseutil.Basetest - Validate Click on Location Name is clickable
11:50:09.052 [main] INFO  com.demo.baseutil.Basetest - Clicked on : Click on Location Name
11:50:09.054 [main] INFO  com.demo.baseutil.Basetest - Enter the value into enter the location name
11:50:09.492 [main] INFO  com.demo.baseutil.Basetest - Warehouse B typed into enter the location name
11:50:09.493 [main] INFO  com.demo.baseutil.Basetest - Validate Asset type is clicked is clickable
11:50:12.177 [main] INFO  com.demo.baseutil.Basetest - Clicked on : Asset type is clicked
11:50:12.178 [main] INFO  com.demo.baseutil.Basetest - Validate vehicle is selected is clickable
11:50:14.753 [main] INFO  com.demo.baseutil.Basetest - Clicked on : vehicle is selected
11:50:14.758 [main] INFO  com.demo.baseutil.Basetest - Validate Click on GLN is clickable
11:50:17.535 [main] INFO  com.demo.baseutil.Basetest - Clicked on : Click on GLN
11:50:17.540 [main] INFO  com.demo.baseutil.Basetest - Enter the value into enter the GLN
11:50:18.121 [main] INFO  com.demo.baseutil.Basetest - 9370744042604 typed into enter the GLN
11:50:18.122 [main] INFO  com.demo.baseutil.Basetest - Validate Click on address is clickable
11:50:20.690 [main] INFO  com.demo.baseutil.Basetest - Clicked on : Click on address
11:50:20.697 [main] INFO  com.demo.baseutil.Basetest - Enter the value into enter the  address
11:50:21.885 [main] INFO  com.demo.baseutil.Basetest - Bangalore Palace, Palace Cross Road, Vasanth Nagar, Bengaluru, Karnataka, India typed into enter the  address
11:50:21.886 [main] INFO  com.demo.baseutil.Basetest - Validate Click on state is clickable
11:50:24.441 [main] INFO  com.demo.baseutil.Basetest - Clicked on : Click on state
11:50:24.446 [main] INFO  com.demo.baseutil.Basetest - Enter the value into Enetered the state
11:50:25.045 [main] INFO  com.demo.baseutil.Basetest - KA typed into Enetered the state
11:50:25.046 [main] INFO  com.demo.baseutil.Basetest - Validate Click on city is clickable
11:50:27.752 [main] INFO  com.demo.baseutil.Basetest - Clicked on : Click on city
11:50:27.754 [main] INFO  com.demo.baseutil.Basetest - Enter the value into Enetered the city
11:50:28.496 [main] INFO  com.demo.baseutil.Basetest - Bengaluru typed into Enetered the city
11:50:28.498 [main] INFO  com.demo.baseutil.Basetest - Validate Click on country is clickable
11:50:31.188 [main] INFO  com.demo.baseutil.Basetest - Clicked on : Click on country
11:50:31.193 [main] INFO  com.demo.baseutil.Basetest - Enter the value into Enetered the city
11:50:31.722 [main] INFO  com.demo.baseutil.Basetest - India typed into Enetered the city
11:50:31.728 [main] INFO  com.demo.baseutil.Basetest - Validate Click on zip is clickable
11:50:34.687 [main] INFO  com.demo.baseutil.Basetest - Clicked on : Click on zip
11:50:34.689 [main] INFO  com.demo.baseutil.Basetest - Enter the value into Enetred the Zip
11:50:35.300 [main] INFO  com.demo.baseutil.Basetest - 560052 typed into Enetred the Zip
11:50:39.412 [main] INFO  com.demo.baseutil.Basetest - Scroll down
11:50:39.412 [main] INFO  com.demo.baseutil.Basetest - Validate Click on Add button is clickable
11:50:42.475 [main] INFO  com.demo.baseutil.Basetest - Clicked on : Click on Add button
11:50:44.448 [main] INFO  com.demo.baseutil.Basetest - Browser is closed sucessfuly
11:50:48.153 [main] INFO  com.demo.baseutil.Basetest - Browser is closed sucessfuly
11:51:07.794 [main] INFO  com.demo.baseutil.Basetest - Validate Sign in with FarmtoPlate account is clickable
11:51:11.070 [main] INFO  com.demo.baseutil.Basetest - Clicked on : Sign in with FarmtoPlate account
11:51:12.065 [main] INFO  com.demo.baseutil.Basetest - Url contains farmtoplateapps.io/login
11:51:12.082 [main] INFO  com.demo.baseutil.Basetest - Sign in title matched
11:51:12.082 [main] INFO  com.demo.baseutil.Basetest - UI verified for Sigin page.
11:51:12.084 [main] INFO  com.demo.baseutil.Basetest - Sign in function call
11:51:12.084 [main] INFO  com.demo.baseutil.Basetest - Validate email address field is clicked is clickable
11:51:14.619 [main] INFO  com.demo.baseutil.Basetest - Clicked on : email address field is clicked
11:51:14.620 [main] INFO  com.demo.baseutil.Basetest - Enter the value into Email Id Entered
11:51:15.316 [main] INFO  com.demo.baseutil.Basetest - 300@yopmail.com typed into Email Id Entered
11:51:15.317 [main] INFO  com.demo.baseutil.Basetest - Validate Enter the password is clickable
11:51:17.912 [main] INFO  com.demo.baseutil.Basetest - Clicked on : Enter the password
11:51:17.914 [main] INFO  com.demo.baseutil.Basetest - Enter the value into Password Id Entered
11:51:18.381 [main] INFO  com.demo.baseutil.Basetest - Admin@1234 typed into Password Id Entered
11:51:22.503 [main] INFO  com.demo.baseutil.Basetest - Scroll down
11:51:22.503 [main] INFO  com.demo.baseutil.Basetest - Validate Press the signin button is clickable
11:51:29.180 [main] INFO  com.demo.baseutil.Basetest - Clicked on : Press the signin button
11:51:31.961 [main] INFO  com.demo.baseutil.Basetest - HomePage title  is matched
11:51:44.152 [main] INFO  com.demo.baseutil.Basetest - Validate Asset & Infrastructure Data is clicked is clickable
11:51:49.315 [main] INFO  com.demo.baseutil.Basetest - Clicked on : Asset & Infrastructure Data is clicked
11:51:51.325 [main] INFO  com.demo.baseutil.Basetest - Validate Assets is clicked is clickable
11:51:54.747 [main] INFO  com.demo.baseutil.Basetest - Clicked on : Assets is clicked
11:51:56.858 [main] INFO  com.demo.baseutil.Basetest - Validate Add new is clicked is clickable
11:52:00.171 [main] INFO  com.demo.baseutil.Basetest - Clicked on : Add new is clicked
11:52:02.198 [main] INFO  com.demo.baseutil.Basetest - Validate Asset type is clicked is clickable
11:52:04.995 [main] INFO  com.demo.baseutil.Basetest - Clicked on : Asset type is clicked
11:52:05.011 [main] INFO  com.demo.baseutil.Basetest - Validate Click on Vehicle Name is clickable
11:52:07.650 [main] INFO  com.demo.baseutil.Basetest - Clicked on : Click on Vehicle Name
11:52:09.652 [main] INFO  com.demo.baseutil.Basetest - Validate container name is clicked is clickable
11:52:12.397 [main] INFO  com.demo.baseutil.Basetest - Clicked on : container name is clicked
11:52:12.399 [main] INFO  com.demo.baseutil.Basetest - Enter the value into enter the container name
11:52:13.135 [main] INFO  com.demo.baseutil.Basetest - container732732 typed into enter the container name
11:52:15.194 [main] INFO  com.demo.baseutil.Basetest - Validate length is clicked is clickable
11:52:17.777 [main] INFO  com.demo.baseutil.Basetest - Clicked on : length is clicked
11:52:19.787 [main] INFO  com.demo.baseutil.Basetest - Enter the value into enter the length
11:52:20.380 [main] INFO  com.demo.baseutil.Basetest - 10 typed into enter the length
11:52:20.382 [main] INFO  com.demo.baseutil.Basetest - Validate breadth is clicked is clickable
11:52:22.920 [main] INFO  com.demo.baseutil.Basetest - Clicked on : breadth is clicked
11:52:22.922 [main] INFO  com.demo.baseutil.Basetest - Enter the value into breath entered
11:52:23.366 [main] INFO  com.demo.baseutil.Basetest - 10 typed into breath entered
11:52:25.370 [main] INFO  com.demo.baseutil.Basetest - Validate height is clicked is clickable
11:52:28.012 [main] INFO  com.demo.baseutil.Basetest - Clicked on : height is clicked
11:52:30.022 [main] INFO  com.demo.baseutil.Basetest - Enter the value into height entered
11:52:30.448 [main] INFO  com.demo.baseutil.Basetest - 20 typed into height entered
11:52:32.461 [main] INFO  com.demo.baseutil.Basetest - Validate dom is clicked is clickable
11:52:35.105 [main] INFO  com.demo.baseutil.Basetest - Clicked on : dom is clicked
11:52:37.117 [main] INFO  com.demo.baseutil.Basetest - Validate ft is clicked is clickable
11:52:39.685 [main] INFO  com.demo.baseutil.Basetest - Clicked on : ft is clicked
11:52:41.698 [main] INFO  com.demo.baseutil.Basetest - Validate wt is clicked is clickable
11:52:44.313 [main] INFO  com.demo.baseutil.Basetest - Clicked on : wt is clicked
11:52:46.327 [main] INFO  com.demo.baseutil.Basetest - Enter the value into weight entered
11:52:47.008 [main] INFO  com.demo.baseutil.Basetest - 1000 typed into weight entered
11:52:49.012 [main] INFO  com.demo.baseutil.Basetest - Validate wtcap is clicked is clickable
11:52:51.777 [main] INFO  com.demo.baseutil.Basetest - Clicked on : wtcap is clicked
11:52:53.797 [main] INFO  com.demo.baseutil.Basetest - Validate tons is clicked is clickable
11:52:56.447 [main] INFO  com.demo.baseutil.Basetest - Clicked on : tons is clicked
11:52:58.459 [main] INFO  com.demo.baseutil.Basetest - Validate Click on Add button is clickable
11:53:01.190 [main] INFO  com.demo.baseutil.Basetest - Clicked on : Click on Add button
11:53:07.950 [main] INFO  com.demo.baseutil.Basetest - Browser is closed sucessfuly
11:53:11.210 [main] INFO  com.demo.baseutil.Basetest - Browser is closed sucessfuly
11:53:33.528 [main] INFO  com.demo.baseutil.Basetest - Validate Sign in with FarmtoPlate account is clickable
11:53:36.764 [main] INFO  com.demo.baseutil.Basetest - Clicked on : Sign in with FarmtoPlate account
11:53:36.817 [main] INFO  com.demo.baseutil.Basetest - Url contains farmtoplateapps.io/login
11:53:36.830 [main] INFO  com.demo.baseutil.Basetest - Sign in title matched
11:53:36.830 [main] INFO  com.demo.baseutil.Basetest - UI verified for Sigin page.
11:53:36.831 [main] INFO  com.demo.baseutil.Basetest - Sign in function call
11:53:36.832 [main] INFO  com.demo.baseutil.Basetest - Validate email address field is clicked is clickable
11:53:39.878 [main] INFO  com.demo.baseutil.Basetest - Clicked on : email address field is clicked
11:53:39.880 [main] INFO  com.demo.baseutil.Basetest - Enter the value into Email Id Entered
11:53:40.888 [main] INFO  com.demo.baseutil.Basetest - 300@yopmail.com typed into Email Id Entered
11:53:40.888 [main] INFO  com.demo.baseutil.Basetest - Validate Enter the password is clickable
11:53:43.501 [main] INFO  com.demo.baseutil.Basetest - Clicked on : Enter the password
11:53:43.506 [main] INFO  com.demo.baseutil.Basetest - Enter the value into Password Id Entered
11:53:43.928 [main] INFO  com.demo.baseutil.Basetest - Admin@1234 typed into Password Id Entered
11:53:48.066 [main] INFO  com.demo.baseutil.Basetest - Scroll down
11:53:48.067 [main] INFO  com.demo.baseutil.Basetest - Validate Press the signin button is clickable
11:53:55.610 [main] INFO  com.demo.baseutil.Basetest - Clicked on : Press the signin button
11:53:58.834 [main] INFO  com.demo.baseutil.Basetest - HomePage title  is matched
11:54:16.448 [main] INFO  com.demo.baseutil.Basetest - Validate User Management is clicked is clickable
11:54:29.120 [main] INFO  com.demo.baseutil.Basetest - Clicked on : User Management is clicked
11:54:31.128 [main] INFO  com.demo.baseutil.Basetest - Validate users is clicked is clickable
11:54:35.299 [main] INFO  com.demo.baseutil.Basetest - Clicked on : users is clicked
11:54:37.311 [main] INFO  com.demo.baseutil.Basetest - Validate Add new is clicked is clickable
11:54:41.030 [main] INFO  com.demo.baseutil.Basetest - Clicked on : Add new is clicked
11:54:43.063 [main] INFO  com.demo.baseutil.Basetest - Validate first name is clicked is clickable
11:54:46.350 [main] INFO  com.demo.baseutil.Basetest - Clicked on : first name is clicked
11:54:48.362 [main] INFO  com.demo.baseutil.Basetest - Enter the value into first name is entered
11:54:51.092 [main] INFO  com.demo.baseutil.Basetest - abc typed into first name is entered
11:54:53.134 [main] INFO  com.demo.baseutil.Basetest - Validate last name is clicked is clickable
11:54:57.883 [main] INFO  com.demo.baseutil.Basetest - Clicked on : last name is clicked
11:54:59.927 [main] INFO  com.demo.baseutil.Basetest - Enter the value into lastname name is entered
11:55:04.811 [main] INFO  com.demo.baseutil.Basetest - abc typed into lastname name is entered
11:55:06.820 [main] INFO  com.demo.baseutil.Basetest - Validate modulename is clicked is clickable
11:55:10.029 [main] INFO  com.demo.baseutil.Basetest - Clicked on : modulename is clicked
11:55:12.037 [main] INFO  com.demo.baseutil.Basetest - Validate module name is clicked is clickable
11:55:14.798 [main] INFO  com.demo.baseutil.Basetest - Clicked on : module name is clicked
11:55:16.810 [main] INFO  com.demo.baseutil.Basetest - Validate assignrole is clicked is clickable
11:55:19.611 [main] INFO  com.demo.baseutil.Basetest - Clicked on : assignrole is clicked
11:55:21.623 [main] INFO  com.demo.baseutil.Basetest - Validate assignitem is clicked is clickable
11:55:24.396 [main] INFO  com.demo.baseutil.Basetest - Clicked on : assignitem is clicked
11:55:26.405 [main] INFO  com.demo.baseutil.Basetest - Validate emailuser is clicked is clickable
11:55:29.434 [main] INFO  com.demo.baseutil.Basetest - Clicked on : emailuser is clicked
11:55:31.452 [main] INFO  com.demo.baseutil.Basetest - Enter the value into eamil is entered
11:55:33.039 [main] INFO  com.demo.baseutil.Basetest - abc622@yopmail.com typed into eamil is entered
11:55:35.052 [main] INFO  com.demo.baseutil.Basetest - Validate countrycode is clicked is clickable
11:55:37.978 [main] INFO  com.demo.baseutil.Basetest - Clicked on : countrycode is clicked
11:55:39.987 [main] INFO  com.demo.baseutil.Basetest - Enter the value into countrycode is entered
11:55:42.675 [main] INFO  com.demo.baseutil.Basetest - +91 typed into countrycode is entered
11:55:46.691 [main] INFO  com.demo.baseutil.Basetest - Validate countrycode select is clicked is clickable
11:55:49.375 [main] INFO  com.demo.baseutil.Basetest - Clicked on : countrycode select is clicked
11:55:51.381 [main] INFO  com.demo.baseutil.Basetest - Validate phnumber is clicked is clickable
11:55:54.540 [main] INFO  com.demo.baseutil.Basetest - Clicked on : phnumber is clicked
11:55:56.553 [main] INFO  com.demo.baseutil.Basetest - Enter the value into phnumber is entered
11:55:57.847 [main] INFO  com.demo.baseutil.Basetest - 8062847521 typed into phnumber is entered
11:56:01.851 [main] INFO  com.demo.baseutil.Basetest - Validate send invite user  is clicked is clickable
11:56:04.675 [main] INFO  com.demo.baseutil.Basetest - Clicked on : send invite user  is clicked
11:56:09.338 [main] INFO  com.demo.baseutil.Basetest - Validate Email address input field is clicked is clickable
11:56:14.612 [main] INFO  com.demo.baseutil.Basetest - Clicked on : Email address input field is clicked
11:56:14.614 [main] INFO  com.demo.baseutil.Basetest - Enter the value into email address is entered
11:56:15.142 [main] INFO  com.demo.baseutil.Basetest - abc622@yopmail.com typed into email address is entered
11:56:15.143 [main] INFO  com.demo.baseutil.Basetest - Validate arrow button is clicked is clickable
11:56:19.206 [main] INFO  com.demo.baseutil.Basetest - Clicked on : arrow button is clicked
11:56:22.380 [main] INFO  com.demo.baseutil.Basetest - Validate first email is clicked is clickable
11:56:25.110 [main] INFO  com.demo.baseutil.Basetest - Clicked on : first email is clicked
11:56:27.265 [main] INFO  com.demo.baseutil.Basetest - Validate email address is clicked is clickable
11:56:30.834 [main] INFO  com.demo.baseutil.Basetest - Clicked on : email address is clicked
11:56:32.912 [main] INFO  com.demo.baseutil.Basetest - Validate pass is clicked is clickable
11:56:36.040 [main] INFO  com.demo.baseutil.Basetest - Clicked on : pass is clicked
11:56:36.042 [main] INFO  com.demo.baseutil.Basetest - Enter the value into Password is entered
11:56:37.929 [main] INFO  com.demo.baseutil.Basetest - Admin@1234 typed into Password is entered
11:56:37.930 [main] INFO  com.demo.baseutil.Basetest - Validate confirm password is clicked is clickable
11:56:40.643 [main] INFO  com.demo.baseutil.Basetest - Clicked on : confirm password is clicked
11:56:40.644 [main] INFO  com.demo.baseutil.Basetest - Enter the value into Confirm Password is entered
11:56:41.143 [main] INFO  com.demo.baseutil.Basetest - Admin@1234 typed into Confirm Password is entered
11:56:43.194 [main] INFO  com.demo.baseutil.Basetest - Scroll down successful
11:56:43.213 [main] INFO  com.demo.baseutil.Basetest - Validate button is clicked is clickable
11:56:46.175 [main] INFO  com.demo.baseutil.Basetest - Clicked on : button is clicked
11:56:48.192 [main] INFO  com.demo.baseutil.Basetest - Validate email address field is clicked is clickable
11:56:50.995 [main] INFO  com.demo.baseutil.Basetest - Clicked on : email address field is clicked
11:56:51.000 [main] INFO  com.demo.baseutil.Basetest - Enter the value into Email Id Entered
11:56:51.720 [main] INFO  com.demo.baseutil.Basetest - abc622@yopmail.com typed into Email Id Entered
11:56:51.724 [main] INFO  com.demo.baseutil.Basetest - Validate Enter the password is clickable
11:56:54.471 [main] INFO  com.demo.baseutil.Basetest - Clicked on : Enter the password
11:56:54.474 [main] INFO  com.demo.baseutil.Basetest - Enter the value into Password Id Entered
11:56:55.187 [main] INFO  com.demo.baseutil.Basetest - Admin@1234 typed into Password Id Entered
11:56:55.234 [main] INFO  com.demo.baseutil.Basetest - Scroll down successful
11:56:55.235 [main] INFO  com.demo.baseutil.Basetest - Validate Press the signin button is clickable
11:57:01.023 [main] INFO  com.demo.baseutil.Basetest - Clicked on : Press the signin button
11:57:04.142 [main] INFO  com.demo.baseutil.Basetest - Scroll down successful
11:57:05.168 [main] INFO  com.demo.baseutil.Basetest - Validate Press the button is clickable
11:57:09.544 [main] INFO  com.demo.baseutil.Basetest - Clicked on : Press the button
11:57:09.588 [main] INFO  com.demo.baseutil.Basetest - Scroll down successful
11:57:09.590 [main] INFO  com.demo.baseutil.Basetest - Validate Press the signin button is clickable
11:57:12.835 [main] INFO  com.demo.baseutil.Basetest - Clicked on : Press the signin button
11:57:14.847 [main] INFO  com.demo.baseutil.Basetest - Validate Press the button is clickable
11:57:18.336 [main] INFO  com.demo.baseutil.Basetest - Clicked on : Press the button
11:57:19.820 [main] INFO  com.demo.baseutil.Basetest - Browser is closed sucessfuly
11:58:12.828 [main] INFO  com.demo.baseutil.Basetest - Browser is closed sucessfuly
11:58:43.981 [main] INFO  com.demo.baseutil.Basetest - Validate Sign in with FarmtoPlate account is clickable
11:58:47.223 [main] INFO  com.demo.baseutil.Basetest - Clicked on : Sign in with FarmtoPlate account
11:58:47.254 [main] INFO  com.demo.baseutil.Basetest - Url contains farmtoplateapps.io/login
11:58:47.271 [main] INFO  com.demo.baseutil.Basetest - Sign in title matched
11:58:47.272 [main] INFO  com.demo.baseutil.Basetest - UI verified for Sigin page.
11:58:47.275 [main] INFO  com.demo.baseutil.Basetest - Sign in function call
11:58:47.275 [main] INFO  com.demo.baseutil.Basetest - Validate email address field is clicked is clickable
11:58:50.275 [main] INFO  com.demo.baseutil.Basetest - Clicked on : email address field is clicked
11:58:50.280 [main] INFO  com.demo.baseutil.Basetest - Enter the value into Email Id Entered
11:58:51.155 [main] INFO  com.demo.baseutil.Basetest - 300@yopmail.com typed into Email Id Entered
11:58:51.155 [main] INFO  com.demo.baseutil.Basetest - Validate Enter the password is clickable
11:58:53.974 [main] INFO  com.demo.baseutil.Basetest - Clicked on : Enter the password
11:58:53.975 [main] INFO  com.demo.baseutil.Basetest - Enter the value into Password Id Entered
11:58:54.475 [main] INFO  com.demo.baseutil.Basetest - Admin@1234 typed into Password Id Entered
11:58:58.599 [main] INFO  com.demo.baseutil.Basetest - Scroll down
11:58:58.599 [main] INFO  com.demo.baseutil.Basetest - Validate Press the signin button is clickable
11:59:03.147 [main] INFO  com.demo.baseutil.Basetest - Clicked on : Press the signin button
11:59:06.560 [main] INFO  com.demo.baseutil.Basetest - HomePage title  is matched
11:59:18.668 [main] INFO  com.demo.baseutil.Basetest - Validate User Management is clicked is clickable
11:59:21.318 [main] INFO  com.demo.baseutil.Basetest - Clicked on : User Management is clicked
11:59:23.333 [main] INFO  com.demo.baseutil.Basetest - Validate roles is clicked is clickable
11:59:26.175 [main] INFO  com.demo.baseutil.Basetest - Clicked on : roles is clicked
11:59:28.390 [main] INFO  com.demo.baseutil.Basetest - Validate Add new is clicked is clickable
11:59:31.147 [main] INFO  com.demo.baseutil.Basetest - Clicked on : Add new is clicked
11:59:36.152 [main] INFO  com.demo.baseutil.Basetest - Validate role name is clicked is clickable
11:59:38.855 [main] INFO  com.demo.baseutil.Basetest - Clicked on : role name is clicked
11:59:40.872 [main] INFO  com.demo.baseutil.Basetest - Enter the value into rolename is entered
11:59:41.400 [main] INFO  com.demo.baseutil.Basetest - rolename270 typed into rolename is entered
11:59:43.415 [main] INFO  com.demo.baseutil.Basetest - Validate roletype is clicked is clickable
11:59:46.071 [main] INFO  com.demo.baseutil.Basetest - Clicked on : roletype is clicked
11:59:48.089 [main] INFO  com.demo.baseutil.Basetest - Validate Admin is clicked is clickable
11:59:50.808 [main] INFO  com.demo.baseutil.Basetest - Clicked on : Admin is clicked
11:59:52.853 [main] INFO  com.demo.baseutil.Basetest - Scroll down successful
11:59:54.861 [main] INFO  com.demo.baseutil.Basetest - Validate modulename is clicked is clickable
11:59:57.652 [main] INFO  com.demo.baseutil.Basetest - Clicked on : modulename is clicked
11:59:59.667 [main] INFO  com.demo.baseutil.Basetest - Validate module name is clicked is clickable
12:00:02.387 [main] INFO  com.demo.baseutil.Basetest - Clicked on : module name is clicked
12:00:04.391 [main] INFO  com.demo.baseutil.Basetest - Validate orgdept is clicked is clickable
12:00:07.121 [main] INFO  com.demo.baseutil.Basetest - Clicked on : orgdept is clicked
12:00:09.140 [main] INFO  com.demo.baseutil.Basetest - Validate orgdeptselect is clicked is clickable
12:00:11.904 [main] INFO  com.demo.baseutil.Basetest - Clicked on : orgdeptselect is clicked
12:00:13.928 [main] INFO  com.demo.baseutil.Basetest - Validate nxtbutton is clicked is clickable
12:00:16.889 [main] INFO  com.demo.baseutil.Basetest - Clicked on : nxtbutton is clicked
12:00:24.901 [main] INFO  com.demo.baseutil.Basetest - Scroll till the nxtbutton1 scrolled
12:00:25.185 [main] INFO  com.demo.baseutil.Basetest - Scroll till the nxtbutton1 scrolled completed
12:00:27.198 [main] INFO  com.demo.baseutil.Basetest - Validate nxtbutton1 is clicked is clickable
12:00:30.386 [main] INFO  com.demo.baseutil.Basetest - Clicked on : nxtbutton1 is clicked
12:00:49.911 [main] INFO  com.demo.baseutil.Basetest - Validate update1 select is clicked is clickable
12:00:52.953 [main] INFO  com.demo.baseutil.Basetest - Clicked on : update1 select is clicked
12:00:54.963 [main] INFO  com.demo.baseutil.Basetest - Validate update2 is clicked is clickable
12:00:58.171 [main] INFO  com.demo.baseutil.Basetest - Clicked on : update2 is clicked
12:01:02.180 [main] INFO  com.demo.baseutil.Basetest - Validate alert1  is clicked is clickable
12:01:05.169 [main] INFO  com.demo.baseutil.Basetest - Clicked on : alert1  is clicked
12:01:07.209 [main] INFO  com.demo.baseutil.Basetest - Validate alert2  is clicked is clickable
12:01:10.382 [main] INFO  com.demo.baseutil.Basetest - Clicked on : alert2  is clicked
12:01:14.393 [main] INFO  com.demo.baseutil.Basetest - Scroll till the submitbtn scrolled
12:01:14.623 [main] INFO  com.demo.baseutil.Basetest - Scroll till the submitbtn scrolled completed
12:01:16.632 [main] INFO  com.demo.baseutil.Basetest - Validate submitbtn is clicked is clickable
12:01:19.869 [main] INFO  com.demo.baseutil.Basetest - Clicked on : submitbtn is clicked
12:01:27.111 [main] INFO  com.demo.baseutil.Basetest - Browser is closed sucessfuly
12:01:32.837 [main] INFO  com.demo.baseutil.Basetest - Browser is closed sucessfuly
12:01:56.535 [main] INFO  com.demo.baseutil.Basetest - Validate Sign in with FarmtoPlate account is clickable
12:02:01.715 [main] INFO  com.demo.baseutil.Basetest - Clicked on : Sign in with FarmtoPlate account
12:02:01.986 [main] INFO  com.demo.baseutil.Basetest - Url contains farmtoplateapps.io/login
12:02:02.048 [main] INFO  com.demo.baseutil.Basetest - Sign in title matched
12:02:02.048 [main] INFO  com.demo.baseutil.Basetest - UI verified for Sigin page.
12:02:02.060 [main] INFO  com.demo.baseutil.Basetest - Sign in function call
12:02:02.060 [main] INFO  com.demo.baseutil.Basetest - Validate email address field is clicked is clickable
12:02:05.562 [main] INFO  com.demo.baseutil.Basetest - Clicked on : email address field is clicked
12:02:05.564 [main] INFO  com.demo.baseutil.Basetest - Enter the value into Email Id Entered
12:02:06.438 [main] INFO  com.demo.baseutil.Basetest - 300@yopmail.com typed into Email Id Entered
12:02:06.442 [main] INFO  com.demo.baseutil.Basetest - Validate Enter the password is clickable
12:02:09.254 [main] INFO  com.demo.baseutil.Basetest - Clicked on : Enter the password
12:02:09.254 [main] INFO  com.demo.baseutil.Basetest - Enter the value into Password Id Entered
12:02:10.008 [main] INFO  com.demo.baseutil.Basetest - Admin@1234 typed into Password Id Entered
12:02:14.122 [main] INFO  com.demo.baseutil.Basetest - Scroll down
12:02:14.122 [main] INFO  com.demo.baseutil.Basetest - Validate Press the signin button is clickable
12:02:20.357 [main] INFO  com.demo.baseutil.Basetest - Clicked on : Press the signin button
12:02:24.343 [main] INFO  com.demo.baseutil.Basetest - HomePage title  is matched
12:02:38.527 [main] INFO  com.demo.baseutil.Basetest - Scroll down
12:02:40.633 [main] INFO  com.demo.baseutil.Basetest - Validate Products is clicked is clickable
12:02:44.761 [main] INFO  com.demo.baseutil.Basetest - Clicked on : Products is clicked
12:02:49.786 [main] INFO  com.demo.baseutil.Basetest - Validate Add new is clicked is clickable
12:02:54.436 [main] INFO  com.demo.baseutil.Basetest - Clicked on : Add new is clicked
12:02:56.502 [main] INFO  com.demo.baseutil.Basetest - Validate Click on productcategory is clickable
12:02:59.423 [main] INFO  com.demo.baseutil.Basetest - Clicked on : Click on productcategory
12:02:59.426 [main] INFO  com.demo.baseutil.Basetest - Validate productbasedfood is clicked is clickable
12:03:03.261 [main] INFO  com.demo.baseutil.Basetest - Clicked on : productbasedfood is clicked
12:03:03.268 [main] INFO  com.demo.baseutil.Basetest - Validate product name is selected is clickable
12:03:06.002 [main] INFO  com.demo.baseutil.Basetest - Clicked on : product name is selected
12:03:06.015 [main] INFO  com.demo.baseutil.Basetest - Enter the value into enter the product
12:03:06.904 [main] INFO  com.demo.baseutil.Basetest - wheat85944172549865944 typed into enter the product
12:03:06.907 [main] INFO  com.demo.baseutil.Basetest - Validate Click on productid is clickable
12:03:09.429 [main] INFO  com.demo.baseutil.Basetest - Clicked on : Click on productid
12:03:09.430 [main] INFO  com.demo.baseutil.Basetest - Validate Click on checkbox is clickable
12:03:12.071 [main] INFO  com.demo.baseutil.Basetest - Clicked on : Click on checkbox
12:03:12.082 [main] INFO  com.demo.baseutil.Basetest - Validate Click on autogenerate is clickable
12:03:14.592 [main] INFO  com.demo.baseutil.Basetest - Clicked on : Click on autogenerate
12:03:14.620 [main] INFO  com.demo.baseutil.Basetest - Validate Click on productdesc is clickable
12:03:17.386 [main] INFO  com.demo.baseutil.Basetest - Clicked on : Click on productdesc
12:03:17.402 [main] INFO  com.demo.baseutil.Basetest - Enter the value into Enetered the product desc
12:03:17.983 [main] INFO  com.demo.baseutil.Basetest - test typed into Enetered the product desc
12:03:17.984 [main] INFO  com.demo.baseutil.Basetest - Validate Click on upload is clickable
12:03:20.734 [main] INFO  com.demo.baseutil.Basetest - Clicked on : Click on upload
12:03:34.958 [main] INFO  com.demo.baseutil.Basetest - Scroll down
12:03:34.966 [main] INFO  com.demo.baseutil.Basetest - Validate Click on ingrediant name is clickable
12:03:39.626 [main] INFO  com.demo.baseutil.Basetest - Clicked on : Click on ingrediant name
12:03:39.669 [main] INFO  com.demo.baseutil.Basetest - Enter the value into ingredient name is entered
12:03:40.878 [main] INFO  com.demo.baseutil.Basetest - wheat typed into ingredient name is entered
12:03:43.902 [main] INFO  com.demo.baseutil.Basetest - Validate Click on ingrediant name is clickable
12:03:46.716 [main] INFO  com.demo.baseutil.Basetest - Clicked on : Click on ingrediant name
12:03:46.718 [main] INFO  com.demo.baseutil.Basetest - Enter the value into nutri name is entered
12:03:47.387 [main] INFO  com.demo.baseutil.Basetest - fact typed into nutri name is entered
12:03:47.389 [main] INFO  com.demo.baseutil.Basetest - Validate Click on ingrediant QTY is clickable
12:03:50.083 [main] INFO  com.demo.baseutil.Basetest - Clicked on : Click on ingrediant QTY
12:03:50.084 [main] INFO  com.demo.baseutil.Basetest - Enter the value into nutri qty is entered
12:03:50.874 [main] INFO  com.demo.baseutil.Basetest - 1 typed into nutri qty is entered
12:03:50.922 [main] INFO  com.demo.baseutil.Basetest - Validate Click on ingrediant drop is clickable
12:03:53.846 [main] INFO  com.demo.baseutil.Basetest - Clicked on : Click on ingrediant drop
12:03:55.849 [main] INFO  com.demo.baseutil.Basetest - Validate Click on ingrediant value is clickable
12:03:58.889 [main] INFO  com.demo.baseutil.Basetest - Clicked on : Click on ingrediant value
12:04:04.973 [main] INFO  com.demo.baseutil.Basetest - Scroll down
12:04:07.024 [main] INFO  com.demo.baseutil.Basetest - Scroll down successful
12:04:07.024 [main] INFO  com.demo.baseutil.Basetest - Validate Click on ingrediant name is clickable
12:04:09.908 [main] INFO  com.demo.baseutil.Basetest - Clicked on : Click on ingrediant name
12:04:09.910 [main] INFO  com.demo.baseutil.Basetest - Validate Click on ingrediant name is clickable
12:04:12.604 [main] INFO  com.demo.baseutil.Basetest - Clicked on : Click on ingrediant name
12:04:12.605 [main] INFO  com.demo.baseutil.Basetest - Validate Click on ingrediant name is clickable
12:04:15.424 [main] INFO  com.demo.baseutil.Basetest - Clicked on : Click on ingrediant name
12:04:15.471 [main] INFO  com.demo.baseutil.Basetest - Enter the value into price is entered
12:04:18.556 [main] INFO  com.demo.baseutil.Basetest - 1 typed into price is entered
12:04:18.577 [main] INFO  com.demo.baseutil.Basetest - Validate Click on currency is clickable
12:04:22.130 [main] INFO  com.demo.baseutil.Basetest - Clicked on : Click on currency
12:04:22.133 [main] INFO  com.demo.baseutil.Basetest - Validate Click on currency value is clickable
12:04:24.834 [main] INFO  com.demo.baseutil.Basetest - Clicked on : Click on currency value
12:04:24.837 [main] INFO  com.demo.baseutil.Basetest - Validate Click on typepacking value is clickable
12:04:27.573 [main] INFO  com.demo.baseutil.Basetest - Clicked on : Click on typepacking value
12:04:27.582 [main] INFO  com.demo.baseutil.Basetest - Enter the value into typepacking is entered
12:04:30.273 [main] INFO  com.demo.baseutil.Basetest - 1 typed into typepacking is entered
12:04:30.282 [main] INFO  com.demo.baseutil.Basetest - Validate Click on length value is clickable
12:04:33.354 [main] INFO  com.demo.baseutil.Basetest - Clicked on : Click on length value
12:04:33.356 [main] INFO  com.demo.baseutil.Basetest - Enter the value into length is entered
12:04:33.896 [main] INFO  com.demo.baseutil.Basetest - 1 typed into length is entered
12:04:33.897 [main] INFO  com.demo.baseutil.Basetest - Validate Click on breath value is clickable
12:04:37.436 [main] INFO  com.demo.baseutil.Basetest - Clicked on : Click on breath value
12:04:37.449 [main] INFO  com.demo.baseutil.Basetest - Enter the value into breath is entered
12:04:45.138 [main] INFO  com.demo.baseutil.Basetest - 1 typed into breath is entered
12:04:45.226 [main] INFO  com.demo.baseutil.Basetest - Validate Click on height value is clickable
12:04:51.213 [main] INFO  com.demo.baseutil.Basetest - Clicked on : Click on height value
12:04:51.267 [main] INFO  com.demo.baseutil.Basetest - Enter the value into height is entered
12:05:00.240 [main] INFO  com.demo.baseutil.Basetest - 1 typed into height is entered
12:05:03.921 [main] INFO  com.demo.baseutil.Basetest - Scroll down successful
12:05:03.939 [main] INFO  com.demo.baseutil.Basetest - Validate Click on checkbox1 is clickable
12:05:09.364 [main] INFO  com.demo.baseutil.Basetest - Clicked on : Click on checkbox1
12:05:18.696 [main] INFO  com.demo.baseutil.Basetest - Scroll down
12:05:18.701 [main] INFO  com.demo.baseutil.Basetest - Validate Click on gln1 is clickable
12:05:30.178 [main] INFO  com.demo.baseutil.Basetest - Clicked on : Click on gln1
12:05:30.187 [main] INFO  com.demo.baseutil.Basetest - Enter the value into gln1 is entered
12:05:31.419 [main] INFO  com.demo.baseutil.Basetest - warehouse typed into gln1 is entered
12:05:35.432 [main] INFO  com.demo.baseutil.Basetest - Validate Click on autosearch is clickable
12:05:38.234 [main] INFO  com.demo.baseutil.Basetest - Clicked on : Click on autosearch
12:05:40.252 [main] INFO  com.demo.baseutil.Basetest - Validate Click on gln2 is clickable
12:05:51.900 [main] INFO  com.demo.baseutil.Basetest - Browser is closed sucessfuly
12:06:15.134 [main] INFO  com.demo.baseutil.Basetest - Browser is closed sucessfuly
12:06:34.154 [main] INFO  com.demo.baseutil.Basetest - Validate Sign in with FarmtoPlate account is clickable
12:06:38.055 [main] INFO  com.demo.baseutil.Basetest - Clicked on : Sign in with FarmtoPlate account
12:06:38.101 [main] INFO  com.demo.baseutil.Basetest - Url contains farmtoplateapps.io/login
12:06:38.127 [main] INFO  com.demo.baseutil.Basetest - Sign in title matched
12:06:38.127 [main] INFO  com.demo.baseutil.Basetest - UI verified for Sigin page.
12:06:38.128 [main] INFO  com.demo.baseutil.Basetest - Sign in function call
12:06:38.128 [main] INFO  com.demo.baseutil.Basetest - Validate email address field is clicked is clickable
12:06:40.898 [main] INFO  com.demo.baseutil.Basetest - Clicked on : email address field is clicked
12:06:40.899 [main] INFO  com.demo.baseutil.Basetest - Enter the value into Email Id Entered
12:06:41.554 [main] INFO  com.demo.baseutil.Basetest - 300@yopmail.com typed into Email Id Entered
12:06:41.554 [main] INFO  com.demo.baseutil.Basetest - Validate Enter the password is clickable
12:06:44.111 [main] INFO  com.demo.baseutil.Basetest - Clicked on : Enter the password
12:06:44.171 [main] INFO  com.demo.baseutil.Basetest - Enter the value into Password Id Entered
12:06:44.613 [main] INFO  com.demo.baseutil.Basetest - Admin@1234 typed into Password Id Entered
12:06:48.701 [main] INFO  com.demo.baseutil.Basetest - Scroll down
12:06:48.701 [main] INFO  com.demo.baseutil.Basetest - Validate Press the signin button is clickable
12:06:55.875 [main] INFO  com.demo.baseutil.Basetest - Clicked on : Press the signin button
12:06:58.677 [main] INFO  com.demo.baseutil.Basetest - HomePage title  is matched
12:07:12.983 [main] INFO  com.demo.baseutil.Basetest - Scroll down
12:07:15.011 [main] INFO  com.demo.baseutil.Basetest - Validate Process is clicked is clickable
12:07:17.886 [main] INFO  com.demo.baseutil.Basetest - Clicked on : Process is clicked
12:07:22.893 [main] INFO  com.demo.baseutil.Basetest - Validate Process add is clicked is clickable
12:07:25.670 [main] INFO  com.demo.baseutil.Basetest - Clicked on : Process add is clicked
12:07:30.690 [main] INFO  com.demo.baseutil.Basetest - Validate Product id is clicked is clickable
12:07:33.181 [main] INFO  com.demo.baseutil.Basetest - Clicked on : Product id is clicked
12:07:46.768 [main] INFO  com.demo.baseutil.Basetest - Validate Product id is clicked is clickable
12:07:49.248 [main] INFO  com.demo.baseutil.Basetest - Clicked on : Product id is clicked
12:07:51.253 [main] INFO  com.demo.baseutil.Basetest - Validate Product id searchbox is clicked is clickable
12:07:53.744 [main] INFO  com.demo.baseutil.Basetest - Clicked on : Product id searchbox is clicked
12:07:55.750 [main] INFO  com.demo.baseutil.Basetest - Validate outside is clicked is clickable
12:07:58.311 [main] INFO  com.demo.baseutil.Basetest - Clicked on : outside is clicked
12:08:00.364 [main] INFO  com.demo.baseutil.Basetest - Scroll down successful
12:08:00.364 [main] INFO  com.demo.baseutil.Basetest - Validate process name is clicked is clickable
12:08:02.796 [main] INFO  com.demo.baseutil.Basetest - Clicked on : process name is clicked
12:08:04.817 [main] INFO  com.demo.baseutil.Basetest - Enter the value into process name Value is entered
12:08:05.358 [main] INFO  com.demo.baseutil.Basetest - processdisagg typed into process name Value is entered
12:08:11.451 [main] INFO  com.demo.baseutil.Basetest - Scroll down
12:08:13.455 [main] INFO  com.demo.baseutil.Basetest - Validate process loc is clicked is clickable
12:08:16.061 [main] INFO  com.demo.baseutil.Basetest - Clicked on : process loc is clicked
12:08:18.065 [main] INFO  com.demo.baseutil.Basetest - Enter the value into process name Value is entered
12:08:18.498 [main] INFO  com.demo.baseutil.Basetest - 1100110023456 typed into process name Value is entered
12:08:23.580 [main] INFO  com.demo.baseutil.Basetest - Validate process loc is clicked is clickable
12:08:26.081 [main] INFO  com.demo.baseutil.Basetest - Clicked on : process loc is clicked
12:08:31.089 [main] INFO  com.demo.baseutil.Basetest - Validate process type is clicked is clickable
12:08:33.633 [main] INFO  com.demo.baseutil.Basetest - Clicked on : process type is clicked
12:08:35.673 [main] INFO  com.demo.baseutil.Basetest - Scroll down successful
12:08:35.674 [main] INFO  com.demo.baseutil.Basetest - Validate process discomm is clicked is clickable
12:08:38.200 [main] INFO  com.demo.baseutil.Basetest - Clicked on : process discomm is clicked
12:08:44.294 [main] INFO  com.demo.baseutil.Basetest - Scroll down
12:08:44.299 [main] INFO  com.demo.baseutil.Basetest - Validate process add button is clicked is clickable
12:08:47.080 [main] INFO  com.demo.baseutil.Basetest - Clicked on : process add button is clicked
12:09:01.472 [main] INFO  com.demo.baseutil.Basetest - Scroll down
12:09:03.485 [main] INFO  com.demo.baseutil.Basetest - Validate Process is clicked is clickable
12:09:06.576 [main] INFO  com.demo.baseutil.Basetest - Clicked on : Process is clicked
12:09:11.590 [main] INFO  com.demo.baseutil.Basetest - Validate Process add is clicked is clickable
12:09:14.269 [main] INFO  com.demo.baseutil.Basetest - Clicked on : Process add is clicked
12:09:19.270 [main] INFO  com.demo.baseutil.Basetest - Validate Product id is clicked is clickable
12:09:21.893 [main] INFO  com.demo.baseutil.Basetest - Clicked on : Product id is clicked
12:09:26.546 [main] INFO  com.demo.baseutil.Basetest - Validate Product id is clicked is clickable
12:09:28.941 [main] INFO  com.demo.baseutil.Basetest - Clicked on : Product id is clicked
12:09:30.966 [main] INFO  com.demo.baseutil.Basetest - Validate Product id is clicked is clickable
12:09:33.458 [main] INFO  com.demo.baseutil.Basetest - Clicked on : Product id is clicked
12:09:35.472 [main] INFO  com.demo.baseutil.Basetest - Validate outside is clicked is clickable
12:09:38.009 [main] INFO  com.demo.baseutil.Basetest - Clicked on : outside is clicked
12:09:44.124 [main] INFO  com.demo.baseutil.Basetest - Scroll down
12:09:44.124 [main] INFO  com.demo.baseutil.Basetest - Validate process name is clicked is clickable
12:09:46.958 [main] INFO  com.demo.baseutil.Basetest - Clicked on : process name is clicked
12:09:49.075 [main] INFO  com.demo.baseutil.Basetest - Enter the value into process name Value is entered
12:09:49.812 [main] INFO  com.demo.baseutil.Basetest - processtrans typed into process name Value is entered
12:09:51.852 [main] INFO  com.demo.baseutil.Basetest - Scroll down successful
12:09:51.852 [main] INFO  com.demo.baseutil.Basetest - Validate process loc is clicked is clickable
12:09:54.355 [main] INFO  com.demo.baseutil.Basetest - Clicked on : process loc is clicked
12:09:56.364 [main] INFO  com.demo.baseutil.Basetest - Enter the value into process name Value is entered
12:09:56.793 [main] INFO  com.demo.baseutil.Basetest - 1100110023456 typed into process name Value is entered
12:10:01.801 [main] INFO  com.demo.baseutil.Basetest - Validate process loc is clicked is clickable
12:10:04.337 [main] INFO  com.demo.baseutil.Basetest - Clicked on : process loc is clicked
12:10:06.345 [main] INFO  com.demo.baseutil.Basetest - Validate process type is clicked is clickable
12:10:08.763 [main] INFO  com.demo.baseutil.Basetest - Clicked on : process type is clicked
12:10:10.796 [main] INFO  com.demo.baseutil.Basetest - Scroll down successful
12:10:10.796 [main] INFO  com.demo.baseutil.Basetest - Validate process trans is clicked is clickable
12:10:13.196 [main] INFO  com.demo.baseutil.Basetest - Clicked on : process trans is clicked
12:10:19.293 [main] INFO  com.demo.baseutil.Basetest - Scroll down
12:10:19.293 [main] INFO  com.demo.baseutil.Basetest - Validate process add button is clicked is clickable
12:10:21.838 [main] INFO  com.demo.baseutil.Basetest - Clicked on : process add button is clicked
12:10:35.947 [main] INFO  com.demo.baseutil.Basetest - Scroll down
12:10:37.951 [main] INFO  com.demo.baseutil.Basetest - Validate Process is clicked is clickable
12:10:40.590 [main] INFO  com.demo.baseutil.Basetest - Clicked on : Process is clicked
12:10:45.602 [main] INFO  com.demo.baseutil.Basetest - Validate Process add is clicked is clickable
12:10:48.137 [main] INFO  com.demo.baseutil.Basetest - Clicked on : Process add is clicked
12:10:53.140 [main] INFO  com.demo.baseutil.Basetest - Validate Product id is clicked is clickable
12:10:55.658 [main] INFO  com.demo.baseutil.Basetest - Clicked on : Product id is clicked
12:11:00.105 [main] INFO  com.demo.baseutil.Basetest - Validate Product id is clicked is clickable
12:11:02.605 [main] INFO  com.demo.baseutil.Basetest - Clicked on : Product id is clicked
12:11:04.612 [main] INFO  com.demo.baseutil.Basetest - Validate Product id is clicked is clickable
12:11:07.073 [main] INFO  com.demo.baseutil.Basetest - Clicked on : Product id is clicked
12:11:09.077 [main] INFO  com.demo.baseutil.Basetest - Validate outside is clicked is clickable
12:11:11.532 [main] INFO  com.demo.baseutil.Basetest - Clicked on : outside is clicked
12:11:17.619 [main] INFO  com.demo.baseutil.Basetest - Scroll down
12:11:17.619 [main] INFO  com.demo.baseutil.Basetest - Validate process name is clicked is clickable
12:11:20.139 [main] INFO  com.demo.baseutil.Basetest - Clicked on : process name is clicked
12:11:22.145 [main] INFO  com.demo.baseutil.Basetest - Enter the value into process name Value is entered
12:11:22.497 [main] INFO  com.demo.baseutil.Basetest - processcooling typed into process name Value is entered
12:11:24.526 [main] INFO  com.demo.baseutil.Basetest - Scroll down successful
12:11:24.527 [main] INFO  com.demo.baseutil.Basetest - Validate process loc is clicked is clickable
12:11:26.904 [main] INFO  com.demo.baseutil.Basetest - Clicked on : process loc is clicked
12:11:28.913 [main] INFO  com.demo.baseutil.Basetest - Enter the value into process name Value is entered
12:11:29.283 [main] INFO  com.demo.baseutil.Basetest - 1100110023456 typed into process name Value is entered
12:11:34.297 [main] INFO  com.demo.baseutil.Basetest - Validate process loc is clicked is clickable
12:11:36.753 [main] INFO  com.demo.baseutil.Basetest - Clicked on : process loc is clicked
12:11:38.764 [main] INFO  com.demo.baseutil.Basetest - Validate process type is clicked is clickable
12:11:41.269 [main] INFO  com.demo.baseutil.Basetest - Clicked on : process type is clicked
12:11:43.291 [main] INFO  com.demo.baseutil.Basetest - Scroll down successful
12:11:43.309 [main] INFO  com.demo.baseutil.Basetest - Validate process trans is clicked is clickable
12:11:45.757 [main] INFO  com.demo.baseutil.Basetest - Clicked on : process trans is clicked
12:11:51.860 [main] INFO  com.demo.baseutil.Basetest - Scroll down
12:11:51.860 [main] INFO  com.demo.baseutil.Basetest - Validate process add button is clicked is clickable
12:11:54.286 [main] INFO  com.demo.baseutil.Basetest - Clicked on : process add button is clicked
12:12:08.383 [main] INFO  com.demo.baseutil.Basetest - Scroll down
12:12:10.390 [main] INFO  com.demo.baseutil.Basetest - Validate Process is clicked is clickable
12:12:13.489 [main] INFO  com.demo.baseutil.Basetest - Clicked on : Process is clicked
12:12:18.501 [main] INFO  com.demo.baseutil.Basetest - Validate Process add is clicked is clickable
12:12:21.071 [main] INFO  com.demo.baseutil.Basetest - Clicked on : Process add is clicked
12:12:26.096 [main] INFO  com.demo.baseutil.Basetest - Validate Product id is clicked is clickable
12:12:28.568 [main] INFO  com.demo.baseutil.Basetest - Clicked on : Product id is clicked
12:12:33.086 [main] INFO  com.demo.baseutil.Basetest - Validate Product id is clicked is clickable
12:12:35.585 [main] INFO  com.demo.baseutil.Basetest - Clicked on : Product id is clicked
12:12:37.592 [main] INFO  com.demo.baseutil.Basetest - Validate Product id is clicked is clickable
12:12:40.053 [main] INFO  com.demo.baseutil.Basetest - Clicked on : Product id is clicked
12:12:42.063 [main] INFO  com.demo.baseutil.Basetest - Validate outside is clicked is clickable
12:12:44.568 [main] INFO  com.demo.baseutil.Basetest - Clicked on : outside is clicked
12:12:50.658 [main] INFO  com.demo.baseutil.Basetest - Scroll down
12:12:50.658 [main] INFO  com.demo.baseutil.Basetest - Validate process name is clicked is clickable
12:12:53.134 [main] INFO  com.demo.baseutil.Basetest - Clicked on : process name is clicked
12:12:55.143 [main] INFO  com.demo.baseutil.Basetest - Enter the value into process name Value is entered
12:12:55.621 [main] INFO  com.demo.baseutil.Basetest - processdiscomm typed into process name Value is entered
12:12:57.647 [main] INFO  com.demo.baseutil.Basetest - Scroll down successful
12:12:57.647 [main] INFO  com.demo.baseutil.Basetest - Validate process loc is clicked is clickable
12:13:00.050 [main] INFO  com.demo.baseutil.Basetest - Clicked on : process loc is clicked
12:13:02.058 [main] INFO  com.demo.baseutil.Basetest - Enter the value into process name Value is entered
12:13:02.463 [main] INFO  com.demo.baseutil.Basetest - 1100110023456 typed into process name Value is entered
12:13:07.475 [main] INFO  com.demo.baseutil.Basetest - Validate process loc is clicked is clickable
12:13:09.963 [main] INFO  com.demo.baseutil.Basetest - Clicked on : process loc is clicked
12:13:11.969 [main] INFO  com.demo.baseutil.Basetest - Validate process type is clicked is clickable
12:13:14.494 [main] INFO  com.demo.baseutil.Basetest - Clicked on : process type is clicked
12:13:16.518 [main] INFO  com.demo.baseutil.Basetest - Scroll down successful
12:13:16.518 [main] INFO  com.demo.baseutil.Basetest - Validate process trans is clicked is clickable
12:13:18.949 [main] INFO  com.demo.baseutil.Basetest - Clicked on : process trans is clicked
12:13:25.051 [main] INFO  com.demo.baseutil.Basetest - Scroll down
12:13:25.051 [main] INFO  com.demo.baseutil.Basetest - Validate process add button is clicked is clickable
12:13:27.560 [main] INFO  com.demo.baseutil.Basetest - Clicked on : process add button is clicked
12:13:30.116 [main] INFO  com.demo.baseutil.Basetest - Browser is closed sucessfuly
12:13:34.465 [main] INFO  com.demo.baseutil.Basetest - Browser is closed sucessfuly
12:13:49.046 [main] INFO  com.demo.baseutil.Basetest - Validate Sign in with FarmtoPlate account is clickable
12:13:51.603 [main] INFO  com.demo.baseutil.Basetest - Clicked on : Sign in with FarmtoPlate account
12:13:51.681 [main] INFO  com.demo.baseutil.Basetest - Url contains farmtoplateapps.io/login
12:13:51.707 [main] INFO  com.demo.baseutil.Basetest - Sign in title matched
12:13:51.707 [main] INFO  com.demo.baseutil.Basetest - UI verified for Sigin page.
12:13:51.707 [main] INFO  com.demo.baseutil.Basetest - Sign in function call
12:13:51.707 [main] INFO  com.demo.baseutil.Basetest - Validate email address field is clicked is clickable
12:13:55.149 [main] INFO  com.demo.baseutil.Basetest - Clicked on : email address field is clicked
12:13:55.149 [main] INFO  com.demo.baseutil.Basetest - Enter the value into Email Id Entered
12:13:55.753 [main] INFO  com.demo.baseutil.Basetest - 300@yopmail.com typed into Email Id Entered
12:13:55.754 [main] INFO  com.demo.baseutil.Basetest - Validate Enter the password is clickable
12:13:58.266 [main] INFO  com.demo.baseutil.Basetest - Clicked on : Enter the password
12:13:58.266 [main] INFO  com.demo.baseutil.Basetest - Enter the value into Password Id Entered
12:13:58.704 [main] INFO  com.demo.baseutil.Basetest - Admin@1234 typed into Password Id Entered
12:14:02.787 [main] INFO  com.demo.baseutil.Basetest - Scroll down
12:14:02.787 [main] INFO  com.demo.baseutil.Basetest - Validate Press the signin button is clickable
12:14:06.142 [main] INFO  com.demo.baseutil.Basetest - Clicked on : Press the signin button
12:14:08.786 [main] INFO  com.demo.baseutil.Basetest - HomePage title  is matched
12:14:28.912 [main] INFO  com.demo.baseutil.Basetest - Validate Asset & Infrastructure Data is clicked is clickable
12:14:31.369 [main] INFO  com.demo.baseutil.Basetest - Clicked on : Asset & Infrastructure Data is clicked
12:14:33.381 [main] INFO  com.demo.baseutil.Basetest - Validate Assets is clicked is clickable
12:14:35.884 [main] INFO  com.demo.baseutil.Basetest - Clicked on : Assets is clicked
12:14:37.898 [main] INFO  com.demo.baseutil.Basetest - Validate Add new is clicked is clickable
12:14:40.508 [main] INFO  com.demo.baseutil.Basetest - Clicked on : Add new is clicked
12:14:42.522 [main] INFO  com.demo.baseutil.Basetest - Validate Asset type is clicked is clickable
12:14:45.039 [main] INFO  com.demo.baseutil.Basetest - Clicked on : Asset type is clicked
12:14:45.040 [main] INFO  com.demo.baseutil.Basetest - Validate Click on Vehicle Name is clickable
12:14:47.515 [main] INFO  com.demo.baseutil.Basetest - Clicked on : Click on Vehicle Name
12:14:49.523 [main] INFO  com.demo.baseutil.Basetest - Validate container name is clicked is clickable
12:14:52.100 [main] INFO  com.demo.baseutil.Basetest - Clicked on : container name is clicked
12:14:52.102 [main] INFO  com.demo.baseutil.Basetest - Enter the value into enter the container name
12:14:52.601 [main] INFO  com.demo.baseutil.Basetest - container979979 typed into enter the container name
12:14:54.613 [main] INFO  com.demo.baseutil.Basetest - Validate length is clicked is clickable
12:14:57.117 [main] INFO  com.demo.baseutil.Basetest - Clicked on : length is clicked
12:14:59.125 [main] INFO  com.demo.baseutil.Basetest - Enter the value into enter the length
12:14:59.519 [main] INFO  com.demo.baseutil.Basetest - 10 typed into enter the length
12:14:59.519 [main] INFO  com.demo.baseutil.Basetest - Validate breadth is clicked is clickable
12:15:02.017 [main] INFO  com.demo.baseutil.Basetest - Clicked on : breadth is clicked
12:15:02.017 [main] INFO  com.demo.baseutil.Basetest - Enter the value into breath entered
12:15:02.410 [main] INFO  com.demo.baseutil.Basetest - 10 typed into breath entered
12:15:04.417 [main] INFO  com.demo.baseutil.Basetest - Validate height is clicked is clickable
12:15:06.849 [main] INFO  com.demo.baseutil.Basetest - Clicked on : height is clicked
12:15:08.856 [main] INFO  com.demo.baseutil.Basetest - Enter the value into height entered
12:15:09.257 [main] INFO  com.demo.baseutil.Basetest - 20 typed into height entered
12:15:11.266 [main] INFO  com.demo.baseutil.Basetest - Validate dom is clicked is clickable
12:15:14.090 [main] INFO  com.demo.baseutil.Basetest - Clicked on : dom is clicked
12:15:16.102 [main] INFO  com.demo.baseutil.Basetest - Validate ft is clicked is clickable
12:15:18.609 [main] INFO  com.demo.baseutil.Basetest - Clicked on : ft is clicked
12:15:20.610 [main] INFO  com.demo.baseutil.Basetest - Validate wt is clicked is clickable
12:15:23.084 [main] INFO  com.demo.baseutil.Basetest - Clicked on : wt is clicked
12:15:25.089 [main] INFO  com.demo.baseutil.Basetest - Enter the value into weight entered
12:15:25.426 [main] INFO  com.demo.baseutil.Basetest - 1000 typed into weight entered
12:15:27.432 [main] INFO  com.demo.baseutil.Basetest - Validate wtcap is clicked is clickable
12:15:29.889 [main] INFO  com.demo.baseutil.Basetest - Clicked on : wtcap is clicked
12:15:31.895 [main] INFO  com.demo.baseutil.Basetest - Validate tons is clicked is clickable
12:15:34.305 [main] INFO  com.demo.baseutil.Basetest - Clicked on : tons is clicked
12:15:36.320 [main] INFO  com.demo.baseutil.Basetest - Validate Click on Add button is clickable
12:15:38.846 [main] INFO  com.demo.baseutil.Basetest - Clicked on : Click on Add button
12:15:46.860 [main] INFO  com.demo.baseutil.Basetest - Validate transaction is clicked is clickable
12:15:49.537 [main] INFO  com.demo.baseutil.Basetest - Clicked on : transaction is clicked
12:15:54.539 [main] INFO  com.demo.baseutil.Basetest - Validate add new is clicked is clickable
12:15:57.157 [main] INFO  com.demo.baseutil.Basetest - Clicked on : add new is clicked
12:16:02.172 [main] INFO  com.demo.baseutil.Basetest - Validate Product id is clicked is clickable
12:16:04.642 [main] INFO  com.demo.baseutil.Basetest - Clicked on : Product id is clicked
12:16:06.671 [main] INFO  com.demo.baseutil.Basetest - Enter the value into Saved Value is entered
12:16:07.236 [main] INFO  com.demo.baseutil.Basetest - F2PG10001018 typed into Saved Value is entered
12:16:09.252 [main] INFO  com.demo.baseutil.Basetest - Validate Product id is clicked is clickable
12:16:11.675 [main] INFO  com.demo.baseutil.Basetest - Clicked on : Product id is clicked
12:16:13.682 [main] INFO  com.demo.baseutil.Basetest - Validate Product id is clicked is clickable
12:16:16.135 [main] INFO  com.demo.baseutil.Basetest - Clicked on : Product id is clicked
12:16:18.140 [main] INFO  com.demo.baseutil.Basetest - Validate chooseprocess id is clicked is clickable
12:16:20.651 [main] INFO  com.demo.baseutil.Basetest - Clicked on : chooseprocess id is clicked
12:16:22.655 [main] INFO  com.demo.baseutil.Basetest - Enter the value into Harvestiong/commission is entered
12:16:23.035 [main] INFO  com.demo.baseutil.Basetest - Harvesting typed into Harvestiong/commission is entered
12:16:25.045 [main] INFO  com.demo.baseutil.Basetest - Validate chooseprocess id is clicked is clickable
12:16:27.492 [main] INFO  com.demo.baseutil.Basetest - Clicked on : chooseprocess id is clicked
12:16:30.502 [main] INFO  com.demo.baseutil.Basetest - Validate Process commision is selected is clickable
12:16:32.946 [main] INFO  com.demo.baseutil.Basetest - Clicked on : Process commision is selected
12:16:34.967 [main] INFO  com.demo.baseutil.Basetest - Scroll down successful
12:16:34.967 [main] INFO  com.demo.baseutil.Basetest - Validate date is selected is clickable
12:16:37.478 [main] INFO  com.demo.baseutil.Basetest - Clicked on : date is selected
12:16:38.483 [main] INFO  com.demo.baseutil.Basetest - Validate date netx button is clickable
12:16:41.029 [main] INFO  com.demo.baseutil.Basetest - Clicked on : date netx button
12:16:41.030 [main] INFO  com.demo.baseutil.Basetest - Validate date is entered is clickable
12:16:43.523 [main] INFO  com.demo.baseutil.Basetest - Clicked on : date is entered
12:16:45.537 [main] INFO  com.demo.baseutil.Basetest - Validate date is selected is clickable
12:16:48.118 [main] INFO  com.demo.baseutil.Basetest - Clicked on : date is selected
12:16:54.224 [main] INFO  com.demo.baseutil.Basetest - Scroll down
12:16:54.225 [main] INFO  com.demo.baseutil.Basetest - Validate activity is selected is clickable
12:16:56.696 [main] INFO  com.demo.baseutil.Basetest - Clicked on : activity is selected
12:16:56.712 [main] INFO  com.demo.baseutil.Basetest - Enter the value into activity Value is entered
12:16:57.171 [main] INFO  com.demo.baseutil.Basetest - abcd typed into activity Value is entered
12:16:59.180 [main] INFO  com.demo.baseutil.Basetest - Validate packing type dropdown is selected is clickable
12:17:01.741 [main] INFO  com.demo.baseutil.Basetest - Clicked on : packing type dropdown is selected
12:17:01.741 [main] INFO  com.demo.baseutil.Basetest - Validate packing type dropdown is selected is clickable
12:17:04.312 [main] INFO  com.demo.baseutil.Basetest - Clicked on : packing type dropdown is selected
12:17:10.401 [main] INFO  com.demo.baseutil.Basetest - Scroll down
12:17:10.401 [main] INFO  com.demo.baseutil.Basetest - Validate tlc is clicked is clickable
12:17:12.927 [main] INFO  com.demo.baseutil.Basetest - Clicked on : tlc is clicked
12:17:12.927 [main] INFO  com.demo.baseutil.Basetest - Enter the value into Tlc no is entered
12:17:13.305 [main] INFO  com.demo.baseutil.Basetest - 1234567890 typed into Tlc no is entered
12:17:13.305 [main] INFO  com.demo.baseutil.Basetest - Validate location is clicked is clickable
12:17:15.764 [main] INFO  com.demo.baseutil.Basetest - Clicked on : location is clicked
12:17:15.766 [main] INFO  com.demo.baseutil.Basetest - Enter the value into location no is entered
12:17:16.258 [main] INFO  com.demo.baseutil.Basetest - location typed into location no is entered
12:17:16.258 [main] INFO  com.demo.baseutil.Basetest - Validate commodity is clicked is clickable
12:17:18.780 [main] INFO  com.demo.baseutil.Basetest - Clicked on : commodity is clicked
12:17:18.780 [main] INFO  com.demo.baseutil.Basetest - Enter the value into commodity is entered
12:17:19.275 [main] INFO  com.demo.baseutil.Basetest - commodity typed into commodity is entered
12:17:23.349 [main] INFO  com.demo.baseutil.Basetest - Scroll down
12:17:23.349 [main] INFO  com.demo.baseutil.Basetest - Validate filed is clicked is clickable
12:17:25.897 [main] INFO  com.demo.baseutil.Basetest - Clicked on : filed is clicked
12:17:25.898 [main] INFO  com.demo.baseutil.Basetest - Enter the value into filed is entered
12:17:26.346 [main] INFO  com.demo.baseutil.Basetest - filed typed into filed is entered
12:17:26.347 [main] INFO  com.demo.baseutil.Basetest - Validate container is clicked is clickable
12:17:28.862 [main] INFO  com.demo.baseutil.Basetest - Clicked on : container is clicked
12:17:28.862 [main] INFO  com.demo.baseutil.Basetest - Enter the value into filed is entered
12:17:29.352 [main] INFO  com.demo.baseutil.Basetest - container979979 typed into filed is entered
12:17:33.367 [main] INFO  com.demo.baseutil.Basetest - Validate Selected the conatiner is clickable
12:17:35.827 [main] INFO  com.demo.baseutil.Basetest - Clicked on : Selected the conatiner
12:17:36.832 [main] INFO  com.demo.baseutil.Basetest - Validate count sgtin is clicked is clickable
12:17:39.315 [main] INFO  com.demo.baseutil.Basetest - Clicked on : count sgtin is clicked
12:17:39.315 [main] INFO  com.demo.baseutil.Basetest - Enter the value into countsgtin is entered
12:17:39.722 [main] INFO  com.demo.baseutil.Basetest - 123 typed into countsgtin is entered
12:17:39.722 [main] INFO  com.demo.baseutil.Basetest - Validate weightsgtin sgtin is clicked is clickable
12:17:42.229 [main] INFO  com.demo.baseutil.Basetest - Clicked on : weightsgtin sgtin is clicked
12:17:42.230 [main] INFO  com.demo.baseutil.Basetest - Enter the value into weightsgtin is entered
12:17:42.690 [main] INFO  com.demo.baseutil.Basetest - 1234567 typed into weightsgtin is entered
12:17:42.691 [main] INFO  com.demo.baseutil.Basetest - Validate itemsgtin sgtin is clicked is clickable
12:17:45.191 [main] INFO  com.demo.baseutil.Basetest - Clicked on : itemsgtin sgtin is clicked
12:17:45.191 [main] INFO  com.demo.baseutil.Basetest - Validate itemgtin is entered is clickable
12:17:47.725 [main] INFO  com.demo.baseutil.Basetest - Clicked on : itemgtin is entered
12:17:47.727 [main] INFO  com.demo.baseutil.Basetest - Validate document is clicked is clickable
12:17:50.243 [main] INFO  com.demo.baseutil.Basetest - Clicked on : document is clicked
12:17:50.243 [main] INFO  com.demo.baseutil.Basetest - Enter the value into document is entered
12:17:50.652 [main] INFO  com.demo.baseutil.Basetest - 1234567 typed into document is entered
12:17:54.730 [main] INFO  com.demo.baseutil.Basetest - Scroll down
12:17:54.730 [main] INFO  com.demo.baseutil.Basetest - Validate Add Transaction is selected is clickable
12:17:57.200 [main] INFO  com.demo.baseutil.Basetest - Clicked on : Add Transaction is selected
12:18:19.306 [main] INFO  com.demo.baseutil.Basetest - Validate Asset & Infrastructure Data is clicked is clickable
12:18:21.894 [main] INFO  com.demo.baseutil.Basetest - Clicked on : Asset & Infrastructure Data is clicked
12:18:23.905 [main] INFO  com.demo.baseutil.Basetest - Validate Assets is clicked is clickable
12:18:26.591 [main] INFO  com.demo.baseutil.Basetest - Clicked on : Assets is clicked
12:18:28.597 [main] INFO  com.demo.baseutil.Basetest - Validate Add new is clicked is clickable
12:18:31.215 [main] INFO  com.demo.baseutil.Basetest - Clicked on : Add new is clicked
12:18:33.222 [main] INFO  com.demo.baseutil.Basetest - Validate Asset type is clicked is clickable
12:18:35.736 [main] INFO  com.demo.baseutil.Basetest - Clicked on : Asset type is clicked
12:18:35.736 [main] INFO  com.demo.baseutil.Basetest - Validate Click on Vehicle Name is clickable
12:18:38.187 [main] INFO  com.demo.baseutil.Basetest - Clicked on : Click on Vehicle Name
12:18:40.194 [main] INFO  com.demo.baseutil.Basetest - Validate container name is clicked is clickable
12:18:42.731 [main] INFO  com.demo.baseutil.Basetest - Clicked on : container name is clicked
12:18:42.731 [main] INFO  com.demo.baseutil.Basetest - Enter the value into enter the container name
12:18:43.182 [main] INFO  com.demo.baseutil.Basetest - container801801 typed into enter the container name
12:18:45.193 [main] INFO  com.demo.baseutil.Basetest - Validate length is clicked is clickable
12:18:47.663 [main] INFO  com.demo.baseutil.Basetest - Clicked on : length is clicked
12:18:49.667 [main] INFO  com.demo.baseutil.Basetest - Enter the value into enter the length
12:18:50.168 [main] INFO  com.demo.baseutil.Basetest - 10 typed into enter the length
12:18:50.168 [main] INFO  com.demo.baseutil.Basetest - Validate breadth is clicked is clickable
12:18:52.646 [main] INFO  com.demo.baseutil.Basetest - Clicked on : breadth is clicked
12:18:52.646 [main] INFO  com.demo.baseutil.Basetest - Enter the value into breath entered
12:18:53.087 [main] INFO  com.demo.baseutil.Basetest - 10 typed into breath entered
12:18:55.096 [main] INFO  com.demo.baseutil.Basetest - Validate height is clicked is clickable
12:18:57.495 [main] INFO  com.demo.baseutil.Basetest - Clicked on : height is clicked
12:18:59.516 [main] INFO  com.demo.baseutil.Basetest - Enter the value into height entered
12:18:59.887 [main] INFO  com.demo.baseutil.Basetest - 20 typed into height entered
12:19:01.896 [main] INFO  com.demo.baseutil.Basetest - Validate dom is clicked is clickable
12:19:04.385 [main] INFO  com.demo.baseutil.Basetest - Clicked on : dom is clicked
12:19:06.401 [main] INFO  com.demo.baseutil.Basetest - Validate ft is clicked is clickable
12:19:08.854 [main] INFO  com.demo.baseutil.Basetest - Clicked on : ft is clicked
12:19:10.858 [main] INFO  com.demo.baseutil.Basetest - Validate wt is clicked is clickable
12:19:13.360 [main] INFO  com.demo.baseutil.Basetest - Clicked on : wt is clicked
12:19:15.381 [main] INFO  com.demo.baseutil.Basetest - Enter the value into weight entered
12:19:15.822 [main] INFO  com.demo.baseutil.Basetest - 1000 typed into weight entered
12:19:17.828 [main] INFO  com.demo.baseutil.Basetest - Validate wtcap is clicked is clickable
12:19:20.318 [main] INFO  com.demo.baseutil.Basetest - Clicked on : wtcap is clicked
12:19:22.319 [main] INFO  com.demo.baseutil.Basetest - Validate tons is clicked is clickable
12:19:24.661 [main] INFO  com.demo.baseutil.Basetest - Clicked on : tons is clicked
12:19:26.668 [main] INFO  com.demo.baseutil.Basetest - Validate Click on Add button is clickable
12:19:29.086 [main] INFO  com.demo.baseutil.Basetest - Clicked on : Click on Add button
12:19:45.180 [main] INFO  com.demo.baseutil.Basetest - Scroll down
12:19:47.184 [main] INFO  com.demo.baseutil.Basetest - Validate transaction is clicked is clickable
12:19:49.814 [main] INFO  com.demo.baseutil.Basetest - Clicked on : transaction is clicked
12:19:56.834 [main] INFO  com.demo.baseutil.Basetest - Validate productid is selected is clickable
12:19:59.374 [main] INFO  com.demo.baseutil.Basetest - Clicked on : productid is selected
12:19:59.374 [main] INFO  com.demo.baseutil.Basetest - Enter the value into enter the productid
12:19:59.822 [main] INFO  com.demo.baseutil.Basetest - F2PG10001018 typed into enter the productid
12:19:59.822 [main] INFO  com.demo.baseutil.Basetest - Validate productid is selected is clickable
12:20:02.249 [main] INFO  com.demo.baseutil.Basetest - Clicked on : productid is selected
12:20:02.249 [main] INFO  com.demo.baseutil.Basetest - Validate search is selected is clickable
12:20:04.792 [main] INFO  com.demo.baseutil.Basetest - Clicked on : search is selected
12:20:04.792 [main] INFO  com.demo.baseutil.Basetest - Validate search button is clicked is clickable
12:20:07.273 [main] INFO  com.demo.baseutil.Basetest - Clicked on : search button is clicked
12:20:09.415 [main] INFO  com.demo.baseutil.Basetest - Scroll up
12:20:11.476 [main] INFO  com.demo.baseutil.Basetest - Scroll up
12:20:15.493 [main] INFO  com.demo.baseutil.Basetest - Validate transaction is clicked is clickable
12:20:18.110 [main] INFO  com.demo.baseutil.Basetest - Clicked on : transaction is clicked
12:20:23.118 [main] INFO  com.demo.baseutil.Basetest - Validate add new is clicked is clickable
12:20:25.693 [main] INFO  com.demo.baseutil.Basetest - Clicked on : add new is clicked
12:20:30.698 [main] INFO  com.demo.baseutil.Basetest - Validate Product id is clicked is clickable
12:20:33.260 [main] INFO  com.demo.baseutil.Basetest - Clicked on : Product id is clicked
12:20:35.265 [main] INFO  com.demo.baseutil.Basetest - Enter the value into Saved Value is entered
12:20:35.697 [main] INFO  com.demo.baseutil.Basetest - F2PG10001018 typed into Saved Value is entered
12:20:37.710 [main] INFO  com.demo.baseutil.Basetest - Validate Product id is clicked is clickable
12:20:40.202 [main] INFO  com.demo.baseutil.Basetest - Clicked on : Product id is clicked
12:20:42.208 [main] INFO  com.demo.baseutil.Basetest - Validate Product id is clicked is clickable
12:20:44.695 [main] INFO  com.demo.baseutil.Basetest - Clicked on : Product id is clicked
12:20:46.700 [main] INFO  com.demo.baseutil.Basetest - Validate chooseprocess id is clicked is clickable
12:20:49.192 [main] INFO  com.demo.baseutil.Basetest - Clicked on : chooseprocess id is clicked
12:20:51.197 [main] INFO  com.demo.baseutil.Basetest - Enter the value into Packing/aggregation is entered
12:20:51.560 [main] INFO  com.demo.baseutil.Basetest - Packing typed into Packing/aggregation is entered
12:20:53.576 [main] INFO  com.demo.baseutil.Basetest - Validate chooseprocess id is clicked is clickable
12:20:56.004 [main] INFO  com.demo.baseutil.Basetest - Clicked on : chooseprocess id is clicked
12:21:00.021 [main] INFO  com.demo.baseutil.Basetest - Validate Process aggre is selected is clickable
12:21:02.508 [main] INFO  com.demo.baseutil.Basetest - Clicked on : Process aggre is selected
12:21:04.555 [main] INFO  com.demo.baseutil.Basetest - Scroll down successful
12:21:04.555 [main] INFO  com.demo.baseutil.Basetest - Validate org is selected is clickable
12:21:07.073 [main] INFO  com.demo.baseutil.Basetest - Clicked on : org is selected
12:21:09.080 [main] INFO  com.demo.baseutil.Basetest - Enter the value into org value is entered
12:21:09.424 [main] INFO  com.demo.baseutil.Basetest - orgnw123 typed into org value is entered
12:21:14.435 [main] INFO  com.demo.baseutil.Basetest - Validate org is selected is clickable
12:21:16.881 [main] INFO  com.demo.baseutil.Basetest - Clicked on : org is selected
12:21:19.885 [main] INFO  com.demo.baseutil.Basetest - Validate location is selected is clickable
12:21:22.391 [main] INFO  com.demo.baseutil.Basetest - Clicked on : location is selected
12:21:22.393 [main] INFO  com.demo.baseutil.Basetest - Enter the value into location value is entered
12:21:22.732 [main] INFO  com.demo.baseutil.Basetest - test typed into location value is entered
12:21:27.734 [main] INFO  com.demo.baseutil.Basetest - Validate location is selected is clickable
12:21:30.183 [main] INFO  com.demo.baseutil.Basetest - Clicked on : location is selected
12:21:30.216 [main] INFO  com.demo.baseutil.Basetest - Scroll down successful
12:21:30.216 [main] INFO  com.demo.baseutil.Basetest - Validate activity is clicked is clickable
12:21:32.776 [main] INFO  com.demo.baseutil.Basetest - Clicked on : activity is clicked
12:21:34.781 [main] INFO  com.demo.baseutil.Basetest - Enter the value into activity is entered
12:21:35.232 [main] INFO  com.demo.baseutil.Basetest - activity typed into activity is entered
12:21:38.244 [main] INFO  com.demo.baseutil.Basetest - Scroll till the scrolles to lot
12:21:38.393 [main] INFO  com.demo.baseutil.Basetest - Scroll till the scrolles to lot completed
12:21:38.394 [main] INFO  com.demo.baseutil.Basetest - Validate sscc number is copied is clickable
12:21:40.965 [main] INFO  com.demo.baseutil.Basetest - Clicked on : sscc number is copied
12:21:50.755 [main] INFO  com.demo.baseutil.Basetest - Scroll up to the element: The lot is displayed after scroll up completed
12:21:53.759 [main] INFO  com.demo.baseutil.Basetest - Validate lot1 is clicked is clickable
12:21:56.275 [main] INFO  com.demo.baseutil.Basetest - Clicked on : lot1 is clicked
12:21:58.280 [main] INFO  com.demo.baseutil.Basetest - Enter the value into lotvalue is entered
12:21:58.922 [main] INFO  com.demo.baseutil.Basetest - 121003092410000005 typed into lotvalue is entered
12:22:00.924 [main] INFO  com.demo.baseutil.Basetest - Validate lot arrow is clicked is clickable
12:22:03.436 [main] INFO  com.demo.baseutil.Basetest - Clicked on : lot arrow is clicked
12:22:05.443 [main] INFO  com.demo.baseutil.Basetest - Scroll till the scrolled to packloc
12:22:05.571 [main] INFO  com.demo.baseutil.Basetest - Scroll till the scrolled to packloc completed
12:22:10.733 [main] INFO  com.demo.baseutil.Basetest - Scroll up to the element: The packloc is displayed after scroll up completed
12:22:15.742 [main] INFO  com.demo.baseutil.Basetest - Validate packloc is clicked is clickable
12:22:18.272 [main] INFO  com.demo.baseutil.Basetest - Clicked on : packloc is clicked
12:22:20.279 [main] INFO  com.demo.baseutil.Basetest - Enter the value into packing lot is entered
12:22:20.630 [main] INFO  com.demo.baseutil.Basetest - test typed into packing lot is entered
12:22:24.633 [main] INFO  com.demo.baseutil.Basetest - Validate remarks is clicked is clickable
12:22:27.140 [main] INFO  com.demo.baseutil.Basetest - Clicked on : remarks is clicked
12:22:29.144 [main] INFO  com.demo.baseutil.Basetest - Enter the value into remarks is entered
12:22:29.549 [main] INFO  com.demo.baseutil.Basetest - test typed into remarks is entered
12:22:33.561 [main] INFO  com.demo.baseutil.Basetest - Validate tlcloc is clicked is clickable
12:22:36.007 [main] INFO  com.demo.baseutil.Basetest - Clicked on : tlcloc is clicked
12:22:38.012 [main] INFO  com.demo.baseutil.Basetest - Enter the value into tlcloc is entered
12:22:38.495 [main] INFO  com.demo.baseutil.Basetest - test typed into tlcloc is entered
12:22:42.510 [main] INFO  com.demo.baseutil.Basetest - Scroll till the asset is scroll down
12:22:42.624 [main] INFO  com.demo.baseutil.Basetest - Scroll till the asset is scroll down completed
12:22:44.626 [main] INFO  com.demo.baseutil.Basetest - Validate asset is clicked is clickable
12:22:47.139 [main] INFO  com.demo.baseutil.Basetest - Clicked on : asset is clicked
12:22:49.142 [main] INFO  com.demo.baseutil.Basetest - Enter the value into vehicle is entered
12:22:49.528 [main] INFO  com.demo.baseutil.Basetest - vehicle typed into vehicle is entered
12:22:53.543 [main] INFO  com.demo.baseutil.Basetest - Validate assetsearch is clicked is clickable
12:22:56.031 [main] INFO  com.demo.baseutil.Basetest - Clicked on : assetsearch is clicked
12:22:58.041 [main] INFO  com.demo.baseutil.Basetest - Validate shippingdate is clicked is clickable
12:23:00.566 [main] INFO  com.demo.baseutil.Basetest - Clicked on : shippingdate is clicked
12:23:02.574 [main] INFO  com.demo.baseutil.Basetest - Validate datenext button is clicked is clickable
12:23:05.078 [main] INFO  com.demo.baseutil.Basetest - Clicked on : datenext button is clicked
12:23:07.082 [main] INFO  com.demo.baseutil.Basetest - Validate date is entered is clickable
12:23:09.647 [main] INFO  com.demo.baseutil.Basetest - Clicked on : date is entered
12:23:12.661 [main] INFO  com.demo.baseutil.Basetest - Validate date is selected is clickable
12:23:15.231 [main] INFO  com.demo.baseutil.Basetest - Clicked on : date is selected
12:23:18.242 [main] INFO  com.demo.baseutil.Basetest - Validate deliverydate is clicked is clickable
12:23:20.783 [main] INFO  com.demo.baseutil.Basetest - Clicked on : deliverydate is clicked
12:23:22.793 [main] INFO  com.demo.baseutil.Basetest - Validate datenext button is clicked is clickable
12:23:25.269 [main] INFO  com.demo.baseutil.Basetest - Clicked on : datenext button is clicked
12:23:27.281 [main] INFO  com.demo.baseutil.Basetest - Validate datenext button is clicked is clickable
12:23:29.798 [main] INFO  com.demo.baseutil.Basetest - Clicked on : datenext button is clicked
12:23:32.808 [main] INFO  com.demo.baseutil.Basetest - Validate date is entered is clickable
12:23:35.250 [main] INFO  com.demo.baseutil.Basetest - Clicked on : date is entered
12:23:37.252 [main] INFO  com.demo.baseutil.Basetest - Validate date is selected is clickable
12:23:39.797 [main] INFO  com.demo.baseutil.Basetest - Clicked on : date is selected
12:23:39.824 [main] INFO  com.demo.baseutil.Basetest - Scroll down successful
12:23:39.824 [main] INFO  com.demo.baseutil.Basetest - Validate container is clicked is clickable
12:23:42.336 [main] INFO  com.demo.baseutil.Basetest - Clicked on : container is clicked
12:23:42.336 [main] INFO  com.demo.baseutil.Basetest - Enter the value into container value is entered
12:23:42.807 [main] INFO  com.demo.baseutil.Basetest - container801801 typed into container value is entered
12:23:47.815 [main] INFO  com.demo.baseutil.Basetest - Validate container select is clicked is clickable
12:23:50.321 [main] INFO  com.demo.baseutil.Basetest - Clicked on : container select is clicked
12:23:52.323 [main] INFO  com.demo.baseutil.Basetest - Validate invoice select is clicked is clickable
12:23:54.836 [main] INFO  com.demo.baseutil.Basetest - Clicked on : invoice select is clicked
12:23:54.836 [main] INFO  com.demo.baseutil.Basetest - Enter the value into  invoice value is entered
12:23:55.369 [main] INFO  com.demo.baseutil.Basetest - 123 typed into  invoice value is entered
12:23:57.386 [main] INFO  com.demo.baseutil.Basetest - Validate seal select is clicked is clickable
12:23:59.851 [main] INFO  com.demo.baseutil.Basetest - Clicked on : seal select is clicked
12:23:59.852 [main] INFO  com.demo.baseutil.Basetest - Enter the value into seal value is entered
12:24:00.243 [main] INFO  com.demo.baseutil.Basetest - 123 typed into seal value is entered
12:24:02.270 [main] INFO  com.demo.baseutil.Basetest - Scroll down successful
12:24:04.292 [main] INFO  com.demo.baseutil.Basetest - Validate asn select is clicked is clickable
12:24:06.789 [main] INFO  com.demo.baseutil.Basetest - Clicked on : asn select is clicked
12:24:06.793 [main] INFO  com.demo.baseutil.Basetest - Enter the value into asn value is entered
12:24:07.361 [main] INFO  com.demo.baseutil.Basetest - 5397080332458 typed into asn value is entered
12:24:09.374 [main] INFO  com.demo.baseutil.Basetest - Validate lorry select is clicked is clickable
12:24:11.933 [main] INFO  com.demo.baseutil.Basetest - Clicked on : lorry select is clicked
12:24:11.934 [main] INFO  com.demo.baseutil.Basetest - Enter the value into lorry value is entered
12:24:12.324 [main] INFO  com.demo.baseutil.Basetest - 123 typed into lorry value is entered
12:24:14.355 [main] INFO  com.demo.baseutil.Basetest - Validate purchase is clicked is clickable
12:24:16.736 [main] INFO  com.demo.baseutil.Basetest - Clicked on : purchase is clicked
12:24:16.737 [main] INFO  com.demo.baseutil.Basetest - Enter the value into purchase is entered
12:24:17.099 [main] INFO  com.demo.baseutil.Basetest - 123 typed into purchase is entered
12:24:17.099 [main] INFO  com.demo.baseutil.Basetest - Validate bill is clicked is clickable
12:24:19.603 [main] INFO  com.demo.baseutil.Basetest - Clicked on : bill is clicked
12:24:19.605 [main] INFO  com.demo.baseutil.Basetest - Enter the value into purchase is entered
12:24:20.014 [main] INFO  com.demo.baseutil.Basetest - 12345 typed into purchase is entered
12:24:22.020 [main] INFO  com.demo.baseutil.Basetest - Validate document is clicked is clickable
12:24:24.467 [main] INFO  com.demo.baseutil.Basetest - Clicked on : document is clicked
12:24:24.467 [main] INFO  com.demo.baseutil.Basetest - Enter the value into document is entered
12:24:24.943 [main] INFO  com.demo.baseutil.Basetest - 12345 typed into document is entered
12:24:26.981 [main] INFO  com.demo.baseutil.Basetest - Validate Add Transaction is selected is clickable
12:24:29.574 [main] INFO  com.demo.baseutil.Basetest - Clicked on : Add Transaction is selected
12:24:51.654 [main] INFO  com.demo.baseutil.Basetest - Scroll down
12:24:53.655 [main] INFO  com.demo.baseutil.Basetest - Validate transaction is clicked is clickable
12:24:56.215 [main] INFO  com.demo.baseutil.Basetest - Clicked on : transaction is clicked
12:25:01.227 [main] INFO  com.demo.baseutil.Basetest - Validate add new is clicked is clickable
12:25:03.749 [main] INFO  com.demo.baseutil.Basetest - Clicked on : add new is clicked
12:25:08.757 [main] INFO  com.demo.baseutil.Basetest - Validate Product id is clicked is clickable
12:25:11.284 [main] INFO  com.demo.baseutil.Basetest - Clicked on : Product id is clicked
12:25:13.290 [main] INFO  com.demo.baseutil.Basetest - Enter the value into Saved Value is entered
12:25:13.707 [main] INFO  com.demo.baseutil.Basetest - F2PG10001018 typed into Saved Value is entered
12:25:15.714 [main] INFO  com.demo.baseutil.Basetest - Validate Product id is clicked is clickable
12:25:18.243 [main] INFO  com.demo.baseutil.Basetest - Clicked on : Product id is clicked
12:25:20.248 [main] INFO  com.demo.baseutil.Basetest - Validate Product id is clicked is clickable
12:25:22.660 [main] INFO  com.demo.baseutil.Basetest - Clicked on : Product id is clicked
12:25:24.664 [main] INFO  com.demo.baseutil.Basetest - Validate chooseprocess id is clicked is clickable
12:25:27.204 [main] INFO  com.demo.baseutil.Basetest - Clicked on : chooseprocess id is clicked
12:25:31.212 [main] INFO  com.demo.baseutil.Basetest - Enter the value into Observation is entered
12:25:31.583 [main] INFO  com.demo.baseutil.Basetest - Observation typed into Observation is entered
12:25:33.596 [main] INFO  com.demo.baseutil.Basetest - Validate chooseprocess id is clicked is clickable
12:25:36.154 [main] INFO  com.demo.baseutil.Basetest - Clicked on : chooseprocess id is clicked
12:25:39.157 [main] INFO  com.demo.baseutil.Basetest - Validate activity is clicked is clickable
12:25:41.647 [main] INFO  com.demo.baseutil.Basetest - Clicked on : activity is clicked
12:25:43.656 [main] INFO  com.demo.baseutil.Basetest - Enter the value into activity is entered
12:25:44.098 [main] INFO  com.demo.baseutil.Basetest - activity typed into activity is entered
12:25:47.103 [main] INFO  com.demo.baseutil.Basetest - Scroll till the sscc is scrolled down
12:25:47.229 [main] INFO  com.demo.baseutil.Basetest - Scroll till the sscc is scrolled down completed
12:25:50.253 [main] INFO  com.demo.baseutil.Basetest - Validate sscc is clicked is clickable
12:25:52.765 [main] INFO  com.demo.baseutil.Basetest - Clicked on : sscc is clicked
12:25:54.772 [main] INFO  com.demo.baseutil.Basetest - Enter the value into sscc is entered
12:25:55.219 [main] INFO  com.demo.baseutil.Basetest - 120003092410000005 typed into sscc is entered
12:25:58.249 [main] INFO  com.demo.baseutil.Basetest - Validate sscc arrow is clicked is clickable
12:26:00.736 [main] INFO  com.demo.baseutil.Basetest - Clicked on : sscc arrow is clicked
12:26:02.740 [main] INFO  com.demo.baseutil.Basetest - Scroll till the addd transaction button scrolled
12:26:02.863 [main] INFO  com.demo.baseutil.Basetest - Scroll till the addd transaction button scrolled completed
12:26:02.864 [main] INFO  com.demo.baseutil.Basetest - Validate Add Transaction is selected is clickable
12:26:05.387 [main] INFO  com.demo.baseutil.Basetest - Clicked on : Add Transaction is selected
12:26:10.757 [main] INFO  com.demo.baseutil.Basetest - Browser is closed sucessfuly
12:26:13.605 [main] INFO  com.demo.baseutil.Basetest - Browser is closed sucessfuly
12:26:16.296 [main] ERROR com.demo.baseutil.Basetest - Failed to close the Browser
