14:11:58.190 [main] INFO  com.demo.baseutil.Basetest - 
14:11:58.197 [main] INFO  com.demo.baseutil.Basetest - Running locally JavaMail
14:11:58.390 [main] INFO  com.demo.baseutil.Basetest2 - Folder creation for Extent
14:11:58.403 [main] INFO  com.demo.baseutil.Basetest - ExtentDir:-C:\Users\Deepti Jindal\eclipse-workspace2\com.NFR.Trace QA latest/reports/Automation Report- 10_22_2024_14_11_58/Report/10_22_2024_14_11_58
14:11:58.542 [main] INFO  com.demo.baseutil.Basetest - Report Initiated
14:11:58.544 [main] INFO  com.demo.baseutil.Basetest - Screenshot folder created
14:12:25.760 [main] INFO  com.demo.baseutil.Basetest - Validate Sign in with FarmtoPlate account is clickable
14:12:28.148 [main] INFO  com.demo.baseutil.Basetest - Clicked on : Sign in with FarmtoPlate account
14:12:28.172 [main] INFO  com.demo.baseutil.Basetest - Url contains farmtoplateapps.io/login
14:12:28.189 [main] INFO  com.demo.baseutil.Basetest - Sign in title matched
14:12:28.190 [main] INFO  com.demo.baseutil.Basetest - UI verified for Sigin page.
14:12:28.190 [main] INFO  com.demo.baseutil.Basetest - Sign in function call
14:12:28.191 [main] INFO  com.demo.baseutil.Basetest - Validate email address field is clicked is clickable
14:12:30.822 [main] INFO  com.demo.baseutil.Basetest - Clicked on : email address field is clicked
14:12:30.823 [main] INFO  com.demo.baseutil.Basetest - Enter the value into Email Id Entered
14:12:31.369 [main] INFO  com.demo.baseutil.Basetest - farmtoplatef2p@paramountsoft.net typed into Email Id Entered
14:12:31.369 [main] INFO  com.demo.baseutil.Basetest - Validate Enter the password is clickable
14:12:33.822 [main] INFO  com.demo.baseutil.Basetest - Clicked on : Enter the password
14:12:33.822 [main] INFO  com.demo.baseutil.Basetest - Enter the value into Password Id Entered
14:12:34.210 [main] INFO  com.demo.baseutil.Basetest - Admin1234 typed into Password Id Entered
14:12:43.286 [main] INFO  com.demo.baseutil.Basetest - Scroll down
14:12:44.289 [main] INFO  com.demo.baseutil.Basetest - Validate Press the signin button is clickable
14:12:48.801 [main] INFO  com.demo.baseutil.Basetest - Clicked on : Press the signin button
14:12:56.803 [main] INFO  com.demo.baseutil.Basetest - HomePage title  is matched
14:13:09.833 [main] INFO  com.demo.baseutil.Basetest - Validate Network Management is clicked is clickable
14:13:12.435 [main] INFO  com.demo.baseutil.Basetest - Clicked on : Network Management is clicked
14:13:16.443 [main] INFO  com.demo.baseutil.Basetest - Validate Add new is clicked is clickable
14:13:18.925 [main] INFO  com.demo.baseutil.Basetest - Clicked on : Add new is clicked
14:13:20.930 [main] INFO  com.demo.baseutil.Basetest - Validate Organisation Name is clicked is clickable
14:13:23.429 [main] INFO  com.demo.baseutil.Basetest - Clicked on : Organisation Name is clicked
14:13:23.429 [main] INFO  com.demo.baseutil.Basetest - Enter the value into Organisation is Entered
14:13:23.905 [main] INFO  com.demo.baseutil.Basetest - KafZgdDM typed into Organisation is Entered
14:13:23.906 [main] INFO  com.demo.baseutil.Basetest - Validate Organisation type is clicked is clickable
14:13:26.403 [main] INFO  com.demo.baseutil.Basetest - Clicked on : Organisation type is clicked
14:13:26.403 [main] INFO  com.demo.baseutil.Basetest - Validate upstream is selected is clickable
14:13:28.883 [main] INFO  com.demo.baseutil.Basetest - Clicked on : upstream is selected
14:13:28.883 [main] INFO  com.demo.baseutil.Basetest - Validate Organisation role is clicked is clickable
14:13:31.333 [main] INFO  com.demo.baseutil.Basetest - Clicked on : Organisation role is clicked
14:13:31.333 [main] INFO  com.demo.baseutil.Basetest - Validate Organisation role is selected is clickable
14:13:33.799 [main] INFO  com.demo.baseutil.Basetest - Clicked on : Organisation role is selected
14:13:33.799 [main] INFO  com.demo.baseutil.Basetest - Validate module is clicked is clickable
14:13:36.163 [main] INFO  com.demo.baseutil.Basetest - Clicked on : module is clicked
14:13:36.163 [main] INFO  com.demo.baseutil.Basetest - Validate module is selected is clickable
14:13:38.583 [main] INFO  com.demo.baseutil.Basetest - Clicked on : module is selected
14:13:38.583 [main] INFO  com.demo.baseutil.Basetest - Validate email field is clicked is clickable
14:13:41.111 [main] INFO  com.demo.baseutil.Basetest - Clicked on : email field is clicked
14:13:41.111 [main] INFO  com.demo.baseutil.Basetest - Enter the value into emailid is Entered
14:13:41.674 [main] INFO  com.demo.baseutil.Basetest - 4401avcyghg@yopmail.com typed into emailid is Entered
14:13:47.739 [main] INFO  com.demo.baseutil.Basetest - Scroll down
14:13:54.749 [main] INFO  com.demo.baseutil.Basetest - Validate Database Type is clicked is clickable
14:13:57.135 [main] INFO  com.demo.baseutil.Basetest - Clicked on : Database Type is clicked
14:13:57.135 [main] INFO  com.demo.baseutil.Basetest - Validate Db is selected is clickable
14:13:59.600 [main] INFO  com.demo.baseutil.Basetest - Clicked on : Db is selected
14:14:01.690 [main] INFO  com.demo.baseutil.Basetest - Scroll down successful
14:14:02.705 [main] INFO  com.demo.baseutil.Basetest - Validate Db is selected is clickable
14:14:05.514 [main] INFO  com.demo.baseutil.Basetest - Clicked on : Db is selected
14:14:07.520 [main] INFO  com.demo.baseutil.Basetest - Validate ordermgmt is selected is clickable
14:14:10.054 [main] INFO  com.demo.baseutil.Basetest - Clicked on : ordermgmt is selected
14:14:10.054 [main] INFO  com.demo.baseutil.Basetest - Validate Soil Dashboard is selected is clickable
14:14:12.553 [main] INFO  com.demo.baseutil.Basetest - Clicked on : Soil Dashboard is selected
14:14:12.553 [main] INFO  com.demo.baseutil.Basetest - Validate Submit Button is clicked is clickable
14:14:15.102 [main] INFO  com.demo.baseutil.Basetest - Clicked on : Submit Button is clicked
14:14:17.474 [main] INFO  com.demo.baseutil.Basetest - Validate Email address input field is clicked is clickable
14:14:22.278 [main] INFO  com.demo.baseutil.Basetest - Clicked on : Email address input field is clicked
14:14:22.278 [main] INFO  com.demo.baseutil.Basetest - Enter the value into email address is entered
14:14:22.759 [main] INFO  com.demo.baseutil.Basetest - 4401avcyghg@yopmail.com typed into email address is entered
14:14:22.760 [main] INFO  com.demo.baseutil.Basetest - Validate arrow button is clicked is clickable
14:14:26.385 [main] INFO  com.demo.baseutil.Basetest - Clicked on : arrow button is clicked
14:14:36.577 [main] INFO  com.demo.baseutil.Basetest - Validate first email is clicked is clickable
14:14:39.067 [main] INFO  com.demo.baseutil.Basetest - Clicked on : first email is clicked
14:14:41.167 [main] INFO  com.demo.baseutil.Basetest - Validate email address is clicked is clickable
14:14:44.255 [main] INFO  com.demo.baseutil.Basetest - Clicked on : email address is clicked
14:14:46.287 [main] INFO  com.demo.baseutil.Basetest - Validate pass is clicked is clickable
14:14:48.775 [main] INFO  com.demo.baseutil.Basetest - Clicked on : pass is clicked
14:14:48.775 [main] INFO  com.demo.baseutil.Basetest - Enter the value into Password is entered
14:14:49.219 [main] INFO  com.demo.baseutil.Basetest - Admin@1234 typed into Password is entered
14:14:49.219 [main] INFO  com.demo.baseutil.Basetest - Validate confirm password is clicked is clickable
14:14:51.743 [main] INFO  com.demo.baseutil.Basetest - Clicked on : confirm password is clicked
14:14:51.743 [main] INFO  com.demo.baseutil.Basetest - Enter the value into Confirm Password is entered
14:14:52.152 [main] INFO  com.demo.baseutil.Basetest - Admin@1234 typed into Confirm Password is entered
14:14:58.237 [main] INFO  com.demo.baseutil.Basetest - Scroll down
14:14:58.237 [main] INFO  com.demo.baseutil.Basetest - Validate button is clicked is clickable
14:15:00.685 [main] INFO  com.demo.baseutil.Basetest - Clicked on : button is clicked
14:15:02.701 [main] INFO  com.demo.baseutil.Basetest - Validate email address field is clicked is clickable
14:15:05.767 [main] INFO  com.demo.baseutil.Basetest - Clicked on : email address field is clicked
14:15:05.768 [main] INFO  com.demo.baseutil.Basetest - Enter the value into Email Id Entered
14:15:06.135 [main] INFO  com.demo.baseutil.Basetest - 4401avcyghg@yopmail.com typed into Email Id Entered
14:15:06.135 [main] INFO  com.demo.baseutil.Basetest - Validate Enter the password is clickable
14:15:08.509 [main] INFO  com.demo.baseutil.Basetest - Clicked on : Enter the password
14:15:08.509 [main] INFO  com.demo.baseutil.Basetest - Enter the value into Password Id Entered
14:15:08.966 [main] INFO  com.demo.baseutil.Basetest - Admin@1234 typed into Password Id Entered
14:15:13.078 [main] INFO  com.demo.baseutil.Basetest - Scroll down
14:15:13.078 [main] INFO  com.demo.baseutil.Basetest - Validate Press the signin button is clickable
14:15:16.184 [main] INFO  com.demo.baseutil.Basetest - Clicked on : Press the signin button
14:15:19.225 [main] INFO  com.demo.baseutil.Basetest - Scroll down successful
14:15:20.240 [main] INFO  com.demo.baseutil.Basetest - Validate Press the button is clickable
14:15:22.866 [main] INFO  com.demo.baseutil.Basetest - Clicked on : Press the button
14:15:22.881 [main] INFO  com.demo.baseutil.Basetest - Scroll down successful
14:15:22.881 [main] INFO  com.demo.baseutil.Basetest - Validate Press the signin button is clickable
14:15:25.330 [main] INFO  com.demo.baseutil.Basetest - Clicked on : Press the signin button
14:15:27.330 [main] INFO  com.demo.baseutil.Basetest - Validate Press the button is clickable
14:15:29.804 [main] INFO  com.demo.baseutil.Basetest - Clicked on : Press the button
14:15:32.815 [main] INFO  com.demo.baseutil.Basetest - Validate Click on First is clickable
14:15:35.493 [main] INFO  com.demo.baseutil.Basetest - Clicked on : Click on First
14:15:35.493 [main] INFO  com.demo.baseutil.Basetest - Enter the value into enter the  First
14:15:35.900 [main] INFO  com.demo.baseutil.Basetest - First typed into enter the  First
14:15:35.900 [main] INFO  com.demo.baseutil.Basetest - Validate Click on last is clickable
14:15:38.314 [main] INFO  com.demo.baseutil.Basetest - Clicked on : Click on last
14:15:38.314 [main] INFO  com.demo.baseutil.Basetest - Enter the value into enter the  Last
14:15:38.686 [main] INFO  com.demo.baseutil.Basetest - Last typed into enter the  Last
14:15:38.686 [main] INFO  com.demo.baseutil.Basetest - Validate Click on dest is clickable
14:15:41.165 [main] INFO  com.demo.baseutil.Basetest - Clicked on : Click on dest
14:15:41.169 [main] INFO  com.demo.baseutil.Basetest - Enter the value into enter the  dest
14:15:41.626 [main] INFO  com.demo.baseutil.Basetest - dest typed into enter the  dest
14:15:41.627 [main] INFO  com.demo.baseutil.Basetest - Validate Click on Submit is clickable
14:15:44.099 [main] INFO  com.demo.baseutil.Basetest - Clicked on : Click on Submit
14:15:44.100 [main] INFO  com.demo.baseutil.Basetest - Validate Click on address is clickable
14:15:49.462 [main] INFO  com.demo.baseutil.Basetest - Clicked on : Click on address
14:15:49.463 [main] INFO  com.demo.baseutil.Basetest - Enter the value into enter the  address
14:15:49.965 [main] INFO  com.demo.baseutil.Basetest - 123 William Street, New York, NY, USA typed into enter the  address
14:15:51.978 [main] INFO  com.demo.baseutil.Basetest - Validate comapny name is clicked is clickable
14:15:54.431 [main] INFO  com.demo.baseutil.Basetest - Clicked on : comapny name is clicked
14:15:54.431 [main] INFO  com.demo.baseutil.Basetest - Validate Click on state is clickable
14:15:56.842 [main] INFO  com.demo.baseutil.Basetest - Clicked on : Click on state
14:15:56.842 [main] INFO  com.demo.baseutil.Basetest - Enter the value into Enetered the state
14:15:57.210 [main] INFO  com.demo.baseutil.Basetest - NY typed into Enetered the state
14:15:57.210 [main] INFO  com.demo.baseutil.Basetest - Validate Click on zip is clickable
14:15:59.645 [main] INFO  com.demo.baseutil.Basetest - Clicked on : Click on zip
14:15:59.646 [main] INFO  com.demo.baseutil.Basetest - Enter the value into Enetred the Zip
14:16:00.184 [main] INFO  com.demo.baseutil.Basetest - 10038-3804 typed into Enetred the Zip
14:16:00.185 [main] INFO  com.demo.baseutil.Basetest - Validate Click on city is clickable
14:16:02.710 [main] INFO  com.demo.baseutil.Basetest - Clicked on : Click on city
14:16:02.710 [main] INFO  com.demo.baseutil.Basetest - Enter the value into Enetered the city
14:16:03.082 [main] INFO  com.demo.baseutil.Basetest - New York typed into Enetered the city
14:16:03.085 [main] INFO  com.demo.baseutil.Basetest - Validate Click on country is clickable
14:16:05.528 [main] INFO  com.demo.baseutil.Basetest - Clicked on : Click on country
14:16:05.528 [main] INFO  com.demo.baseutil.Basetest - Enter the value into Enetered the country
14:16:05.971 [main] INFO  com.demo.baseutil.Basetest - United States typed into Enetered the country
14:16:05.972 [main] INFO  com.demo.baseutil.Basetest - Scroll till the scrolled to bankname
14:16:06.112 [main] INFO  com.demo.baseutil.Basetest - Scroll till the scrolled to bankname completed
14:16:06.112 [main] INFO  com.demo.baseutil.Basetest - Validate msmenumber is clicked is clickable
14:16:08.527 [main] INFO  com.demo.baseutil.Basetest - Clicked on : msmenumber is clicked
14:16:08.527 [main] INFO  com.demo.baseutil.Basetest - Enter the value into Enetered the msmnumber
14:16:08.866 [main] INFO  com.demo.baseutil.Basetest - 192983758890 typed into Enetered the msmnumber
14:16:08.866 [main] INFO  com.demo.baseutil.Basetest - Validate bankname is clicked is clickable
14:16:11.245 [main] INFO  com.demo.baseutil.Basetest - Clicked on : bankname is clicked
14:16:11.247 [main] INFO  com.demo.baseutil.Basetest - Enter the value into Enetered the bankname
14:16:11.671 [main] INFO  com.demo.baseutil.Basetest - Goldmann typed into Enetered the bankname
14:16:11.683 [main] INFO  com.demo.baseutil.Basetest - Validate accountname is clicked is clickable
14:16:14.159 [main] INFO  com.demo.baseutil.Basetest - Clicked on : accountname is clicked
14:16:14.159 [main] INFO  com.demo.baseutil.Basetest - Enter the value into Enetered the accountname
14:16:14.493 [main] INFO  com.demo.baseutil.Basetest - Gold digger typed into Enetered the accountname
14:16:14.493 [main] INFO  com.demo.baseutil.Basetest - Validate accountnumber is clicked is clickable
14:16:16.978 [main] INFO  com.demo.baseutil.Basetest - Clicked on : accountnumber is clicked
14:16:16.979 [main] INFO  com.demo.baseutil.Basetest - Enter the value into Enetered the accountnumber
14:16:17.344 [main] INFO  com.demo.baseutil.Basetest - 10000234500123 typed into Enetered the accountnumber
14:16:17.344 [main] INFO  com.demo.baseutil.Basetest - Validate ifscdrop is clicked is clickable
14:16:19.843 [main] INFO  com.demo.baseutil.Basetest - Clicked on : ifscdrop is clicked
14:16:19.843 [main] INFO  com.demo.baseutil.Basetest - Validate ifscdrop is clicked is clickable
14:16:22.273 [main] INFO  com.demo.baseutil.Basetest - Clicked on : ifscdrop is clicked
14:16:22.273 [main] INFO  com.demo.baseutil.Basetest - Validate ifsccode is clicked is clickable
14:16:24.760 [main] INFO  com.demo.baseutil.Basetest - Clicked on : ifsccode is clicked
14:16:24.766 [main] INFO  com.demo.baseutil.Basetest - Enter the value into Enetered the ifsccode
14:16:25.228 [main] INFO  com.demo.baseutil.Basetest - 1234IFSC908 typed into Enetered the ifsccode
14:16:31.368 [main] INFO  com.demo.baseutil.Basetest - Scroll down
14:16:33.373 [main] INFO  com.demo.baseutil.Basetest - Validate Click on Submit is clickable
14:16:35.709 [main] INFO  com.demo.baseutil.Basetest - Clicked on : Click on Submit
14:16:37.107 [main] INFO  com.demo.baseutil.Basetest - Browser is closed sucessfuly
14:16:38.694 [main] INFO  com.demo.baseutil.Basetest - Browser is closed sucessfuly
14:16:55.594 [main] INFO  com.demo.baseutil.Basetest - Validate Sign in with FarmtoPlate account is clickable
14:16:58.183 [main] INFO  com.demo.baseutil.Basetest - Clicked on : Sign in with FarmtoPlate account
14:16:58.194 [main] INFO  com.demo.baseutil.Basetest - Url contains farmtoplateapps.io/login
14:16:58.202 [main] INFO  com.demo.baseutil.Basetest - Sign in title matched
14:16:58.202 [main] INFO  com.demo.baseutil.Basetest - UI verified for Sigin page.
14:16:58.202 [main] INFO  com.demo.baseutil.Basetest - Sign in function call
14:16:58.202 [main] INFO  com.demo.baseutil.Basetest - Validate email address field is clicked is clickable
14:17:00.840 [main] INFO  com.demo.baseutil.Basetest - Clicked on : email address field is clicked
14:17:00.841 [main] INFO  com.demo.baseutil.Basetest - Enter the value into Email Id Entered
14:17:01.224 [main] INFO  com.demo.baseutil.Basetest - 139@yopmail.com typed into Email Id Entered
14:17:01.231 [main] INFO  com.demo.baseutil.Basetest - Validate Enter the password is clickable
14:17:03.526 [main] INFO  com.demo.baseutil.Basetest - Clicked on : Enter the password
14:17:03.526 [main] INFO  com.demo.baseutil.Basetest - Enter the value into Password Id Entered
14:17:03.884 [main] INFO  com.demo.baseutil.Basetest - Admin@1234 typed into Password Id Entered
14:17:07.976 [main] INFO  com.demo.baseutil.Basetest - Scroll down
14:17:07.976 [main] INFO  com.demo.baseutil.Basetest - Validate Press the signin button is clickable
14:17:11.300 [main] INFO  com.demo.baseutil.Basetest - Clicked on : Press the signin button
14:17:13.670 [main] INFO  com.demo.baseutil.Basetest - HomePage title  is matched
14:17:23.690 [main] INFO  com.demo.baseutil.Basetest - Validate click on trace is clickable
14:17:26.083 [main] INFO  com.demo.baseutil.Basetest - Clicked on : click on trace
14:17:28.098 [main] INFO  com.demo.baseutil.Basetest - Validate click on dashboard is clickable
14:17:30.811 [main] INFO  com.demo.baseutil.Basetest - Clicked on : click on dashboard
14:17:32.819 [main] INFO  com.demo.baseutil.Basetest - Validate click on organisation network is clickable
14:17:35.466 [main] INFO  com.demo.baseutil.Basetest - Clicked on : click on organisation network
14:17:40.530 [main] INFO  com.demo.baseutil.Basetest - Sign in title matched
14:17:40.546 [main] INFO  com.demo.baseutil.Basetest - UI verified for Organisation network page.
14:17:42.651 [main] INFO  com.demo.baseutil.Basetest - Validate click on product register is clickable
14:17:45.280 [main] INFO  com.demo.baseutil.Basetest - Clicked on : click on product register
14:17:52.318 [main] INFO  com.demo.baseutil.Basetest - Sign in title matched
14:17:52.318 [main] INFO  com.demo.baseutil.Basetest - UI verified for Product page.
14:17:53.358 [main] INFO  com.demo.baseutil.Basetest - Validate click on lots is clickable
14:17:55.921 [main] INFO  com.demo.baseutil.Basetest - Clicked on : click on lots
14:18:02.008 [main] INFO  com.demo.baseutil.Basetest - Sign in title matched
14:18:02.008 [main] INFO  com.demo.baseutil.Basetest - UI verified for Lots page.
14:18:04.609 [main] INFO  com.demo.baseutil.Basetest - Browser is closed sucessfuly
14:18:05.361 [main] INFO  com.demo.baseutil.Basetest - Browser is closed sucessfuly
14:18:19.267 [main] INFO  com.demo.baseutil.Basetest - Validate Sign in with FarmtoPlate account is clickable
14:18:21.623 [main] INFO  com.demo.baseutil.Basetest - Clicked on : Sign in with FarmtoPlate account
14:18:21.640 [main] INFO  com.demo.baseutil.Basetest - Url contains farmtoplateapps.io/login
14:18:21.652 [main] INFO  com.demo.baseutil.Basetest - Sign in title matched
14:18:21.652 [main] INFO  com.demo.baseutil.Basetest - UI verified for Sigin page.
14:18:21.652 [main] INFO  com.demo.baseutil.Basetest - Sign in function call
14:18:21.652 [main] INFO  com.demo.baseutil.Basetest - Validate email address field is clicked is clickable
14:18:24.087 [main] INFO  com.demo.baseutil.Basetest - Clicked on : email address field is clicked
14:18:24.087 [main] INFO  com.demo.baseutil.Basetest - Enter the value into Email Id Entered
14:18:24.513 [main] INFO  com.demo.baseutil.Basetest - 139@yopmail.com typed into Email Id Entered
14:18:24.514 [main] INFO  com.demo.baseutil.Basetest - Validate Enter the password is clickable
14:18:26.907 [main] INFO  com.demo.baseutil.Basetest - Clicked on : Enter the password
14:18:26.907 [main] INFO  com.demo.baseutil.Basetest - Enter the value into Password Id Entered
14:18:27.197 [main] INFO  com.demo.baseutil.Basetest - Admin@1234 typed into Password Id Entered
14:18:31.296 [main] INFO  com.demo.baseutil.Basetest - Scroll down
14:18:31.296 [main] INFO  com.demo.baseutil.Basetest - Validate Press the signin button is clickable
14:18:34.469 [main] INFO  com.demo.baseutil.Basetest - Clicked on : Press the signin button
14:18:37.563 [main] INFO  com.demo.baseutil.Basetest - HomePage title  is matched
14:18:47.580 [main] INFO  com.demo.baseutil.Basetest - Validate click on trace is clickable
14:18:50.205 [main] INFO  com.demo.baseutil.Basetest - Clicked on : click on trace
14:18:52.213 [main] INFO  com.demo.baseutil.Basetest - Validate Network Management is clicked is clickable
14:18:54.813 [main] INFO  com.demo.baseutil.Basetest - Clicked on : Network Management is clicked
14:18:59.828 [main] INFO  com.demo.baseutil.Basetest - Validate Add new is clicked is clickable
14:19:02.359 [main] INFO  com.demo.baseutil.Basetest - Clicked on : Add new is clicked
14:19:04.360 [main] INFO  com.demo.baseutil.Basetest - Validate Organisation Name is clicked is clickable
14:19:06.957 [main] INFO  com.demo.baseutil.Basetest - Clicked on : Organisation Name is clicked
14:19:06.958 [main] INFO  com.demo.baseutil.Basetest - Enter the value into Organisation is Entered
14:19:07.415 [main] INFO  com.demo.baseutil.Basetest - DakfQzXq typed into Organisation is Entered
14:19:07.415 [main] INFO  com.demo.baseutil.Basetest - Validate Organisation type is clicked is clickable
14:19:09.845 [main] INFO  com.demo.baseutil.Basetest - Clicked on : Organisation type is clicked
14:19:09.845 [main] INFO  com.demo.baseutil.Basetest - Validate upstream is selected is clickable
14:19:12.311 [main] INFO  com.demo.baseutil.Basetest - Clicked on : upstream is selected
14:19:12.311 [main] INFO  com.demo.baseutil.Basetest - Validate Organisation role is clicked is clickable
14:19:14.714 [main] INFO  com.demo.baseutil.Basetest - Clicked on : Organisation role is clicked
14:19:14.714 [main] INFO  com.demo.baseutil.Basetest - Validate Organisation role is selected is clickable
14:19:17.347 [main] INFO  com.demo.baseutil.Basetest - Clicked on : Organisation role is selected
14:19:17.347 [main] INFO  com.demo.baseutil.Basetest - Validate module is clicked is clickable
14:19:19.807 [main] INFO  com.demo.baseutil.Basetest - Clicked on : module is clicked
14:19:19.807 [main] INFO  com.demo.baseutil.Basetest - Validate module is selected is clickable
14:19:22.341 [main] INFO  com.demo.baseutil.Basetest - Clicked on : module is selected
14:19:22.341 [main] INFO  com.demo.baseutil.Basetest - Validate email field is clicked is clickable
14:19:24.726 [main] INFO  com.demo.baseutil.Basetest - Clicked on : email field is clicked
14:19:24.728 [main] INFO  com.demo.baseutil.Basetest - Enter the value into emailid is Entered
14:19:25.339 [main] INFO  com.demo.baseutil.Basetest - YjyofWLl536@yopmail.com typed into emailid is Entered
14:19:26.354 [main] INFO  com.demo.baseutil.Basetest - Validate sendinvite button is clicked is clickable
14:19:28.815 [main] INFO  com.demo.baseutil.Basetest - Clicked on : sendinvite button is clicked
14:19:30.826 [main] INFO  com.demo.baseutil.Basetest - Validate submit is selected is clickable
14:19:33.294 [main] INFO  com.demo.baseutil.Basetest - Clicked on : submit is selected
14:19:48.525 [main] INFO  com.demo.baseutil.Basetest - Validate Email address input field is clicked is clickable
14:19:51.057 [main] INFO  com.demo.baseutil.Basetest - Clicked on : Email address input field is clicked
14:19:51.058 [main] INFO  com.demo.baseutil.Basetest - Enter the value into email address is entered
14:19:51.583 [main] INFO  com.demo.baseutil.Basetest - YjyofWLl536@yopmail.com typed into email address is entered
14:19:51.583 [main] INFO  com.demo.baseutil.Basetest - Validate arrow button is clicked is clickable
14:19:55.244 [main] INFO  com.demo.baseutil.Basetest - Clicked on : arrow button is clicked
14:19:58.355 [main] INFO  com.demo.baseutil.Basetest - Validate first email is clicked is clickable
14:20:00.976 [main] INFO  com.demo.baseutil.Basetest - Clicked on : first email is clicked
14:20:03.072 [main] INFO  com.demo.baseutil.Basetest - Validate email address is clicked is clickable
14:20:05.529 [main] INFO  com.demo.baseutil.Basetest - Clicked on : email address is clicked
14:20:08.168 [main] INFO  com.demo.baseutil.Basetest - Validate pass is clicked is clickable
14:20:11.959 [main] INFO  com.demo.baseutil.Basetest - Clicked on : pass is clicked
14:20:11.960 [main] INFO  com.demo.baseutil.Basetest - Enter the value into Password is entered
14:20:12.384 [main] INFO  com.demo.baseutil.Basetest - Admin@1234 typed into Password is entered
14:20:12.384 [main] INFO  com.demo.baseutil.Basetest - Validate confirm password is clicked is clickable
14:20:14.805 [main] INFO  com.demo.baseutil.Basetest - Clicked on : confirm password is clicked
14:20:14.805 [main] INFO  com.demo.baseutil.Basetest - Enter the value into Confirm Password is entered
14:20:15.144 [main] INFO  com.demo.baseutil.Basetest - Admin@1234 typed into Confirm Password is entered
14:20:21.279 [main] INFO  com.demo.baseutil.Basetest - Scroll down
14:20:21.279 [main] INFO  com.demo.baseutil.Basetest - Validate button is clicked is clickable
14:20:23.767 [main] INFO  com.demo.baseutil.Basetest - Clicked on : button is clicked
14:20:25.783 [main] INFO  com.demo.baseutil.Basetest - Validate email address field is clicked is clickable
14:20:28.460 [main] INFO  com.demo.baseutil.Basetest - Clicked on : email address field is clicked
14:20:28.461 [main] INFO  com.demo.baseutil.Basetest - Enter the value into Email Id Entered
14:20:28.861 [main] INFO  com.demo.baseutil.Basetest - YjyofWLl536@yopmail.com typed into Email Id Entered
14:20:28.861 [main] INFO  com.demo.baseutil.Basetest - Validate Enter the password is clickable
14:20:31.289 [main] INFO  com.demo.baseutil.Basetest - Clicked on : Enter the password
14:20:31.289 [main] INFO  com.demo.baseutil.Basetest - Enter the value into Password Id Entered
14:20:31.644 [main] INFO  com.demo.baseutil.Basetest - Admin@1234 typed into Password Id Entered
14:20:35.754 [main] INFO  com.demo.baseutil.Basetest - Scroll down
14:20:35.754 [main] INFO  com.demo.baseutil.Basetest - Validate Press the signin button is clickable
14:20:38.926 [main] INFO  com.demo.baseutil.Basetest - Clicked on : Press the signin button
14:20:44.938 [main] INFO  com.demo.baseutil.Basetest - Validate Press the continue button is clickable
14:20:47.633 [main] INFO  com.demo.baseutil.Basetest - Clicked on : Press the continue button
14:20:47.648 [main] INFO  com.demo.baseutil.Basetest - Scroll down successful
14:20:51.711 [main] INFO  com.demo.baseutil.Basetest - Scroll down
14:20:56.749 [main] INFO  com.demo.baseutil.Basetest - Scroll down successful
14:20:56.749 [main] INFO  com.demo.baseutil.Basetest - Validate Press the signin button is clickable
14:20:59.299 [main] INFO  com.demo.baseutil.Basetest - Clicked on : Press the signin button
14:20:59.300 [main] INFO  com.demo.baseutil.Basetest - Validate Press the button is clickable
14:21:01.912 [main] INFO  com.demo.baseutil.Basetest - Clicked on : Press the button
14:21:02.260 [main] INFO  com.demo.baseutil.Basetest - Browser is closed sucessfuly
14:21:02.998 [main] INFO  com.demo.baseutil.Basetest - Browser is closed sucessfuly
14:21:16.975 [main] INFO  com.demo.baseutil.Basetest - Validate Sign in with FarmtoPlate account is clickable
14:21:19.320 [main] INFO  com.demo.baseutil.Basetest - Clicked on : Sign in with FarmtoPlate account
14:21:19.331 [main] INFO  com.demo.baseutil.Basetest - Url contains farmtoplateapps.io/login
14:21:19.341 [main] INFO  com.demo.baseutil.Basetest - Sign in title matched
14:21:19.341 [main] INFO  com.demo.baseutil.Basetest - UI verified for Sigin page.
14:21:19.342 [main] INFO  com.demo.baseutil.Basetest - Sign in function call
14:21:19.342 [main] INFO  com.demo.baseutil.Basetest - Validate email address field is clicked is clickable
14:21:22.103 [main] INFO  com.demo.baseutil.Basetest - Clicked on : email address field is clicked
14:21:22.103 [main] INFO  com.demo.baseutil.Basetest - Enter the value into Email Id Entered
14:21:22.550 [main] INFO  com.demo.baseutil.Basetest - 139@yopmail.com typed into Email Id Entered
14:21:22.551 [main] INFO  com.demo.baseutil.Basetest - Validate Enter the password is clickable
14:21:24.984 [main] INFO  com.demo.baseutil.Basetest - Clicked on : Enter the password
14:21:24.985 [main] INFO  com.demo.baseutil.Basetest - Enter the value into Password Id Entered
14:21:25.511 [main] INFO  com.demo.baseutil.Basetest - Admin@1234 typed into Password Id Entered
14:21:29.624 [main] INFO  com.demo.baseutil.Basetest - Scroll down
14:21:29.624 [main] INFO  com.demo.baseutil.Basetest - Validate Press the signin button is clickable
14:21:33.295 [main] INFO  com.demo.baseutil.Basetest - Clicked on : Press the signin button
14:21:36.372 [main] INFO  com.demo.baseutil.Basetest - HomePage title  is matched
14:21:46.381 [main] INFO  com.demo.baseutil.Basetest - Validate click on trace is clickable
14:21:48.895 [main] INFO  com.demo.baseutil.Basetest - Clicked on : click on trace
14:21:55.008 [main] INFO  com.demo.baseutil.Basetest - Validate Asset & Infrastructure Data is clicked is clickable
14:21:57.498 [main] INFO  com.demo.baseutil.Basetest - Clicked on : Asset & Infrastructure Data is clicked
14:21:59.501 [main] INFO  com.demo.baseutil.Basetest - Validate Assets is clicked is clickable
14:22:02.359 [main] INFO  com.demo.baseutil.Basetest - Clicked on : Assets is clicked
14:22:04.365 [main] INFO  com.demo.baseutil.Basetest - Validate Add new is clicked is clickable
14:22:06.932 [main] INFO  com.demo.baseutil.Basetest - Clicked on : Add new is clicked
14:22:08.941 [main] INFO  com.demo.baseutil.Basetest - Validate Asset type is clicked is clickable
14:22:11.430 [main] INFO  com.demo.baseutil.Basetest - Clicked on : Asset type is clicked
14:22:11.430 [main] INFO  com.demo.baseutil.Basetest - Validate vehicle is selected is clickable
14:22:13.915 [main] INFO  com.demo.baseutil.Basetest - Clicked on : vehicle is selected
14:22:13.915 [main] INFO  com.demo.baseutil.Basetest - Validate Click on Vehicle Name is clickable
14:22:16.469 [main] INFO  com.demo.baseutil.Basetest - Clicked on : Click on Vehicle Name
14:22:16.469 [main] INFO  com.demo.baseutil.Basetest - Enter the value into enter the vehicle name
14:22:16.971 [main] INFO  com.demo.baseutil.Basetest - Loading VehicleRidP typed into enter the vehicle name
14:22:16.972 [main] INFO  com.demo.baseutil.Basetest - Validate Click on Vehicle Number is clickable
14:22:19.455 [main] INFO  com.demo.baseutil.Basetest - Clicked on : Click on Vehicle Number
14:22:19.455 [main] INFO  com.demo.baseutil.Basetest - Enter the value into Enter the vehicle number
14:22:19.875 [main] INFO  com.demo.baseutil.Basetest - ieUcnjiP typed into Enter the vehicle number
14:22:19.877 [main] INFO  com.demo.baseutil.Basetest - Validate click the dropdown of carrier is clickable
14:22:22.341 [main] INFO  com.demo.baseutil.Basetest - Clicked on : click the dropdown of carrier
14:22:22.344 [main] INFO  com.demo.baseutil.Basetest - Validate click the tanker is clickable
14:22:24.956 [main] INFO  com.demo.baseutil.Basetest - Clicked on : click the tanker
14:22:24.957 [main] INFO  com.demo.baseutil.Basetest - Validate Click on Make is clickable
14:22:27.420 [main] INFO  com.demo.baseutil.Basetest - Clicked on : Click on Make
14:22:27.420 [main] INFO  com.demo.baseutil.Basetest - Enter the value into enter the make
14:22:27.841 [main] INFO  com.demo.baseutil.Basetest - Mahindra typed into enter the make
14:22:27.841 [main] INFO  com.demo.baseutil.Basetest - Validate Click on Model is clickable
14:22:30.268 [main] INFO  com.demo.baseutil.Basetest - Clicked on : Click on Model
14:22:30.268 [main] INFO  com.demo.baseutil.Basetest - Enter the value into enter the model
14:22:30.674 [main] INFO  com.demo.baseutil.Basetest - XUV typed into enter the model
14:22:30.675 [main] INFO  com.demo.baseutil.Basetest - Validate Click on Model is clickable
14:22:33.046 [main] INFO  com.demo.baseutil.Basetest - Clicked on : Click on Model
14:22:33.047 [main] INFO  com.demo.baseutil.Basetest - Enter the value into enter the model
14:22:33.543 [main] INFO  com.demo.baseutil.Basetest - XUV typed into enter the model
14:22:33.543 [main] INFO  com.demo.baseutil.Basetest - Validate Click on Vehicle Number is clickable
14:22:36.036 [main] INFO  com.demo.baseutil.Basetest - Clicked on : Click on Vehicle Number
14:22:36.036 [main] INFO  com.demo.baseutil.Basetest - Enter the value into Enter the engine number
14:22:36.434 [main] INFO  com.demo.baseutil.Basetest - AeTVutMj typed into Enter the engine number
14:22:36.435 [main] INFO  com.demo.baseutil.Basetest - Validate Click on Class-GVWR is clickable
14:22:38.919 [main] INFO  com.demo.baseutil.Basetest - Clicked on : Click on Class-GVWR
14:22:38.919 [main] INFO  com.demo.baseutil.Basetest - Enter the value into enter the classgvwr
14:22:39.307 [main] INFO  com.demo.baseutil.Basetest - Class I typed into enter the classgvwr
14:22:39.307 [main] INFO  com.demo.baseutil.Basetest - Validate Click on Weight Capacity is clickable
14:22:41.754 [main] INFO  com.demo.baseutil.Basetest - Clicked on : Click on Weight Capacity
14:22:41.756 [main] INFO  com.demo.baseutil.Basetest - Enter the value into enter the weight capacity
14:22:42.031 [main] INFO  com.demo.baseutil.Basetest - 100 typed into enter the weight capacity
14:22:46.107 [main] INFO  com.demo.baseutil.Basetest - Scroll down
14:22:46.140 [main] INFO  com.demo.baseutil.Basetest - Scroll down successful
14:22:46.140 [main] INFO  com.demo.baseutil.Basetest - Validate Click on Add button is clickable
14:22:48.721 [main] INFO  com.demo.baseutil.Basetest - Clicked on : Click on Add button
14:22:49.905 [main] INFO  com.demo.baseutil.Basetest - Browser is closed sucessfuly
14:22:50.556 [main] INFO  com.demo.baseutil.Basetest - Browser is closed sucessfuly
14:23:04.302 [main] INFO  com.demo.baseutil.Basetest - Validate Sign in with FarmtoPlate account is clickable
14:23:06.822 [main] INFO  com.demo.baseutil.Basetest - Clicked on : Sign in with FarmtoPlate account
14:23:06.838 [main] INFO  com.demo.baseutil.Basetest - Url contains farmtoplateapps.io/login
14:23:06.848 [main] INFO  com.demo.baseutil.Basetest - Sign in title matched
14:23:06.848 [main] INFO  com.demo.baseutil.Basetest - UI verified for Sigin page.
14:23:06.849 [main] INFO  com.demo.baseutil.Basetest - Sign in function call
14:23:06.849 [main] INFO  com.demo.baseutil.Basetest - Validate email address field is clicked is clickable
14:23:09.154 [main] INFO  com.demo.baseutil.Basetest - Clicked on : email address field is clicked
14:23:09.155 [main] INFO  com.demo.baseutil.Basetest - Enter the value into Email Id Entered
14:23:09.593 [main] INFO  com.demo.baseutil.Basetest - 139@yopmail.com typed into Email Id Entered
14:23:09.594 [main] INFO  com.demo.baseutil.Basetest - Validate Enter the password is clickable
14:23:11.963 [main] INFO  com.demo.baseutil.Basetest - Clicked on : Enter the password
14:23:11.963 [main] INFO  com.demo.baseutil.Basetest - Enter the value into Password Id Entered
14:23:12.193 [main] INFO  com.demo.baseutil.Basetest - Admin@1234 typed into Password Id Entered
14:23:16.272 [main] INFO  com.demo.baseutil.Basetest - Scroll down
14:23:16.272 [main] INFO  com.demo.baseutil.Basetest - Validate Press the signin button is clickable
14:23:19.942 [main] INFO  com.demo.baseutil.Basetest - Clicked on : Press the signin button
14:23:22.521 [main] INFO  com.demo.baseutil.Basetest - HomePage title  is matched
14:23:32.536 [main] INFO  com.demo.baseutil.Basetest - Validate click on trace is clickable
14:23:34.921 [main] INFO  com.demo.baseutil.Basetest - Clicked on : click on trace
14:23:41.044 [main] INFO  com.demo.baseutil.Basetest - Validate Asset & Infrastructure Data is clicked is clickable
14:23:43.480 [main] INFO  com.demo.baseutil.Basetest - Clicked on : Asset & Infrastructure Data is clicked
14:23:45.487 [main] INFO  com.demo.baseutil.Basetest - Validate Infra is clicked is clickable
14:23:48.110 [main] INFO  com.demo.baseutil.Basetest - Clicked on : Infra is clicked
14:23:50.124 [main] INFO  com.demo.baseutil.Basetest - Validate Add new is clicked is clickable
14:23:52.946 [main] INFO  com.demo.baseutil.Basetest - Clicked on : Add new is clicked
14:23:54.949 [main] INFO  com.demo.baseutil.Basetest - Validate Click on Location Name is clickable
14:23:57.398 [main] INFO  com.demo.baseutil.Basetest - Clicked on : Click on Location Name
14:23:57.400 [main] INFO  com.demo.baseutil.Basetest - Enter the value into enter the location name
14:23:57.709 [main] INFO  com.demo.baseutil.Basetest - Warehouse B typed into enter the location name
14:23:57.709 [main] INFO  com.demo.baseutil.Basetest - Validate Asset type is clicked is clickable
14:24:00.147 [main] INFO  com.demo.baseutil.Basetest - Clicked on : Asset type is clicked
14:24:00.148 [main] INFO  com.demo.baseutil.Basetest - Validate vehicle is selected is clickable
14:24:02.657 [main] INFO  com.demo.baseutil.Basetest - Clicked on : vehicle is selected
14:24:02.657 [main] INFO  com.demo.baseutil.Basetest - Validate Click on GLN is clickable
14:24:05.401 [main] INFO  com.demo.baseutil.Basetest - Clicked on : Click on GLN
14:24:05.404 [main] INFO  com.demo.baseutil.Basetest - Enter the value into enter the GLN
14:24:05.865 [main] INFO  com.demo.baseutil.Basetest - 5535914480040 typed into enter the GLN
14:24:05.865 [main] INFO  com.demo.baseutil.Basetest - Validate Click on address is clickable
14:24:08.250 [main] INFO  com.demo.baseutil.Basetest - Clicked on : Click on address
14:24:08.250 [main] INFO  com.demo.baseutil.Basetest - Enter the value into enter the  address
14:24:08.802 [main] INFO  com.demo.baseutil.Basetest - Bangalore Palace, Palace Cross Road, Vasanth Nagar, Bengaluru, Karnataka, India typed into enter the  address
14:24:08.802 [main] INFO  com.demo.baseutil.Basetest - Validate Click on state is clickable
14:24:11.264 [main] INFO  com.demo.baseutil.Basetest - Clicked on : Click on state
14:24:11.264 [main] INFO  com.demo.baseutil.Basetest - Enter the value into Enetered the state
14:24:11.582 [main] INFO  com.demo.baseutil.Basetest - KA typed into Enetered the state
14:24:11.582 [main] INFO  com.demo.baseutil.Basetest - Validate Click on city is clickable
14:24:13.983 [main] INFO  com.demo.baseutil.Basetest - Clicked on : Click on city
14:24:13.983 [main] INFO  com.demo.baseutil.Basetest - Enter the value into Enetered the city
14:24:14.375 [main] INFO  com.demo.baseutil.Basetest - Bengaluru typed into Enetered the city
14:24:14.377 [main] INFO  com.demo.baseutil.Basetest - Validate Click on country is clickable
14:24:16.768 [main] INFO  com.demo.baseutil.Basetest - Clicked on : Click on country
14:24:16.769 [main] INFO  com.demo.baseutil.Basetest - Enter the value into Enetered the city
14:24:17.281 [main] INFO  com.demo.baseutil.Basetest - India typed into Enetered the city
14:24:17.281 [main] INFO  com.demo.baseutil.Basetest - Validate Click on zip is clickable
14:24:19.981 [main] INFO  com.demo.baseutil.Basetest - Clicked on : Click on zip
14:24:19.983 [main] INFO  com.demo.baseutil.Basetest - Enter the value into Enetred the Zip
14:24:20.345 [main] INFO  com.demo.baseutil.Basetest - 560052 typed into Enetred the Zip
14:24:24.416 [main] INFO  com.demo.baseutil.Basetest - Scroll down
14:24:24.416 [main] INFO  com.demo.baseutil.Basetest - Validate Click on Add button is clickable
14:24:26.787 [main] INFO  com.demo.baseutil.Basetest - Clicked on : Click on Add button
14:24:28.005 [main] INFO  com.demo.baseutil.Basetest - Browser is closed sucessfuly
14:24:28.688 [main] INFO  com.demo.baseutil.Basetest - Browser is closed sucessfuly
14:24:44.819 [main] INFO  com.demo.baseutil.Basetest - Validate Sign in with FarmtoPlate account is clickable
14:24:47.219 [main] INFO  com.demo.baseutil.Basetest - Clicked on : Sign in with FarmtoPlate account
14:24:47.233 [main] INFO  com.demo.baseutil.Basetest - Url contains farmtoplateapps.io/login
14:24:47.243 [main] INFO  com.demo.baseutil.Basetest - Sign in title matched
14:24:47.243 [main] INFO  com.demo.baseutil.Basetest - UI verified for Sigin page.
14:24:47.243 [main] INFO  com.demo.baseutil.Basetest - Sign in function call
14:24:47.243 [main] INFO  com.demo.baseutil.Basetest - Validate email address field is clicked is clickable
14:24:49.525 [main] INFO  com.demo.baseutil.Basetest - Clicked on : email address field is clicked
14:24:49.526 [main] INFO  com.demo.baseutil.Basetest - Enter the value into Email Id Entered
14:24:49.946 [main] INFO  com.demo.baseutil.Basetest - 139@yopmail.com typed into Email Id Entered
14:24:49.947 [main] INFO  com.demo.baseutil.Basetest - Validate Enter the password is clickable
14:24:52.331 [main] INFO  com.demo.baseutil.Basetest - Clicked on : Enter the password
14:24:52.331 [main] INFO  com.demo.baseutil.Basetest - Enter the value into Password Id Entered
14:24:52.680 [main] INFO  com.demo.baseutil.Basetest - Admin@1234 typed into Password Id Entered
14:24:56.736 [main] INFO  com.demo.baseutil.Basetest - Scroll down
14:24:56.736 [main] INFO  com.demo.baseutil.Basetest - Validate Press the signin button is clickable
14:25:00.531 [main] INFO  com.demo.baseutil.Basetest - Clicked on : Press the signin button
14:25:02.771 [main] INFO  com.demo.baseutil.Basetest - HomePage title  is matched
14:25:12.802 [main] INFO  com.demo.baseutil.Basetest - Validate click on trace is clickable
14:25:15.292 [main] INFO  com.demo.baseutil.Basetest - Clicked on : click on trace
14:25:21.360 [main] INFO  com.demo.baseutil.Basetest - Validate Asset & Infrastructure Data is clicked is clickable
14:25:24.257 [main] INFO  com.demo.baseutil.Basetest - Clicked on : Asset & Infrastructure Data is clicked
14:25:26.258 [main] INFO  com.demo.baseutil.Basetest - Validate Assets is clicked is clickable
14:25:28.912 [main] INFO  com.demo.baseutil.Basetest - Clicked on : Assets is clicked
14:25:33.916 [main] INFO  com.demo.baseutil.Basetest - Validate Add new is clicked is clickable
14:25:36.653 [main] INFO  com.demo.baseutil.Basetest - Clicked on : Add new is clicked
14:25:41.661 [main] INFO  com.demo.baseutil.Basetest - Validate Asset type is clicked is clickable
14:25:44.075 [main] INFO  com.demo.baseutil.Basetest - Clicked on : Asset type is clicked
14:25:44.075 [main] INFO  com.demo.baseutil.Basetest - Validate Click on Vehicle Name is clickable
14:25:46.556 [main] INFO  com.demo.baseutil.Basetest - Clicked on : Click on Vehicle Name
14:25:48.559 [main] INFO  com.demo.baseutil.Basetest - Validate container name is clicked is clickable
14:25:51.131 [main] INFO  com.demo.baseutil.Basetest - Clicked on : container name is clicked
14:25:51.131 [main] INFO  com.demo.baseutil.Basetest - Enter the value into enter the container name
14:25:51.706 [main] INFO  com.demo.baseutil.Basetest - containerr354354354 typed into enter the container name
14:25:53.711 [main] INFO  com.demo.baseutil.Basetest - Validate length is clicked is clickable
14:25:56.130 [main] INFO  com.demo.baseutil.Basetest - Clicked on : length is clicked
14:25:58.138 [main] INFO  com.demo.baseutil.Basetest - Enter the value into enter the length
14:25:58.595 [main] INFO  com.demo.baseutil.Basetest - 10 typed into enter the length
14:25:58.595 [main] INFO  com.demo.baseutil.Basetest - Validate breadth is clicked is clickable
14:26:01.065 [main] INFO  com.demo.baseutil.Basetest - Clicked on : breadth is clicked
14:26:01.065 [main] INFO  com.demo.baseutil.Basetest - Enter the value into breath entered
14:26:01.541 [main] INFO  com.demo.baseutil.Basetest - 10 typed into breath entered
14:26:03.547 [main] INFO  com.demo.baseutil.Basetest - Validate height is clicked is clickable
14:26:06.063 [main] INFO  com.demo.baseutil.Basetest - Clicked on : height is clicked
14:26:08.069 [main] INFO  com.demo.baseutil.Basetest - Enter the value into height entered
14:26:08.337 [main] INFO  com.demo.baseutil.Basetest - 20 typed into height entered
14:26:10.347 [main] INFO  com.demo.baseutil.Basetest - Validate dom is clicked is clickable
14:26:12.746 [main] INFO  com.demo.baseutil.Basetest - Clicked on : dom is clicked
14:26:14.747 [main] INFO  com.demo.baseutil.Basetest - Validate ft is clicked is clickable
14:26:17.429 [main] INFO  com.demo.baseutil.Basetest - Clicked on : ft is clicked
14:26:19.443 [main] INFO  com.demo.baseutil.Basetest - Validate wt is clicked is clickable
14:26:21.948 [main] INFO  com.demo.baseutil.Basetest - Clicked on : wt is clicked
14:26:23.954 [main] INFO  com.demo.baseutil.Basetest - Enter the value into weight entered
14:26:24.240 [main] INFO  com.demo.baseutil.Basetest - 1000 typed into weight entered
14:26:26.247 [main] INFO  com.demo.baseutil.Basetest - Validate wtcap is clicked is clickable
14:26:28.665 [main] INFO  com.demo.baseutil.Basetest - Clicked on : wtcap is clicked
14:26:30.667 [main] INFO  com.demo.baseutil.Basetest - Validate tons is clicked is clickable
14:26:33.299 [main] INFO  com.demo.baseutil.Basetest - Clicked on : tons is clicked
14:26:35.306 [main] INFO  com.demo.baseutil.Basetest - Validate Click on Add button is clickable
14:26:37.834 [main] INFO  com.demo.baseutil.Basetest - Clicked on : Click on Add button
14:26:44.061 [main] INFO  com.demo.baseutil.Basetest - Browser is closed sucessfuly
14:26:44.876 [main] INFO  com.demo.baseutil.Basetest - Browser is closed sucessfuly
14:27:00.468 [main] INFO  com.demo.baseutil.Basetest - Validate Sign in with FarmtoPlate account is clickable
14:27:03.083 [main] INFO  com.demo.baseutil.Basetest - Clicked on : Sign in with FarmtoPlate account
14:27:03.109 [main] INFO  com.demo.baseutil.Basetest - Url contains farmtoplateapps.io/login
14:27:03.130 [main] INFO  com.demo.baseutil.Basetest - Sign in title matched
14:27:03.130 [main] INFO  com.demo.baseutil.Basetest - UI verified for Sigin page.
14:27:03.130 [main] INFO  com.demo.baseutil.Basetest - Sign in function call
14:27:03.131 [main] INFO  com.demo.baseutil.Basetest - Validate email address field is clicked is clickable
14:27:05.948 [main] INFO  com.demo.baseutil.Basetest - Clicked on : email address field is clicked
14:27:05.948 [main] INFO  com.demo.baseutil.Basetest - Enter the value into Email Id Entered
14:27:06.331 [main] INFO  com.demo.baseutil.Basetest - 139@yopmail.com typed into Email Id Entered
14:27:06.331 [main] INFO  com.demo.baseutil.Basetest - Validate Enter the password is clickable
14:27:08.606 [main] INFO  com.demo.baseutil.Basetest - Clicked on : Enter the password
14:27:08.606 [main] INFO  com.demo.baseutil.Basetest - Enter the value into Password Id Entered
14:27:09.010 [main] INFO  com.demo.baseutil.Basetest - Admin@1234 typed into Password Id Entered
14:27:13.097 [main] INFO  com.demo.baseutil.Basetest - Scroll down
14:27:13.097 [main] INFO  com.demo.baseutil.Basetest - Validate Press the signin button is clickable
14:27:16.954 [main] INFO  com.demo.baseutil.Basetest - Clicked on : Press the signin button
14:27:18.979 [main] INFO  com.demo.baseutil.Basetest - HomePage title  is matched
14:27:29.010 [main] INFO  com.demo.baseutil.Basetest - Validate click on trace is clickable
14:27:31.568 [main] INFO  com.demo.baseutil.Basetest - Clicked on : click on trace
14:27:37.648 [main] INFO  com.demo.baseutil.Basetest - Validate User Management is clicked is clickable
14:27:40.121 [main] INFO  com.demo.baseutil.Basetest - Clicked on : User Management is clicked
14:27:42.133 [main] INFO  com.demo.baseutil.Basetest - Validate users is clicked is clickable
14:27:44.784 [main] INFO  com.demo.baseutil.Basetest - Clicked on : users is clicked
14:27:46.794 [main] INFO  com.demo.baseutil.Basetest - Validate Add new is clicked is clickable
14:27:49.385 [main] INFO  com.demo.baseutil.Basetest - Clicked on : Add new is clicked
14:27:51.394 [main] INFO  com.demo.baseutil.Basetest - Validate first name is clicked is clickable
14:27:53.858 [main] INFO  com.demo.baseutil.Basetest - Clicked on : first name is clicked
14:27:55.865 [main] INFO  com.demo.baseutil.Basetest - Enter the value into first name is entered
14:27:56.137 [main] INFO  com.demo.baseutil.Basetest - abc typed into first name is entered
14:27:58.142 [main] INFO  com.demo.baseutil.Basetest - Validate last name is clicked is clickable
14:28:00.642 [main] INFO  com.demo.baseutil.Basetest - Clicked on : last name is clicked
14:28:02.650 [main] INFO  com.demo.baseutil.Basetest - Enter the value into lastname name is entered
14:28:03.036 [main] INFO  com.demo.baseutil.Basetest - abc typed into lastname name is entered
14:28:05.042 [main] INFO  com.demo.baseutil.Basetest - Validate modulename is clicked is clickable
14:28:07.530 [main] INFO  com.demo.baseutil.Basetest - Clicked on : modulename is clicked
14:28:09.533 [main] INFO  com.demo.baseutil.Basetest - Validate module name is clicked is clickable
14:28:11.957 [main] INFO  com.demo.baseutil.Basetest - Clicked on : module name is clicked
14:28:13.958 [main] INFO  com.demo.baseutil.Basetest - Validate assignrole is clicked is clickable
14:28:16.325 [main] INFO  com.demo.baseutil.Basetest - Clicked on : assignrole is clicked
14:28:18.333 [main] INFO  com.demo.baseutil.Basetest - Validate assignitem is clicked is clickable
14:28:20.789 [main] INFO  com.demo.baseutil.Basetest - Clicked on : assignitem is clicked
14:28:22.789 [main] INFO  com.demo.baseutil.Basetest - Validate emailuser is clicked is clickable
14:28:25.208 [main] INFO  com.demo.baseutil.Basetest - Clicked on : emailuser is clicked
14:28:27.215 [main] INFO  com.demo.baseutil.Basetest - Enter the value into eamil is entered
14:28:27.584 [main] INFO  com.demo.baseutil.Basetest - abc368@yopmail.com typed into eamil is entered
14:28:29.590 [main] INFO  com.demo.baseutil.Basetest - Validate countrycode is clicked is clickable
14:28:32.200 [main] INFO  com.demo.baseutil.Basetest - Clicked on : countrycode is clicked
14:28:34.212 [main] INFO  com.demo.baseutil.Basetest - Enter the value into countrycode is entered
14:28:34.582 [main] INFO  com.demo.baseutil.Basetest - +91 typed into countrycode is entered
14:28:38.599 [main] INFO  com.demo.baseutil.Basetest - Validate countrycode select is clicked is clickable
14:28:41.162 [main] INFO  com.demo.baseutil.Basetest - Clicked on : countrycode select is clicked
14:28:43.162 [main] INFO  com.demo.baseutil.Basetest - Validate phnumber is clicked is clickable
14:28:45.508 [main] INFO  com.demo.baseutil.Basetest - Clicked on : phnumber is clicked
14:28:47.514 [main] INFO  com.demo.baseutil.Basetest - Enter the value into phnumber is entered
14:28:47.850 [main] INFO  com.demo.baseutil.Basetest - 1271993464 typed into phnumber is entered
14:28:51.866 [main] INFO  com.demo.baseutil.Basetest - Validate send invite user  is clicked is clickable
14:28:54.550 [main] INFO  com.demo.baseutil.Basetest - Clicked on : send invite user  is clicked
14:28:58.886 [main] INFO  com.demo.baseutil.Basetest - Validate Email address input field is clicked is clickable
14:29:04.647 [main] INFO  com.demo.baseutil.Basetest - Clicked on : Email address input field is clicked
14:29:04.648 [main] INFO  com.demo.baseutil.Basetest - Enter the value into email address is entered
14:29:05.178 [main] INFO  com.demo.baseutil.Basetest - abc368@yopmail.com typed into email address is entered
14:29:05.179 [main] INFO  com.demo.baseutil.Basetest - Validate arrow button is clicked is clickable
14:29:07.814 [main] INFO  com.demo.baseutil.Basetest - Clicked on : arrow button is clicked
14:29:10.921 [main] INFO  com.demo.baseutil.Basetest - Validate first email is clicked is clickable
14:29:13.315 [main] INFO  com.demo.baseutil.Basetest - Clicked on : first email is clicked
14:29:15.390 [main] INFO  com.demo.baseutil.Basetest - Validate email address is clicked is clickable
14:29:18.818 [main] INFO  com.demo.baseutil.Basetest - Clicked on : email address is clicked
14:29:20.845 [main] INFO  com.demo.baseutil.Basetest - Validate pass is clicked is clickable
14:29:23.395 [main] INFO  com.demo.baseutil.Basetest - Clicked on : pass is clicked
14:29:23.395 [main] INFO  com.demo.baseutil.Basetest - Enter the value into Password is entered
14:29:23.852 [main] INFO  com.demo.baseutil.Basetest - Admin@1234 typed into Password is entered
14:29:23.852 [main] INFO  com.demo.baseutil.Basetest - Validate confirm password is clicked is clickable
14:29:26.359 [main] INFO  com.demo.baseutil.Basetest - Clicked on : confirm password is clicked
14:29:26.359 [main] INFO  com.demo.baseutil.Basetest - Enter the value into Confirm Password is entered
14:29:26.783 [main] INFO  com.demo.baseutil.Basetest - Admin@1234 typed into Confirm Password is entered
14:29:28.814 [main] INFO  com.demo.baseutil.Basetest - Scroll down successful
14:29:28.815 [main] INFO  com.demo.baseutil.Basetest - Validate button is clicked is clickable
14:29:31.274 [main] INFO  com.demo.baseutil.Basetest - Clicked on : button is clicked
14:29:33.280 [main] INFO  com.demo.baseutil.Basetest - Validate email address field is clicked is clickable
14:29:35.805 [main] INFO  com.demo.baseutil.Basetest - Clicked on : email address field is clicked
14:29:35.805 [main] INFO  com.demo.baseutil.Basetest - Enter the value into Email Id Entered
14:29:36.270 [main] INFO  com.demo.baseutil.Basetest - abc368@yopmail.com typed into Email Id Entered
14:29:36.270 [main] INFO  com.demo.baseutil.Basetest - Validate Enter the password is clickable
14:29:38.859 [main] INFO  com.demo.baseutil.Basetest - Clicked on : Enter the password
14:29:38.859 [main] INFO  com.demo.baseutil.Basetest - Enter the value into Password Id Entered
14:29:39.248 [main] INFO  com.demo.baseutil.Basetest - Admin@1234 typed into Password Id Entered
14:29:39.264 [main] INFO  com.demo.baseutil.Basetest - Scroll down successful
14:29:39.264 [main] INFO  com.demo.baseutil.Basetest - Validate Press the signin button is clickable
14:29:42.496 [main] INFO  com.demo.baseutil.Basetest - Clicked on : Press the signin button
14:29:45.613 [main] INFO  com.demo.baseutil.Basetest - Scroll down successful
14:29:46.642 [main] INFO  com.demo.baseutil.Basetest - Validate Press the button is clickable
14:29:49.142 [main] INFO  com.demo.baseutil.Basetest - Clicked on : Press the button
14:29:49.174 [main] INFO  com.demo.baseutil.Basetest - Scroll down successful
14:29:49.174 [main] INFO  com.demo.baseutil.Basetest - Validate Press the signin button is clickable
14:29:51.701 [main] INFO  com.demo.baseutil.Basetest - Clicked on : Press the signin button
14:29:53.701 [main] INFO  com.demo.baseutil.Basetest - Validate Press the button is clickable
14:29:56.163 [main] INFO  com.demo.baseutil.Basetest - Clicked on : Press the button
14:29:56.399 [main] INFO  com.demo.baseutil.Basetest - Browser is closed sucessfuly
14:29:58.653 [main] INFO  com.demo.baseutil.Basetest - Browser is closed sucessfuly
14:30:12.483 [main] INFO  com.demo.baseutil.Basetest - Validate Sign in with FarmtoPlate account is clickable
14:30:14.998 [main] INFO  com.demo.baseutil.Basetest - Clicked on : Sign in with FarmtoPlate account
14:30:15.008 [main] INFO  com.demo.baseutil.Basetest - Url contains farmtoplateapps.io/login
14:30:15.016 [main] INFO  com.demo.baseutil.Basetest - Sign in title matched
14:30:15.016 [main] INFO  com.demo.baseutil.Basetest - UI verified for Sigin page.
14:30:15.016 [main] INFO  com.demo.baseutil.Basetest - Sign in function call
14:30:15.016 [main] INFO  com.demo.baseutil.Basetest - Validate email address field is clicked is clickable
14:30:17.723 [main] INFO  com.demo.baseutil.Basetest - Clicked on : email address field is clicked
14:30:17.724 [main] INFO  com.demo.baseutil.Basetest - Enter the value into Email Id Entered
14:30:18.159 [main] INFO  com.demo.baseutil.Basetest - 139@yopmail.com typed into Email Id Entered
14:30:18.160 [main] INFO  com.demo.baseutil.Basetest - Validate Enter the password is clickable
14:30:20.455 [main] INFO  com.demo.baseutil.Basetest - Clicked on : Enter the password
14:30:20.455 [main] INFO  com.demo.baseutil.Basetest - Enter the value into Password Id Entered
14:30:20.852 [main] INFO  com.demo.baseutil.Basetest - Admin@1234 typed into Password Id Entered
14:30:24.942 [main] INFO  com.demo.baseutil.Basetest - Scroll down
14:30:24.942 [main] INFO  com.demo.baseutil.Basetest - Validate Press the signin button is clickable
14:30:28.039 [main] INFO  com.demo.baseutil.Basetest - Clicked on : Press the signin button
14:30:30.382 [main] INFO  com.demo.baseutil.Basetest - HomePage title  is matched
14:30:40.406 [main] INFO  com.demo.baseutil.Basetest - Validate click on trace is clickable
14:30:42.931 [main] INFO  com.demo.baseutil.Basetest - Clicked on : click on trace
14:30:49.027 [main] INFO  com.demo.baseutil.Basetest - Validate User Management is clicked is clickable
14:30:51.574 [main] INFO  com.demo.baseutil.Basetest - Clicked on : User Management is clicked
14:30:53.581 [main] INFO  com.demo.baseutil.Basetest - Validate roles is clicked is clickable
14:30:56.128 [main] INFO  com.demo.baseutil.Basetest - Clicked on : roles is clicked
14:30:58.133 [main] INFO  com.demo.baseutil.Basetest - Validate Add new is clicked is clickable
14:31:00.688 [main] INFO  com.demo.baseutil.Basetest - Clicked on : Add new is clicked
14:31:05.704 [main] INFO  com.demo.baseutil.Basetest - Validate role name is clicked is clickable
14:31:08.171 [main] INFO  com.demo.baseutil.Basetest - Clicked on : role name is clicked
14:31:10.178 [main] INFO  com.demo.baseutil.Basetest - Enter the value into rolename is entered
14:31:10.567 [main] INFO  com.demo.baseutil.Basetest - rolename359 typed into rolename is entered
14:31:12.571 [main] INFO  com.demo.baseutil.Basetest - Validate roletype is clicked is clickable
14:31:15.031 [main] INFO  com.demo.baseutil.Basetest - Clicked on : roletype is clicked
14:31:17.039 [main] INFO  com.demo.baseutil.Basetest - Validate Admin is clicked is clickable
14:31:19.424 [main] INFO  com.demo.baseutil.Basetest - Clicked on : Admin is clicked
14:31:21.444 [main] INFO  com.demo.baseutil.Basetest - Scroll down successful
14:31:23.465 [main] INFO  com.demo.baseutil.Basetest - Validate modulename is clicked is clickable
14:31:25.909 [main] INFO  com.demo.baseutil.Basetest - Clicked on : modulename is clicked
14:31:27.913 [main] INFO  com.demo.baseutil.Basetest - Validate module name is clicked is clickable
14:31:30.520 [main] INFO  com.demo.baseutil.Basetest - Clicked on : module name is clicked
14:31:32.524 [main] INFO  com.demo.baseutil.Basetest - Validate orgdept is clicked is clickable
14:31:35.038 [main] INFO  com.demo.baseutil.Basetest - Clicked on : orgdept is clicked
14:31:37.043 [main] INFO  com.demo.baseutil.Basetest - Validate orgdeptselect is clicked is clickable
14:31:39.445 [main] INFO  com.demo.baseutil.Basetest - Clicked on : orgdeptselect is clicked
14:31:41.451 [main] INFO  com.demo.baseutil.Basetest - Validate nxtbutton is clicked is clickable
14:31:43.977 [main] INFO  com.demo.baseutil.Basetest - Clicked on : nxtbutton is clicked
14:31:51.979 [main] INFO  com.demo.baseutil.Basetest - Scroll till the nxtbutton1 scrolled
14:31:52.104 [main] INFO  com.demo.baseutil.Basetest - Scroll till the nxtbutton1 scrolled completed
14:31:54.122 [main] INFO  com.demo.baseutil.Basetest - Validate nxtbutton1 is clicked is clickable
14:31:56.833 [main] INFO  com.demo.baseutil.Basetest - Clicked on : nxtbutton1 is clicked
14:32:15.438 [main] INFO  com.demo.baseutil.Basetest - Validate update1 select is clicked is clickable
14:32:17.926 [main] INFO  com.demo.baseutil.Basetest - Clicked on : update1 select is clicked
14:32:19.935 [main] INFO  com.demo.baseutil.Basetest - Validate update2 is clicked is clickable
14:32:22.547 [main] INFO  com.demo.baseutil.Basetest - Clicked on : update2 is clicked
14:32:26.555 [main] INFO  com.demo.baseutil.Basetest - Validate alert1  is clicked is clickable
14:32:29.079 [main] INFO  com.demo.baseutil.Basetest - Clicked on : alert1  is clicked
14:32:31.088 [main] INFO  com.demo.baseutil.Basetest - Validate alert2  is clicked is clickable
14:32:33.883 [main] INFO  com.demo.baseutil.Basetest - Clicked on : alert2  is clicked
14:32:37.896 [main] INFO  com.demo.baseutil.Basetest - Scroll till the submitbtn scrolled
14:32:38.009 [main] INFO  com.demo.baseutil.Basetest - Scroll till the submitbtn scrolled completed
14:32:40.023 [main] INFO  com.demo.baseutil.Basetest - Validate submitbtn is clicked is clickable
14:32:42.525 [main] INFO  com.demo.baseutil.Basetest - Clicked on : submitbtn is clicked
14:32:47.993 [main] INFO  com.demo.baseutil.Basetest - Browser is closed sucessfuly
14:32:49.008 [main] INFO  com.demo.baseutil.Basetest - Browser is closed sucessfuly
14:33:01.118 [main] INFO  com.demo.baseutil.Basetest - Validate Sign in with FarmtoPlate account is clickable
14:33:03.690 [main] INFO  com.demo.baseutil.Basetest - Clicked on : Sign in with FarmtoPlate account
14:33:03.696 [main] INFO  com.demo.baseutil.Basetest - Url contains farmtoplateapps.io/login
14:33:03.700 [main] INFO  com.demo.baseutil.Basetest - Sign in title matched
14:33:03.700 [main] INFO  com.demo.baseutil.Basetest - UI verified for Sigin page.
14:33:03.700 [main] INFO  com.demo.baseutil.Basetest - Sign in function call
14:33:03.700 [main] INFO  com.demo.baseutil.Basetest - Validate email address field is clicked is clickable
14:33:06.307 [main] INFO  com.demo.baseutil.Basetest - Clicked on : email address field is clicked
14:33:06.307 [main] INFO  com.demo.baseutil.Basetest - Enter the value into Email Id Entered
14:33:07.056 [main] INFO  com.demo.baseutil.Basetest - distributorqa@yopmail.com typed into Email Id Entered
14:33:07.056 [main] INFO  com.demo.baseutil.Basetest - Validate Enter the password is clickable
14:33:09.440 [main] INFO  com.demo.baseutil.Basetest - Clicked on : Enter the password
14:33:09.441 [main] INFO  com.demo.baseutil.Basetest - Enter the value into Password Id Entered
14:33:10.101 [main] INFO  com.demo.baseutil.Basetest - Admin@1234 typed into Password Id Entered
14:33:14.175 [main] INFO  com.demo.baseutil.Basetest - Scroll down
14:33:14.175 [main] INFO  com.demo.baseutil.Basetest - Validate Press the signin button is clickable
14:33:17.411 [main] INFO  com.demo.baseutil.Basetest - Clicked on : Press the signin button
14:33:20.080 [main] INFO  com.demo.baseutil.Basetest - HomePage title  is matched
14:33:30.102 [main] INFO  com.demo.baseutil.Basetest - Validate click on trace is clickable
14:33:32.532 [main] INFO  com.demo.baseutil.Basetest - Clicked on : click on trace
14:33:34.544 [main] INFO  com.demo.baseutil.Basetest - Validate click on questionbank is clickable
14:33:37.172 [main] INFO  com.demo.baseutil.Basetest - Clicked on : click on questionbank
14:33:39.187 [main] INFO  com.demo.baseutil.Basetest - Validate click on addnew is clickable
14:33:41.752 [main] INFO  com.demo.baseutil.Basetest - Clicked on : click on addnew
14:33:43.768 [main] INFO  com.demo.baseutil.Basetest - Validate click on dropdown is clickable
14:33:46.055 [main] INFO  com.demo.baseutil.Basetest - Clicked on : click on dropdown
14:33:48.059 [main] INFO  com.demo.baseutil.Basetest - Validate click on companylevel is clickable
14:33:50.481 [main] INFO  com.demo.baseutil.Basetest - Clicked on : click on companylevel
14:33:52.481 [main] INFO  com.demo.baseutil.Basetest - Validate click on addbtn is clickable
14:33:54.968 [main] INFO  com.demo.baseutil.Basetest - Clicked on : click on addbtn
14:33:56.983 [main] INFO  com.demo.baseutil.Basetest - Validate click on ques1 is clickable
14:33:59.453 [main] INFO  com.demo.baseutil.Basetest - Clicked on : click on ques1
14:34:01.461 [main] INFO  com.demo.baseutil.Basetest - Validate click on addques is clickable
14:34:04.013 [main] INFO  com.demo.baseutil.Basetest - Clicked on : click on addques
14:34:04.013 [main] INFO  com.demo.baseutil.Basetest - Validate click on ques2 is clickable
14:34:06.603 [main] INFO  com.demo.baseutil.Basetest - Clicked on : click on ques2
14:34:08.611 [main] INFO  com.demo.baseutil.Basetest - Enter the value into ques2 is entered
14:34:08.940 [main] INFO  com.demo.baseutil.Basetest - ques2 typed into ques2 is entered
14:34:10.954 [main] INFO  com.demo.baseutil.Basetest - Validate click on addques is clickable
14:34:13.399 [main] INFO  com.demo.baseutil.Basetest - Clicked on : click on addques
14:34:15.413 [main] INFO  com.demo.baseutil.Basetest - Validate click on ques3 is clickable
14:34:17.854 [main] INFO  com.demo.baseutil.Basetest - Clicked on : click on ques3
14:34:19.858 [main] INFO  com.demo.baseutil.Basetest - Enter the value into ques3 is entered
14:34:20.261 [main] INFO  com.demo.baseutil.Basetest - ques3 typed into ques3 is entered
14:34:22.270 [main] INFO  com.demo.baseutil.Basetest - Validate click on addques is clickable
14:34:24.776 [main] INFO  com.demo.baseutil.Basetest - Clicked on : click on addques
14:34:24.776 [main] INFO  com.demo.baseutil.Basetest - Validate click on ques4 is clickable
14:34:27.286 [main] INFO  com.demo.baseutil.Basetest - Clicked on : click on ques4
14:34:29.296 [main] INFO  com.demo.baseutil.Basetest - Enter the value into ques4 is entered
14:34:29.752 [main] INFO  com.demo.baseutil.Basetest - ques4 typed into ques4 is entered
14:34:31.755 [main] INFO  com.demo.baseutil.Basetest - Scroll till the scroll to submit
14:34:31.931 [main] INFO  com.demo.baseutil.Basetest - Scroll till the scroll to submit completed
14:34:31.931 [main] INFO  com.demo.baseutil.Basetest - Validate click on addques is clickable
14:34:34.334 [main] INFO  com.demo.baseutil.Basetest - Clicked on : click on addques
14:34:34.334 [main] INFO  com.demo.baseutil.Basetest - Validate click on ques5 is clickable
14:34:36.737 [main] INFO  com.demo.baseutil.Basetest - Clicked on : click on ques5
14:34:38.743 [main] INFO  com.demo.baseutil.Basetest - Enter the value into ques5 is entered
14:34:39.188 [main] INFO  com.demo.baseutil.Basetest - ques5 typed into ques5 is entered
14:34:41.202 [main] INFO  com.demo.baseutil.Basetest - Validate click on addques is clickable
14:34:43.610 [main] INFO  com.demo.baseutil.Basetest - Clicked on : click on addques
14:34:43.611 [main] INFO  com.demo.baseutil.Basetest - Validate click on ques6 is clickable
14:34:46.170 [main] INFO  com.demo.baseutil.Basetest - Clicked on : click on ques6
14:34:48.176 [main] INFO  com.demo.baseutil.Basetest - Enter the value into ques6 is entered
14:34:48.658 [main] INFO  com.demo.baseutil.Basetest - ques6 typed into ques6 is entered
14:34:50.670 [main] INFO  com.demo.baseutil.Basetest - Validate click on addques is clickable
14:34:53.311 [main] INFO  com.demo.baseutil.Basetest - Clicked on : click on addques
14:34:53.312 [main] INFO  com.demo.baseutil.Basetest - Validate click on ques7 is clickable
14:34:55.788 [main] INFO  com.demo.baseutil.Basetest - Clicked on : click on ques7
14:34:57.792 [main] INFO  com.demo.baseutil.Basetest - Enter the value into ques7 is entered
14:34:58.291 [main] INFO  com.demo.baseutil.Basetest - ques7 typed into ques7 is entered
14:35:00.315 [main] INFO  com.demo.baseutil.Basetest - Validate click on addques is clickable
14:35:02.803 [main] INFO  com.demo.baseutil.Basetest - Clicked on : click on addques
14:35:02.803 [main] INFO  com.demo.baseutil.Basetest - Validate click on ques10 is clickable
14:35:05.270 [main] INFO  com.demo.baseutil.Basetest - Clicked on : click on ques10
14:35:07.274 [main] INFO  com.demo.baseutil.Basetest - Enter the value into ques8 is entered
14:35:07.693 [main] INFO  com.demo.baseutil.Basetest - ques8 typed into ques8 is entered
14:35:09.704 [main] INFO  com.demo.baseutil.Basetest - Scroll till the scrolled to submit
14:35:09.886 [main] INFO  com.demo.baseutil.Basetest - Scroll till the scrolled to submit completed
14:35:09.886 [main] INFO  com.demo.baseutil.Basetest - Validate click on addques is clickable
14:35:12.551 [main] INFO  com.demo.baseutil.Basetest - Clicked on : click on addques
14:35:12.551 [main] INFO  com.demo.baseutil.Basetest - Validate click on ques9 is clickable
14:35:15.004 [main] INFO  com.demo.baseutil.Basetest - Clicked on : click on ques9
14:35:17.008 [main] INFO  com.demo.baseutil.Basetest - Enter the value into ques9 is entered
14:35:17.552 [main] INFO  com.demo.baseutil.Basetest - ques9 typed into ques9 is entered
14:35:19.570 [main] INFO  com.demo.baseutil.Basetest - Scroll till the scrolled to addbtn
14:35:19.697 [main] INFO  com.demo.baseutil.Basetest - Scroll till the scrolled to addbtn completed
14:35:21.705 [main] INFO  com.demo.baseutil.Basetest - Validate click on addques is clickable
14:35:24.266 [main] INFO  com.demo.baseutil.Basetest - Clicked on : click on addques
14:35:24.266 [main] INFO  com.demo.baseutil.Basetest - Validate click on ques10 is clickable
14:35:26.736 [main] INFO  com.demo.baseutil.Basetest - Clicked on : click on ques10
14:35:28.743 [main] INFO  com.demo.baseutil.Basetest - Enter the value into ques10 is entered
14:35:29.264 [main] INFO  com.demo.baseutil.Basetest - ques10 typed into ques10 is entered
14:35:31.269 [main] INFO  com.demo.baseutil.Basetest - Scroll till the scrolled to addbtn
14:35:31.377 [main] INFO  com.demo.baseutil.Basetest - Scroll till the scrolled to addbtn completed
14:35:33.384 [main] INFO  com.demo.baseutil.Basetest - Validate click on submit is clickable
14:35:35.840 [main] INFO  com.demo.baseutil.Basetest - Clicked on : click on submit
14:35:37.854 [main] INFO  com.demo.baseutil.Basetest - Validate click on yesbtn is clickable
14:35:40.370 [main] INFO  com.demo.baseutil.Basetest - Clicked on : click on yesbtn
14:35:47.374 [main] INFO  com.demo.baseutil.Basetest - Validate click on check1 is clickable
14:35:50.140 [main] INFO  com.demo.baseutil.Basetest - Clicked on : click on check1
14:35:52.149 [main] INFO  com.demo.baseutil.Basetest - Validate click on check2 is clickable
14:35:54.627 [main] INFO  com.demo.baseutil.Basetest - Clicked on : click on check2
14:35:56.636 [main] INFO  com.demo.baseutil.Basetest - Validate click on check3 is clickable
14:35:59.103 [main] INFO  com.demo.baseutil.Basetest - Clicked on : click on check3
14:36:01.110 [main] INFO  com.demo.baseutil.Basetest - Validate click on check4 is clickable
14:36:03.606 [main] INFO  com.demo.baseutil.Basetest - Clicked on : click on check4
14:36:05.611 [main] INFO  com.demo.baseutil.Basetest - Validate click on check5 is clickable
14:36:08.079 [main] INFO  com.demo.baseutil.Basetest - Clicked on : click on check5
14:36:10.093 [main] INFO  com.demo.baseutil.Basetest - Scroll till the scroll to upwards
14:36:10.227 [main] INFO  com.demo.baseutil.Basetest - Scroll till the scroll to upwards completed
14:36:14.242 [main] INFO  com.demo.baseutil.Basetest - Validate click on subques is clickable
14:36:16.994 [main] INFO  com.demo.baseutil.Basetest - Clicked on : click on subques
14:36:19.999 [main] INFO  com.demo.baseutil.Basetest - Validate click on name is clickable
14:36:22.499 [main] INFO  com.demo.baseutil.Basetest - Clicked on : click on name
14:36:25.507 [main] INFO  com.demo.baseutil.Basetest - Enter the value into name is entered
14:36:25.842 [main] INFO  com.demo.baseutil.Basetest - GiJmBdXfabc typed into name is entered
14:36:27.851 [main] INFO  com.demo.baseutil.Basetest - Validate click on subsubmit is clickable
14:36:30.539 [main] INFO  com.demo.baseutil.Basetest - Clicked on : click on subsubmit
14:36:43.552 [main] INFO  com.demo.baseutil.Basetest - Validate click on questionbank is clickable
14:36:46.081 [main] INFO  com.demo.baseutil.Basetest - Clicked on : click on questionbank
14:36:48.097 [main] INFO  com.demo.baseutil.Basetest - Validate click on addnew is clickable
14:36:50.616 [main] INFO  com.demo.baseutil.Basetest - Clicked on : click on addnew
14:36:52.617 [main] INFO  com.demo.baseutil.Basetest - Validate click on dropdown is clickable
14:36:55.184 [main] INFO  com.demo.baseutil.Basetest - Clicked on : click on dropdown
14:36:57.200 [main] INFO  com.demo.baseutil.Basetest - Validate click on companylevel is clickable
14:36:59.667 [main] INFO  com.demo.baseutil.Basetest - Clicked on : click on companylevel
14:37:01.672 [main] INFO  com.demo.baseutil.Basetest - Validate click on addbtn is clickable
14:37:04.013 [main] INFO  com.demo.baseutil.Basetest - Clicked on : click on addbtn
14:37:09.065 [main] INFO  com.demo.baseutil.Basetest - Validate quest is deleting is clickable
14:37:11.321 [main] INFO  com.demo.baseutil.Basetest - Clicked on : quest is deleting
14:37:12.337 [main] INFO  com.demo.baseutil.Basetest - Validate delyes is clicked is clickable
14:37:14.870 [main] INFO  com.demo.baseutil.Basetest - Clicked on : delyes is clicked
14:37:20.919 [main] INFO  com.demo.baseutil.Basetest - Validate quest is deleting is clickable
14:37:23.138 [main] INFO  com.demo.baseutil.Basetest - Clicked on : quest is deleting
14:37:24.154 [main] INFO  com.demo.baseutil.Basetest - Validate delyes is clicked is clickable
14:37:26.600 [main] INFO  com.demo.baseutil.Basetest - Clicked on : delyes is clicked
14:37:32.637 [main] INFO  com.demo.baseutil.Basetest - Validate quest is deleting is clickable
14:37:34.955 [main] INFO  com.demo.baseutil.Basetest - Clicked on : quest is deleting
14:37:35.971 [main] INFO  com.demo.baseutil.Basetest - Validate delyes is clicked is clickable
14:37:38.519 [main] INFO  com.demo.baseutil.Basetest - Clicked on : delyes is clicked
14:37:44.581 [main] INFO  com.demo.baseutil.Basetest - Validate quest is deleting is clickable
14:37:46.956 [main] INFO  com.demo.baseutil.Basetest - Clicked on : quest is deleting
14:37:47.957 [main] INFO  com.demo.baseutil.Basetest - Validate delyes is clicked is clickable
14:37:50.368 [main] INFO  com.demo.baseutil.Basetest - Clicked on : delyes is clicked
14:37:56.429 [main] INFO  com.demo.baseutil.Basetest - Validate quest is deleting is clickable
14:37:58.690 [main] INFO  com.demo.baseutil.Basetest - Clicked on : quest is deleting
14:37:59.706 [main] INFO  com.demo.baseutil.Basetest - Validate delyes is clicked is clickable
14:38:02.380 [main] INFO  com.demo.baseutil.Basetest - Clicked on : delyes is clicked
14:38:08.423 [main] INFO  com.demo.baseutil.Basetest - Validate quest is deleting is clickable
14:38:10.674 [main] INFO  com.demo.baseutil.Basetest - Clicked on : quest is deleting
14:38:11.689 [main] INFO  com.demo.baseutil.Basetest - Validate delyes is clicked is clickable
14:38:14.233 [main] INFO  com.demo.baseutil.Basetest - Clicked on : delyes is clicked
14:38:20.280 [main] INFO  com.demo.baseutil.Basetest - Validate quest is deleting is clickable
14:38:22.538 [main] INFO  com.demo.baseutil.Basetest - Clicked on : quest is deleting
14:38:23.539 [main] INFO  com.demo.baseutil.Basetest - Validate delyes is clicked is clickable
14:38:26.082 [main] INFO  com.demo.baseutil.Basetest - Clicked on : delyes is clicked
14:38:32.128 [main] INFO  com.demo.baseutil.Basetest - Validate quest is deleting is clickable
14:38:34.354 [main] INFO  com.demo.baseutil.Basetest - Clicked on : quest is deleting
14:38:35.354 [main] INFO  com.demo.baseutil.Basetest - Validate delyes is clicked is clickable
14:38:37.831 [main] INFO  com.demo.baseutil.Basetest - Clicked on : delyes is clicked
14:38:43.877 [main] INFO  com.demo.baseutil.Basetest - Validate quest is deleting is clickable
14:38:46.205 [main] INFO  com.demo.baseutil.Basetest - Clicked on : quest is deleting
14:38:47.222 [main] INFO  com.demo.baseutil.Basetest - Validate delyes is clicked is clickable
14:38:49.579 [main] INFO  com.demo.baseutil.Basetest - Clicked on : delyes is clicked
14:38:55.860 [main] INFO  com.demo.baseutil.Basetest - Browser is closed sucessfuly
14:38:57.139 [main] INFO  com.demo.baseutil.Basetest - Browser is closed sucessfuly
14:39:11.411 [main] INFO  com.demo.baseutil.Basetest - Validate Sign in with FarmtoPlate account is clickable
14:39:13.964 [main] INFO  com.demo.baseutil.Basetest - Clicked on : Sign in with FarmtoPlate account
14:39:13.981 [main] INFO  com.demo.baseutil.Basetest - Url contains farmtoplateapps.io/login
14:39:13.995 [main] INFO  com.demo.baseutil.Basetest - Sign in title matched
14:39:13.996 [main] INFO  com.demo.baseutil.Basetest - UI verified for Sigin page.
14:39:13.997 [main] INFO  com.demo.baseutil.Basetest - Sign in function call
14:39:13.997 [main] INFO  com.demo.baseutil.Basetest - Validate email address field is clicked is clickable
14:39:16.652 [main] INFO  com.demo.baseutil.Basetest - Clicked on : email address field is clicked
14:39:16.652 [main] INFO  com.demo.baseutil.Basetest - Enter the value into Email Id Entered
14:39:17.132 [main] INFO  com.demo.baseutil.Basetest - 139@yopmail.com typed into Email Id Entered
14:39:17.133 [main] INFO  com.demo.baseutil.Basetest - Validate Enter the password is clickable
14:39:19.542 [main] INFO  com.demo.baseutil.Basetest - Clicked on : Enter the password
14:39:19.542 [main] INFO  com.demo.baseutil.Basetest - Enter the value into Password Id Entered
14:39:20.077 [main] INFO  com.demo.baseutil.Basetest - Admin@1234 typed into Password Id Entered
14:39:24.151 [main] INFO  com.demo.baseutil.Basetest - Scroll down
14:39:24.151 [main] INFO  com.demo.baseutil.Basetest - Validate Press the signin button is clickable
14:39:27.535 [main] INFO  com.demo.baseutil.Basetest - Clicked on : Press the signin button
14:39:30.210 [main] INFO  com.demo.baseutil.Basetest - HomePage title  is matched
14:39:40.225 [main] INFO  com.demo.baseutil.Basetest - Validate click on trace is clickable
14:39:42.784 [main] INFO  com.demo.baseutil.Basetest - Clicked on : click on trace
14:39:50.879 [main] INFO  com.demo.baseutil.Basetest - Scroll down
14:39:52.889 [main] INFO  com.demo.baseutil.Basetest - Validate Products is clicked is clickable
14:39:55.499 [main] INFO  com.demo.baseutil.Basetest - Clicked on : Products is clicked
14:40:00.514 [main] INFO  com.demo.baseutil.Basetest - Validate Add new is clicked is clickable
14:40:03.040 [main] INFO  com.demo.baseutil.Basetest - Clicked on : Add new is clicked
14:40:05.048 [main] INFO  com.demo.baseutil.Basetest - Validate Click on productcategory is clickable
14:40:07.386 [main] INFO  com.demo.baseutil.Basetest - Clicked on : Click on productcategory
14:40:07.386 [main] INFO  com.demo.baseutil.Basetest - Validate productbasedfood is clicked is clickable
14:40:10.244 [main] INFO  com.demo.baseutil.Basetest - Clicked on : productbasedfood is clicked
14:40:10.244 [main] INFO  com.demo.baseutil.Basetest - Validate product name is selected is clickable
14:40:12.879 [main] INFO  com.demo.baseutil.Basetest - Clicked on : product name is selected
14:40:12.879 [main] INFO  com.demo.baseutil.Basetest - Enter the value into enter the product
14:40:13.327 [main] INFO  com.demo.baseutil.Basetest - wheat23968227952455603 typed into enter the product
14:40:13.329 [main] INFO  com.demo.baseutil.Basetest - Validate Click on productid is clickable
14:40:15.830 [main] INFO  com.demo.baseutil.Basetest - Clicked on : Click on productid
14:40:15.832 [main] INFO  com.demo.baseutil.Basetest - Validate Click on checkbox is clickable
14:40:18.261 [main] INFO  com.demo.baseutil.Basetest - Clicked on : Click on checkbox
14:40:18.264 [main] INFO  com.demo.baseutil.Basetest - Validate Click on autogenerate is clickable
14:40:20.669 [main] INFO  com.demo.baseutil.Basetest - Clicked on : Click on autogenerate
14:40:20.669 [main] INFO  com.demo.baseutil.Basetest - Validate Click on productdesc is clickable
14:40:23.195 [main] INFO  com.demo.baseutil.Basetest - Clicked on : Click on productdesc
14:40:23.195 [main] INFO  com.demo.baseutil.Basetest - Enter the value into Enetered the product desc
14:40:23.572 [main] INFO  com.demo.baseutil.Basetest - test typed into Enetered the product desc
14:40:23.575 [main] INFO  com.demo.baseutil.Basetest - Validate Click on upload is clickable
14:40:26.031 [main] INFO  com.demo.baseutil.Basetest - Clicked on : Click on upload
14:40:37.232 [main] INFO  com.demo.baseutil.Basetest - Scroll down
14:40:37.233 [main] INFO  com.demo.baseutil.Basetest - Validate Click on ingrediant name is clickable
14:40:39.647 [main] INFO  com.demo.baseutil.Basetest - Clicked on : Click on ingrediant name
14:40:39.652 [main] INFO  com.demo.baseutil.Basetest - Enter the value into ingredient name is entered
14:40:40.125 [main] INFO  com.demo.baseutil.Basetest - wheat typed into ingredient name is entered
14:40:43.147 [main] INFO  com.demo.baseutil.Basetest - Validate Click on ingrediant name is clickable
14:40:45.827 [main] INFO  com.demo.baseutil.Basetest - Clicked on : Click on ingrediant name
14:40:45.827 [main] INFO  com.demo.baseutil.Basetest - Enter the value into nutri name is entered
14:40:46.284 [main] INFO  com.demo.baseutil.Basetest - fact typed into nutri name is entered
14:40:46.286 [main] INFO  com.demo.baseutil.Basetest - Validate Click on ingrediant QTY is clickable
14:40:48.877 [main] INFO  com.demo.baseutil.Basetest - Clicked on : Click on ingrediant QTY
14:40:48.878 [main] INFO  com.demo.baseutil.Basetest - Enter the value into nutri qty is entered
14:40:49.179 [main] INFO  com.demo.baseutil.Basetest - 1 typed into nutri qty is entered
14:40:49.180 [main] INFO  com.demo.baseutil.Basetest - Validate Click on ingrediant drop is clickable
14:40:51.554 [main] INFO  com.demo.baseutil.Basetest - Clicked on : Click on ingrediant drop
14:40:53.566 [main] INFO  com.demo.baseutil.Basetest - Validate Click on ingrediant value is clickable
14:40:56.015 [main] INFO  com.demo.baseutil.Basetest - Clicked on : Click on ingrediant value
14:41:02.189 [main] INFO  com.demo.baseutil.Basetest - Scroll down
14:41:04.213 [main] INFO  com.demo.baseutil.Basetest - Scroll down successful
14:41:04.213 [main] INFO  com.demo.baseutil.Basetest - Validate Click on ingrediant name is clickable
14:41:06.637 [main] INFO  com.demo.baseutil.Basetest - Clicked on : Click on ingrediant name
14:41:06.637 [main] INFO  com.demo.baseutil.Basetest - Validate Click on ingrediant name is clickable
14:41:09.097 [main] INFO  com.demo.baseutil.Basetest - Clicked on : Click on ingrediant name
14:41:09.097 [main] INFO  com.demo.baseutil.Basetest - Validate Click on ingrediant name is clickable
14:41:11.441 [main] INFO  com.demo.baseutil.Basetest - Clicked on : Click on ingrediant name
14:41:11.441 [main] INFO  com.demo.baseutil.Basetest - Enter the value into price is entered
14:41:11.849 [main] INFO  com.demo.baseutil.Basetest - 1 typed into price is entered
14:41:11.852 [main] INFO  com.demo.baseutil.Basetest - Validate Click on currency is clickable
14:41:14.372 [main] INFO  com.demo.baseutil.Basetest - Clicked on : Click on currency
14:41:14.372 [main] INFO  com.demo.baseutil.Basetest - Validate Click on currency value is clickable
14:41:16.794 [main] INFO  com.demo.baseutil.Basetest - Clicked on : Click on currency value
14:41:16.794 [main] INFO  com.demo.baseutil.Basetest - Validate Click on typepacking value is clickable
14:41:19.239 [main] INFO  com.demo.baseutil.Basetest - Clicked on : Click on typepacking value
14:41:19.239 [main] INFO  com.demo.baseutil.Basetest - Enter the value into typepacking is entered
14:41:19.491 [main] INFO  com.demo.baseutil.Basetest - 1 typed into typepacking is entered
14:41:19.491 [main] INFO  com.demo.baseutil.Basetest - Validate Click on length value is clickable
14:41:21.973 [main] INFO  com.demo.baseutil.Basetest - Clicked on : Click on length value
14:41:21.973 [main] INFO  com.demo.baseutil.Basetest - Enter the value into length is entered
14:41:22.357 [main] INFO  com.demo.baseutil.Basetest - 1 typed into length is entered
14:41:22.357 [main] INFO  com.demo.baseutil.Basetest - Validate Click on breath value is clickable
14:41:24.805 [main] INFO  com.demo.baseutil.Basetest - Clicked on : Click on breath value
14:41:24.805 [main] INFO  com.demo.baseutil.Basetest - Enter the value into breath is entered
14:41:25.165 [main] INFO  com.demo.baseutil.Basetest - 1 typed into breath is entered
14:41:25.165 [main] INFO  com.demo.baseutil.Basetest - Validate Click on height value is clickable
14:41:27.540 [main] INFO  com.demo.baseutil.Basetest - Clicked on : Click on height value
14:41:27.540 [main] INFO  com.demo.baseutil.Basetest - Enter the value into height is entered
14:41:27.847 [main] INFO  com.demo.baseutil.Basetest - 1 typed into height is entered
14:41:29.872 [main] INFO  com.demo.baseutil.Basetest - Scroll down successful
14:41:29.872 [main] INFO  com.demo.baseutil.Basetest - Validate Click on checkbox1 is clickable
14:41:32.447 [main] INFO  com.demo.baseutil.Basetest - Clicked on : Click on checkbox1
14:41:41.516 [main] INFO  com.demo.baseutil.Basetest - Scroll down
14:41:41.516 [main] INFO  com.demo.baseutil.Basetest - Validate Click on gln1 is clickable
14:41:43.955 [main] INFO  com.demo.baseutil.Basetest - Clicked on : Click on gln1
14:41:43.955 [main] INFO  com.demo.baseutil.Basetest - Enter the value into gln1 is entered
14:41:44.267 [main] INFO  com.demo.baseutil.Basetest - warehouse typed into gln1 is entered
14:41:48.279 [main] INFO  com.demo.baseutil.Basetest - Validate Click on autosearch is clickable
14:41:50.676 [main] INFO  com.demo.baseutil.Basetest - Clicked on : Click on autosearch
14:41:52.692 [main] INFO  com.demo.baseutil.Basetest - Validate Click on gln2 is clickable
14:41:55.105 [main] INFO  com.demo.baseutil.Basetest - Clicked on : Click on gln2
14:41:55.105 [main] INFO  com.demo.baseutil.Basetest - Enter the value into gln2 is entered
14:41:55.576 [main] INFO  com.demo.baseutil.Basetest - warehouse typed into gln2 is entered
14:41:59.579 [main] INFO  com.demo.baseutil.Basetest - Validate Click on autosearch is clickable
14:42:02.209 [main] INFO  com.demo.baseutil.Basetest - Clicked on : Click on autosearch
14:42:07.210 [main] INFO  com.demo.baseutil.Basetest - Validate Click on gln3 is clickable
14:42:09.738 [main] INFO  com.demo.baseutil.Basetest - Clicked on : Click on gln3
14:42:09.738 [main] INFO  com.demo.baseutil.Basetest - Enter the value into gln3 is entered
14:42:10.063 [main] INFO  com.demo.baseutil.Basetest - warehouse typed into gln3 is entered
14:42:12.070 [main] INFO  com.demo.baseutil.Basetest - Scroll till the scrolldown to table:
14:42:43.125 [main] ERROR com.demo.baseutil.Basetest - Scroll till the scrolldown to table: failed
14:42:45.143 [main] INFO  com.demo.baseutil.Basetest - Validate Click on autosearch is clickable
14:42:47.621 [main] INFO  com.demo.baseutil.Basetest - Clicked on : Click on autosearch
14:42:53.726 [main] INFO  com.demo.baseutil.Basetest - Scroll down
14:42:55.734 [main] INFO  com.demo.baseutil.Basetest - Validate Click on registerproduct is clickable
14:42:58.144 [main] INFO  com.demo.baseutil.Basetest - Clicked on : Click on registerproduct
14:43:22.729 [main] INFO  com.demo.baseutil.Basetest - Browser is closed sucessfuly
14:43:23.633 [main] INFO  com.demo.baseutil.Basetest - Browser is closed sucessfuly
14:43:39.764 [main] INFO  com.demo.baseutil.Basetest - Validate Sign in with FarmtoPlate account is clickable
14:43:42.400 [main] INFO  com.demo.baseutil.Basetest - Clicked on : Sign in with FarmtoPlate account
14:43:42.417 [main] INFO  com.demo.baseutil.Basetest - Url contains farmtoplateapps.io/login
14:43:42.425 [main] INFO  com.demo.baseutil.Basetest - Sign in title matched
14:43:42.425 [main] INFO  com.demo.baseutil.Basetest - UI verified for Sigin page.
14:43:42.426 [main] INFO  com.demo.baseutil.Basetest - Sign in function call
14:43:42.426 [main] INFO  com.demo.baseutil.Basetest - Validate email address field is clicked is clickable
14:43:45.145 [main] INFO  com.demo.baseutil.Basetest - Clicked on : email address field is clicked
14:43:45.146 [main] INFO  com.demo.baseutil.Basetest - Enter the value into Email Id Entered
14:43:45.586 [main] INFO  com.demo.baseutil.Basetest - 139@yopmail.com typed into Email Id Entered
14:43:45.587 [main] INFO  com.demo.baseutil.Basetest - Validate Enter the password is clickable
14:43:47.935 [main] INFO  com.demo.baseutil.Basetest - Clicked on : Enter the password
14:43:47.935 [main] INFO  com.demo.baseutil.Basetest - Enter the value into Password Id Entered
14:43:48.319 [main] INFO  com.demo.baseutil.Basetest - Admin@1234 typed into Password Id Entered
14:43:52.406 [main] INFO  com.demo.baseutil.Basetest - Scroll down
14:43:52.406 [main] INFO  com.demo.baseutil.Basetest - Validate Press the signin button is clickable
14:43:56.024 [main] INFO  com.demo.baseutil.Basetest - Clicked on : Press the signin button
14:43:58.244 [main] INFO  com.demo.baseutil.Basetest - HomePage title  is matched
14:44:08.254 [main] INFO  com.demo.baseutil.Basetest - Validate click on trace is clickable
14:44:10.608 [main] INFO  com.demo.baseutil.Basetest - Clicked on : click on trace
14:44:18.699 [main] INFO  com.demo.baseutil.Basetest - Scroll down
14:44:20.701 [main] INFO  com.demo.baseutil.Basetest - Validate Process is clicked is clickable
14:44:23.458 [main] INFO  com.demo.baseutil.Basetest - Clicked on : Process is clicked
14:44:28.468 [main] INFO  com.demo.baseutil.Basetest - Validate Process add is clicked is clickable
14:44:31.040 [main] INFO  com.demo.baseutil.Basetest - Clicked on : Process add is clicked
14:44:36.046 [main] INFO  com.demo.baseutil.Basetest - Validate Product id is clicked is clickable
14:44:38.555 [main] INFO  com.demo.baseutil.Basetest - Clicked on : Product id is clicked
14:44:51.979 [main] INFO  com.demo.baseutil.Basetest - Validate Product id is clicked is clickable
14:44:54.271 [main] INFO  com.demo.baseutil.Basetest - Clicked on : Product id is clicked
14:44:56.278 [main] INFO  com.demo.baseutil.Basetest - Validate Product id searchbox is clicked is clickable
14:44:58.786 [main] INFO  com.demo.baseutil.Basetest - Clicked on : Product id searchbox is clicked
14:45:00.791 [main] INFO  com.demo.baseutil.Basetest - Validate outside is clicked is clickable
14:45:03.384 [main] INFO  com.demo.baseutil.Basetest - Clicked on : outside is clicked
14:45:05.409 [main] INFO  com.demo.baseutil.Basetest - Scroll down successful
14:45:05.425 [main] INFO  com.demo.baseutil.Basetest - Validate process name is clicked is clickable
14:45:07.889 [main] INFO  com.demo.baseutil.Basetest - Clicked on : process name is clicked
14:45:09.896 [main] INFO  com.demo.baseutil.Basetest - Enter the value into process name Value is entered
14:45:10.298 [main] INFO  com.demo.baseutil.Basetest - processdisagg typed into process name Value is entered
14:45:16.365 [main] INFO  com.demo.baseutil.Basetest - Scroll down
14:45:18.370 [main] INFO  com.demo.baseutil.Basetest - Validate process loc is clicked is clickable
14:45:20.772 [main] INFO  com.demo.baseutil.Basetest - Clicked on : process loc is clicked
14:45:32.165 [main] INFO  com.demo.baseutil.Basetest - Validate process loc is clicked is clickable
14:45:34.653 [main] INFO  com.demo.baseutil.Basetest - Clicked on : process loc is clicked
14:45:39.657 [main] INFO  com.demo.baseutil.Basetest - Validate process type is clicked is clickable
14:45:41.945 [main] INFO  com.demo.baseutil.Basetest - Clicked on : process type is clicked
14:45:43.972 [main] INFO  com.demo.baseutil.Basetest - Scroll down successful
14:45:43.988 [main] INFO  com.demo.baseutil.Basetest - Validate process discomm is clicked is clickable
14:45:46.412 [main] INFO  com.demo.baseutil.Basetest - Clicked on : process discomm is clicked
14:45:52.487 [main] INFO  com.demo.baseutil.Basetest - Scroll down
14:45:52.489 [main] INFO  com.demo.baseutil.Basetest - Validate process add button is clicked is clickable
14:45:54.956 [main] INFO  com.demo.baseutil.Basetest - Clicked on : process add button is clicked
14:46:09.046 [main] INFO  com.demo.baseutil.Basetest - Scroll down
14:46:11.058 [main] INFO  com.demo.baseutil.Basetest - Validate Process is clicked is clickable
14:46:13.663 [main] INFO  com.demo.baseutil.Basetest - Clicked on : Process is clicked
14:46:18.672 [main] INFO  com.demo.baseutil.Basetest - Validate Process add is clicked is clickable
14:46:21.279 [main] INFO  com.demo.baseutil.Basetest - Clicked on : Process add is clicked
14:46:26.282 [main] INFO  com.demo.baseutil.Basetest - Validate Product id is clicked is clickable
14:46:28.687 [main] INFO  com.demo.baseutil.Basetest - Clicked on : Product id is clicked
14:46:33.151 [main] INFO  com.demo.baseutil.Basetest - Validate Product id is clicked is clickable
14:46:35.719 [main] INFO  com.demo.baseutil.Basetest - Clicked on : Product id is clicked
14:46:37.724 [main] INFO  com.demo.baseutil.Basetest - Validate Product id is clicked is clickable
14:46:40.280 [main] INFO  com.demo.baseutil.Basetest - Clicked on : Product id is clicked
14:46:42.287 [main] INFO  com.demo.baseutil.Basetest - Validate outside is clicked is clickable
14:46:44.839 [main] INFO  com.demo.baseutil.Basetest - Clicked on : outside is clicked
14:46:50.916 [main] INFO  com.demo.baseutil.Basetest - Scroll down
14:46:50.916 [main] INFO  com.demo.baseutil.Basetest - Validate process name is clicked is clickable
14:46:53.350 [main] INFO  com.demo.baseutil.Basetest - Clicked on : process name is clicked
14:46:55.359 [main] INFO  com.demo.baseutil.Basetest - Enter the value into process name Value is entered
14:46:55.906 [main] INFO  com.demo.baseutil.Basetest - processtrans typed into process name Value is entered
14:46:57.946 [main] INFO  com.demo.baseutil.Basetest - Scroll down successful
14:46:57.946 [main] INFO  com.demo.baseutil.Basetest - Validate process loc is clicked is clickable
14:47:00.360 [main] INFO  com.demo.baseutil.Basetest - Clicked on : process loc is clicked
14:47:02.373 [main] INFO  com.demo.baseutil.Basetest - Enter the value into process name Value is entered
14:47:02.744 [main] INFO  com.demo.baseutil.Basetest - 0956265002424 typed into process name Value is entered
14:47:07.745 [main] INFO  com.demo.baseutil.Basetest - Validate process loc is clicked is clickable
14:47:10.314 [main] INFO  com.demo.baseutil.Basetest - Clicked on : process loc is clicked
14:47:12.329 [main] INFO  com.demo.baseutil.Basetest - Validate process type is clicked is clickable
14:47:14.697 [main] INFO  com.demo.baseutil.Basetest - Clicked on : process type is clicked
14:47:16.727 [main] INFO  com.demo.baseutil.Basetest - Scroll down successful
14:47:16.727 [main] INFO  com.demo.baseutil.Basetest - Validate process trans is clicked is clickable
14:47:19.194 [main] INFO  com.demo.baseutil.Basetest - Clicked on : process trans is clicked
14:47:25.307 [main] INFO  com.demo.baseutil.Basetest - Scroll down
14:47:25.307 [main] INFO  com.demo.baseutil.Basetest - Validate process add button is clicked is clickable
14:47:27.738 [main] INFO  com.demo.baseutil.Basetest - Clicked on : process add button is clicked
14:47:41.844 [main] INFO  com.demo.baseutil.Basetest - Scroll down
14:47:43.857 [main] INFO  com.demo.baseutil.Basetest - Validate Process is clicked is clickable
14:47:46.417 [main] INFO  com.demo.baseutil.Basetest - Clicked on : Process is clicked
14:47:51.420 [main] INFO  com.demo.baseutil.Basetest - Validate Process add is clicked is clickable
14:47:53.943 [main] INFO  com.demo.baseutil.Basetest - Clicked on : Process add is clicked
14:47:58.951 [main] INFO  com.demo.baseutil.Basetest - Validate Product id is clicked is clickable
14:48:01.668 [main] INFO  com.demo.baseutil.Basetest - Clicked on : Product id is clicked
14:48:06.018 [main] INFO  com.demo.baseutil.Basetest - Validate Product id is clicked is clickable
14:48:08.418 [main] INFO  com.demo.baseutil.Basetest - Clicked on : Product id is clicked
14:48:10.423 [main] INFO  com.demo.baseutil.Basetest - Validate Product id is clicked is clickable
14:48:12.779 [main] INFO  com.demo.baseutil.Basetest - Clicked on : Product id is clicked
14:48:14.782 [main] INFO  com.demo.baseutil.Basetest - Validate outside is clicked is clickable
14:48:17.116 [main] INFO  com.demo.baseutil.Basetest - Clicked on : outside is clicked
14:48:23.213 [main] INFO  com.demo.baseutil.Basetest - Scroll down
14:48:23.213 [main] INFO  com.demo.baseutil.Basetest - Validate process name is clicked is clickable
14:48:25.701 [main] INFO  com.demo.baseutil.Basetest - Clicked on : process name is clicked
14:48:27.707 [main] INFO  com.demo.baseutil.Basetest - Enter the value into process name Value is entered
14:48:28.057 [main] INFO  com.demo.baseutil.Basetest - processcooling typed into process name Value is entered
14:48:30.078 [main] INFO  com.demo.baseutil.Basetest - Scroll down successful
14:48:30.078 [main] INFO  com.demo.baseutil.Basetest - Validate process loc is clicked is clickable
14:48:32.380 [main] INFO  com.demo.baseutil.Basetest - Clicked on : process loc is clicked
14:48:34.387 [main] INFO  com.demo.baseutil.Basetest - Enter the value into process name Value is entered
14:48:34.675 [main] INFO  com.demo.baseutil.Basetest - 0956265002424 typed into process name Value is entered
14:48:39.690 [main] INFO  com.demo.baseutil.Basetest - Validate process loc is clicked is clickable
14:48:42.067 [main] INFO  com.demo.baseutil.Basetest - Clicked on : process loc is clicked
14:48:44.069 [main] INFO  com.demo.baseutil.Basetest - Validate process type is clicked is clickable
14:48:46.350 [main] INFO  com.demo.baseutil.Basetest - Clicked on : process type is clicked
14:48:48.382 [main] INFO  com.demo.baseutil.Basetest - Scroll down successful
14:48:48.382 [main] INFO  com.demo.baseutil.Basetest - Validate process trans is clicked is clickable
14:48:50.817 [main] INFO  com.demo.baseutil.Basetest - Clicked on : process trans is clicked
14:48:56.906 [main] INFO  com.demo.baseutil.Basetest - Scroll down
14:48:56.906 [main] INFO  com.demo.baseutil.Basetest - Validate process add button is clicked is clickable
14:48:59.402 [main] INFO  com.demo.baseutil.Basetest - Clicked on : process add button is clicked
14:49:13.487 [main] INFO  com.demo.baseutil.Basetest - Scroll down
14:49:15.489 [main] INFO  com.demo.baseutil.Basetest - Validate Process is clicked is clickable
14:49:18.145 [main] INFO  com.demo.baseutil.Basetest - Clicked on : Process is clicked
14:49:23.146 [main] INFO  com.demo.baseutil.Basetest - Validate Process add is clicked is clickable
14:49:25.632 [main] INFO  com.demo.baseutil.Basetest - Clicked on : Process add is clicked
14:49:30.634 [main] INFO  com.demo.baseutil.Basetest - Validate Product id is clicked is clickable
14:49:33.095 [main] INFO  com.demo.baseutil.Basetest - Clicked on : Product id is clicked
14:49:37.444 [main] INFO  com.demo.baseutil.Basetest - Validate Product id is clicked is clickable
14:49:39.829 [main] INFO  com.demo.baseutil.Basetest - Clicked on : Product id is clicked
14:49:41.836 [main] INFO  com.demo.baseutil.Basetest - Validate Product id is clicked is clickable
14:49:44.642 [main] INFO  com.demo.baseutil.Basetest - Clicked on : Product id is clicked
14:49:46.649 [main] INFO  com.demo.baseutil.Basetest - Validate outside is clicked is clickable
14:49:49.124 [main] INFO  com.demo.baseutil.Basetest - Clicked on : outside is clicked
14:49:55.205 [main] INFO  com.demo.baseutil.Basetest - Scroll down
14:49:55.205 [main] INFO  com.demo.baseutil.Basetest - Validate process name is clicked is clickable
14:49:57.761 [main] INFO  com.demo.baseutil.Basetest - Clicked on : process name is clicked
14:49:59.767 [main] INFO  com.demo.baseutil.Basetest - Enter the value into process name Value is entered
14:50:00.080 [main] INFO  com.demo.baseutil.Basetest - processdiscomm typed into process name Value is entered
14:50:02.124 [main] INFO  com.demo.baseutil.Basetest - Scroll down successful
14:50:02.124 [main] INFO  com.demo.baseutil.Basetest - Validate process loc is clicked is clickable
14:50:04.644 [main] INFO  com.demo.baseutil.Basetest - Clicked on : process loc is clicked
14:50:06.651 [main] INFO  com.demo.baseutil.Basetest - Enter the value into process name Value is entered
14:50:07.005 [main] INFO  com.demo.baseutil.Basetest - 0956265002424 typed into process name Value is entered
14:50:12.021 [main] INFO  com.demo.baseutil.Basetest - Validate process loc is clicked is clickable
14:50:14.416 [main] INFO  com.demo.baseutil.Basetest - Clicked on : process loc is clicked
14:50:16.424 [main] INFO  com.demo.baseutil.Basetest - Validate process type is clicked is clickable
14:50:19.084 [main] INFO  com.demo.baseutil.Basetest - Clicked on : process type is clicked
14:50:21.121 [main] INFO  com.demo.baseutil.Basetest - Scroll down successful
14:50:21.121 [main] INFO  com.demo.baseutil.Basetest - Validate process trans is clicked is clickable
14:50:23.622 [main] INFO  com.demo.baseutil.Basetest - Clicked on : process trans is clicked
14:50:29.705 [main] INFO  com.demo.baseutil.Basetest - Scroll down
14:50:29.705 [main] INFO  com.demo.baseutil.Basetest - Validate process add button is clicked is clickable
14:50:32.168 [main] INFO  com.demo.baseutil.Basetest - Clicked on : process add button is clicked
14:50:34.587 [main] INFO  com.demo.baseutil.Basetest - Browser is closed sucessfuly
14:50:36.027 [main] INFO  com.demo.baseutil.Basetest - Browser is closed sucessfuly
14:50:50.232 [main] INFO  com.demo.baseutil.Basetest - Validate Sign in with FarmtoPlate account is clickable
14:50:52.628 [main] INFO  com.demo.baseutil.Basetest - Clicked on : Sign in with FarmtoPlate account
14:50:52.651 [main] INFO  com.demo.baseutil.Basetest - Url contains farmtoplateapps.io/login
14:50:52.659 [main] INFO  com.demo.baseutil.Basetest - Sign in title matched
14:50:52.659 [main] INFO  com.demo.baseutil.Basetest - UI verified for Sigin page.
14:50:52.659 [main] INFO  com.demo.baseutil.Basetest - Sign in function call
14:50:52.659 [main] INFO  com.demo.baseutil.Basetest - Validate email address field is clicked is clickable
14:50:55.402 [main] INFO  com.demo.baseutil.Basetest - Clicked on : email address field is clicked
14:50:55.402 [main] INFO  com.demo.baseutil.Basetest - Enter the value into Email Id Entered
14:50:55.790 [main] INFO  com.demo.baseutil.Basetest - 139@yopmail.com typed into Email Id Entered
14:50:55.790 [main] INFO  com.demo.baseutil.Basetest - Validate Enter the password is clickable
14:50:58.189 [main] INFO  com.demo.baseutil.Basetest - Clicked on : Enter the password
14:50:58.189 [main] INFO  com.demo.baseutil.Basetest - Enter the value into Password Id Entered
14:50:59.146 [main] INFO  com.demo.baseutil.Basetest - Admin@1234 typed into Password Id Entered
14:51:03.262 [main] INFO  com.demo.baseutil.Basetest - Scroll down
14:51:03.262 [main] INFO  com.demo.baseutil.Basetest - Validate Press the signin button is clickable
14:51:06.801 [main] INFO  com.demo.baseutil.Basetest - Clicked on : Press the signin button
14:51:09.243 [main] INFO  com.demo.baseutil.Basetest - HomePage title  is matched
14:51:27.263 [main] INFO  com.demo.baseutil.Basetest - Validate click on trace is clickable
14:51:30.056 [main] INFO  com.demo.baseutil.Basetest - Clicked on : click on trace
14:51:36.150 [main] INFO  com.demo.baseutil.Basetest - Validate Asset & Infrastructure Data is clicked is clickable
14:51:38.617 [main] INFO  com.demo.baseutil.Basetest - Clicked on : Asset & Infrastructure Data is clicked
14:51:40.631 [main] INFO  com.demo.baseutil.Basetest - Validate Assets is clicked is clickable
14:51:43.496 [main] INFO  com.demo.baseutil.Basetest - Clicked on : Assets is clicked
14:51:48.508 [main] INFO  com.demo.baseutil.Basetest - Validate Add new is clicked is clickable
14:51:51.074 [main] INFO  com.demo.baseutil.Basetest - Clicked on : Add new is clicked
14:51:56.079 [main] INFO  com.demo.baseutil.Basetest - Validate Asset type is clicked is clickable
14:51:58.507 [main] INFO  com.demo.baseutil.Basetest - Clicked on : Asset type is clicked
14:51:58.507 [main] INFO  com.demo.baseutil.Basetest - Validate Click on Vehicle Name is clickable
14:52:01.097 [main] INFO  com.demo.baseutil.Basetest - Clicked on : Click on Vehicle Name
14:52:03.108 [main] INFO  com.demo.baseutil.Basetest - Validate container name is clicked is clickable
14:52:05.380 [main] INFO  com.demo.baseutil.Basetest - Clicked on : container name is clicked
14:52:05.383 [main] INFO  com.demo.baseutil.Basetest - Enter the value into enter the container name
14:52:05.944 [main] INFO  com.demo.baseutil.Basetest - containerr813813813 typed into enter the container name
14:52:07.955 [main] INFO  com.demo.baseutil.Basetest - Validate length is clicked is clickable
14:52:10.413 [main] INFO  com.demo.baseutil.Basetest - Clicked on : length is clicked
14:52:12.418 [main] INFO  com.demo.baseutil.Basetest - Enter the value into enter the length
14:52:12.825 [main] INFO  com.demo.baseutil.Basetest - 10 typed into enter the length
14:52:12.825 [main] INFO  com.demo.baseutil.Basetest - Validate breadth is clicked is clickable
14:52:15.277 [main] INFO  com.demo.baseutil.Basetest - Clicked on : breadth is clicked
14:52:15.277 [main] INFO  com.demo.baseutil.Basetest - Enter the value into breath entered
14:52:15.663 [main] INFO  com.demo.baseutil.Basetest - 10 typed into breath entered
14:52:17.665 [main] INFO  com.demo.baseutil.Basetest - Validate height is clicked is clickable
14:52:20.145 [main] INFO  com.demo.baseutil.Basetest - Clicked on : height is clicked
14:52:22.152 [main] INFO  com.demo.baseutil.Basetest - Enter the value into height entered
14:52:22.516 [main] INFO  com.demo.baseutil.Basetest - 20 typed into height entered
14:52:24.532 [main] INFO  com.demo.baseutil.Basetest - Validate dom is clicked is clickable
14:52:26.954 [main] INFO  com.demo.baseutil.Basetest - Clicked on : dom is clicked
14:52:28.963 [main] INFO  com.demo.baseutil.Basetest - Validate ft is clicked is clickable
14:52:31.391 [main] INFO  com.demo.baseutil.Basetest - Clicked on : ft is clicked
14:52:33.407 [main] INFO  com.demo.baseutil.Basetest - Validate wt is clicked is clickable
14:52:35.889 [main] INFO  com.demo.baseutil.Basetest - Clicked on : wt is clicked
14:52:37.899 [main] INFO  com.demo.baseutil.Basetest - Enter the value into weight entered
14:52:38.328 [main] INFO  com.demo.baseutil.Basetest - 1000 typed into weight entered
14:52:40.343 [main] INFO  com.demo.baseutil.Basetest - Validate wtcap is clicked is clickable
14:52:42.785 [main] INFO  com.demo.baseutil.Basetest - Clicked on : wtcap is clicked
14:52:44.788 [main] INFO  com.demo.baseutil.Basetest - Validate tons is clicked is clickable
14:52:47.383 [main] INFO  com.demo.baseutil.Basetest - Clicked on : tons is clicked
14:52:49.384 [main] INFO  com.demo.baseutil.Basetest - Validate Click on Add button is clickable
14:52:51.746 [main] INFO  com.demo.baseutil.Basetest - Clicked on : Click on Add button
14:53:02.764 [main] INFO  com.demo.baseutil.Basetest - Scroll till the transaction
14:53:02.927 [main] INFO  com.demo.baseutil.Basetest - Scroll till the transaction completed
14:53:02.928 [main] INFO  com.demo.baseutil.Basetest - Validate transaction is clicked is clickable
14:53:05.717 [main] INFO  com.demo.baseutil.Basetest - Clicked on : transaction is clicked
14:53:10.729 [main] INFO  com.demo.baseutil.Basetest - Validate add new is clicked is clickable
14:53:13.447 [main] INFO  com.demo.baseutil.Basetest - Clicked on : add new is clicked
14:53:18.449 [main] INFO  com.demo.baseutil.Basetest - Validate Product id is clicked is clickable
14:53:20.813 [main] INFO  com.demo.baseutil.Basetest - Clicked on : Product id is clicked
14:53:22.844 [main] INFO  com.demo.baseutil.Basetest - Enter the value into Saved Value is entered
14:53:23.302 [main] INFO  com.demo.baseutil.Basetest - F2PG10002506 typed into Saved Value is entered
14:53:25.309 [main] INFO  com.demo.baseutil.Basetest - Validate Product id is clicked is clickable
14:53:27.627 [main] INFO  com.demo.baseutil.Basetest - Clicked on : Product id is clicked
14:53:29.642 [main] INFO  com.demo.baseutil.Basetest - Validate Product id is clicked is clickable
14:53:32.042 [main] INFO  com.demo.baseutil.Basetest - Clicked on : Product id is clicked
14:53:34.044 [main] INFO  com.demo.baseutil.Basetest - Validate chooseprocess id is clicked is clickable
14:53:36.396 [main] INFO  com.demo.baseutil.Basetest - Clicked on : chooseprocess id is clicked
14:53:38.398 [main] INFO  com.demo.baseutil.Basetest - Enter the value into Harvestiong/commission is entered
14:53:38.894 [main] INFO  com.demo.baseutil.Basetest - Harvesting typed into Harvestiong/commission is entered
14:53:40.909 [main] INFO  com.demo.baseutil.Basetest - Validate chooseprocess id is clicked is clickable
14:53:43.369 [main] INFO  com.demo.baseutil.Basetest - Clicked on : chooseprocess id is clicked
14:53:46.377 [main] INFO  com.demo.baseutil.Basetest - Validate Process commision is selected is clickable
14:53:48.828 [main] INFO  com.demo.baseutil.Basetest - Clicked on : Process commision is selected
14:53:50.861 [main] INFO  com.demo.baseutil.Basetest - Scroll down successful
14:53:50.861 [main] INFO  com.demo.baseutil.Basetest - Validate date is selected is clickable
14:53:53.409 [main] INFO  com.demo.baseutil.Basetest - Clicked on : date is selected
14:53:54.425 [main] INFO  com.demo.baseutil.Basetest - Validate date netx button is clickable
14:53:56.972 [main] INFO  com.demo.baseutil.Basetest - Clicked on : date netx button
14:53:56.972 [main] INFO  com.demo.baseutil.Basetest - Validate date is entered is clickable
14:53:59.536 [main] INFO  com.demo.baseutil.Basetest - Clicked on : date is entered
14:54:01.548 [main] INFO  com.demo.baseutil.Basetest - Validate date is selected is clickable
14:54:04.309 [main] INFO  com.demo.baseutil.Basetest - Clicked on : date is selected
14:54:10.392 [main] INFO  com.demo.baseutil.Basetest - Scroll down
14:54:10.392 [main] INFO  com.demo.baseutil.Basetest - Validate activity is selected is clickable
14:54:12.843 [main] INFO  com.demo.baseutil.Basetest - Clicked on : activity is selected
14:54:12.844 [main] INFO  com.demo.baseutil.Basetest - Enter the value into activity Value is entered
14:54:13.229 [main] INFO  com.demo.baseutil.Basetest - abcd typed into activity Value is entered
14:54:15.244 [main] INFO  com.demo.baseutil.Basetest - Validate packing type dropdown is selected is clickable
14:54:17.803 [main] INFO  com.demo.baseutil.Basetest - Clicked on : packing type dropdown is selected
14:54:17.803 [main] INFO  com.demo.baseutil.Basetest - Validate packing type dropdown is selected is clickable
14:54:20.311 [main] INFO  com.demo.baseutil.Basetest - Clicked on : packing type dropdown is selected
14:54:26.407 [main] INFO  com.demo.baseutil.Basetest - Scroll down
14:54:26.407 [main] INFO  com.demo.baseutil.Basetest - Validate tlc is clicked is clickable
14:54:28.909 [main] INFO  com.demo.baseutil.Basetest - Clicked on : tlc is clicked
14:54:28.915 [main] INFO  com.demo.baseutil.Basetest - Enter the value into Tlc no is entered
14:54:29.438 [main] INFO  com.demo.baseutil.Basetest - 1234567890 typed into Tlc no is entered
14:54:29.438 [main] INFO  com.demo.baseutil.Basetest - Validate location is clicked is clickable
14:54:31.894 [main] INFO  com.demo.baseutil.Basetest - Clicked on : location is clicked
14:54:31.896 [main] INFO  com.demo.baseutil.Basetest - Enter the value into location no is entered
14:54:32.361 [main] INFO  com.demo.baseutil.Basetest - location typed into location no is entered
14:54:32.364 [main] INFO  com.demo.baseutil.Basetest - Validate commodity is clicked is clickable
14:54:34.858 [main] INFO  com.demo.baseutil.Basetest - Clicked on : commodity is clicked
14:54:34.859 [main] INFO  com.demo.baseutil.Basetest - Enter the value into commodity is entered
14:54:35.233 [main] INFO  com.demo.baseutil.Basetest - commodity typed into commodity is entered
14:54:39.327 [main] INFO  com.demo.baseutil.Basetest - Scroll down
14:54:39.327 [main] INFO  com.demo.baseutil.Basetest - Validate filed is clicked is clickable
14:54:41.824 [main] INFO  com.demo.baseutil.Basetest - Clicked on : filed is clicked
14:54:41.826 [main] INFO  com.demo.baseutil.Basetest - Enter the value into filed is entered
14:54:42.354 [main] INFO  com.demo.baseutil.Basetest - filed typed into filed is entered
14:54:42.355 [main] INFO  com.demo.baseutil.Basetest - Validate container is clicked is clickable
14:54:44.893 [main] INFO  com.demo.baseutil.Basetest - Clicked on : container is clicked
14:54:44.894 [main] INFO  com.demo.baseutil.Basetest - Enter the value into filed is entered
14:54:45.185 [main] INFO  com.demo.baseutil.Basetest - containerr813813813 typed into filed is entered
14:54:49.197 [main] INFO  com.demo.baseutil.Basetest - Validate Selected the conatiner is clickable
14:54:51.634 [main] INFO  com.demo.baseutil.Basetest - Clicked on : Selected the conatiner
14:54:52.648 [main] INFO  com.demo.baseutil.Basetest - Validate count sgtin is clicked is clickable
14:54:55.043 [main] INFO  com.demo.baseutil.Basetest - Clicked on : count sgtin is clicked
14:54:55.044 [main] INFO  com.demo.baseutil.Basetest - Enter the value into countsgtin is entered
14:54:55.444 [main] INFO  com.demo.baseutil.Basetest - 123 typed into countsgtin is entered
14:54:55.445 [main] INFO  com.demo.baseutil.Basetest - Validate weightsgtin sgtin is clicked is clickable
14:54:57.991 [main] INFO  com.demo.baseutil.Basetest - Clicked on : weightsgtin sgtin is clicked
14:54:57.991 [main] INFO  com.demo.baseutil.Basetest - Enter the value into weightsgtin is entered
14:54:58.361 [main] INFO  com.demo.baseutil.Basetest - 1234567 typed into weightsgtin is entered
14:54:58.363 [main] INFO  com.demo.baseutil.Basetest - Validate itemsgtin sgtin is clicked is clickable
14:55:00.841 [main] INFO  com.demo.baseutil.Basetest - Clicked on : itemsgtin sgtin is clicked
14:55:00.841 [main] INFO  com.demo.baseutil.Basetest - Validate itemgtin is entered is clickable
14:55:03.330 [main] INFO  com.demo.baseutil.Basetest - Clicked on : itemgtin is entered
14:55:03.331 [main] INFO  com.demo.baseutil.Basetest - Validate document is clicked is clickable
14:55:05.740 [main] INFO  com.demo.baseutil.Basetest - Clicked on : document is clicked
14:55:05.740 [main] INFO  com.demo.baseutil.Basetest - Enter the value into document is entered
14:55:06.328 [main] INFO  com.demo.baseutil.Basetest - 1234567 typed into document is entered
14:55:10.442 [main] INFO  com.demo.baseutil.Basetest - Scroll down
14:55:10.443 [main] INFO  com.demo.baseutil.Basetest - Validate Add Transaction is selected is clickable
14:55:12.928 [main] INFO  com.demo.baseutil.Basetest - Clicked on : Add Transaction is selected
14:55:28.932 [main] INFO  com.demo.baseutil.Basetest - Validate click on trace is clickable
14:55:31.392 [main] INFO  com.demo.baseutil.Basetest - Clicked on : click on trace
14:55:43.424 [main] INFO  com.demo.baseutil.Basetest - Validate click on trace is clickable
14:55:46.045 [main] INFO  com.demo.baseutil.Basetest - Clicked on : click on trace
14:55:52.128 [main] INFO  com.demo.baseutil.Basetest - Validate Asset & Infrastructure Data is clicked is clickable
14:55:54.672 [main] INFO  com.demo.baseutil.Basetest - Clicked on : Asset & Infrastructure Data is clicked
14:55:56.687 [main] INFO  com.demo.baseutil.Basetest - Validate Assets is clicked is clickable
14:55:59.293 [main] INFO  com.demo.baseutil.Basetest - Clicked on : Assets is clicked
14:56:04.303 [main] INFO  com.demo.baseutil.Basetest - Validate Add new is clicked is clickable
14:56:06.867 [main] INFO  com.demo.baseutil.Basetest - Clicked on : Add new is clicked
14:56:11.877 [main] INFO  com.demo.baseutil.Basetest - Validate Asset type is clicked is clickable
14:56:14.489 [main] INFO  com.demo.baseutil.Basetest - Clicked on : Asset type is clicked
14:56:14.489 [main] INFO  com.demo.baseutil.Basetest - Validate Click on Vehicle Name is clickable
14:56:16.909 [main] INFO  com.demo.baseutil.Basetest - Clicked on : Click on Vehicle Name
14:56:18.913 [main] INFO  com.demo.baseutil.Basetest - Validate container name is clicked is clickable
14:56:21.305 [main] INFO  com.demo.baseutil.Basetest - Clicked on : container name is clicked
14:56:21.305 [main] INFO  com.demo.baseutil.Basetest - Enter the value into enter the container name
14:56:21.709 [main] INFO  com.demo.baseutil.Basetest - containerr285285285 typed into enter the container name
14:56:23.717 [main] INFO  com.demo.baseutil.Basetest - Validate length is clicked is clickable
14:56:26.388 [main] INFO  com.demo.baseutil.Basetest - Clicked on : length is clicked
14:56:28.394 [main] INFO  com.demo.baseutil.Basetest - Enter the value into enter the length
14:56:28.677 [main] INFO  com.demo.baseutil.Basetest - 10 typed into enter the length
14:56:28.677 [main] INFO  com.demo.baseutil.Basetest - Validate breadth is clicked is clickable
14:56:31.121 [main] INFO  com.demo.baseutil.Basetest - Clicked on : breadth is clicked
14:56:31.121 [main] INFO  com.demo.baseutil.Basetest - Enter the value into breath entered
14:56:31.367 [main] INFO  com.demo.baseutil.Basetest - 10 typed into breath entered
14:56:33.386 [main] INFO  com.demo.baseutil.Basetest - Validate height is clicked is clickable
14:56:35.733 [main] INFO  com.demo.baseutil.Basetest - Clicked on : height is clicked
14:56:37.746 [main] INFO  com.demo.baseutil.Basetest - Enter the value into height entered
14:56:38.261 [main] INFO  com.demo.baseutil.Basetest - 20 typed into height entered
14:56:40.270 [main] INFO  com.demo.baseutil.Basetest - Validate dom is clicked is clickable
14:56:42.684 [main] INFO  com.demo.baseutil.Basetest - Clicked on : dom is clicked
14:56:44.698 [main] INFO  com.demo.baseutil.Basetest - Validate ft is clicked is clickable
14:56:47.105 [main] INFO  com.demo.baseutil.Basetest - Clicked on : ft is clicked
14:56:49.109 [main] INFO  com.demo.baseutil.Basetest - Validate wt is clicked is clickable
14:56:51.554 [main] INFO  com.demo.baseutil.Basetest - Clicked on : wt is clicked
14:56:53.558 [main] INFO  com.demo.baseutil.Basetest - Enter the value into weight entered
14:56:53.946 [main] INFO  com.demo.baseutil.Basetest - 1000 typed into weight entered
14:56:55.953 [main] INFO  com.demo.baseutil.Basetest - Validate wtcap is clicked is clickable
14:56:58.347 [main] INFO  com.demo.baseutil.Basetest - Clicked on : wtcap is clicked
14:57:00.363 [main] INFO  com.demo.baseutil.Basetest - Validate tons is clicked is clickable
14:57:02.775 [main] INFO  com.demo.baseutil.Basetest - Clicked on : tons is clicked
14:57:04.790 [main] INFO  com.demo.baseutil.Basetest - Validate Click on Add button is clickable
14:57:07.474 [main] INFO  com.demo.baseutil.Basetest - Clicked on : Click on Add button
14:57:23.577 [main] INFO  com.demo.baseutil.Basetest - Scroll down
14:57:25.583 [main] INFO  com.demo.baseutil.Basetest - Validate transaction is clicked is clickable
14:57:28.315 [main] INFO  com.demo.baseutil.Basetest - Clicked on : transaction is clicked
14:57:35.326 [main] INFO  com.demo.baseutil.Basetest - Validate productid is selected is clickable
14:57:37.801 [main] INFO  com.demo.baseutil.Basetest - Clicked on : productid is selected
14:57:37.805 [main] INFO  com.demo.baseutil.Basetest - Enter the value into enter the productid
14:57:38.120 [main] INFO  com.demo.baseutil.Basetest - F2PG10002506 typed into enter the productid
14:57:38.120 [main] INFO  com.demo.baseutil.Basetest - Validate productid is selected is clickable
14:57:40.494 [main] INFO  com.demo.baseutil.Basetest - Clicked on : productid is selected
14:57:40.494 [main] INFO  com.demo.baseutil.Basetest - Validate search is selected is clickable
14:57:42.905 [main] INFO  com.demo.baseutil.Basetest - Clicked on : search is selected
14:57:42.905 [main] INFO  com.demo.baseutil.Basetest - Validate search button is clicked is clickable
14:57:45.513 [main] INFO  com.demo.baseutil.Basetest - Clicked on : search button is clicked
14:57:47.613 [main] INFO  com.demo.baseutil.Basetest - Scroll up
14:57:49.687 [main] INFO  com.demo.baseutil.Basetest - Scroll up
14:57:53.701 [main] INFO  com.demo.baseutil.Basetest - Validate transaction is clicked is clickable
14:57:56.345 [main] INFO  com.demo.baseutil.Basetest - Clicked on : transaction is clicked
14:58:01.361 [main] INFO  com.demo.baseutil.Basetest - Validate add new is clicked is clickable
14:58:03.894 [main] INFO  com.demo.baseutil.Basetest - Clicked on : add new is clicked
14:58:08.904 [main] INFO  com.demo.baseutil.Basetest - Validate Product id is clicked is clickable
14:58:11.435 [main] INFO  com.demo.baseutil.Basetest - Clicked on : Product id is clicked
14:58:13.442 [main] INFO  com.demo.baseutil.Basetest - Enter the value into Saved Value is entered
14:58:13.873 [main] INFO  com.demo.baseutil.Basetest - F2PG10002506 typed into Saved Value is entered
14:58:15.885 [main] INFO  com.demo.baseutil.Basetest - Validate Product id is clicked is clickable
14:58:18.264 [main] INFO  com.demo.baseutil.Basetest - Clicked on : Product id is clicked
14:58:20.271 [main] INFO  com.demo.baseutil.Basetest - Validate Product id is clicked is clickable
14:58:22.930 [main] INFO  com.demo.baseutil.Basetest - Clicked on : Product id is clicked
14:58:24.943 [main] INFO  com.demo.baseutil.Basetest - Validate chooseprocess id is clicked is clickable
14:58:27.403 [main] INFO  com.demo.baseutil.Basetest - Clicked on : chooseprocess id is clicked
14:58:29.409 [main] INFO  com.demo.baseutil.Basetest - Enter the value into Packing/aggregation is entered
14:58:29.732 [main] INFO  com.demo.baseutil.Basetest - Packing typed into Packing/aggregation is entered
14:58:31.737 [main] INFO  com.demo.baseutil.Basetest - Validate chooseprocess id is clicked is clickable
14:58:34.212 [main] INFO  com.demo.baseutil.Basetest - Clicked on : chooseprocess id is clicked
14:58:38.224 [main] INFO  com.demo.baseutil.Basetest - Validate Process aggre is selected is clickable
14:58:40.769 [main] INFO  com.demo.baseutil.Basetest - Clicked on : Process aggre is selected
14:58:42.792 [main] INFO  com.demo.baseutil.Basetest - Scroll down successful
14:58:42.792 [main] INFO  com.demo.baseutil.Basetest - Validate org is selected is clickable
14:58:45.351 [main] INFO  com.demo.baseutil.Basetest - Clicked on : org is selected
14:58:47.356 [main] INFO  com.demo.baseutil.Basetest - Enter the value into org value is entered
14:58:47.748 [main] INFO  com.demo.baseutil.Basetest - 178 typed into org value is entered
14:58:52.762 [main] INFO  com.demo.baseutil.Basetest - Validate org is selected is clickable
14:58:55.287 [main] INFO  com.demo.baseutil.Basetest - Clicked on : org is selected
14:58:58.295 [main] INFO  com.demo.baseutil.Basetest - Validate location is selected is clickable
14:59:00.665 [main] INFO  com.demo.baseutil.Basetest - Clicked on : location is selected
14:59:00.665 [main] INFO  com.demo.baseutil.Basetest - Enter the value into location value is entered
14:59:01.054 [main] INFO  com.demo.baseutil.Basetest - test typed into location value is entered
14:59:06.063 [main] INFO  com.demo.baseutil.Basetest - Validate location is selected is clickable
14:59:08.541 [main] INFO  com.demo.baseutil.Basetest - Clicked on : location is selected
14:59:08.563 [main] INFO  com.demo.baseutil.Basetest - Scroll down successful
14:59:08.566 [main] INFO  com.demo.baseutil.Basetest - Validate activity is clicked is clickable
14:59:10.883 [main] INFO  com.demo.baseutil.Basetest - Clicked on : activity is clicked
14:59:12.890 [main] INFO  com.demo.baseutil.Basetest - Enter the value into activity is entered
14:59:13.320 [main] INFO  com.demo.baseutil.Basetest - activity typed into activity is entered
14:59:16.335 [main] INFO  com.demo.baseutil.Basetest - Scroll till the scrolles to lot
14:59:16.499 [main] INFO  com.demo.baseutil.Basetest - Scroll till the scrolles to lot completed
14:59:16.499 [main] INFO  com.demo.baseutil.Basetest - Validate sscc number is copied is clickable
14:59:19.011 [main] INFO  com.demo.baseutil.Basetest - Clicked on : sscc number is copied
14:59:28.449 [main] INFO  com.demo.baseutil.Basetest - Scroll up to the element: The lot is displayed after scroll up completed
14:59:31.458 [main] INFO  com.demo.baseutil.Basetest - Validate lot1 is clicked is clickable
14:59:33.966 [main] INFO  com.demo.baseutil.Basetest - Clicked on : lot1 is clicked
14:59:35.972 [main] INFO  com.demo.baseutil.Basetest - Enter the value into lotvalue is entered
14:59:36.574 [main] INFO  com.demo.baseutil.Basetest - 1691022102410000006 typed into lotvalue is entered
14:59:38.584 [main] INFO  com.demo.baseutil.Basetest - Validate lot arrow is clicked is clickable
14:59:41.103 [main] INFO  com.demo.baseutil.Basetest - Clicked on : lot arrow is clicked
14:59:43.120 [main] INFO  com.demo.baseutil.Basetest - Scroll till the scrolled to packloc
14:59:43.246 [main] INFO  com.demo.baseutil.Basetest - Scroll till the scrolled to packloc completed
14:59:48.369 [main] INFO  com.demo.baseutil.Basetest - Scroll up to the element: The packloc is displayed after scroll up completed
14:59:53.382 [main] INFO  com.demo.baseutil.Basetest - Validate packloc is clicked is clickable
14:59:55.862 [main] INFO  com.demo.baseutil.Basetest - Clicked on : packloc is clicked
14:59:57.870 [main] INFO  com.demo.baseutil.Basetest - Enter the value into packing lot is entered
14:59:58.290 [main] INFO  com.demo.baseutil.Basetest - test typed into packing lot is entered
15:00:02.306 [main] INFO  com.demo.baseutil.Basetest - Validate remarks is clicked is clickable
15:00:05.067 [main] INFO  com.demo.baseutil.Basetest - Clicked on : remarks is clicked
15:00:07.072 [main] INFO  com.demo.baseutil.Basetest - Enter the value into remarks is entered
15:00:07.390 [main] INFO  com.demo.baseutil.Basetest - test typed into remarks is entered
15:00:11.404 [main] INFO  com.demo.baseutil.Basetest - Validate tlcloc is clicked is clickable
15:00:13.732 [main] INFO  com.demo.baseutil.Basetest - Clicked on : tlcloc is clicked
15:00:15.741 [main] INFO  com.demo.baseutil.Basetest - Enter the value into tlcloc is entered
15:00:16.138 [main] INFO  com.demo.baseutil.Basetest - test typed into tlcloc is entered
15:00:20.153 [main] INFO  com.demo.baseutil.Basetest - Scroll till the asset is scroll down
15:00:20.308 [main] INFO  com.demo.baseutil.Basetest - Scroll till the asset is scroll down completed
15:00:22.318 [main] INFO  com.demo.baseutil.Basetest - Validate asset is clicked is clickable
15:00:24.796 [main] INFO  com.demo.baseutil.Basetest - Clicked on : asset is clicked
15:00:26.803 [main] INFO  com.demo.baseutil.Basetest - Enter the value into vehicle is entered
15:00:27.109 [main] INFO  com.demo.baseutil.Basetest - vehicle typed into vehicle is entered
15:00:31.124 [main] INFO  com.demo.baseutil.Basetest - Validate assetsearch is clicked is clickable
15:00:33.622 [main] INFO  com.demo.baseutil.Basetest - Clicked on : assetsearch is clicked
15:00:35.624 [main] INFO  com.demo.baseutil.Basetest - Validate shippingdate is clicked is clickable
15:00:38.093 [main] INFO  com.demo.baseutil.Basetest - Clicked on : shippingdate is clicked
15:00:40.101 [main] INFO  com.demo.baseutil.Basetest - Validate datenext button is clicked is clickable
15:00:42.538 [main] INFO  com.demo.baseutil.Basetest - Clicked on : datenext button is clicked
15:00:44.550 [main] INFO  com.demo.baseutil.Basetest - Validate date is entered is clickable
15:00:46.993 [main] INFO  com.demo.baseutil.Basetest - Clicked on : date is entered
15:00:50.003 [main] INFO  com.demo.baseutil.Basetest - Validate date is selected is clickable
15:00:52.505 [main] INFO  com.demo.baseutil.Basetest - Clicked on : date is selected
15:00:55.514 [main] INFO  com.demo.baseutil.Basetest - Validate deliverydate is clicked is clickable
15:00:58.160 [main] INFO  com.demo.baseutil.Basetest - Clicked on : deliverydate is clicked
15:01:00.185 [main] INFO  com.demo.baseutil.Basetest - Validate datenext button is clicked is clickable
15:01:02.612 [main] INFO  com.demo.baseutil.Basetest - Clicked on : datenext button is clicked
15:01:04.620 [main] INFO  com.demo.baseutil.Basetest - Validate datenext button is clicked is clickable
15:01:07.010 [main] INFO  com.demo.baseutil.Basetest - Clicked on : datenext button is clicked
15:01:10.021 [main] INFO  com.demo.baseutil.Basetest - Validate date is entered is clickable
15:01:12.458 [main] INFO  com.demo.baseutil.Basetest - Clicked on : date is entered
15:01:14.466 [main] INFO  com.demo.baseutil.Basetest - Validate date is selected is clickable
15:01:16.923 [main] INFO  com.demo.baseutil.Basetest - Clicked on : date is selected
15:01:16.939 [main] INFO  com.demo.baseutil.Basetest - Scroll down successful
15:01:16.939 [main] INFO  com.demo.baseutil.Basetest - Validate container is clicked is clickable
15:01:19.278 [main] INFO  com.demo.baseutil.Basetest - Clicked on : container is clicked
15:01:19.278 [main] INFO  com.demo.baseutil.Basetest - Enter the value into container value is entered
15:01:19.752 [main] INFO  com.demo.baseutil.Basetest - containerr285285285 typed into container value is entered
15:01:24.757 [main] INFO  com.demo.baseutil.Basetest - Validate container select is clicked is clickable
15:01:27.185 [main] INFO  com.demo.baseutil.Basetest - Clicked on : container select is clicked
15:01:29.190 [main] INFO  com.demo.baseutil.Basetest - Validate invoice select is clicked is clickable
15:01:31.613 [main] INFO  com.demo.baseutil.Basetest - Clicked on : invoice select is clicked
15:01:31.613 [main] INFO  com.demo.baseutil.Basetest - Enter the value into  invoice value is entered
15:01:31.920 [main] INFO  com.demo.baseutil.Basetest - 123 typed into  invoice value is entered
15:01:33.929 [main] INFO  com.demo.baseutil.Basetest - Validate seal select is clicked is clickable
15:01:36.628 [main] INFO  com.demo.baseutil.Basetest - Clicked on : seal select is clicked
15:01:36.628 [main] INFO  com.demo.baseutil.Basetest - Enter the value into seal value is entered
15:01:36.952 [main] INFO  com.demo.baseutil.Basetest - 123 typed into seal value is entered
15:01:38.977 [main] INFO  com.demo.baseutil.Basetest - Scroll down successful
15:01:41.001 [main] INFO  com.demo.baseutil.Basetest - Validate asn select is clicked is clickable
15:01:43.445 [main] INFO  com.demo.baseutil.Basetest - Clicked on : asn select is clicked
15:01:43.446 [main] INFO  com.demo.baseutil.Basetest - Enter the value into asn value is entered
15:01:44.023 [main] INFO  com.demo.baseutil.Basetest - 0914324396842 typed into asn value is entered
15:01:46.032 [main] INFO  com.demo.baseutil.Basetest - Validate lorry select is clicked is clickable
15:01:48.713 [main] INFO  com.demo.baseutil.Basetest - Clicked on : lorry select is clicked
15:01:48.713 [main] INFO  com.demo.baseutil.Basetest - Enter the value into lorry value is entered
15:01:49.202 [main] INFO  com.demo.baseutil.Basetest - 123 typed into lorry value is entered
15:01:51.229 [main] INFO  com.demo.baseutil.Basetest - Validate purchase is clicked is clickable
15:01:53.944 [main] INFO  com.demo.baseutil.Basetest - Clicked on : purchase is clicked
15:01:53.944 [main] INFO  com.demo.baseutil.Basetest - Enter the value into purchase is entered
15:01:54.414 [main] INFO  com.demo.baseutil.Basetest - 123 typed into purchase is entered
15:01:54.416 [main] INFO  com.demo.baseutil.Basetest - Validate bill is clicked is clickable
15:01:56.779 [main] INFO  com.demo.baseutil.Basetest - Clicked on : bill is clicked
15:01:56.779 [main] INFO  com.demo.baseutil.Basetest - Enter the value into purchase is entered
15:01:57.204 [main] INFO  com.demo.baseutil.Basetest - 12345 typed into purchase is entered
15:01:59.212 [main] INFO  com.demo.baseutil.Basetest - Validate document is clicked is clickable
15:02:01.697 [main] INFO  com.demo.baseutil.Basetest - Clicked on : document is clicked
15:02:01.697 [main] INFO  com.demo.baseutil.Basetest - Enter the value into document is entered
15:02:02.125 [main] INFO  com.demo.baseutil.Basetest - 12345 typed into document is entered
15:02:04.148 [main] INFO  com.demo.baseutil.Basetest - Validate Add Transaction is selected is clickable
15:02:06.633 [main] INFO  com.demo.baseutil.Basetest - Clicked on : Add Transaction is selected
15:02:16.980 [main] INFO  com.demo.baseutil.Basetest - Browser is closed sucessfuly
15:02:18.161 [main] INFO  com.demo.baseutil.Basetest - Browser is closed sucessfuly
15:02:19.648 [main] ERROR com.demo.baseutil.Basetest - Failed to close the Browser
