17:35:57.450 [main] INFO  com.demo.baseutil.Basetest - 
17:35:57.469 [main] INFO  com.demo.baseutil.Basetest - Running locally JavaMail
17:35:57.734 [main] INFO  com.demo.baseutil.Basetest2 - Folder creation for Extent
17:35:57.756 [main] INFO  com.demo.baseutil.Basetest - ExtentDir:-C:\Users\Deepti Jindal\eclipse-workspace2\com.NFR.Trace QA latest/reports/Automation Report- 09_24_2024_17_35_57/Report/09_24_2024_17_35_57
17:35:58.018 [main] INFO  com.demo.baseutil.Basetest - Report Initiated
17:35:58.022 [main] INFO  com.demo.baseutil.Basetest - Screenshot folder created
17:36:19.669 [main] INFO  com.demo.baseutil.Basetest - Validate Sign in with FarmtoPlate account is clickable
17:36:22.150 [main] INFO  com.demo.baseutil.Basetest - Clicked on : Sign in with FarmtoPlate account
17:36:22.186 [main] INFO  com.demo.baseutil.Basetest - Url contains farmtoplateapps.io/login
17:36:22.211 [main] INFO  com.demo.baseutil.Basetest - Sign in title matched
17:36:22.211 [main] INFO  com.demo.baseutil.Basetest - UI verified for Sigin page.
17:36:22.211 [main] INFO  com.demo.baseutil.Basetest - Sign in function call
17:36:22.212 [main] INFO  com.demo.baseutil.Basetest - Validate email address field is clicked is clickable
17:36:31.141 [main] INFO  com.demo.baseutil.Basetest - Clicked on : email address field is clicked
17:36:31.142 [main] INFO  com.demo.baseutil.Basetest - Enter the value into Email Id Entered
17:36:33.280 [main] INFO  com.demo.baseutil.Basetest - 139@yopmail.com typed into Email Id Entered
17:36:33.280 [main] INFO  com.demo.baseutil.Basetest - Validate Enter the password is clickable
17:36:35.800 [main] INFO  com.demo.baseutil.Basetest - Clicked on : Enter the password
17:36:35.801 [main] INFO  com.demo.baseutil.Basetest - Enter the value into Password Id Entered
17:36:37.023 [main] INFO  com.demo.baseutil.Basetest - Admin@1234 typed into Password Id Entered
17:36:41.101 [main] INFO  com.demo.baseutil.Basetest - Scroll down
17:36:41.102 [main] INFO  com.demo.baseutil.Basetest - Validate Press the signin button is clickable
17:36:46.738 [main] INFO  com.demo.baseutil.Basetest - Clicked on : Press the signin button
17:36:49.238 [main] INFO  com.demo.baseutil.Basetest - HomePage title  is matched
17:36:59.253 [main] INFO  com.demo.baseutil.Basetest - Validate click on trace is clickable
17:37:01.944 [main] INFO  com.demo.baseutil.Basetest - Clicked on : click on trace
17:37:03.950 [main] INFO  com.demo.baseutil.Basetest - Validate click on dashboard is clickable
17:37:06.885 [main] INFO  com.demo.baseutil.Basetest - Clicked on : click on dashboard
17:37:08.895 [main] INFO  com.demo.baseutil.Basetest - Validate click on organisation network is clickable
17:37:11.657 [main] INFO  com.demo.baseutil.Basetest - Clicked on : click on organisation network
17:37:16.848 [main] INFO  com.demo.baseutil.Basetest - Sign in title matched
17:37:16.848 [main] INFO  com.demo.baseutil.Basetest - UI verified for Organisation network page.
17:37:18.895 [main] INFO  com.demo.baseutil.Basetest - Validate click on product register is clickable
17:37:21.479 [main] INFO  com.demo.baseutil.Basetest - Clicked on : click on product register
17:37:28.559 [main] INFO  com.demo.baseutil.Basetest - Sign in title matched
17:37:28.559 [main] INFO  com.demo.baseutil.Basetest - UI verified for Product page.
17:37:29.603 [main] INFO  com.demo.baseutil.Basetest - Validate click on lots is clickable
17:37:32.067 [main] INFO  com.demo.baseutil.Basetest - Clicked on : click on lots
17:37:38.132 [main] INFO  com.demo.baseutil.Basetest - Sign in title matched
17:37:38.132 [main] INFO  com.demo.baseutil.Basetest - UI verified for Lots page.
17:37:40.999 [main] INFO  com.demo.baseutil.Basetest - Browser is closed sucessfuly
17:37:42.873 [main] INFO  com.demo.baseutil.Basetest - Browser is closed sucessfuly
17:38:06.333 [main] INFO  com.demo.baseutil.Basetest - Validate Sign in with FarmtoPlate account is clickable
17:38:08.767 [main] INFO  com.demo.baseutil.Basetest - Clicked on : Sign in with FarmtoPlate account
17:38:08.778 [main] INFO  com.demo.baseutil.Basetest - Url contains farmtoplateapps.io/login
17:38:08.790 [main] INFO  com.demo.baseutil.Basetest - Sign in title matched
17:38:08.790 [main] INFO  com.demo.baseutil.Basetest - UI verified for Sigin page.
17:38:08.790 [main] INFO  com.demo.baseutil.Basetest - Sign in function call
17:38:08.790 [main] INFO  com.demo.baseutil.Basetest - Validate email address field is clicked is clickable
17:38:11.423 [main] INFO  com.demo.baseutil.Basetest - Clicked on : email address field is clicked
17:38:11.425 [main] INFO  com.demo.baseutil.Basetest - Enter the value into Email Id Entered
17:38:11.775 [main] INFO  com.demo.baseutil.Basetest - 139@yopmail.com typed into Email Id Entered
17:38:11.776 [main] INFO  com.demo.baseutil.Basetest - Validate Enter the password is clickable
17:38:14.127 [main] INFO  com.demo.baseutil.Basetest - Clicked on : Enter the password
17:38:14.128 [main] INFO  com.demo.baseutil.Basetest - Enter the value into Password Id Entered
17:38:14.723 [main] INFO  com.demo.baseutil.Basetest - Admin@1234 typed into Password Id Entered
17:38:18.894 [main] INFO  com.demo.baseutil.Basetest - Scroll down
17:38:18.894 [main] INFO  com.demo.baseutil.Basetest - Validate Press the signin button is clickable
17:38:22.552 [main] INFO  com.demo.baseutil.Basetest - Clicked on : Press the signin button
17:38:25.045 [main] INFO  com.demo.baseutil.Basetest - HomePage title  is matched
17:38:35.060 [main] INFO  com.demo.baseutil.Basetest - Validate click on trace is clickable
17:38:37.692 [main] INFO  com.demo.baseutil.Basetest - Clicked on : click on trace
17:38:39.706 [main] INFO  com.demo.baseutil.Basetest - Validate Network Management is clicked is clickable
17:38:42.460 [main] INFO  com.demo.baseutil.Basetest - Clicked on : Network Management is clicked
17:38:47.472 [main] INFO  com.demo.baseutil.Basetest - Validate Add new is clicked is clickable
17:38:50.197 [main] INFO  com.demo.baseutil.Basetest - Clicked on : Add new is clicked
17:38:52.218 [main] INFO  com.demo.baseutil.Basetest - Validate Organisation Name is clicked is clickable
17:38:54.744 [main] INFO  com.demo.baseutil.Basetest - Clicked on : Organisation Name is clicked
17:38:54.746 [main] INFO  com.demo.baseutil.Basetest - Enter the value into Organisation is Entered
17:38:55.094 [main] INFO  com.demo.baseutil.Basetest - kdfNeEux typed into Organisation is Entered
17:38:55.094 [main] INFO  com.demo.baseutil.Basetest - Validate Organisation type is clicked is clickable
17:38:57.680 [main] INFO  com.demo.baseutil.Basetest - Clicked on : Organisation type is clicked
17:38:57.680 [main] INFO  com.demo.baseutil.Basetest - Validate upstream is selected is clickable
17:39:00.146 [main] INFO  com.demo.baseutil.Basetest - Clicked on : upstream is selected
17:39:00.146 [main] INFO  com.demo.baseutil.Basetest - Validate Organisation role is clicked is clickable
17:39:02.748 [main] INFO  com.demo.baseutil.Basetest - Clicked on : Organisation role is clicked
17:39:02.749 [main] INFO  com.demo.baseutil.Basetest - Validate Organisation role is selected is clickable
17:39:05.244 [main] INFO  com.demo.baseutil.Basetest - Clicked on : Organisation role is selected
17:39:05.245 [main] INFO  com.demo.baseutil.Basetest - Validate module is clicked is clickable
17:39:07.991 [main] INFO  com.demo.baseutil.Basetest - Clicked on : module is clicked
17:39:07.992 [main] INFO  com.demo.baseutil.Basetest - Validate module is selected is clickable
17:39:10.516 [main] INFO  com.demo.baseutil.Basetest - Clicked on : module is selected
17:39:10.516 [main] INFO  com.demo.baseutil.Basetest - Validate email field is clicked is clickable
17:39:12.892 [main] INFO  com.demo.baseutil.Basetest - Clicked on : email field is clicked
17:39:12.892 [main] INFO  com.demo.baseutil.Basetest - Enter the value into emailid is Entered
17:39:13.368 [main] INFO  com.demo.baseutil.Basetest - TdKmcndj342@yopmail.com typed into emailid is Entered
17:39:14.373 [main] INFO  com.demo.baseutil.Basetest - Validate sendinvite button is clicked is clickable
17:39:16.951 [main] INFO  com.demo.baseutil.Basetest - Clicked on : sendinvite button is clicked
17:39:18.961 [main] INFO  com.demo.baseutil.Basetest - Validate submit is selected is clickable
17:39:21.631 [main] INFO  com.demo.baseutil.Basetest - Clicked on : submit is selected
17:39:36.899 [main] INFO  com.demo.baseutil.Basetest - Validate Email address input field is clicked is clickable
17:39:39.312 [main] INFO  com.demo.baseutil.Basetest - Clicked on : Email address input field is clicked
17:39:39.314 [main] INFO  com.demo.baseutil.Basetest - Enter the value into email address is entered
17:39:39.756 [main] INFO  com.demo.baseutil.Basetest - TdKmcndj342@yopmail.com typed into email address is entered
17:39:39.757 [main] INFO  com.demo.baseutil.Basetest - Validate arrow button is clicked is clickable
17:39:43.447 [main] INFO  com.demo.baseutil.Basetest - Clicked on : arrow button is clicked
17:39:46.554 [main] INFO  com.demo.baseutil.Basetest - Validate first email is clicked is clickable
17:39:49.161 [main] INFO  com.demo.baseutil.Basetest - Clicked on : first email is clicked
17:39:51.302 [main] INFO  com.demo.baseutil.Basetest - Validate email address is clicked is clickable
17:39:53.862 [main] INFO  com.demo.baseutil.Basetest - Clicked on : email address is clicked
17:39:59.513 [main] INFO  com.demo.baseutil.Basetest - Validate pass is clicked is clickable
17:40:04.192 [main] INFO  com.demo.baseutil.Basetest - Clicked on : pass is clicked
17:40:04.193 [main] INFO  com.demo.baseutil.Basetest - Enter the value into Password is entered
17:40:04.597 [main] INFO  com.demo.baseutil.Basetest - Admin@1234 typed into Password is entered
17:40:04.597 [main] INFO  com.demo.baseutil.Basetest - Validate confirm password is clicked is clickable
17:40:07.125 [main] INFO  com.demo.baseutil.Basetest - Clicked on : confirm password is clicked
17:40:07.125 [main] INFO  com.demo.baseutil.Basetest - Enter the value into Confirm Password is entered
17:40:07.498 [main] INFO  com.demo.baseutil.Basetest - Admin@1234 typed into Confirm Password is entered
17:40:13.583 [main] INFO  com.demo.baseutil.Basetest - Scroll down
17:40:13.583 [main] INFO  com.demo.baseutil.Basetest - Validate button is clicked is clickable
17:40:16.171 [main] INFO  com.demo.baseutil.Basetest - Clicked on : button is clicked
17:40:18.187 [main] INFO  com.demo.baseutil.Basetest - Validate email address field is clicked is clickable
17:40:22.662 [main] INFO  com.demo.baseutil.Basetest - Clicked on : email address field is clicked
17:40:22.663 [main] INFO  com.demo.baseutil.Basetest - Enter the value into Email Id Entered
17:40:23.212 [main] INFO  com.demo.baseutil.Basetest - TdKmcndj342@yopmail.com typed into Email Id Entered
17:40:23.213 [main] INFO  com.demo.baseutil.Basetest - Validate Enter the password is clickable
17:40:25.773 [main] INFO  com.demo.baseutil.Basetest - Clicked on : Enter the password
17:40:25.773 [main] INFO  com.demo.baseutil.Basetest - Enter the value into Password Id Entered
17:40:26.218 [main] INFO  com.demo.baseutil.Basetest - Admin@1234 typed into Password Id Entered
17:40:30.290 [main] INFO  com.demo.baseutil.Basetest - Scroll down
17:40:30.290 [main] INFO  com.demo.baseutil.Basetest - Validate Press the signin button is clickable
17:40:33.422 [main] INFO  com.demo.baseutil.Basetest - Clicked on : Press the signin button
17:40:39.424 [main] INFO  com.demo.baseutil.Basetest - Validate Press the continue button is clickable
17:40:41.886 [main] INFO  com.demo.baseutil.Basetest - Clicked on : Press the continue button
17:40:41.949 [main] INFO  com.demo.baseutil.Basetest - Scroll down successful
17:40:46.028 [main] INFO  com.demo.baseutil.Basetest - Scroll down
17:40:51.057 [main] INFO  com.demo.baseutil.Basetest - Scroll down successful
17:40:51.057 [main] INFO  com.demo.baseutil.Basetest - Validate Press the signin button is clickable
17:40:53.482 [main] INFO  com.demo.baseutil.Basetest - Clicked on : Press the signin button
17:40:53.482 [main] INFO  com.demo.baseutil.Basetest - Validate Press the button is clickable
17:40:56.128 [main] INFO  com.demo.baseutil.Basetest - Clicked on : Press the button
17:40:56.373 [main] INFO  com.demo.baseutil.Basetest - Browser is closed sucessfuly
17:40:57.954 [main] INFO  com.demo.baseutil.Basetest - Browser is closed sucessfuly
17:41:14.745 [main] INFO  com.demo.baseutil.Basetest - Validate Sign in with FarmtoPlate account is clickable
17:41:17.312 [main] INFO  com.demo.baseutil.Basetest - Clicked on : Sign in with FarmtoPlate account
17:41:17.347 [main] INFO  com.demo.baseutil.Basetest - Url contains farmtoplateapps.io/login
17:41:17.361 [main] INFO  com.demo.baseutil.Basetest - Sign in title matched
17:41:17.361 [main] INFO  com.demo.baseutil.Basetest - UI verified for Sigin page.
17:41:17.362 [main] INFO  com.demo.baseutil.Basetest - Sign in function call
17:41:17.362 [main] INFO  com.demo.baseutil.Basetest - Validate email address field is clicked is clickable
17:41:19.946 [main] INFO  com.demo.baseutil.Basetest - Clicked on : email address field is clicked
17:41:19.947 [main] INFO  com.demo.baseutil.Basetest - Enter the value into Email Id Entered
17:41:20.372 [main] INFO  com.demo.baseutil.Basetest - 139@yopmail.com typed into Email Id Entered
17:41:20.374 [main] INFO  com.demo.baseutil.Basetest - Validate Enter the password is clickable
17:41:22.715 [main] INFO  com.demo.baseutil.Basetest - Clicked on : Enter the password
17:41:22.715 [main] INFO  com.demo.baseutil.Basetest - Enter the value into Password Id Entered
17:41:23.195 [main] INFO  com.demo.baseutil.Basetest - Admin@1234 typed into Password Id Entered
17:41:27.320 [main] INFO  com.demo.baseutil.Basetest - Scroll down
17:41:27.320 [main] INFO  com.demo.baseutil.Basetest - Validate Press the signin button is clickable
17:41:31.210 [main] INFO  com.demo.baseutil.Basetest - Clicked on : Press the signin button
17:41:33.915 [main] INFO  com.demo.baseutil.Basetest - HomePage title  is matched
17:41:43.937 [main] INFO  com.demo.baseutil.Basetest - Validate click on trace is clickable
17:41:46.685 [main] INFO  com.demo.baseutil.Basetest - Clicked on : click on trace
17:41:52.762 [main] INFO  com.demo.baseutil.Basetest - Validate Asset & Infrastructure Data is clicked is clickable
17:41:55.438 [main] INFO  com.demo.baseutil.Basetest - Clicked on : Asset & Infrastructure Data is clicked
17:41:57.440 [main] INFO  com.demo.baseutil.Basetest - Validate Assets is clicked is clickable
17:42:00.180 [main] INFO  com.demo.baseutil.Basetest - Clicked on : Assets is clicked
17:42:02.182 [main] INFO  com.demo.baseutil.Basetest - Validate Add new is clicked is clickable
17:42:04.714 [main] INFO  com.demo.baseutil.Basetest - Clicked on : Add new is clicked
17:42:06.729 [main] INFO  com.demo.baseutil.Basetest - Validate Asset type is clicked is clickable
17:42:09.039 [main] INFO  com.demo.baseutil.Basetest - Clicked on : Asset type is clicked
17:42:09.039 [main] INFO  com.demo.baseutil.Basetest - Validate vehicle is selected is clickable
17:42:11.578 [main] INFO  com.demo.baseutil.Basetest - Clicked on : vehicle is selected
17:42:11.578 [main] INFO  com.demo.baseutil.Basetest - Validate Click on Vehicle Name is clickable
17:42:14.069 [main] INFO  com.demo.baseutil.Basetest - Clicked on : Click on Vehicle Name
17:42:14.069 [main] INFO  com.demo.baseutil.Basetest - Enter the value into enter the vehicle name
17:42:14.530 [main] INFO  com.demo.baseutil.Basetest - Loading Vehicleqrz typed into enter the vehicle name
17:42:14.530 [main] INFO  com.demo.baseutil.Basetest - Validate Click on Vehicle Number is clickable
17:42:16.919 [main] INFO  com.demo.baseutil.Basetest - Clicked on : Click on Vehicle Number
17:42:16.935 [main] INFO  com.demo.baseutil.Basetest - Enter the value into Enter the vehicle number
17:42:17.245 [main] INFO  com.demo.baseutil.Basetest - yjhnQved typed into Enter the vehicle number
17:42:17.245 [main] INFO  com.demo.baseutil.Basetest - Validate click the dropdown of carrier is clickable
17:42:19.788 [main] INFO  com.demo.baseutil.Basetest - Clicked on : click the dropdown of carrier
17:42:19.788 [main] INFO  com.demo.baseutil.Basetest - Validate click the tanker is clickable
17:42:22.139 [main] INFO  com.demo.baseutil.Basetest - Clicked on : click the tanker
17:42:22.139 [main] INFO  com.demo.baseutil.Basetest - Validate Click on Make is clickable
17:42:24.552 [main] INFO  com.demo.baseutil.Basetest - Clicked on : Click on Make
17:42:24.552 [main] INFO  com.demo.baseutil.Basetest - Enter the value into enter the make
17:42:24.869 [main] INFO  com.demo.baseutil.Basetest - Mahindra typed into enter the make
17:42:24.869 [main] INFO  com.demo.baseutil.Basetest - Validate Click on Model is clickable
17:42:27.286 [main] INFO  com.demo.baseutil.Basetest - Clicked on : Click on Model
17:42:27.286 [main] INFO  com.demo.baseutil.Basetest - Enter the value into enter the model
17:42:27.597 [main] INFO  com.demo.baseutil.Basetest - XUV typed into enter the model
17:42:27.600 [main] INFO  com.demo.baseutil.Basetest - Validate Click on Model is clickable
17:42:29.971 [main] INFO  com.demo.baseutil.Basetest - Clicked on : Click on Model
17:42:29.973 [main] INFO  com.demo.baseutil.Basetest - Enter the value into enter the model
17:42:30.430 [main] INFO  com.demo.baseutil.Basetest - XUV typed into enter the model
17:42:30.430 [main] INFO  com.demo.baseutil.Basetest - Validate Click on Vehicle Number is clickable
17:42:32.952 [main] INFO  com.demo.baseutil.Basetest - Clicked on : Click on Vehicle Number
17:42:32.952 [main] INFO  com.demo.baseutil.Basetest - Enter the value into Enter the engine number
17:42:33.400 [main] INFO  com.demo.baseutil.Basetest - javhdJds typed into Enter the engine number
17:42:33.409 [main] INFO  com.demo.baseutil.Basetest - Validate Click on Class-GVWR is clickable
17:42:36.076 [main] INFO  com.demo.baseutil.Basetest - Clicked on : Click on Class-GVWR
17:42:36.078 [main] INFO  com.demo.baseutil.Basetest - Enter the value into enter the classgvwr
17:42:36.516 [main] INFO  com.demo.baseutil.Basetest - Class I typed into enter the classgvwr
17:42:36.517 [main] INFO  com.demo.baseutil.Basetest - Validate Click on Weight Capacity is clickable
17:42:39.242 [main] INFO  com.demo.baseutil.Basetest - Clicked on : Click on Weight Capacity
17:42:39.245 [main] INFO  com.demo.baseutil.Basetest - Enter the value into enter the weight capacity
17:42:39.622 [main] INFO  com.demo.baseutil.Basetest - 100 typed into enter the weight capacity
17:42:43.721 [main] INFO  com.demo.baseutil.Basetest - Scroll down
17:42:43.766 [main] INFO  com.demo.baseutil.Basetest - Scroll down successful
17:42:43.767 [main] INFO  com.demo.baseutil.Basetest - Validate Click on Add button is clickable
17:42:46.299 [main] INFO  com.demo.baseutil.Basetest - Clicked on : Click on Add button
17:42:47.691 [main] INFO  com.demo.baseutil.Basetest - Browser is closed sucessfuly
17:42:48.808 [main] INFO  com.demo.baseutil.Basetest - Browser is closed sucessfuly
17:43:22.515 [main] INFO  com.demo.baseutil.Basetest - Validate Sign in with FarmtoPlate account is clickable
17:43:25.357 [main] INFO  com.demo.baseutil.Basetest - Clicked on : Sign in with FarmtoPlate account
17:43:25.375 [main] INFO  com.demo.baseutil.Basetest - Url contains farmtoplateapps.io/login
17:43:25.394 [main] INFO  com.demo.baseutil.Basetest - Sign in title matched
17:43:25.394 [main] INFO  com.demo.baseutil.Basetest - UI verified for Sigin page.
17:43:25.394 [main] INFO  com.demo.baseutil.Basetest - Sign in function call
17:43:25.394 [main] INFO  com.demo.baseutil.Basetest - Validate email address field is clicked is clickable
17:43:28.475 [main] INFO  com.demo.baseutil.Basetest - Clicked on : email address field is clicked
17:43:28.475 [main] INFO  com.demo.baseutil.Basetest - Enter the value into Email Id Entered
17:43:29.361 [main] INFO  com.demo.baseutil.Basetest - 139@yopmail.com typed into Email Id Entered
17:43:29.362 [main] INFO  com.demo.baseutil.Basetest - Validate Enter the password is clickable
17:43:31.977 [main] INFO  com.demo.baseutil.Basetest - Clicked on : Enter the password
17:43:31.978 [main] INFO  com.demo.baseutil.Basetest - Enter the value into Password Id Entered
17:43:32.442 [main] INFO  com.demo.baseutil.Basetest - Admin@1234 typed into Password Id Entered
17:43:36.539 [main] INFO  com.demo.baseutil.Basetest - Scroll down
17:43:36.539 [main] INFO  com.demo.baseutil.Basetest - Validate Press the signin button is clickable
17:43:40.955 [main] INFO  com.demo.baseutil.Basetest - Clicked on : Press the signin button
17:43:43.768 [main] INFO  com.demo.baseutil.Basetest - HomePage title  is matched
17:43:53.784 [main] INFO  com.demo.baseutil.Basetest - Validate click on trace is clickable
17:43:56.606 [main] INFO  com.demo.baseutil.Basetest - Clicked on : click on trace
17:44:02.727 [main] INFO  com.demo.baseutil.Basetest - Validate Asset & Infrastructure Data is clicked is clickable
17:44:05.447 [main] INFO  com.demo.baseutil.Basetest - Clicked on : Asset & Infrastructure Data is clicked
17:44:07.463 [main] INFO  com.demo.baseutil.Basetest - Validate Infra is clicked is clickable
17:44:10.071 [main] INFO  com.demo.baseutil.Basetest - Clicked on : Infra is clicked
17:44:12.076 [main] INFO  com.demo.baseutil.Basetest - Validate Add new is clicked is clickable
17:44:14.668 [main] INFO  com.demo.baseutil.Basetest - Clicked on : Add new is clicked
17:44:16.668 [main] INFO  com.demo.baseutil.Basetest - Validate Click on Location Name is clickable
17:44:19.182 [main] INFO  com.demo.baseutil.Basetest - Clicked on : Click on Location Name
17:44:19.182 [main] INFO  com.demo.baseutil.Basetest - Enter the value into enter the location name
17:44:19.551 [main] INFO  com.demo.baseutil.Basetest - Warehouse B typed into enter the location name
17:44:19.551 [main] INFO  com.demo.baseutil.Basetest - Validate Asset type is clicked is clickable
17:44:22.183 [main] INFO  com.demo.baseutil.Basetest - Clicked on : Asset type is clicked
17:44:22.183 [main] INFO  com.demo.baseutil.Basetest - Validate vehicle is selected is clickable
17:44:24.669 [main] INFO  com.demo.baseutil.Basetest - Clicked on : vehicle is selected
17:44:24.669 [main] INFO  com.demo.baseutil.Basetest - Validate Click on GLN is clickable
17:44:27.198 [main] INFO  com.demo.baseutil.Basetest - Clicked on : Click on GLN
17:44:27.198 [main] INFO  com.demo.baseutil.Basetest - Enter the value into enter the GLN
17:44:27.806 [main] INFO  com.demo.baseutil.Basetest - 9778894099743 typed into enter the GLN
17:44:27.806 [main] INFO  com.demo.baseutil.Basetest - Validate Click on address is clickable
17:44:30.366 [main] INFO  com.demo.baseutil.Basetest - Clicked on : Click on address
17:44:30.366 [main] INFO  com.demo.baseutil.Basetest - Enter the value into enter the  address
17:44:30.919 [main] INFO  com.demo.baseutil.Basetest - Bangalore Palace, Palace Cross Road, Vasanth Nagar, Bengaluru, Karnataka, India typed into enter the  address
17:44:30.919 [main] INFO  com.demo.baseutil.Basetest - Validate Click on state is clickable
17:44:33.482 [main] INFO  com.demo.baseutil.Basetest - Clicked on : Click on state
17:44:33.482 [main] INFO  com.demo.baseutil.Basetest - Enter the value into Enetered the state
17:44:33.809 [main] INFO  com.demo.baseutil.Basetest - KA typed into Enetered the state
17:44:33.809 [main] INFO  com.demo.baseutil.Basetest - Validate Click on city is clickable
17:44:36.248 [main] INFO  com.demo.baseutil.Basetest - Clicked on : Click on city
17:44:36.248 [main] INFO  com.demo.baseutil.Basetest - Enter the value into Enetered the city
17:44:36.674 [main] INFO  com.demo.baseutil.Basetest - Bengaluru typed into Enetered the city
17:44:36.676 [main] INFO  com.demo.baseutil.Basetest - Validate Click on country is clickable
17:44:39.198 [main] INFO  com.demo.baseutil.Basetest - Clicked on : Click on country
17:44:39.198 [main] INFO  com.demo.baseutil.Basetest - Enter the value into Enetered the city
17:44:39.608 [main] INFO  com.demo.baseutil.Basetest - India typed into Enetered the city
17:44:39.608 [main] INFO  com.demo.baseutil.Basetest - Validate Click on zip is clickable
17:44:42.066 [main] INFO  com.demo.baseutil.Basetest - Clicked on : Click on zip
17:44:42.066 [main] INFO  com.demo.baseutil.Basetest - Enter the value into Enetred the Zip
17:44:42.462 [main] INFO  com.demo.baseutil.Basetest - 560052 typed into Enetred the Zip
17:44:46.551 [main] INFO  com.demo.baseutil.Basetest - Scroll down
17:44:46.551 [main] INFO  com.demo.baseutil.Basetest - Validate Click on Add button is clickable
17:44:49.084 [main] INFO  com.demo.baseutil.Basetest - Clicked on : Click on Add button
17:44:50.585 [main] INFO  com.demo.baseutil.Basetest - Browser is closed sucessfuly
17:44:54.265 [main] INFO  com.demo.baseutil.Basetest - Browser is closed sucessfuly
17:45:06.097 [main] INFO  com.demo.baseutil.Basetest - Validate Sign in with FarmtoPlate account is clickable
17:45:08.642 [main] INFO  com.demo.baseutil.Basetest - Clicked on : Sign in with FarmtoPlate account
17:45:08.664 [main] INFO  com.demo.baseutil.Basetest - Url contains farmtoplateapps.io/login
17:45:08.680 [main] INFO  com.demo.baseutil.Basetest - Sign in title matched
17:45:08.680 [main] INFO  com.demo.baseutil.Basetest - UI verified for Sigin page.
17:45:08.681 [main] INFO  com.demo.baseutil.Basetest - Sign in function call
17:45:08.681 [main] INFO  com.demo.baseutil.Basetest - Validate email address field is clicked is clickable
17:45:11.444 [main] INFO  com.demo.baseutil.Basetest - Clicked on : email address field is clicked
17:45:11.445 [main] INFO  com.demo.baseutil.Basetest - Enter the value into Email Id Entered
17:45:11.933 [main] INFO  com.demo.baseutil.Basetest - 139@yopmail.com typed into Email Id Entered
17:45:11.933 [main] INFO  com.demo.baseutil.Basetest - Validate Enter the password is clickable
17:45:14.336 [main] INFO  com.demo.baseutil.Basetest - Clicked on : Enter the password
17:45:14.336 [main] INFO  com.demo.baseutil.Basetest - Enter the value into Password Id Entered
17:45:18.155 [main] INFO  com.demo.baseutil.Basetest - Admin@1234 typed into Password Id Entered
17:45:22.232 [main] INFO  com.demo.baseutil.Basetest - Scroll down
17:45:22.233 [main] INFO  com.demo.baseutil.Basetest - Validate Press the signin button is clickable
17:45:26.322 [main] INFO  com.demo.baseutil.Basetest - Clicked on : Press the signin button
17:45:28.336 [main] INFO  com.demo.baseutil.Basetest - HomePage title  is matched
17:45:38.348 [main] INFO  com.demo.baseutil.Basetest - Validate click on trace is clickable
17:46:19.891 [main] ERROR com.demo.baseutil.Basetest - click on trace is not clickable
17:46:19.891 [main] ERROR com.demo.baseutil.Basetest - Unable to click on click on trace
17:47:01.844 [main] INFO  com.demo.baseutil.Basetest - Browser is closed sucessfuly
17:47:02.901 [main] INFO  com.demo.baseutil.Basetest - Browser is closed sucessfuly
17:47:47.873 [main] INFO  com.demo.baseutil.Basetest - Validate Sign in with FarmtoPlate account is clickable
17:47:50.233 [main] INFO  com.demo.baseutil.Basetest - Clicked on : Sign in with FarmtoPlate account
17:47:50.248 [main] INFO  com.demo.baseutil.Basetest - Url contains farmtoplateapps.io/login
17:47:50.255 [main] INFO  com.demo.baseutil.Basetest - Sign in title matched
17:47:50.255 [main] INFO  com.demo.baseutil.Basetest - UI verified for Sigin page.
17:47:50.256 [main] INFO  com.demo.baseutil.Basetest - Sign in function call
17:47:50.256 [main] INFO  com.demo.baseutil.Basetest - Validate email address field is clicked is clickable
17:47:53.209 [main] INFO  com.demo.baseutil.Basetest - Clicked on : email address field is clicked
17:47:53.210 [main] INFO  com.demo.baseutil.Basetest - Enter the value into Email Id Entered
17:47:53.725 [main] INFO  com.demo.baseutil.Basetest - 139@yopmail.com typed into Email Id Entered
17:47:53.727 [main] INFO  com.demo.baseutil.Basetest - Validate Enter the password is clickable
17:47:56.073 [main] INFO  com.demo.baseutil.Basetest - Clicked on : Enter the password
17:47:56.073 [main] INFO  com.demo.baseutil.Basetest - Enter the value into Password Id Entered
17:47:56.618 [main] INFO  com.demo.baseutil.Basetest - Admin@1234 typed into Password Id Entered
17:48:00.726 [main] INFO  com.demo.baseutil.Basetest - Scroll down
17:48:00.726 [main] INFO  com.demo.baseutil.Basetest - Validate Press the signin button is clickable
17:48:04.079 [main] INFO  com.demo.baseutil.Basetest - Clicked on : Press the signin button
17:48:06.406 [main] INFO  com.demo.baseutil.Basetest - HomePage title  is matched
17:48:16.440 [main] INFO  com.demo.baseutil.Basetest - Validate click on trace is clickable
17:48:18.994 [main] INFO  com.demo.baseutil.Basetest - Clicked on : click on trace
17:48:25.091 [main] INFO  com.demo.baseutil.Basetest - Validate User Management is clicked is clickable
17:48:27.613 [main] INFO  com.demo.baseutil.Basetest - Clicked on : User Management is clicked
17:48:29.619 [main] INFO  com.demo.baseutil.Basetest - Validate users is clicked is clickable
17:48:32.292 [main] INFO  com.demo.baseutil.Basetest - Clicked on : users is clicked
17:48:34.303 [main] INFO  com.demo.baseutil.Basetest - Validate Add new is clicked is clickable
17:48:36.839 [main] INFO  com.demo.baseutil.Basetest - Clicked on : Add new is clicked
17:48:38.844 [main] INFO  com.demo.baseutil.Basetest - Validate first name is clicked is clickable
17:48:41.358 [main] INFO  com.demo.baseutil.Basetest - Clicked on : first name is clicked
17:48:43.365 [main] INFO  com.demo.baseutil.Basetest - Enter the value into first name is entered
17:48:43.724 [main] INFO  com.demo.baseutil.Basetest - abc typed into first name is entered
17:48:45.742 [main] INFO  com.demo.baseutil.Basetest - Validate last name is clicked is clickable
17:48:48.160 [main] INFO  com.demo.baseutil.Basetest - Clicked on : last name is clicked
17:48:50.168 [main] INFO  com.demo.baseutil.Basetest - Enter the value into lastname name is entered
17:48:50.665 [main] INFO  com.demo.baseutil.Basetest - abc typed into lastname name is entered
17:48:52.674 [main] INFO  com.demo.baseutil.Basetest - Validate modulename is clicked is clickable
17:48:55.214 [main] INFO  com.demo.baseutil.Basetest - Clicked on : modulename is clicked
17:48:57.217 [main] INFO  com.demo.baseutil.Basetest - Validate module name is clicked is clickable
17:48:59.641 [main] INFO  com.demo.baseutil.Basetest - Clicked on : module name is clicked
17:49:01.653 [main] INFO  com.demo.baseutil.Basetest - Validate assignrole is clicked is clickable
17:49:04.268 [main] INFO  com.demo.baseutil.Basetest - Clicked on : assignrole is clicked
17:49:06.283 [main] INFO  com.demo.baseutil.Basetest - Validate assignitem is clicked is clickable
17:49:08.746 [main] INFO  com.demo.baseutil.Basetest - Clicked on : assignitem is clicked
17:49:10.758 [main] INFO  com.demo.baseutil.Basetest - Validate emailuser is clicked is clickable
17:49:13.344 [main] INFO  com.demo.baseutil.Basetest - Clicked on : emailuser is clicked
17:49:15.351 [main] INFO  com.demo.baseutil.Basetest - Enter the value into eamil is entered
17:49:15.954 [main] INFO  com.demo.baseutil.Basetest - abc221@yopmail.com typed into eamil is entered
17:49:17.961 [main] INFO  com.demo.baseutil.Basetest - Validate countrycode is clicked is clickable
17:49:20.451 [main] INFO  com.demo.baseutil.Basetest - Clicked on : countrycode is clicked
17:49:22.465 [main] INFO  com.demo.baseutil.Basetest - Enter the value into countrycode is entered
17:49:22.987 [main] INFO  com.demo.baseutil.Basetest - +91 typed into countrycode is entered
17:49:27.002 [main] INFO  com.demo.baseutil.Basetest - Validate countrycode select is clicked is clickable
17:49:29.365 [main] INFO  com.demo.baseutil.Basetest - Clicked on : countrycode select is clicked
17:49:31.398 [main] INFO  com.demo.baseutil.Basetest - Validate phnumber is clicked is clickable
17:49:33.925 [main] INFO  com.demo.baseutil.Basetest - Clicked on : phnumber is clicked
17:49:35.933 [main] INFO  com.demo.baseutil.Basetest - Enter the value into phnumber is entered
17:49:36.672 [main] INFO  com.demo.baseutil.Basetest - 0710147503 typed into phnumber is entered
17:49:40.683 [main] INFO  com.demo.baseutil.Basetest - Validate send invite user  is clicked is clickable
17:49:43.364 [main] INFO  com.demo.baseutil.Basetest - Clicked on : send invite user  is clicked
17:49:47.675 [main] INFO  com.demo.baseutil.Basetest - Validate Email address input field is clicked is clickable
17:49:56.382 [main] INFO  com.demo.baseutil.Basetest - Clicked on : Email address input field is clicked
17:49:56.383 [main] INFO  com.demo.baseutil.Basetest - Enter the value into email address is entered
17:49:56.881 [main] INFO  com.demo.baseutil.Basetest - abc221@yopmail.com typed into email address is entered
17:49:56.882 [main] INFO  com.demo.baseutil.Basetest - Validate arrow button is clicked is clickable
17:49:59.716 [main] INFO  com.demo.baseutil.Basetest - Clicked on : arrow button is clicked
17:50:02.835 [main] INFO  com.demo.baseutil.Basetest - Validate first email is clicked is clickable
17:50:05.549 [main] INFO  com.demo.baseutil.Basetest - Clicked on : first email is clicked
17:50:07.723 [main] INFO  com.demo.baseutil.Basetest - Validate email address is clicked is clickable
17:50:10.513 [main] INFO  com.demo.baseutil.Basetest - Clicked on : email address is clicked
17:50:18.099 [main] INFO  com.demo.baseutil.Basetest - Validate pass is clicked is clickable
17:50:21.312 [main] INFO  com.demo.baseutil.Basetest - Clicked on : pass is clicked
17:50:21.314 [main] INFO  com.demo.baseutil.Basetest - Enter the value into Password is entered
17:50:22.049 [main] INFO  com.demo.baseutil.Basetest - Admin@1234 typed into Password is entered
17:50:22.049 [main] INFO  com.demo.baseutil.Basetest - Validate confirm password is clicked is clickable
17:50:24.759 [main] INFO  com.demo.baseutil.Basetest - Clicked on : confirm password is clicked
17:50:24.759 [main] INFO  com.demo.baseutil.Basetest - Enter the value into Confirm Password is entered
17:50:25.100 [main] INFO  com.demo.baseutil.Basetest - Admin@1234 typed into Confirm Password is entered
17:50:27.232 [main] INFO  com.demo.baseutil.Basetest - Scroll down successful
17:50:27.234 [main] INFO  com.demo.baseutil.Basetest - Validate button is clicked is clickable
17:50:29.734 [main] INFO  com.demo.baseutil.Basetest - Clicked on : button is clicked
17:50:31.747 [main] INFO  com.demo.baseutil.Basetest - Validate email address field is clicked is clickable
17:50:35.756 [main] INFO  com.demo.baseutil.Basetest - Clicked on : email address field is clicked
17:50:35.758 [main] INFO  com.demo.baseutil.Basetest - Enter the value into Email Id Entered
17:50:36.316 [main] INFO  com.demo.baseutil.Basetest - abc221@yopmail.com typed into Email Id Entered
17:50:36.316 [main] INFO  com.demo.baseutil.Basetest - Validate Enter the password is clickable
17:50:38.643 [main] INFO  com.demo.baseutil.Basetest - Clicked on : Enter the password
17:50:38.643 [main] INFO  com.demo.baseutil.Basetest - Enter the value into Password Id Entered
17:50:38.935 [main] INFO  com.demo.baseutil.Basetest - Admin@1234 typed into Password Id Entered
17:50:38.952 [main] INFO  com.demo.baseutil.Basetest - Scroll down successful
17:50:38.953 [main] INFO  com.demo.baseutil.Basetest - Validate Press the signin button is clickable
17:50:42.213 [main] INFO  com.demo.baseutil.Basetest - Clicked on : Press the signin button
17:50:45.258 [main] INFO  com.demo.baseutil.Basetest - Scroll down successful
17:50:46.270 [main] INFO  com.demo.baseutil.Basetest - Validate Press the button is clickable
17:50:48.969 [main] INFO  com.demo.baseutil.Basetest - Clicked on : Press the button
17:50:49.002 [main] INFO  com.demo.baseutil.Basetest - Scroll down successful
17:50:49.002 [main] INFO  com.demo.baseutil.Basetest - Validate Press the signin button is clickable
17:50:51.501 [main] INFO  com.demo.baseutil.Basetest - Clicked on : Press the signin button
17:50:53.519 [main] INFO  com.demo.baseutil.Basetest - Validate Press the button is clickable
17:50:56.023 [main] INFO  com.demo.baseutil.Basetest - Clicked on : Press the button
17:50:56.277 [main] INFO  com.demo.baseutil.Basetest - Browser is closed sucessfuly
17:50:57.554 [main] INFO  com.demo.baseutil.Basetest - Browser is closed sucessfuly
17:51:16.526 [main] INFO  com.demo.baseutil.Basetest - Validate Sign in with FarmtoPlate account is clickable
17:51:18.773 [main] INFO  com.demo.baseutil.Basetest - Clicked on : Sign in with FarmtoPlate account
17:51:18.798 [main] INFO  com.demo.baseutil.Basetest - Url contains farmtoplateapps.io/login
17:51:18.819 [main] INFO  com.demo.baseutil.Basetest - Sign in title matched
17:51:18.820 [main] INFO  com.demo.baseutil.Basetest - UI verified for Sigin page.
17:51:18.820 [main] INFO  com.demo.baseutil.Basetest - Sign in function call
17:51:18.820 [main] INFO  com.demo.baseutil.Basetest - Validate email address field is clicked is clickable
17:51:21.149 [main] INFO  com.demo.baseutil.Basetest - Clicked on : email address field is clicked
17:51:21.150 [main] INFO  com.demo.baseutil.Basetest - Enter the value into Email Id Entered
17:51:21.612 [main] INFO  com.demo.baseutil.Basetest - 139@yopmail.com typed into Email Id Entered
17:51:21.612 [main] INFO  com.demo.baseutil.Basetest - Validate Enter the password is clickable
17:51:23.941 [main] INFO  com.demo.baseutil.Basetest - Clicked on : Enter the password
17:51:23.942 [main] INFO  com.demo.baseutil.Basetest - Enter the value into Password Id Entered
17:51:24.488 [main] INFO  com.demo.baseutil.Basetest - Admin@1234 typed into Password Id Entered
17:51:28.777 [main] INFO  com.demo.baseutil.Basetest - Scroll down
17:51:28.778 [main] INFO  com.demo.baseutil.Basetest - Validate Press the signin button is clickable
17:51:33.031 [main] INFO  com.demo.baseutil.Basetest - Clicked on : Press the signin button
17:51:35.983 [main] INFO  com.demo.baseutil.Basetest - HomePage title  is matched
17:51:45.990 [main] INFO  com.demo.baseutil.Basetest - Validate click on trace is clickable
17:51:48.513 [main] INFO  com.demo.baseutil.Basetest - Clicked on : click on trace
17:51:54.606 [main] INFO  com.demo.baseutil.Basetest - Validate User Management is clicked is clickable
17:51:57.041 [main] INFO  com.demo.baseutil.Basetest - Clicked on : User Management is clicked
17:51:59.042 [main] INFO  com.demo.baseutil.Basetest - Validate roles is clicked is clickable
17:52:01.695 [main] INFO  com.demo.baseutil.Basetest - Clicked on : roles is clicked
17:52:03.704 [main] INFO  com.demo.baseutil.Basetest - Validate Add new is clicked is clickable
17:52:06.260 [main] INFO  com.demo.baseutil.Basetest - Clicked on : Add new is clicked
17:52:11.271 [main] INFO  com.demo.baseutil.Basetest - Validate role name is clicked is clickable
17:52:13.887 [main] INFO  com.demo.baseutil.Basetest - Clicked on : role name is clicked
17:52:15.895 [main] INFO  com.demo.baseutil.Basetest - Enter the value into rolename is entered
17:52:16.378 [main] INFO  com.demo.baseutil.Basetest - rolename388 typed into rolename is entered
17:52:18.390 [main] INFO  com.demo.baseutil.Basetest - Validate roletype is clicked is clickable
17:52:20.915 [main] INFO  com.demo.baseutil.Basetest - Clicked on : roletype is clicked
17:52:22.917 [main] INFO  com.demo.baseutil.Basetest - Validate Admin is clicked is clickable
17:52:25.428 [main] INFO  com.demo.baseutil.Basetest - Clicked on : Admin is clicked
17:52:27.448 [main] INFO  com.demo.baseutil.Basetest - Scroll down successful
17:52:29.466 [main] INFO  com.demo.baseutil.Basetest - Validate modulename is clicked is clickable
17:52:32.043 [main] INFO  com.demo.baseutil.Basetest - Clicked on : modulename is clicked
17:52:34.045 [main] INFO  com.demo.baseutil.Basetest - Validate module name is clicked is clickable
17:52:36.553 [main] INFO  com.demo.baseutil.Basetest - Clicked on : module name is clicked
17:52:38.568 [main] INFO  com.demo.baseutil.Basetest - Validate orgdept is clicked is clickable
17:52:41.053 [main] INFO  com.demo.baseutil.Basetest - Clicked on : orgdept is clicked
17:52:43.062 [main] INFO  com.demo.baseutil.Basetest - Validate orgdeptselect is clicked is clickable
17:52:45.492 [main] INFO  com.demo.baseutil.Basetest - Clicked on : orgdeptselect is clicked
17:52:47.495 [main] INFO  com.demo.baseutil.Basetest - Validate nxtbutton is clicked is clickable
17:52:50.094 [main] INFO  com.demo.baseutil.Basetest - Clicked on : nxtbutton is clicked
17:52:58.100 [main] INFO  com.demo.baseutil.Basetest - Scroll till the nxtbutton1 scrolled
17:52:58.240 [main] INFO  com.demo.baseutil.Basetest - Scroll till the nxtbutton1 scrolled completed
17:53:00.255 [main] INFO  com.demo.baseutil.Basetest - Validate nxtbutton1 is clicked is clickable
17:53:03.156 [main] INFO  com.demo.baseutil.Basetest - Clicked on : nxtbutton1 is clicked
17:53:21.613 [main] INFO  com.demo.baseutil.Basetest - Validate update1 select is clicked is clickable
17:53:24.087 [main] INFO  com.demo.baseutil.Basetest - Clicked on : update1 select is clicked
17:53:26.094 [main] INFO  com.demo.baseutil.Basetest - Validate update2 is clicked is clickable
17:53:28.737 [main] INFO  com.demo.baseutil.Basetest - Clicked on : update2 is clicked
17:53:32.740 [main] INFO  com.demo.baseutil.Basetest - Validate alert1  is clicked is clickable
17:53:35.272 [main] INFO  com.demo.baseutil.Basetest - Clicked on : alert1  is clicked
17:53:37.274 [main] INFO  com.demo.baseutil.Basetest - Validate alert2  is clicked is clickable
17:53:39.855 [main] INFO  com.demo.baseutil.Basetest - Clicked on : alert2  is clicked
17:53:43.862 [main] INFO  com.demo.baseutil.Basetest - Scroll till the submitbtn scrolled
17:53:44.022 [main] INFO  com.demo.baseutil.Basetest - Scroll till the submitbtn scrolled completed
17:53:46.031 [main] INFO  com.demo.baseutil.Basetest - Validate submitbtn is clicked is clickable
17:53:48.640 [main] INFO  com.demo.baseutil.Basetest - Clicked on : submitbtn is clicked
17:53:54.029 [main] INFO  com.demo.baseutil.Basetest - Browser is closed sucessfuly
17:53:55.192 [main] INFO  com.demo.baseutil.Basetest - Browser is closed sucessfuly
17:54:06.716 [main] INFO  com.demo.baseutil.Basetest - Validate Sign in with FarmtoPlate account is clickable
17:54:09.178 [main] INFO  com.demo.baseutil.Basetest - Clicked on : Sign in with FarmtoPlate account
17:54:09.201 [main] INFO  com.demo.baseutil.Basetest - Url contains farmtoplateapps.io/login
17:54:09.223 [main] INFO  com.demo.baseutil.Basetest - Sign in title matched
17:54:09.223 [main] INFO  com.demo.baseutil.Basetest - UI verified for Sigin page.
17:54:09.223 [main] INFO  com.demo.baseutil.Basetest - Sign in function call
17:54:09.224 [main] INFO  com.demo.baseutil.Basetest - Validate email address field is clicked is clickable
17:54:11.943 [main] INFO  com.demo.baseutil.Basetest - Clicked on : email address field is clicked
17:54:11.944 [main] INFO  com.demo.baseutil.Basetest - Enter the value into Email Id Entered
17:54:12.372 [main] INFO  com.demo.baseutil.Basetest - 139@yopmail.com typed into Email Id Entered
17:54:12.373 [main] INFO  com.demo.baseutil.Basetest - Validate Enter the password is clickable
17:54:14.782 [main] INFO  com.demo.baseutil.Basetest - Clicked on : Enter the password
17:54:14.782 [main] INFO  com.demo.baseutil.Basetest - Enter the value into Password Id Entered
17:54:15.236 [main] INFO  com.demo.baseutil.Basetest - Admin@1234 typed into Password Id Entered
17:54:21.092 [main] INFO  com.demo.baseutil.Basetest - Scroll down
17:54:21.092 [main] INFO  com.demo.baseutil.Basetest - Validate Press the signin button is clickable
17:54:24.744 [main] INFO  com.demo.baseutil.Basetest - Clicked on : Press the signin button
17:54:26.820 [main] INFO  com.demo.baseutil.Basetest - HomePage title  is matched
17:54:36.840 [main] INFO  com.demo.baseutil.Basetest - Validate click on trace is clickable
17:54:39.352 [main] INFO  com.demo.baseutil.Basetest - Clicked on : click on trace
17:54:47.494 [main] INFO  com.demo.baseutil.Basetest - Scroll down
17:54:49.525 [main] INFO  com.demo.baseutil.Basetest - Validate Products is clicked is clickable
17:54:52.011 [main] INFO  com.demo.baseutil.Basetest - Clicked on : Products is clicked
17:54:57.032 [main] INFO  com.demo.baseutil.Basetest - Validate Add new is clicked is clickable
17:54:59.359 [main] INFO  com.demo.baseutil.Basetest - Clicked on : Add new is clicked
17:55:01.374 [main] INFO  com.demo.baseutil.Basetest - Validate Click on productcategory is clickable
17:55:03.918 [main] INFO  com.demo.baseutil.Basetest - Clicked on : Click on productcategory
17:55:03.918 [main] INFO  com.demo.baseutil.Basetest - Validate productbasedfood is clicked is clickable
17:55:06.371 [main] INFO  com.demo.baseutil.Basetest - Clicked on : productbasedfood is clicked
17:55:06.371 [main] INFO  com.demo.baseutil.Basetest - Validate product name is selected is clickable
17:55:08.901 [main] INFO  com.demo.baseutil.Basetest - Clicked on : product name is selected
17:55:08.901 [main] INFO  com.demo.baseutil.Basetest - Enter the value into enter the product
17:55:09.504 [main] INFO  com.demo.baseutil.Basetest - wheat117901753327564493 typed into enter the product
17:55:09.505 [main] INFO  com.demo.baseutil.Basetest - Validate Click on productid is clickable
17:55:12.016 [main] INFO  com.demo.baseutil.Basetest - Clicked on : Click on productid
17:55:12.016 [main] INFO  com.demo.baseutil.Basetest - Validate Click on checkbox is clickable
17:55:14.478 [main] INFO  com.demo.baseutil.Basetest - Clicked on : Click on checkbox
17:55:14.478 [main] INFO  com.demo.baseutil.Basetest - Validate Click on autogenerate is clickable
17:55:16.886 [main] INFO  com.demo.baseutil.Basetest - Clicked on : Click on autogenerate
17:55:16.886 [main] INFO  com.demo.baseutil.Basetest - Validate Click on productdesc is clickable
17:55:19.250 [main] INFO  com.demo.baseutil.Basetest - Clicked on : Click on productdesc
17:55:19.250 [main] INFO  com.demo.baseutil.Basetest - Enter the value into Enetered the product desc
17:55:19.880 [main] INFO  com.demo.baseutil.Basetest - test typed into Enetered the product desc
17:55:19.883 [main] INFO  com.demo.baseutil.Basetest - Validate Click on upload is clickable
17:55:22.346 [main] INFO  com.demo.baseutil.Basetest - Clicked on : Click on upload
17:55:33.895 [main] INFO  com.demo.baseutil.Basetest - Scroll down
17:55:33.895 [main] INFO  com.demo.baseutil.Basetest - Validate Click on ingrediant name is clickable
17:55:36.564 [main] INFO  com.demo.baseutil.Basetest - Clicked on : Click on ingrediant name
17:55:36.564 [main] INFO  com.demo.baseutil.Basetest - Enter the value into ingredient name is entered
17:55:36.928 [main] INFO  com.demo.baseutil.Basetest - wheat typed into ingredient name is entered
17:55:39.959 [main] INFO  com.demo.baseutil.Basetest - Validate Click on ingrediant name is clickable
17:55:42.501 [main] INFO  com.demo.baseutil.Basetest - Clicked on : Click on ingrediant name
17:55:42.501 [main] INFO  com.demo.baseutil.Basetest - Enter the value into nutri name is entered
17:55:42.842 [main] INFO  com.demo.baseutil.Basetest - fact typed into nutri name is entered
17:55:42.842 [main] INFO  com.demo.baseutil.Basetest - Validate Click on ingrediant QTY is clickable
17:55:45.500 [main] INFO  com.demo.baseutil.Basetest - Clicked on : Click on ingrediant QTY
17:55:45.500 [main] INFO  com.demo.baseutil.Basetest - Enter the value into nutri qty is entered
17:55:45.819 [main] INFO  com.demo.baseutil.Basetest - 1 typed into nutri qty is entered
17:55:45.823 [main] INFO  com.demo.baseutil.Basetest - Validate Click on ingrediant drop is clickable
17:55:48.304 [main] INFO  com.demo.baseutil.Basetest - Clicked on : Click on ingrediant drop
17:55:50.314 [main] INFO  com.demo.baseutil.Basetest - Validate Click on ingrediant value is clickable
17:55:52.803 [main] INFO  com.demo.baseutil.Basetest - Clicked on : Click on ingrediant value
17:55:58.897 [main] INFO  com.demo.baseutil.Basetest - Scroll down
17:56:00.931 [main] INFO  com.demo.baseutil.Basetest - Scroll down successful
17:56:00.931 [main] INFO  com.demo.baseutil.Basetest - Validate Click on ingrediant name is clickable
17:56:03.445 [main] INFO  com.demo.baseutil.Basetest - Clicked on : Click on ingrediant name
17:56:03.445 [main] INFO  com.demo.baseutil.Basetest - Validate Click on ingrediant name is clickable
17:56:05.924 [main] INFO  com.demo.baseutil.Basetest - Clicked on : Click on ingrediant name
17:56:05.924 [main] INFO  com.demo.baseutil.Basetest - Validate Click on ingrediant name is clickable
17:56:08.419 [main] INFO  com.demo.baseutil.Basetest - Clicked on : Click on ingrediant name
17:56:08.419 [main] INFO  com.demo.baseutil.Basetest - Enter the value into price is entered
17:56:08.842 [main] INFO  com.demo.baseutil.Basetest - 1 typed into price is entered
17:56:08.842 [main] INFO  com.demo.baseutil.Basetest - Validate Click on currency is clickable
17:56:11.333 [main] INFO  com.demo.baseutil.Basetest - Clicked on : Click on currency
17:56:11.334 [main] INFO  com.demo.baseutil.Basetest - Validate Click on currency value is clickable
17:56:13.950 [main] INFO  com.demo.baseutil.Basetest - Clicked on : Click on currency value
17:56:13.950 [main] INFO  com.demo.baseutil.Basetest - Validate Click on typepacking value is clickable
17:56:16.454 [main] INFO  com.demo.baseutil.Basetest - Clicked on : Click on typepacking value
17:56:16.454 [main] INFO  com.demo.baseutil.Basetest - Enter the value into typepacking is entered
17:56:16.933 [main] INFO  com.demo.baseutil.Basetest - 1 typed into typepacking is entered
17:56:16.933 [main] INFO  com.demo.baseutil.Basetest - Validate Click on length value is clickable
17:56:19.468 [main] INFO  com.demo.baseutil.Basetest - Clicked on : Click on length value
17:56:19.468 [main] INFO  com.demo.baseutil.Basetest - Enter the value into length is entered
17:56:19.762 [main] INFO  com.demo.baseutil.Basetest - 1 typed into length is entered
17:56:19.762 [main] INFO  com.demo.baseutil.Basetest - Validate Click on breath value is clickable
17:56:22.100 [main] INFO  com.demo.baseutil.Basetest - Clicked on : Click on breath value
17:56:22.100 [main] INFO  com.demo.baseutil.Basetest - Enter the value into breath is entered
17:56:22.523 [main] INFO  com.demo.baseutil.Basetest - 1 typed into breath is entered
17:56:22.523 [main] INFO  com.demo.baseutil.Basetest - Validate Click on height value is clickable
17:56:25.049 [main] INFO  com.demo.baseutil.Basetest - Clicked on : Click on height value
17:56:25.049 [main] INFO  com.demo.baseutil.Basetest - Enter the value into height is entered
17:56:25.345 [main] INFO  com.demo.baseutil.Basetest - 1 typed into height is entered
17:56:27.380 [main] INFO  com.demo.baseutil.Basetest - Scroll down successful
17:56:27.380 [main] INFO  com.demo.baseutil.Basetest - Validate Click on checkbox1 is clickable
17:56:29.892 [main] INFO  com.demo.baseutil.Basetest - Clicked on : Click on checkbox1
17:56:38.979 [main] INFO  com.demo.baseutil.Basetest - Scroll down
17:56:38.979 [main] INFO  com.demo.baseutil.Basetest - Validate Click on gln1 is clickable
17:56:41.431 [main] INFO  com.demo.baseutil.Basetest - Clicked on : Click on gln1
17:56:41.431 [main] INFO  com.demo.baseutil.Basetest - Enter the value into gln1 is entered
17:56:41.859 [main] INFO  com.demo.baseutil.Basetest - warehouse typed into gln1 is entered
17:56:45.873 [main] INFO  com.demo.baseutil.Basetest - Validate Click on autosearch is clickable
17:56:48.524 [main] INFO  com.demo.baseutil.Basetest - Clicked on : Click on autosearch
17:56:50.531 [main] INFO  com.demo.baseutil.Basetest - Validate Click on gln2 is clickable
17:56:52.937 [main] INFO  com.demo.baseutil.Basetest - Clicked on : Click on gln2
17:56:52.937 [main] INFO  com.demo.baseutil.Basetest - Enter the value into gln2 is entered
17:56:53.330 [main] INFO  com.demo.baseutil.Basetest - warehouse typed into gln2 is entered
17:56:57.341 [main] INFO  com.demo.baseutil.Basetest - Validate Click on autosearch is clickable
17:56:59.838 [main] INFO  com.demo.baseutil.Basetest - Clicked on : Click on autosearch
17:57:04.848 [main] INFO  com.demo.baseutil.Basetest - Validate Click on gln3 is clickable
17:57:07.282 [main] INFO  com.demo.baseutil.Basetest - Clicked on : Click on gln3
17:57:07.282 [main] INFO  com.demo.baseutil.Basetest - Enter the value into gln3 is entered
17:57:07.757 [main] INFO  com.demo.baseutil.Basetest - warehouse typed into gln3 is entered
17:57:09.767 [main] INFO  com.demo.baseutil.Basetest - Scroll till the scrolldown to table:
17:57:09.900 [main] INFO  com.demo.baseutil.Basetest - Scroll till the scrolldown to table: completed
17:57:11.913 [main] INFO  com.demo.baseutil.Basetest - Validate Click on autosearch is clickable
17:57:14.429 [main] INFO  com.demo.baseutil.Basetest - Clicked on : Click on autosearch
17:57:20.508 [main] INFO  com.demo.baseutil.Basetest - Scroll down
17:57:22.513 [main] INFO  com.demo.baseutil.Basetest - Validate Click on registerproduct is clickable
17:57:25.003 [main] INFO  com.demo.baseutil.Basetest - Clicked on : Click on registerproduct
17:57:49.219 [main] INFO  com.demo.baseutil.Basetest - Browser is closed sucessfuly
17:57:51.369 [main] INFO  com.demo.baseutil.Basetest - Browser is closed sucessfuly
17:58:07.005 [main] INFO  com.demo.baseutil.Basetest - Validate Sign in with FarmtoPlate account is clickable
17:58:09.530 [main] INFO  com.demo.baseutil.Basetest - Clicked on : Sign in with FarmtoPlate account
17:58:09.542 [main] INFO  com.demo.baseutil.Basetest - Url contains farmtoplateapps.io/login
17:58:09.553 [main] INFO  com.demo.baseutil.Basetest - Sign in title matched
17:58:09.553 [main] INFO  com.demo.baseutil.Basetest - UI verified for Sigin page.
17:58:09.554 [main] INFO  com.demo.baseutil.Basetest - Sign in function call
17:58:09.555 [main] INFO  com.demo.baseutil.Basetest - Validate email address field is clicked is clickable
17:58:12.239 [main] INFO  com.demo.baseutil.Basetest - Clicked on : email address field is clicked
17:58:12.240 [main] INFO  com.demo.baseutil.Basetest - Enter the value into Email Id Entered
17:58:12.650 [main] INFO  com.demo.baseutil.Basetest - 139@yopmail.com typed into Email Id Entered
17:58:12.651 [main] INFO  com.demo.baseutil.Basetest - Validate Enter the password is clickable
17:58:15.071 [main] INFO  com.demo.baseutil.Basetest - Clicked on : Enter the password
17:58:15.071 [main] INFO  com.demo.baseutil.Basetest - Enter the value into Password Id Entered
17:58:16.123 [main] INFO  com.demo.baseutil.Basetest - Admin@1234 typed into Password Id Entered
17:58:20.686 [main] INFO  com.demo.baseutil.Basetest - Scroll down
17:58:20.686 [main] INFO  com.demo.baseutil.Basetest - Validate Press the signin button is clickable
17:58:24.448 [main] INFO  com.demo.baseutil.Basetest - Clicked on : Press the signin button
17:58:26.510 [main] INFO  com.demo.baseutil.Basetest - HomePage title  is matched
17:58:36.544 [main] INFO  com.demo.baseutil.Basetest - Validate click on trace is clickable
17:58:39.000 [main] INFO  com.demo.baseutil.Basetest - Clicked on : click on trace
17:58:47.111 [main] INFO  com.demo.baseutil.Basetest - Scroll down
17:58:49.130 [main] INFO  com.demo.baseutil.Basetest - Validate Process is clicked is clickable
17:58:51.767 [main] INFO  com.demo.baseutil.Basetest - Clicked on : Process is clicked
17:58:56.770 [main] INFO  com.demo.baseutil.Basetest - Validate Process add is clicked is clickable
17:58:59.360 [main] INFO  com.demo.baseutil.Basetest - Clicked on : Process add is clicked
17:59:04.361 [main] INFO  com.demo.baseutil.Basetest - Validate Product id is clicked is clickable
17:59:06.960 [main] INFO  com.demo.baseutil.Basetest - Clicked on : Product id is clicked
17:59:20.470 [main] INFO  com.demo.baseutil.Basetest - Validate Product id is clicked is clickable
17:59:22.978 [main] INFO  com.demo.baseutil.Basetest - Clicked on : Product id is clicked
17:59:24.984 [main] INFO  com.demo.baseutil.Basetest - Validate Product id searchbox is clicked is clickable
17:59:27.636 [main] INFO  com.demo.baseutil.Basetest - Clicked on : Product id searchbox is clicked
17:59:29.643 [main] INFO  com.demo.baseutil.Basetest - Validate outside is clicked is clickable
17:59:32.192 [main] INFO  com.demo.baseutil.Basetest - Clicked on : outside is clicked
17:59:34.224 [main] INFO  com.demo.baseutil.Basetest - Scroll down successful
17:59:34.240 [main] INFO  com.demo.baseutil.Basetest - Validate process name is clicked is clickable
17:59:36.860 [main] INFO  com.demo.baseutil.Basetest - Clicked on : process name is clicked
17:59:38.867 [main] INFO  com.demo.baseutil.Basetest - Enter the value into process name Value is entered
17:59:39.286 [main] INFO  com.demo.baseutil.Basetest - processdisagg typed into process name Value is entered
17:59:45.385 [main] INFO  com.demo.baseutil.Basetest - Scroll down
17:59:47.396 [main] INFO  com.demo.baseutil.Basetest - Validate process loc is clicked is clickable
17:59:49.763 [main] INFO  com.demo.baseutil.Basetest - Clicked on : process loc is clicked
17:59:51.769 [main] INFO  com.demo.baseutil.Basetest - Enter the value into process name Value is entered
17:59:52.198 [main] INFO  com.demo.baseutil.Basetest - 0956265002424 typed into process name Value is entered
17:59:57.205 [main] INFO  com.demo.baseutil.Basetest - Validate process loc is clicked is clickable
17:59:59.821 [main] INFO  com.demo.baseutil.Basetest - Clicked on : process loc is clicked
18:00:04.836 [main] INFO  com.demo.baseutil.Basetest - Validate process type is clicked is clickable
18:00:07.441 [main] INFO  com.demo.baseutil.Basetest - Clicked on : process type is clicked
18:00:09.486 [main] INFO  com.demo.baseutil.Basetest - Scroll down successful
18:00:09.486 [main] INFO  com.demo.baseutil.Basetest - Validate process discomm is clicked is clickable
18:00:11.926 [main] INFO  com.demo.baseutil.Basetest - Clicked on : process discomm is clicked
18:00:18.024 [main] INFO  com.demo.baseutil.Basetest - Scroll down
18:00:18.024 [main] INFO  com.demo.baseutil.Basetest - Validate process add button is clicked is clickable
18:00:20.519 [main] INFO  com.demo.baseutil.Basetest - Clicked on : process add button is clicked
18:00:34.595 [main] INFO  com.demo.baseutil.Basetest - Scroll down
18:00:36.603 [main] INFO  com.demo.baseutil.Basetest - Validate Process is clicked is clickable
18:00:39.428 [main] INFO  com.demo.baseutil.Basetest - Clicked on : Process is clicked
18:00:44.429 [main] INFO  com.demo.baseutil.Basetest - Validate Process add is clicked is clickable
18:00:47.041 [main] INFO  com.demo.baseutil.Basetest - Clicked on : Process add is clicked
18:00:52.048 [main] INFO  com.demo.baseutil.Basetest - Validate Product id is clicked is clickable
18:00:54.627 [main] INFO  com.demo.baseutil.Basetest - Clicked on : Product id is clicked
18:00:59.063 [main] INFO  com.demo.baseutil.Basetest - Validate Product id is clicked is clickable
18:01:01.680 [main] INFO  com.demo.baseutil.Basetest - Clicked on : Product id is clicked
18:01:03.685 [main] INFO  com.demo.baseutil.Basetest - Validate Product id is clicked is clickable
18:01:06.386 [main] INFO  com.demo.baseutil.Basetest - Clicked on : Product id is clicked
18:01:08.392 [main] INFO  com.demo.baseutil.Basetest - Validate outside is clicked is clickable
18:01:11.020 [main] INFO  com.demo.baseutil.Basetest - Clicked on : outside is clicked
18:01:17.094 [main] INFO  com.demo.baseutil.Basetest - Scroll down
18:01:17.094 [main] INFO  com.demo.baseutil.Basetest - Validate process name is clicked is clickable
18:01:19.597 [main] INFO  com.demo.baseutil.Basetest - Clicked on : process name is clicked
18:01:21.604 [main] INFO  com.demo.baseutil.Basetest - Enter the value into process name Value is entered
18:01:22.067 [main] INFO  com.demo.baseutil.Basetest - processtrans typed into process name Value is entered
18:01:24.114 [main] INFO  com.demo.baseutil.Basetest - Scroll down successful
18:01:24.114 [main] INFO  com.demo.baseutil.Basetest - Validate process loc is clicked is clickable
18:01:26.696 [main] INFO  com.demo.baseutil.Basetest - Clicked on : process loc is clicked
18:01:28.702 [main] INFO  com.demo.baseutil.Basetest - Enter the value into process name Value is entered
18:01:29.182 [main] INFO  com.demo.baseutil.Basetest - 0956265002424 typed into process name Value is entered
18:01:34.188 [main] INFO  com.demo.baseutil.Basetest - Validate process loc is clicked is clickable
18:01:36.598 [main] INFO  com.demo.baseutil.Basetest - Clicked on : process loc is clicked
18:01:38.609 [main] INFO  com.demo.baseutil.Basetest - Validate process type is clicked is clickable
18:01:41.217 [main] INFO  com.demo.baseutil.Basetest - Clicked on : process type is clicked
18:01:43.251 [main] INFO  com.demo.baseutil.Basetest - Scroll down successful
18:01:43.267 [main] INFO  com.demo.baseutil.Basetest - Validate process trans is clicked is clickable
18:01:45.782 [main] INFO  com.demo.baseutil.Basetest - Clicked on : process trans is clicked
18:01:51.842 [main] INFO  com.demo.baseutil.Basetest - Scroll down
18:01:51.842 [main] INFO  com.demo.baseutil.Basetest - Validate process add button is clicked is clickable
18:01:54.214 [main] INFO  com.demo.baseutil.Basetest - Clicked on : process add button is clicked
18:02:08.398 [main] INFO  com.demo.baseutil.Basetest - Scroll down
18:02:10.399 [main] INFO  com.demo.baseutil.Basetest - Validate Process is clicked is clickable
18:02:13.531 [main] INFO  com.demo.baseutil.Basetest - Clicked on : Process is clicked
18:02:18.544 [main] INFO  com.demo.baseutil.Basetest - Validate Process add is clicked is clickable
18:02:22.002 [main] INFO  com.demo.baseutil.Basetest - Clicked on : Process add is clicked
18:02:27.003 [main] INFO  com.demo.baseutil.Basetest - Validate Product id is clicked is clickable
18:02:29.542 [main] INFO  com.demo.baseutil.Basetest - Clicked on : Product id is clicked
18:02:33.978 [main] INFO  com.demo.baseutil.Basetest - Validate Product id is clicked is clickable
18:02:36.459 [main] INFO  com.demo.baseutil.Basetest - Clicked on : Product id is clicked
18:02:38.464 [main] INFO  com.demo.baseutil.Basetest - Validate Product id is clicked is clickable
18:02:41.022 [main] INFO  com.demo.baseutil.Basetest - Clicked on : Product id is clicked
18:02:43.043 [main] INFO  com.demo.baseutil.Basetest - Validate outside is clicked is clickable
18:02:45.499 [main] INFO  com.demo.baseutil.Basetest - Clicked on : outside is clicked
18:02:51.582 [main] INFO  com.demo.baseutil.Basetest - Scroll down
18:02:51.582 [main] INFO  com.demo.baseutil.Basetest - Validate process name is clicked is clickable
18:02:54.126 [main] INFO  com.demo.baseutil.Basetest - Clicked on : process name is clicked
18:02:56.132 [main] INFO  com.demo.baseutil.Basetest - Enter the value into process name Value is entered
18:02:56.579 [main] INFO  com.demo.baseutil.Basetest - processcooling typed into process name Value is entered
18:02:58.624 [main] INFO  com.demo.baseutil.Basetest - Scroll down successful
18:02:58.624 [main] INFO  com.demo.baseutil.Basetest - Validate process loc is clicked is clickable
18:03:01.092 [main] INFO  com.demo.baseutil.Basetest - Clicked on : process loc is clicked
18:03:03.099 [main] INFO  com.demo.baseutil.Basetest - Enter the value into process name Value is entered
18:03:03.492 [main] INFO  com.demo.baseutil.Basetest - 0956265002424 typed into process name Value is entered
18:03:08.501 [main] INFO  com.demo.baseutil.Basetest - Validate process loc is clicked is clickable
18:03:10.892 [main] INFO  com.demo.baseutil.Basetest - Clicked on : process loc is clicked
18:03:12.893 [main] INFO  com.demo.baseutil.Basetest - Validate process type is clicked is clickable
18:03:15.494 [main] INFO  com.demo.baseutil.Basetest - Clicked on : process type is clicked
18:03:17.526 [main] INFO  com.demo.baseutil.Basetest - Scroll down successful
18:03:17.526 [main] INFO  com.demo.baseutil.Basetest - Validate process trans is clicked is clickable
18:03:20.207 [main] INFO  com.demo.baseutil.Basetest - Clicked on : process trans is clicked
18:03:26.284 [main] INFO  com.demo.baseutil.Basetest - Scroll down
18:03:26.284 [main] INFO  com.demo.baseutil.Basetest - Validate process add button is clicked is clickable
18:03:28.633 [main] INFO  com.demo.baseutil.Basetest - Clicked on : process add button is clicked
18:03:42.696 [main] INFO  com.demo.baseutil.Basetest - Scroll down
18:03:44.712 [main] INFO  com.demo.baseutil.Basetest - Validate Process is clicked is clickable
18:03:47.173 [main] INFO  com.demo.baseutil.Basetest - Clicked on : Process is clicked
18:03:52.180 [main] INFO  com.demo.baseutil.Basetest - Validate Process add is clicked is clickable
18:03:54.969 [main] INFO  com.demo.baseutil.Basetest - Clicked on : Process add is clicked
18:03:59.979 [main] INFO  com.demo.baseutil.Basetest - Validate Product id is clicked is clickable
18:04:02.773 [main] INFO  com.demo.baseutil.Basetest - Clicked on : Product id is clicked
18:04:07.310 [main] INFO  com.demo.baseutil.Basetest - Validate Product id is clicked is clickable
18:04:09.891 [main] INFO  com.demo.baseutil.Basetest - Clicked on : Product id is clicked
18:04:11.895 [main] INFO  com.demo.baseutil.Basetest - Validate Product id is clicked is clickable
18:04:14.452 [main] INFO  com.demo.baseutil.Basetest - Clicked on : Product id is clicked
18:04:16.458 [main] INFO  com.demo.baseutil.Basetest - Validate outside is clicked is clickable
18:04:19.003 [main] INFO  com.demo.baseutil.Basetest - Clicked on : outside is clicked
18:04:25.087 [main] INFO  com.demo.baseutil.Basetest - Scroll down
18:04:25.087 [main] INFO  com.demo.baseutil.Basetest - Validate process name is clicked is clickable
18:04:27.390 [main] INFO  com.demo.baseutil.Basetest - Clicked on : process name is clicked
18:04:29.400 [main] INFO  com.demo.baseutil.Basetest - Enter the value into process name Value is entered
18:04:29.786 [main] INFO  com.demo.baseutil.Basetest - processdiscomm typed into process name Value is entered
18:04:31.813 [main] INFO  com.demo.baseutil.Basetest - Scroll down successful
18:04:31.813 [main] INFO  com.demo.baseutil.Basetest - Validate process loc is clicked is clickable
18:04:34.208 [main] INFO  com.demo.baseutil.Basetest - Clicked on : process loc is clicked
18:04:36.214 [main] INFO  com.demo.baseutil.Basetest - Enter the value into process name Value is entered
18:04:36.611 [main] INFO  com.demo.baseutil.Basetest - 0956265002424 typed into process name Value is entered
18:04:41.618 [main] INFO  com.demo.baseutil.Basetest - Validate process loc is clicked is clickable
18:04:44.107 [main] INFO  com.demo.baseutil.Basetest - Clicked on : process loc is clicked
18:04:46.122 [main] INFO  com.demo.baseutil.Basetest - Validate process type is clicked is clickable
18:04:48.392 [main] INFO  com.demo.baseutil.Basetest - Clicked on : process type is clicked
18:04:50.431 [main] INFO  com.demo.baseutil.Basetest - Scroll down successful
18:04:50.434 [main] INFO  com.demo.baseutil.Basetest - Validate process trans is clicked is clickable
18:04:52.842 [main] INFO  com.demo.baseutil.Basetest - Clicked on : process trans is clicked
18:04:58.927 [main] INFO  com.demo.baseutil.Basetest - Scroll down
18:04:58.927 [main] INFO  com.demo.baseutil.Basetest - Validate process add button is clicked is clickable
18:05:01.561 [main] INFO  com.demo.baseutil.Basetest - Clicked on : process add button is clicked
18:05:04.011 [main] INFO  com.demo.baseutil.Basetest - Browser is closed sucessfuly
18:05:05.820 [main] INFO  com.demo.baseutil.Basetest - Browser is closed sucessfuly
18:05:21.846 [main] INFO  com.demo.baseutil.Basetest - Validate Sign in with FarmtoPlate account is clickable
18:05:24.262 [main] INFO  com.demo.baseutil.Basetest - Clicked on : Sign in with FarmtoPlate account
18:05:24.281 [main] INFO  com.demo.baseutil.Basetest - Url contains farmtoplateapps.io/login
18:05:24.286 [main] INFO  com.demo.baseutil.Basetest - Sign in title matched
18:05:24.286 [main] INFO  com.demo.baseutil.Basetest - UI verified for Sigin page.
18:05:24.286 [main] INFO  com.demo.baseutil.Basetest - Sign in function call
18:05:24.286 [main] INFO  com.demo.baseutil.Basetest - Validate email address field is clicked is clickable
18:05:26.657 [main] INFO  com.demo.baseutil.Basetest - Clicked on : email address field is clicked
18:05:26.657 [main] INFO  com.demo.baseutil.Basetest - Enter the value into Email Id Entered
18:05:27.077 [main] INFO  com.demo.baseutil.Basetest - 139@yopmail.com typed into Email Id Entered
18:05:27.077 [main] INFO  com.demo.baseutil.Basetest - Validate Enter the password is clickable
18:05:29.485 [main] INFO  com.demo.baseutil.Basetest - Clicked on : Enter the password
18:05:29.485 [main] INFO  com.demo.baseutil.Basetest - Enter the value into Password Id Entered
18:05:29.912 [main] INFO  com.demo.baseutil.Basetest - Admin@1234 typed into Password Id Entered
18:05:34.432 [main] INFO  com.demo.baseutil.Basetest - Scroll down
18:05:34.432 [main] INFO  com.demo.baseutil.Basetest - Validate Press the signin button is clickable
18:05:39.016 [main] INFO  com.demo.baseutil.Basetest - Clicked on : Press the signin button
18:05:41.818 [main] INFO  com.demo.baseutil.Basetest - HomePage title  is matched
18:05:59.856 [main] INFO  com.demo.baseutil.Basetest - Validate click on trace is clickable
18:06:02.700 [main] INFO  com.demo.baseutil.Basetest - Clicked on : click on trace
18:06:08.814 [main] INFO  com.demo.baseutil.Basetest - Validate Asset & Infrastructure Data is clicked is clickable
18:06:11.420 [main] INFO  com.demo.baseutil.Basetest - Clicked on : Asset & Infrastructure Data is clicked
18:06:13.425 [main] INFO  com.demo.baseutil.Basetest - Validate Assets is clicked is clickable
18:06:16.210 [main] INFO  com.demo.baseutil.Basetest - Clicked on : Assets is clicked
18:06:18.215 [main] INFO  com.demo.baseutil.Basetest - Validate Add new is clicked is clickable
18:06:20.706 [main] INFO  com.demo.baseutil.Basetest - Clicked on : Add new is clicked
18:06:22.719 [main] INFO  com.demo.baseutil.Basetest - Validate Asset type is clicked is clickable
18:06:25.042 [main] INFO  com.demo.baseutil.Basetest - Clicked on : Asset type is clicked
18:06:25.044 [main] INFO  com.demo.baseutil.Basetest - Validate Click on Vehicle Name is clickable
18:06:27.516 [main] INFO  com.demo.baseutil.Basetest - Clicked on : Click on Vehicle Name
18:06:29.520 [main] INFO  com.demo.baseutil.Basetest - Validate container name is clicked is clickable
18:06:32.169 [main] INFO  com.demo.baseutil.Basetest - Clicked on : container name is clicked
18:06:32.169 [main] INFO  com.demo.baseutil.Basetest - Enter the value into enter the container name
18:06:32.894 [main] INFO  com.demo.baseutil.Basetest - container528528 typed into enter the container name
18:06:34.946 [main] INFO  com.demo.baseutil.Basetest - Validate length is clicked is clickable
18:06:37.720 [main] INFO  com.demo.baseutil.Basetest - Clicked on : length is clicked
18:06:39.727 [main] INFO  com.demo.baseutil.Basetest - Enter the value into enter the length
18:06:40.212 [main] INFO  com.demo.baseutil.Basetest - 10 typed into enter the length
18:06:40.214 [main] INFO  com.demo.baseutil.Basetest - Validate breadth is clicked is clickable
18:06:42.737 [main] INFO  com.demo.baseutil.Basetest - Clicked on : breadth is clicked
18:06:42.737 [main] INFO  com.demo.baseutil.Basetest - Enter the value into breath entered
18:06:43.256 [main] INFO  com.demo.baseutil.Basetest - 10 typed into breath entered
18:06:45.269 [main] INFO  com.demo.baseutil.Basetest - Validate height is clicked is clickable
18:06:47.989 [main] INFO  com.demo.baseutil.Basetest - Clicked on : height is clicked
18:06:49.994 [main] INFO  com.demo.baseutil.Basetest - Enter the value into height entered
18:06:50.631 [main] INFO  com.demo.baseutil.Basetest - 20 typed into height entered
18:06:52.638 [main] INFO  com.demo.baseutil.Basetest - Validate dom is clicked is clickable
18:06:55.278 [main] INFO  com.demo.baseutil.Basetest - Clicked on : dom is clicked
18:06:57.280 [main] INFO  com.demo.baseutil.Basetest - Validate ft is clicked is clickable
18:06:59.940 [main] INFO  com.demo.baseutil.Basetest - Clicked on : ft is clicked
18:07:01.950 [main] INFO  com.demo.baseutil.Basetest - Validate wt is clicked is clickable
18:07:04.373 [main] INFO  com.demo.baseutil.Basetest - Clicked on : wt is clicked
18:07:06.377 [main] INFO  com.demo.baseutil.Basetest - Enter the value into weight entered
18:07:06.726 [main] INFO  com.demo.baseutil.Basetest - 1000 typed into weight entered
18:07:08.733 [main] INFO  com.demo.baseutil.Basetest - Validate wtcap is clicked is clickable
18:07:11.303 [main] INFO  com.demo.baseutil.Basetest - Clicked on : wtcap is clicked
18:07:13.319 [main] INFO  com.demo.baseutil.Basetest - Validate tons is clicked is clickable
18:07:15.737 [main] INFO  com.demo.baseutil.Basetest - Clicked on : tons is clicked
18:07:17.753 [main] INFO  com.demo.baseutil.Basetest - Validate Click on Add button is clickable
18:07:20.273 [main] INFO  com.demo.baseutil.Basetest - Clicked on : Click on Add button
18:07:31.287 [main] INFO  com.demo.baseutil.Basetest - Scroll till the transaction
18:07:31.465 [main] INFO  com.demo.baseutil.Basetest - Scroll till the transaction completed
18:07:31.465 [main] INFO  com.demo.baseutil.Basetest - Validate transaction is clicked is clickable
18:07:34.131 [main] INFO  com.demo.baseutil.Basetest - Clicked on : transaction is clicked
18:07:39.146 [main] INFO  com.demo.baseutil.Basetest - Validate add new is clicked is clickable
18:07:41.669 [main] INFO  com.demo.baseutil.Basetest - Clicked on : add new is clicked
18:07:46.685 [main] INFO  com.demo.baseutil.Basetest - Validate Product id is clicked is clickable
18:07:49.307 [main] INFO  com.demo.baseutil.Basetest - Clicked on : Product id is clicked
18:07:51.338 [main] INFO  com.demo.baseutil.Basetest - Enter the value into Saved Value is entered
18:07:51.748 [main] INFO  com.demo.baseutil.Basetest - F2PG10002437 typed into Saved Value is entered
18:07:53.753 [main] INFO  com.demo.baseutil.Basetest - Validate Product id is clicked is clickable
18:07:56.449 [main] INFO  com.demo.baseutil.Basetest - Clicked on : Product id is clicked
18:07:58.455 [main] INFO  com.demo.baseutil.Basetest - Validate Product id is clicked is clickable
18:08:01.021 [main] INFO  com.demo.baseutil.Basetest - Clicked on : Product id is clicked
18:08:03.024 [main] INFO  com.demo.baseutil.Basetest - Validate chooseprocess id is clicked is clickable
18:08:05.602 [main] INFO  com.demo.baseutil.Basetest - Clicked on : chooseprocess id is clicked
18:08:07.609 [main] INFO  com.demo.baseutil.Basetest - Enter the value into Harvestiong/commission is entered
18:08:08.068 [main] INFO  com.demo.baseutil.Basetest - Harvesting typed into Harvestiong/commission is entered
18:08:10.084 [main] INFO  com.demo.baseutil.Basetest - Validate chooseprocess id is clicked is clickable
18:08:12.577 [main] INFO  com.demo.baseutil.Basetest - Clicked on : chooseprocess id is clicked
18:08:15.587 [main] INFO  com.demo.baseutil.Basetest - Validate Process commision is selected is clickable
18:08:17.962 [main] INFO  com.demo.baseutil.Basetest - Clicked on : Process commision is selected
18:08:19.988 [main] INFO  com.demo.baseutil.Basetest - Scroll down successful
18:08:19.988 [main] INFO  com.demo.baseutil.Basetest - Validate date is selected is clickable
18:08:22.396 [main] INFO  com.demo.baseutil.Basetest - Clicked on : date is selected
18:08:23.403 [main] INFO  com.demo.baseutil.Basetest - Validate date netx button is clickable
18:08:25.927 [main] INFO  com.demo.baseutil.Basetest - Clicked on : date netx button
18:08:25.927 [main] INFO  com.demo.baseutil.Basetest - Validate date is entered is clickable
18:08:28.424 [main] INFO  com.demo.baseutil.Basetest - Clicked on : date is entered
18:08:30.426 [main] INFO  com.demo.baseutil.Basetest - Validate date is selected is clickable
18:08:33.158 [main] INFO  com.demo.baseutil.Basetest - Clicked on : date is selected
18:08:39.245 [main] INFO  com.demo.baseutil.Basetest - Scroll down
18:08:39.247 [main] INFO  com.demo.baseutil.Basetest - Validate activity is selected is clickable
18:08:41.718 [main] INFO  com.demo.baseutil.Basetest - Clicked on : activity is selected
18:08:41.721 [main] INFO  com.demo.baseutil.Basetest - Enter the value into activity Value is entered
18:08:42.163 [main] INFO  com.demo.baseutil.Basetest - abcd typed into activity Value is entered
18:08:44.173 [main] INFO  com.demo.baseutil.Basetest - Validate packing type dropdown is selected is clickable
18:08:46.799 [main] INFO  com.demo.baseutil.Basetest - Clicked on : packing type dropdown is selected
18:08:46.799 [main] INFO  com.demo.baseutil.Basetest - Validate packing type dropdown is selected is clickable
18:08:49.201 [main] INFO  com.demo.baseutil.Basetest - Clicked on : packing type dropdown is selected
18:08:55.265 [main] INFO  com.demo.baseutil.Basetest - Scroll down
18:08:55.265 [main] INFO  com.demo.baseutil.Basetest - Validate tlc is clicked is clickable
18:08:57.663 [main] INFO  com.demo.baseutil.Basetest - Clicked on : tlc is clicked
18:08:57.664 [main] INFO  com.demo.baseutil.Basetest - Enter the value into Tlc no is entered
18:08:58.081 [main] INFO  com.demo.baseutil.Basetest - 1234567890 typed into Tlc no is entered
18:08:58.081 [main] INFO  com.demo.baseutil.Basetest - Validate location is clicked is clickable
18:09:00.382 [main] INFO  com.demo.baseutil.Basetest - Clicked on : location is clicked
18:09:00.382 [main] INFO  com.demo.baseutil.Basetest - Enter the value into location no is entered
18:09:00.815 [main] INFO  com.demo.baseutil.Basetest - location typed into location no is entered
18:09:00.822 [main] INFO  com.demo.baseutil.Basetest - Validate commodity is clicked is clickable
18:09:03.267 [main] INFO  com.demo.baseutil.Basetest - Clicked on : commodity is clicked
18:09:03.274 [main] INFO  com.demo.baseutil.Basetest - Enter the value into commodity is entered
18:09:03.772 [main] INFO  com.demo.baseutil.Basetest - commodity typed into commodity is entered
18:09:07.869 [main] INFO  com.demo.baseutil.Basetest - Scroll down
18:09:07.869 [main] INFO  com.demo.baseutil.Basetest - Validate filed is clicked is clickable
18:09:10.300 [main] INFO  com.demo.baseutil.Basetest - Clicked on : filed is clicked
18:09:10.300 [main] INFO  com.demo.baseutil.Basetest - Enter the value into filed is entered
18:09:10.592 [main] INFO  com.demo.baseutil.Basetest - filed typed into filed is entered
18:09:10.592 [main] INFO  com.demo.baseutil.Basetest - Validate container is clicked is clickable
18:09:12.929 [main] INFO  com.demo.baseutil.Basetest - Clicked on : container is clicked
18:09:12.929 [main] INFO  com.demo.baseutil.Basetest - Enter the value into filed is entered
18:09:13.241 [main] INFO  com.demo.baseutil.Basetest - container528528 typed into filed is entered
18:09:17.253 [main] INFO  com.demo.baseutil.Basetest - Validate Selected the conatiner is clickable
18:09:19.816 [main] INFO  com.demo.baseutil.Basetest - Clicked on : Selected the conatiner
18:09:20.831 [main] INFO  com.demo.baseutil.Basetest - Validate count sgtin is clicked is clickable
18:09:23.479 [main] INFO  com.demo.baseutil.Basetest - Clicked on : count sgtin is clicked
18:09:23.479 [main] INFO  com.demo.baseutil.Basetest - Enter the value into countsgtin is entered
18:09:24.042 [main] INFO  com.demo.baseutil.Basetest - 123 typed into countsgtin is entered
18:09:24.043 [main] INFO  com.demo.baseutil.Basetest - Validate weightsgtin sgtin is clicked is clickable
18:09:26.578 [main] INFO  com.demo.baseutil.Basetest - Clicked on : weightsgtin sgtin is clicked
18:09:26.578 [main] INFO  com.demo.baseutil.Basetest - Enter the value into weightsgtin is entered
18:09:27.191 [main] INFO  com.demo.baseutil.Basetest - 1234567 typed into weightsgtin is entered
18:09:27.191 [main] INFO  com.demo.baseutil.Basetest - Validate itemsgtin sgtin is clicked is clickable
18:09:29.751 [main] INFO  com.demo.baseutil.Basetest - Clicked on : itemsgtin sgtin is clicked
18:09:29.751 [main] INFO  com.demo.baseutil.Basetest - Validate itemgtin is entered is clickable
18:09:32.233 [main] INFO  com.demo.baseutil.Basetest - Clicked on : itemgtin is entered
18:09:32.233 [main] INFO  com.demo.baseutil.Basetest - Validate document is clicked is clickable
18:09:34.615 [main] INFO  com.demo.baseutil.Basetest - Clicked on : document is clicked
18:09:34.616 [main] INFO  com.demo.baseutil.Basetest - Enter the value into document is entered
18:09:34.949 [main] INFO  com.demo.baseutil.Basetest - 1234567 typed into document is entered
18:09:39.050 [main] INFO  com.demo.baseutil.Basetest - Scroll down
18:09:39.050 [main] INFO  com.demo.baseutil.Basetest - Validate Add Transaction is selected is clickable
18:09:41.586 [main] INFO  com.demo.baseutil.Basetest - Clicked on : Add Transaction is selected
18:09:57.612 [main] INFO  com.demo.baseutil.Basetest - Validate click on trace is clickable
18:10:00.228 [main] INFO  com.demo.baseutil.Basetest - Clicked on : click on trace
18:10:12.274 [main] INFO  com.demo.baseutil.Basetest - Validate click on trace is clickable
18:10:14.928 [main] INFO  com.demo.baseutil.Basetest - Clicked on : click on trace
18:10:21.027 [main] INFO  com.demo.baseutil.Basetest - Validate Asset & Infrastructure Data is clicked is clickable
18:10:23.629 [main] INFO  com.demo.baseutil.Basetest - Clicked on : Asset & Infrastructure Data is clicked
18:10:25.631 [main] INFO  com.demo.baseutil.Basetest - Validate Assets is clicked is clickable
18:10:28.332 [main] INFO  com.demo.baseutil.Basetest - Clicked on : Assets is clicked
18:10:30.338 [main] INFO  com.demo.baseutil.Basetest - Validate Add new is clicked is clickable
18:10:32.917 [main] INFO  com.demo.baseutil.Basetest - Clicked on : Add new is clicked
18:10:34.920 [main] INFO  com.demo.baseutil.Basetest - Validate Asset type is clicked is clickable
18:10:37.402 [main] INFO  com.demo.baseutil.Basetest - Clicked on : Asset type is clicked
18:10:37.402 [main] INFO  com.demo.baseutil.Basetest - Validate Click on Vehicle Name is clickable
18:10:39.950 [main] INFO  com.demo.baseutil.Basetest - Clicked on : Click on Vehicle Name
18:10:41.967 [main] INFO  com.demo.baseutil.Basetest - Validate container name is clicked is clickable
18:10:44.461 [main] INFO  com.demo.baseutil.Basetest - Clicked on : container name is clicked
18:10:44.461 [main] INFO  com.demo.baseutil.Basetest - Enter the value into enter the container name
18:10:44.919 [main] INFO  com.demo.baseutil.Basetest - container886886 typed into enter the container name
18:10:46.941 [main] INFO  com.demo.baseutil.Basetest - Validate length is clicked is clickable
18:10:49.411 [main] INFO  com.demo.baseutil.Basetest - Clicked on : length is clicked
18:10:51.418 [main] INFO  com.demo.baseutil.Basetest - Enter the value into enter the length
18:10:51.809 [main] INFO  com.demo.baseutil.Basetest - 10 typed into enter the length
18:10:51.809 [main] INFO  com.demo.baseutil.Basetest - Validate breadth is clicked is clickable
18:10:54.427 [main] INFO  com.demo.baseutil.Basetest - Clicked on : breadth is clicked
18:10:54.427 [main] INFO  com.demo.baseutil.Basetest - Enter the value into breath entered
18:10:54.808 [main] INFO  com.demo.baseutil.Basetest - 10 typed into breath entered
18:10:56.827 [main] INFO  com.demo.baseutil.Basetest - Validate height is clicked is clickable
18:10:59.412 [main] INFO  com.demo.baseutil.Basetest - Clicked on : height is clicked
18:11:01.419 [main] INFO  com.demo.baseutil.Basetest - Enter the value into height entered
18:11:01.808 [main] INFO  com.demo.baseutil.Basetest - 20 typed into height entered
18:11:03.827 [main] INFO  com.demo.baseutil.Basetest - Validate dom is clicked is clickable
18:11:06.298 [main] INFO  com.demo.baseutil.Basetest - Clicked on : dom is clicked
18:11:08.314 [main] INFO  com.demo.baseutil.Basetest - Validate ft is clicked is clickable
18:11:10.783 [main] INFO  com.demo.baseutil.Basetest - Clicked on : ft is clicked
18:11:12.798 [main] INFO  com.demo.baseutil.Basetest - Validate wt is clicked is clickable
18:11:15.410 [main] INFO  com.demo.baseutil.Basetest - Clicked on : wt is clicked
18:11:17.419 [main] INFO  com.demo.baseutil.Basetest - Enter the value into weight entered
18:11:17.959 [main] INFO  com.demo.baseutil.Basetest - 1000 typed into weight entered
18:11:19.965 [main] INFO  com.demo.baseutil.Basetest - Validate wtcap is clicked is clickable
18:11:22.285 [main] INFO  com.demo.baseutil.Basetest - Clicked on : wtcap is clicked
18:11:24.294 [main] INFO  com.demo.baseutil.Basetest - Validate tons is clicked is clickable
18:11:26.834 [main] INFO  com.demo.baseutil.Basetest - Clicked on : tons is clicked
18:11:28.842 [main] INFO  com.demo.baseutil.Basetest - Validate Click on Add button is clickable
18:11:31.502 [main] INFO  com.demo.baseutil.Basetest - Clicked on : Click on Add button
18:11:47.622 [main] INFO  com.demo.baseutil.Basetest - Scroll down
18:11:49.631 [main] INFO  com.demo.baseutil.Basetest - Validate transaction is clicked is clickable
18:11:52.344 [main] INFO  com.demo.baseutil.Basetest - Clicked on : transaction is clicked
18:11:59.365 [main] INFO  com.demo.baseutil.Basetest - Validate productid is selected is clickable
18:12:01.858 [main] INFO  com.demo.baseutil.Basetest - Clicked on : productid is selected
18:12:01.873 [main] INFO  com.demo.baseutil.Basetest - Enter the value into enter the productid
18:12:02.188 [main] INFO  com.demo.baseutil.Basetest - F2PG10002437 typed into enter the productid
18:12:02.188 [main] INFO  com.demo.baseutil.Basetest - Validate productid is selected is clickable
18:12:04.733 [main] INFO  com.demo.baseutil.Basetest - Clicked on : productid is selected
18:12:04.733 [main] INFO  com.demo.baseutil.Basetest - Validate search is selected is clickable
18:12:07.247 [main] INFO  com.demo.baseutil.Basetest - Clicked on : search is selected
18:12:07.247 [main] INFO  com.demo.baseutil.Basetest - Validate search button is clicked is clickable
18:12:09.714 [main] INFO  com.demo.baseutil.Basetest - Clicked on : search button is clicked
18:12:11.853 [main] INFO  com.demo.baseutil.Basetest - Scroll up
18:12:13.906 [main] INFO  com.demo.baseutil.Basetest - Scroll up
18:12:17.919 [main] INFO  com.demo.baseutil.Basetest - Validate transaction is clicked is clickable
18:12:20.351 [main] INFO  com.demo.baseutil.Basetest - Clicked on : transaction is clicked
18:12:25.358 [main] INFO  com.demo.baseutil.Basetest - Validate add new is clicked is clickable
18:12:27.868 [main] INFO  com.demo.baseutil.Basetest - Clicked on : add new is clicked
18:12:32.870 [main] INFO  com.demo.baseutil.Basetest - Validate Product id is clicked is clickable
18:12:35.477 [main] INFO  com.demo.baseutil.Basetest - Clicked on : Product id is clicked
18:12:37.484 [main] INFO  com.demo.baseutil.Basetest - Enter the value into Saved Value is entered
18:12:37.805 [main] INFO  com.demo.baseutil.Basetest - F2PG10002437 typed into Saved Value is entered
18:12:39.826 [main] INFO  com.demo.baseutil.Basetest - Validate Product id is clicked is clickable
18:12:42.319 [main] INFO  com.demo.baseutil.Basetest - Clicked on : Product id is clicked
18:12:44.326 [main] INFO  com.demo.baseutil.Basetest - Validate Product id is clicked is clickable
18:12:46.913 [main] INFO  com.demo.baseutil.Basetest - Clicked on : Product id is clicked
18:12:48.915 [main] INFO  com.demo.baseutil.Basetest - Validate chooseprocess id is clicked is clickable
18:12:51.279 [main] INFO  com.demo.baseutil.Basetest - Clicked on : chooseprocess id is clicked
18:12:53.284 [main] INFO  com.demo.baseutil.Basetest - Enter the value into Packing/aggregation is entered
18:12:53.799 [main] INFO  com.demo.baseutil.Basetest - Packing typed into Packing/aggregation is entered
18:12:55.809 [main] INFO  com.demo.baseutil.Basetest - Validate chooseprocess id is clicked is clickable
18:12:58.192 [main] INFO  com.demo.baseutil.Basetest - Clicked on : chooseprocess id is clicked
18:13:02.206 [main] INFO  com.demo.baseutil.Basetest - Validate Process aggre is selected is clickable
18:13:04.641 [main] INFO  com.demo.baseutil.Basetest - Clicked on : Process aggre is selected
18:13:06.687 [main] INFO  com.demo.baseutil.Basetest - Scroll down successful
18:13:06.688 [main] INFO  com.demo.baseutil.Basetest - Validate org is selected is clickable
18:13:09.213 [main] INFO  com.demo.baseutil.Basetest - Clicked on : org is selected
18:13:11.217 [main] INFO  com.demo.baseutil.Basetest - Enter the value into org value is entered
18:13:11.721 [main] INFO  com.demo.baseutil.Basetest - 178 typed into org value is entered
18:13:16.740 [main] INFO  com.demo.baseutil.Basetest - Validate org is selected is clickable
18:13:19.290 [main] INFO  com.demo.baseutil.Basetest - Clicked on : org is selected
18:13:22.295 [main] INFO  com.demo.baseutil.Basetest - Validate location is selected is clickable
18:13:24.845 [main] INFO  com.demo.baseutil.Basetest - Clicked on : location is selected
18:13:24.846 [main] INFO  com.demo.baseutil.Basetest - Enter the value into location value is entered
18:13:25.277 [main] INFO  com.demo.baseutil.Basetest - test typed into location value is entered
18:13:30.287 [main] INFO  com.demo.baseutil.Basetest - Validate location is selected is clickable
18:13:32.784 [main] INFO  com.demo.baseutil.Basetest - Clicked on : location is selected
18:13:32.808 [main] INFO  com.demo.baseutil.Basetest - Scroll down successful
18:13:32.808 [main] INFO  com.demo.baseutil.Basetest - Validate activity is clicked is clickable
18:13:35.193 [main] INFO  com.demo.baseutil.Basetest - Clicked on : activity is clicked
18:13:37.202 [main] INFO  com.demo.baseutil.Basetest - Enter the value into activity is entered
18:13:37.433 [main] INFO  com.demo.baseutil.Basetest - activity typed into activity is entered
18:13:40.446 [main] INFO  com.demo.baseutil.Basetest - Scroll till the scrolles to lot
18:13:40.586 [main] INFO  com.demo.baseutil.Basetest - Scroll till the scrolles to lot completed
18:13:40.587 [main] INFO  com.demo.baseutil.Basetest - Validate sscc number is copied is clickable
18:13:43.691 [main] INFO  com.demo.baseutil.Basetest - Clicked on : sscc number is copied
18:13:53.281 [main] INFO  com.demo.baseutil.Basetest - Scroll up to the element: The lot is displayed after scroll up completed
18:13:56.300 [main] INFO  com.demo.baseutil.Basetest - Validate lot1 is clicked is clickable
18:13:58.775 [main] INFO  com.demo.baseutil.Basetest - Clicked on : lot1 is clicked
18:14:00.781 [main] INFO  com.demo.baseutil.Basetest - Enter the value into lotvalue is entered
18:14:01.401 [main] INFO  com.demo.baseutil.Basetest - 1691024092410000001 typed into lotvalue is entered
18:14:03.407 [main] INFO  com.demo.baseutil.Basetest - Validate lot arrow is clicked is clickable
18:14:05.943 [main] INFO  com.demo.baseutil.Basetest - Clicked on : lot arrow is clicked
18:14:07.946 [main] INFO  com.demo.baseutil.Basetest - Scroll till the scrolled to packloc
18:14:08.077 [main] INFO  com.demo.baseutil.Basetest - Scroll till the scrolled to packloc completed
18:14:13.171 [main] INFO  com.demo.baseutil.Basetest - Scroll up to the element: The packloc is displayed after scroll up completed
18:14:18.186 [main] INFO  com.demo.baseutil.Basetest - Validate packloc is clicked is clickable
18:14:20.577 [main] INFO  com.demo.baseutil.Basetest - Clicked on : packloc is clicked
18:14:22.585 [main] INFO  com.demo.baseutil.Basetest - Enter the value into packing lot is entered
18:14:23.112 [main] INFO  com.demo.baseutil.Basetest - test typed into packing lot is entered
18:14:27.130 [main] INFO  com.demo.baseutil.Basetest - Validate remarks is clicked is clickable
18:14:29.758 [main] INFO  com.demo.baseutil.Basetest - Clicked on : remarks is clicked
18:14:31.766 [main] INFO  com.demo.baseutil.Basetest - Enter the value into remarks is entered
18:14:32.215 [main] INFO  com.demo.baseutil.Basetest - test typed into remarks is entered
18:14:36.233 [main] INFO  com.demo.baseutil.Basetest - Validate tlcloc is clicked is clickable
18:14:38.774 [main] INFO  com.demo.baseutil.Basetest - Clicked on : tlcloc is clicked
18:14:40.781 [main] INFO  com.demo.baseutil.Basetest - Enter the value into tlcloc is entered
18:14:41.330 [main] INFO  com.demo.baseutil.Basetest - test typed into tlcloc is entered
18:14:45.347 [main] INFO  com.demo.baseutil.Basetest - Scroll till the asset is scroll down
18:14:45.476 [main] INFO  com.demo.baseutil.Basetest - Scroll till the asset is scroll down completed
18:14:47.478 [main] INFO  com.demo.baseutil.Basetest - Validate asset is clicked is clickable
18:14:49.972 [main] INFO  com.demo.baseutil.Basetest - Clicked on : asset is clicked
18:14:51.979 [main] INFO  com.demo.baseutil.Basetest - Enter the value into vehicle is entered
18:14:52.368 [main] INFO  com.demo.baseutil.Basetest - vehicle typed into vehicle is entered
18:14:56.380 [main] INFO  com.demo.baseutil.Basetest - Validate assetsearch is clicked is clickable
18:14:58.862 [main] INFO  com.demo.baseutil.Basetest - Clicked on : assetsearch is clicked
18:15:00.868 [main] INFO  com.demo.baseutil.Basetest - Validate shippingdate is clicked is clickable
18:15:03.541 [main] INFO  com.demo.baseutil.Basetest - Clicked on : shippingdate is clicked
18:15:05.547 [main] INFO  com.demo.baseutil.Basetest - Validate datenext button is clicked is clickable
18:15:08.090 [main] INFO  com.demo.baseutil.Basetest - Clicked on : datenext button is clicked
18:15:10.099 [main] INFO  com.demo.baseutil.Basetest - Validate date is entered is clickable
18:15:12.646 [main] INFO  com.demo.baseutil.Basetest - Clicked on : date is entered
18:15:15.661 [main] INFO  com.demo.baseutil.Basetest - Validate date is selected is clickable
18:15:18.174 [main] INFO  com.demo.baseutil.Basetest - Clicked on : date is selected
18:15:21.188 [main] INFO  com.demo.baseutil.Basetest - Validate deliverydate is clicked is clickable
18:15:23.872 [main] INFO  com.demo.baseutil.Basetest - Clicked on : deliverydate is clicked
18:15:25.878 [main] INFO  com.demo.baseutil.Basetest - Validate datenext button is clicked is clickable
18:15:28.511 [main] INFO  com.demo.baseutil.Basetest - Clicked on : datenext button is clicked
18:15:30.514 [main] INFO  com.demo.baseutil.Basetest - Validate datenext button is clicked is clickable
18:15:32.896 [main] INFO  com.demo.baseutil.Basetest - Clicked on : datenext button is clicked
18:15:35.910 [main] INFO  com.demo.baseutil.Basetest - Validate date is entered is clickable
18:15:38.359 [main] INFO  com.demo.baseutil.Basetest - Clicked on : date is entered
18:15:40.369 [main] INFO  com.demo.baseutil.Basetest - Validate date is selected is clickable
18:15:42.881 [main] INFO  com.demo.baseutil.Basetest - Clicked on : date is selected
18:15:42.898 [main] INFO  com.demo.baseutil.Basetest - Scroll down successful
18:15:42.906 [main] INFO  com.demo.baseutil.Basetest - Validate container is clicked is clickable
18:15:45.376 [main] INFO  com.demo.baseutil.Basetest - Clicked on : container is clicked
18:15:45.376 [main] INFO  com.demo.baseutil.Basetest - Enter the value into container value is entered
18:15:45.806 [main] INFO  com.demo.baseutil.Basetest - container886886 typed into container value is entered
18:15:50.816 [main] INFO  com.demo.baseutil.Basetest - Validate container select is clicked is clickable
18:15:53.354 [main] INFO  com.demo.baseutil.Basetest - Clicked on : container select is clicked
18:15:55.355 [main] INFO  com.demo.baseutil.Basetest - Validate invoice select is clicked is clickable
18:15:57.874 [main] INFO  com.demo.baseutil.Basetest - Clicked on : invoice select is clicked
18:15:57.874 [main] INFO  com.demo.baseutil.Basetest - Enter the value into  invoice value is entered
18:15:58.207 [main] INFO  com.demo.baseutil.Basetest - 123 typed into  invoice value is entered
18:16:00.224 [main] INFO  com.demo.baseutil.Basetest - Validate seal select is clicked is clickable
18:16:02.907 [main] INFO  com.demo.baseutil.Basetest - Clicked on : seal select is clicked
18:16:02.907 [main] INFO  com.demo.baseutil.Basetest - Enter the value into seal value is entered
18:16:03.269 [main] INFO  com.demo.baseutil.Basetest - 123 typed into seal value is entered
18:16:05.309 [main] INFO  com.demo.baseutil.Basetest - Scroll down successful
18:16:07.327 [main] INFO  com.demo.baseutil.Basetest - Validate asn select is clicked is clickable
18:16:09.807 [main] INFO  com.demo.baseutil.Basetest - Clicked on : asn select is clicked
18:16:09.810 [main] INFO  com.demo.baseutil.Basetest - Enter the value into asn value is entered
18:16:10.438 [main] INFO  com.demo.baseutil.Basetest - 9883505929624 typed into asn value is entered
18:16:12.454 [main] INFO  com.demo.baseutil.Basetest - Validate lorry select is clicked is clickable
18:16:14.926 [main] INFO  com.demo.baseutil.Basetest - Clicked on : lorry select is clicked
18:16:14.926 [main] INFO  com.demo.baseutil.Basetest - Enter the value into lorry value is entered
18:16:15.198 [main] INFO  com.demo.baseutil.Basetest - 123 typed into lorry value is entered
18:16:17.222 [main] INFO  com.demo.baseutil.Basetest - Validate purchase is clicked is clickable
18:16:19.653 [main] INFO  com.demo.baseutil.Basetest - Clicked on : purchase is clicked
18:16:19.653 [main] INFO  com.demo.baseutil.Basetest - Enter the value into purchase is entered
18:16:19.996 [main] INFO  com.demo.baseutil.Basetest - 123 typed into purchase is entered
18:16:20.010 [main] INFO  com.demo.baseutil.Basetest - Validate bill is clicked is clickable
18:16:22.501 [main] INFO  com.demo.baseutil.Basetest - Clicked on : bill is clicked
18:16:22.501 [main] INFO  com.demo.baseutil.Basetest - Enter the value into purchase is entered
18:16:22.918 [main] INFO  com.demo.baseutil.Basetest - 12345 typed into purchase is entered
18:16:24.936 [main] INFO  com.demo.baseutil.Basetest - Validate document is clicked is clickable
18:16:27.386 [main] INFO  com.demo.baseutil.Basetest - Clicked on : document is clicked
18:16:27.386 [main] INFO  com.demo.baseutil.Basetest - Enter the value into document is entered
18:16:27.889 [main] INFO  com.demo.baseutil.Basetest - 12345 typed into document is entered
18:16:29.918 [main] INFO  com.demo.baseutil.Basetest - Validate Add Transaction is selected is clickable
18:16:32.243 [main] INFO  com.demo.baseutil.Basetest - Clicked on : Add Transaction is selected
18:16:54.364 [main] INFO  com.demo.baseutil.Basetest - Scroll down
18:16:56.371 [main] INFO  com.demo.baseutil.Basetest - Validate transaction is clicked is clickable
18:16:58.844 [main] INFO  com.demo.baseutil.Basetest - Clicked on : transaction is clicked
18:17:03.846 [main] INFO  com.demo.baseutil.Basetest - Validate add new is clicked is clickable
18:17:06.374 [main] INFO  com.demo.baseutil.Basetest - Clicked on : add new is clicked
18:17:11.376 [main] INFO  com.demo.baseutil.Basetest - Validate Product id is clicked is clickable
18:17:13.901 [main] INFO  com.demo.baseutil.Basetest - Clicked on : Product id is clicked
18:17:15.909 [main] INFO  com.demo.baseutil.Basetest - Enter the value into Saved Value is entered
18:17:16.160 [main] INFO  com.demo.baseutil.Basetest - F2PG10002437 typed into Saved Value is entered
18:17:18.174 [main] INFO  com.demo.baseutil.Basetest - Validate Product id is clicked is clickable
18:17:20.648 [main] INFO  com.demo.baseutil.Basetest - Clicked on : Product id is clicked
18:17:25.652 [main] INFO  com.demo.baseutil.Basetest - Validate Product id is clicked is clickable
18:17:28.155 [main] INFO  com.demo.baseutil.Basetest - Clicked on : Product id is clicked
18:17:30.175 [main] INFO  com.demo.baseutil.Basetest - Validate chooseprocess id is clicked is clickable
18:17:32.572 [main] INFO  com.demo.baseutil.Basetest - Clicked on : chooseprocess id is clicked
18:17:37.587 [main] INFO  com.demo.baseutil.Basetest - Enter the value into Observation is entered
18:17:38.191 [main] INFO  com.demo.baseutil.Basetest - Observation typed into Observation is entered
18:17:40.198 [main] INFO  com.demo.baseutil.Basetest - Validate chooseprocess id is clicked is clickable
18:17:42.691 [main] INFO  com.demo.baseutil.Basetest - Clicked on : chooseprocess id is clicked
18:17:48.697 [main] INFO  com.demo.baseutil.Basetest - Validate activity is clicked is clickable
18:17:51.234 [main] INFO  com.demo.baseutil.Basetest - Clicked on : activity is clicked
18:17:53.242 [main] INFO  com.demo.baseutil.Basetest - Enter the value into activity is entered
18:17:53.567 [main] INFO  com.demo.baseutil.Basetest - activity typed into activity is entered
18:17:56.572 [main] INFO  com.demo.baseutil.Basetest - Scroll till the sscc is scrolled down
18:17:56.697 [main] INFO  com.demo.baseutil.Basetest - Scroll till the sscc is scrolled down completed
18:17:59.709 [main] INFO  com.demo.baseutil.Basetest - Validate sscc is clicked is clickable
18:18:02.399 [main] INFO  com.demo.baseutil.Basetest - Clicked on : sscc is clicked
18:18:04.407 [main] INFO  com.demo.baseutil.Basetest - Enter the value into sscc is entered
18:18:04.873 [main] INFO  com.demo.baseutil.Basetest - 1690024092410000001 typed into sscc is entered
18:18:07.886 [main] INFO  com.demo.baseutil.Basetest - Validate sscc arrow is clicked is clickable
18:18:10.336 [main] INFO  com.demo.baseutil.Basetest - Clicked on : sscc arrow is clicked
18:18:12.351 [main] INFO  com.demo.baseutil.Basetest - Scroll till the addd transaction button scrolled
18:18:12.452 [main] INFO  com.demo.baseutil.Basetest - Scroll till the addd transaction button scrolled completed
18:18:12.452 [main] INFO  com.demo.baseutil.Basetest - Validate Add Transaction is selected is clickable
18:18:14.724 [main] INFO  com.demo.baseutil.Basetest - Clicked on : Add Transaction is selected
18:18:20.245 [main] INFO  com.demo.baseutil.Basetest - Browser is closed sucessfuly
18:18:24.037 [main] INFO  com.demo.baseutil.Basetest - Browser is closed sucessfuly
18:18:47.758 [main] INFO  com.demo.baseutil.Basetest - Validate Sign in with FarmtoPlate account is clickable
18:18:50.634 [main] INFO  com.demo.baseutil.Basetest - Clicked on : Sign in with FarmtoPlate account
18:18:52.857 [main] INFO  com.demo.baseutil.Basetest - Url contains farmtoplateapps.io/login
18:18:52.979 [main] INFO  com.demo.baseutil.Basetest - Sign in title matched
18:18:52.980 [main] INFO  com.demo.baseutil.Basetest - UI verified for Sigin page.
18:18:52.982 [main] INFO  com.demo.baseutil.Basetest - Sign in function call
18:18:52.983 [main] INFO  com.demo.baseutil.Basetest - Validate email address field is clicked is clickable
18:18:56.146 [main] INFO  com.demo.baseutil.Basetest - Clicked on : email address field is clicked
18:18:56.147 [main] INFO  com.demo.baseutil.Basetest - Enter the value into Email Id Entered
18:18:56.756 [main] INFO  com.demo.baseutil.Basetest - ldekkenq362@yopmail.com typed into Email Id Entered
18:18:56.756 [main] INFO  com.demo.baseutil.Basetest - Validate Enter the password is clickable
18:18:59.450 [main] INFO  com.demo.baseutil.Basetest - Clicked on : Enter the password
18:18:59.451 [main] INFO  com.demo.baseutil.Basetest - Enter the value into Password Id Entered
18:19:00.429 [main] INFO  com.demo.baseutil.Basetest - Admin@1234 typed into Password Id Entered
18:19:05.301 [main] INFO  com.demo.baseutil.Basetest - Scroll down
18:19:05.301 [main] INFO  com.demo.baseutil.Basetest - Validate Press the signin button is clickable
18:19:08.051 [main] INFO  com.demo.baseutil.Basetest - Clicked on : Press the signin button
18:19:10.299 [main] INFO  com.demo.baseutil.Basetest - HomePage title  is matched
18:19:28.344 [main] INFO  com.demo.baseutil.Basetest - Validate click on trace is clickable
18:19:30.797 [main] INFO  com.demo.baseutil.Basetest - Clicked on : click on trace
18:19:36.897 [main] INFO  com.demo.baseutil.Basetest - Validate Asset & Infrastructure Data is clicked is clickable
18:19:39.469 [main] INFO  com.demo.baseutil.Basetest - Clicked on : Asset & Infrastructure Data is clicked
18:19:41.482 [main] INFO  com.demo.baseutil.Basetest - Validate Assets is clicked is clickable
18:19:44.364 [main] INFO  com.demo.baseutil.Basetest - Clicked on : Assets is clicked
18:19:46.368 [main] INFO  com.demo.baseutil.Basetest - Validate Add new is clicked is clickable
18:19:48.855 [main] INFO  com.demo.baseutil.Basetest - Clicked on : Add new is clicked
18:19:50.858 [main] INFO  com.demo.baseutil.Basetest - Validate Asset type is clicked is clickable
18:19:53.413 [main] INFO  com.demo.baseutil.Basetest - Clicked on : Asset type is clicked
18:19:53.413 [main] INFO  com.demo.baseutil.Basetest - Validate Click on Vehicle Name is clickable
18:19:56.130 [main] INFO  com.demo.baseutil.Basetest - Clicked on : Click on Vehicle Name
18:19:58.145 [main] INFO  com.demo.baseutil.Basetest - Validate container name is clicked is clickable
18:20:00.787 [main] INFO  com.demo.baseutil.Basetest - Clicked on : container name is clicked
18:20:00.788 [main] INFO  com.demo.baseutil.Basetest - Enter the value into enter the container name
18:20:01.287 [main] INFO  com.demo.baseutil.Basetest - container409409 typed into enter the container name
18:20:03.301 [main] INFO  com.demo.baseutil.Basetest - Validate length is clicked is clickable
18:20:05.745 [main] INFO  com.demo.baseutil.Basetest - Clicked on : length is clicked
18:20:07.759 [main] INFO  com.demo.baseutil.Basetest - Enter the value into enter the length
18:20:08.436 [main] INFO  com.demo.baseutil.Basetest - 10 typed into enter the length
18:20:08.436 [main] INFO  com.demo.baseutil.Basetest - Validate breadth is clicked is clickable
18:20:10.981 [main] INFO  com.demo.baseutil.Basetest - Clicked on : breadth is clicked
18:20:10.982 [main] INFO  com.demo.baseutil.Basetest - Enter the value into breath entered
18:20:11.463 [main] INFO  com.demo.baseutil.Basetest - 10 typed into breath entered
18:20:13.466 [main] INFO  com.demo.baseutil.Basetest - Validate height is clicked is clickable
18:20:15.851 [main] INFO  com.demo.baseutil.Basetest - Clicked on : height is clicked
18:20:17.864 [main] INFO  com.demo.baseutil.Basetest - Enter the value into height entered
18:20:18.206 [main] INFO  com.demo.baseutil.Basetest - 20 typed into height entered
18:20:20.209 [main] INFO  com.demo.baseutil.Basetest - Validate dom is clicked is clickable
18:20:22.751 [main] INFO  com.demo.baseutil.Basetest - Clicked on : dom is clicked
18:20:24.754 [main] INFO  com.demo.baseutil.Basetest - Validate ft is clicked is clickable
18:20:27.160 [main] INFO  com.demo.baseutil.Basetest - Clicked on : ft is clicked
18:20:29.172 [main] INFO  com.demo.baseutil.Basetest - Validate wt is clicked is clickable
18:20:32.440 [main] INFO  com.demo.baseutil.Basetest - Clicked on : wt is clicked
18:20:34.449 [main] INFO  com.demo.baseutil.Basetest - Enter the value into weight entered
18:20:34.806 [main] INFO  com.demo.baseutil.Basetest - 1000 typed into weight entered
18:20:36.810 [main] INFO  com.demo.baseutil.Basetest - Validate wtcap is clicked is clickable
18:20:39.272 [main] INFO  com.demo.baseutil.Basetest - Clicked on : wtcap is clicked
18:20:41.285 [main] INFO  com.demo.baseutil.Basetest - Validate tons is clicked is clickable
18:20:43.563 [main] INFO  com.demo.baseutil.Basetest - Clicked on : tons is clicked
18:20:45.574 [main] INFO  com.demo.baseutil.Basetest - Validate Click on Add button is clickable
18:20:48.130 [main] INFO  com.demo.baseutil.Basetest - Clicked on : Click on Add button
18:20:59.152 [main] INFO  com.demo.baseutil.Basetest - Validate transaction is clicked is clickable
18:21:01.804 [main] INFO  com.demo.baseutil.Basetest - Clicked on : transaction is clicked
18:21:06.804 [main] INFO  com.demo.baseutil.Basetest - Validate add new is clicked is clickable
18:21:09.467 [main] INFO  com.demo.baseutil.Basetest - Clicked on : add new is clicked
18:21:14.475 [main] INFO  com.demo.baseutil.Basetest - Validate Product id is clicked is clickable
18:21:17.031 [main] INFO  com.demo.baseutil.Basetest - Clicked on : Product id is clicked
18:21:19.146 [main] INFO  com.demo.baseutil.Basetest - Enter the value into Saved Value is entered
18:21:19.803 [main] INFO  com.demo.baseutil.Basetest - F2PG10002436 typed into Saved Value is entered
18:21:21.812 [main] INFO  com.demo.baseutil.Basetest - Validate Product id is clicked is clickable
18:21:24.416 [main] INFO  com.demo.baseutil.Basetest - Clicked on : Product id is clicked
18:21:26.423 [main] INFO  com.demo.baseutil.Basetest - Validate Product id is clicked is clickable
18:21:28.983 [main] INFO  com.demo.baseutil.Basetest - Clicked on : Product id is clicked
18:21:30.998 [main] INFO  com.demo.baseutil.Basetest - Validate chooseprocess id is clicked is clickable
18:21:33.462 [main] INFO  com.demo.baseutil.Basetest - Clicked on : chooseprocess id is clicked
18:21:35.477 [main] INFO  com.demo.baseutil.Basetest - Enter the value into Harvestiong/commission is entered
18:21:35.848 [main] INFO  com.demo.baseutil.Basetest - processcomm typed into Harvestiong/commission is entered
18:21:37.863 [main] INFO  com.demo.baseutil.Basetest - Validate chooseprocess id is clicked is clickable
18:21:40.559 [main] INFO  com.demo.baseutil.Basetest - Clicked on : chooseprocess id is clicked
18:21:43.576 [main] INFO  com.demo.baseutil.Basetest - Validate Process commision is selected is clickable
18:21:46.025 [main] INFO  com.demo.baseutil.Basetest - Clicked on : Process commision is selected
18:21:48.062 [main] INFO  com.demo.baseutil.Basetest - Scroll down successful
18:21:48.062 [main] INFO  com.demo.baseutil.Basetest - Validate date is selected is clickable
18:21:50.627 [main] INFO  com.demo.baseutil.Basetest - Clicked on : date is selected
18:21:51.632 [main] INFO  com.demo.baseutil.Basetest - Validate date netx button is clickable
18:21:54.297 [main] INFO  com.demo.baseutil.Basetest - Clicked on : date netx button
18:21:54.297 [main] INFO  com.demo.baseutil.Basetest - Validate date is entered is clickable
18:21:56.848 [main] INFO  com.demo.baseutil.Basetest - Clicked on : date is entered
18:21:58.854 [main] INFO  com.demo.baseutil.Basetest - Validate date is selected is clickable
18:22:01.710 [main] INFO  com.demo.baseutil.Basetest - Clicked on : date is selected
18:22:07.818 [main] INFO  com.demo.baseutil.Basetest - Scroll down
18:22:07.833 [main] INFO  com.demo.baseutil.Basetest - Validate activity is selected is clickable
18:22:10.397 [main] INFO  com.demo.baseutil.Basetest - Clicked on : activity is selected
18:22:10.399 [main] INFO  com.demo.baseutil.Basetest - Enter the value into activity Value is entered
18:22:11.548 [main] INFO  com.demo.baseutil.Basetest - abcd typed into activity Value is entered
18:22:13.561 [main] INFO  com.demo.baseutil.Basetest - Validate packing type dropdown is selected is clickable
18:22:16.333 [main] INFO  com.demo.baseutil.Basetest - Clicked on : packing type dropdown is selected
18:22:16.333 [main] INFO  com.demo.baseutil.Basetest - Validate packing type dropdown is selected is clickable
18:22:19.006 [main] INFO  com.demo.baseutil.Basetest - Clicked on : packing type dropdown is selected
18:22:25.097 [main] INFO  com.demo.baseutil.Basetest - Scroll down
18:22:25.097 [main] INFO  com.demo.baseutil.Basetest - Validate tlc is clicked is clickable
18:22:27.726 [main] INFO  com.demo.baseutil.Basetest - Clicked on : tlc is clicked
18:22:27.726 [main] INFO  com.demo.baseutil.Basetest - Enter the value into Tlc no is entered
18:22:28.303 [main] INFO  com.demo.baseutil.Basetest - 1234567890 typed into Tlc no is entered
18:22:28.307 [main] INFO  com.demo.baseutil.Basetest - Validate location is clicked is clickable
18:22:30.933 [main] INFO  com.demo.baseutil.Basetest - Clicked on : location is clicked
18:22:30.934 [main] INFO  com.demo.baseutil.Basetest - Enter the value into location no is entered
18:22:31.403 [main] INFO  com.demo.baseutil.Basetest - test typed into location no is entered
18:22:31.403 [main] INFO  com.demo.baseutil.Basetest - Validate commodity is clicked is clickable
18:22:33.766 [main] INFO  com.demo.baseutil.Basetest - Clicked on : commodity is clicked
18:22:33.769 [main] INFO  com.demo.baseutil.Basetest - Enter the value into commodity is entered
18:22:34.090 [main] INFO  com.demo.baseutil.Basetest - commodity typed into commodity is entered
18:22:34.090 [main] INFO  com.demo.baseutil.Basetest - Scroll till the scrolled to down
18:22:34.211 [main] INFO  com.demo.baseutil.Basetest - Scroll till the scrolled to down completed
18:22:34.211 [main] INFO  com.demo.baseutil.Basetest - Validate count sgtin is clicked is clickable
18:22:36.560 [main] INFO  com.demo.baseutil.Basetest - Clicked on : count sgtin is clicked
18:22:36.607 [main] INFO  com.demo.baseutil.Basetest - Enter the value into countsgtin is entered
18:22:37.636 [main] INFO  com.demo.baseutil.Basetest - 123 typed into countsgtin is entered
18:22:37.638 [main] INFO  com.demo.baseutil.Basetest - Validate weightsgtin sgtin is clicked is clickable
18:22:40.065 [main] INFO  com.demo.baseutil.Basetest - Clicked on : weightsgtin sgtin is clicked
18:22:40.065 [main] INFO  com.demo.baseutil.Basetest - Enter the value into weightsgtin is entered
18:22:40.564 [main] INFO  com.demo.baseutil.Basetest - 1234567 typed into weightsgtin is entered
18:22:40.564 [main] INFO  com.demo.baseutil.Basetest - Validate itemsgtin sgtin is clicked is clickable
18:22:43.175 [main] INFO  com.demo.baseutil.Basetest - Clicked on : itemsgtin sgtin is clicked
18:22:43.175 [main] INFO  com.demo.baseutil.Basetest - Validate itemgtin is entered is clickable
18:22:45.929 [main] INFO  com.demo.baseutil.Basetest - Clicked on : itemgtin is entered
18:22:45.930 [main] INFO  com.demo.baseutil.Basetest - Validate filed is clicked is clickable
18:22:48.564 [main] INFO  com.demo.baseutil.Basetest - Clicked on : filed is clicked
18:22:48.564 [main] INFO  com.demo.baseutil.Basetest - Enter the value into filed is entered
18:22:49.242 [main] INFO  com.demo.baseutil.Basetest - filed typed into filed is entered
18:22:49.243 [main] INFO  com.demo.baseutil.Basetest - Validate container is clicked is clickable
18:22:52.045 [main] INFO  com.demo.baseutil.Basetest - Clicked on : container is clicked
18:22:52.045 [main] INFO  com.demo.baseutil.Basetest - Enter the value into filed is entered
18:22:52.421 [main] INFO  com.demo.baseutil.Basetest - container409409 typed into filed is entered
18:22:56.439 [main] INFO  com.demo.baseutil.Basetest - Validate Selected the conatiner is clickable
18:22:59.087 [main] INFO  com.demo.baseutil.Basetest - Clicked on : Selected the conatiner
18:23:00.092 [main] INFO  com.demo.baseutil.Basetest - Validate document is clicked is clickable
18:23:02.747 [main] INFO  com.demo.baseutil.Basetest - Clicked on : document is clicked
18:23:02.748 [main] INFO  com.demo.baseutil.Basetest - Enter the value into document is entered
18:23:03.574 [main] INFO  com.demo.baseutil.Basetest - 1234567 typed into document is entered
18:23:07.681 [main] INFO  com.demo.baseutil.Basetest - Scroll down
18:23:07.681 [main] INFO  com.demo.baseutil.Basetest - Validate Add Transaction is selected is clickable
18:23:10.577 [main] INFO  com.demo.baseutil.Basetest - Clicked on : Add Transaction is selected
18:23:21.597 [main] INFO  com.demo.baseutil.Basetest - Scroll till the Transaction is scrolled
18:23:21.880 [main] INFO  com.demo.baseutil.Basetest - Scroll till the Transaction is scrolled completed
18:23:21.880 [main] INFO  com.demo.baseutil.Basetest - Validate transaction is clicked is clickable
18:23:25.294 [main] INFO  com.demo.baseutil.Basetest - Clicked on : transaction is clicked
18:23:27.299 [main] INFO  com.demo.baseutil.Basetest - Validate productid is selected is clickable
18:23:30.280 [main] INFO  com.demo.baseutil.Basetest - Clicked on : productid is selected
18:23:30.308 [main] INFO  com.demo.baseutil.Basetest - Enter the value into enter the productid
18:23:30.918 [main] INFO  com.demo.baseutil.Basetest - F2PG10002436 typed into enter the productid
18:23:30.920 [main] INFO  com.demo.baseutil.Basetest - Validate search is selected is clickable
18:23:33.397 [main] INFO  com.demo.baseutil.Basetest - Clicked on : search is selected
18:23:33.397 [main] INFO  com.demo.baseutil.Basetest - Validate search button is clicked is clickable
18:23:36.123 [main] INFO  com.demo.baseutil.Basetest - Clicked on : search button is clicked
18:23:38.227 [main] INFO  com.demo.baseutil.Basetest - Scroll up
18:23:40.257 [main] INFO  com.demo.baseutil.Basetest - Scroll up
18:23:44.267 [main] INFO  com.demo.baseutil.Basetest - Validate transaction is clicked is clickable
18:23:47.069 [main] INFO  com.demo.baseutil.Basetest - Clicked on : transaction is clicked
18:23:52.079 [main] INFO  com.demo.baseutil.Basetest - Scroll till the Transaction is scrolled
18:23:52.271 [main] INFO  com.demo.baseutil.Basetest - Scroll till the Transaction is scrolled completed
18:23:52.286 [main] INFO  com.demo.baseutil.Basetest - Validate transaction is clicked is clickable
18:23:55.082 [main] INFO  com.demo.baseutil.Basetest - Clicked on : transaction is clicked
18:24:00.089 [main] INFO  com.demo.baseutil.Basetest - Validate add new is clicked is clickable
18:24:02.854 [main] INFO  com.demo.baseutil.Basetest - Clicked on : add new is clicked
18:24:07.870 [main] INFO  com.demo.baseutil.Basetest - Validate Product id is clicked is clickable
18:24:10.308 [main] INFO  com.demo.baseutil.Basetest - Clicked on : Product id is clicked
18:24:12.331 [main] INFO  com.demo.baseutil.Basetest - Enter the value into Saved Value is entered
18:24:12.657 [main] INFO  com.demo.baseutil.Basetest - F2PG10002436 typed into Saved Value is entered
18:24:14.673 [main] INFO  com.demo.baseutil.Basetest - Validate Product id is clicked is clickable
18:24:17.215 [main] INFO  com.demo.baseutil.Basetest - Clicked on : Product id is clicked
18:24:19.223 [main] INFO  com.demo.baseutil.Basetest - Validate Product id is clicked is clickable
18:24:21.996 [main] INFO  com.demo.baseutil.Basetest - Clicked on : Product id is clicked
18:24:24.010 [main] INFO  com.demo.baseutil.Basetest - Validate chooseprocess id is clicked is clickable
18:24:26.575 [main] INFO  com.demo.baseutil.Basetest - Clicked on : chooseprocess id is clicked
18:24:28.583 [main] INFO  com.demo.baseutil.Basetest - Enter the value into Transformation is entered
18:24:28.966 [main] INFO  com.demo.baseutil.Basetest - transformation typed into Transformation is entered
18:24:30.980 [main] INFO  com.demo.baseutil.Basetest - Validate chooseprocess id is clicked is clickable
18:24:33.439 [main] INFO  com.demo.baseutil.Basetest - Clicked on : chooseprocess id is clicked
18:24:36.449 [main] INFO  com.demo.baseutil.Basetest - Validate Process Transformation is selected is clickable
18:24:39.080 [main] INFO  com.demo.baseutil.Basetest - Clicked on : Process Transformation is selected
18:24:44.090 [main] INFO  com.demo.baseutil.Basetest - Validate date is selected is clickable
18:24:46.710 [main] INFO  com.demo.baseutil.Basetest - Clicked on : date is selected
18:24:47.716 [main] INFO  com.demo.baseutil.Basetest - Validate date prev button is clickable
18:24:50.331 [main] INFO  com.demo.baseutil.Basetest - Clicked on : date prev button
18:24:50.336 [main] INFO  com.demo.baseutil.Basetest - Validate date is entered is clickable
18:24:52.716 [main] INFO  com.demo.baseutil.Basetest - Clicked on : date is entered
18:24:54.728 [main] INFO  com.demo.baseutil.Basetest - Validate date is selected is clickable
18:24:57.352 [main] INFO  com.demo.baseutil.Basetest - Clicked on : date is selected
18:24:59.353 [main] INFO  com.demo.baseutil.Basetest - Validate date is selected is clickable
18:25:02.085 [main] INFO  com.demo.baseutil.Basetest - Clicked on : date is selected
18:25:03.087 [main] INFO  com.demo.baseutil.Basetest - Validate date next button is clickable
18:25:05.631 [main] INFO  com.demo.baseutil.Basetest - Clicked on : date next button
18:25:05.631 [main] INFO  com.demo.baseutil.Basetest - Validate date is entered is clickable
18:25:08.342 [main] INFO  com.demo.baseutil.Basetest - Clicked on : date is entered
18:25:10.357 [main] INFO  com.demo.baseutil.Basetest - Validate date is selected is clickable
18:25:13.041 [main] INFO  com.demo.baseutil.Basetest - Clicked on : date is selected
18:25:19.132 [main] INFO  com.demo.baseutil.Basetest - Scroll down
18:25:19.132 [main] INFO  com.demo.baseutil.Basetest - Validate activity is selected is clickable
18:25:21.700 [main] INFO  com.demo.baseutil.Basetest - Clicked on : activity is selected
18:25:21.700 [main] INFO  com.demo.baseutil.Basetest - Enter the value into activity Value is entered
18:25:22.077 [main] INFO  com.demo.baseutil.Basetest - abcd typed into activity Value is entered
18:25:24.080 [main] INFO  com.demo.baseutil.Basetest - Validate newlgtin is clicked is clickable
18:25:26.504 [main] INFO  com.demo.baseutil.Basetest - Clicked on : newlgtin is clicked
18:25:26.510 [main] INFO  com.demo.baseutil.Basetest - Enter the value into lotvalue is entered
18:25:26.871 [main] INFO  com.demo.baseutil.Basetest - 1781024092410000002 typed into lotvalue is entered
18:25:29.879 [main] INFO  com.demo.baseutil.Basetest - Validate newlgtinarrow is clicked is clickable
18:25:32.359 [main] INFO  com.demo.baseutil.Basetest - Clicked on : newlgtinarrow is clicked
18:25:35.378 [main] INFO  com.demo.baseutil.Basetest - Scroll till the packing type scrolled
18:25:35.597 [main] INFO  com.demo.baseutil.Basetest - Scroll till the packing type scrolled completed
18:25:37.600 [main] INFO  com.demo.baseutil.Basetest - Validate qtyconsumed is clicked is clickable
18:25:40.207 [main] INFO  com.demo.baseutil.Basetest - Clicked on : qtyconsumed is clicked
18:25:40.207 [main] INFO  com.demo.baseutil.Basetest - Enter the value into qtyconsumeda is entered
18:25:40.693 [main] INFO  com.demo.baseutil.Basetest - 1 typed into qtyconsumeda is entered
18:25:40.698 [main] INFO  com.demo.baseutil.Basetest - Validate packingtype is selected is clickable
18:25:43.274 [main] INFO  com.demo.baseutil.Basetest - Clicked on : packingtype is selected
18:25:45.284 [main] INFO  com.demo.baseutil.Basetest - Validate packingtypeselect is selected is clickable
18:25:47.979 [main] INFO  com.demo.baseutil.Basetest - Clicked on : packingtypeselect is selected
18:25:49.991 [main] INFO  com.demo.baseutil.Basetest - Scroll till the batch scrolled
18:25:50.168 [main] INFO  com.demo.baseutil.Basetest - Scroll till the batch scrolled completed
18:25:52.170 [main] INFO  com.demo.baseutil.Basetest - Validate remarks is selected is clickable
18:25:54.670 [main] INFO  com.demo.baseutil.Basetest - Clicked on : remarks is selected
18:25:54.671 [main] INFO  com.demo.baseutil.Basetest - Enter the value into remarks Value is entered
18:25:55.130 [main] INFO  com.demo.baseutil.Basetest - test typed into remarks Value is entered
18:25:55.131 [main] INFO  com.demo.baseutil.Basetest - Validate document is selected is clickable
18:25:57.606 [main] INFO  com.demo.baseutil.Basetest - Clicked on : document is selected
18:25:57.606 [main] INFO  com.demo.baseutil.Basetest - Enter the value into document Value is entered
18:25:58.117 [main] INFO  com.demo.baseutil.Basetest - 12345 typed into document Value is entered
18:25:58.119 [main] INFO  com.demo.baseutil.Basetest - Scroll till the addtran is scrolled
18:25:58.264 [main] INFO  com.demo.baseutil.Basetest - Scroll till the addtran is scrolled completed
18:26:00.279 [main] INFO  com.demo.baseutil.Basetest - Validate tlc is selected is clickable
18:26:02.856 [main] INFO  com.demo.baseutil.Basetest - Clicked on : tlc is selected
18:26:02.856 [main] INFO  com.demo.baseutil.Basetest - Enter the value into tlc Value is entered
18:26:03.468 [main] INFO  com.demo.baseutil.Basetest - 12345 typed into tlc Value is entered
18:26:03.468 [main] INFO  com.demo.baseutil.Basetest - Validate count sgtin is clicked is clickable
18:26:06.139 [main] INFO  com.demo.baseutil.Basetest - Clicked on : count sgtin is clicked
18:26:06.139 [main] INFO  com.demo.baseutil.Basetest - Enter the value into countsgtin is entered
18:26:06.790 [main] INFO  com.demo.baseutil.Basetest - 123 typed into countsgtin is entered
18:26:06.792 [main] INFO  com.demo.baseutil.Basetest - Validate itemsgtin is selected is clickable
18:26:09.476 [main] INFO  com.demo.baseutil.Basetest - Clicked on : itemsgtin is selected
18:26:09.476 [main] INFO  com.demo.baseutil.Basetest - Validate itemsgtinvalue is selected is clickable
18:26:11.909 [main] INFO  com.demo.baseutil.Basetest - Clicked on : itemsgtinvalue is selected
18:26:11.909 [main] INFO  com.demo.baseutil.Basetest - Validate Add Transaction is selected is clickable
18:26:14.479 [main] INFO  com.demo.baseutil.Basetest - Clicked on : Add Transaction is selected
18:26:34.584 [main] INFO  com.demo.baseutil.Basetest - Scroll down
18:26:45.650 [main] INFO  com.demo.baseutil.Basetest - Scroll down
18:26:47.653 [main] INFO  com.demo.baseutil.Basetest - Validate transaction is clicked is clickable
18:26:50.271 [main] INFO  com.demo.baseutil.Basetest - Clicked on : transaction is clicked
18:26:55.272 [main] INFO  com.demo.baseutil.Basetest - Validate productid is selected is clickable
18:26:57.954 [main] INFO  com.demo.baseutil.Basetest - Clicked on : productid is selected
18:26:57.969 [main] INFO  com.demo.baseutil.Basetest - Enter the value into enter the productid
18:26:58.594 [main] INFO  com.demo.baseutil.Basetest - F2PG10002436 typed into enter the productid
18:26:58.597 [main] INFO  com.demo.baseutil.Basetest - Validate productid is selected is clickable
18:27:01.251 [main] INFO  com.demo.baseutil.Basetest - Clicked on : productid is selected
18:27:03.253 [main] INFO  com.demo.baseutil.Basetest - Validate productid is selected is clickable
18:27:05.755 [main] INFO  com.demo.baseutil.Basetest - Clicked on : productid is selected
18:27:11.761 [main] INFO  com.demo.baseutil.Basetest - Validate search is selected is clickable
18:27:14.308 [main] INFO  com.demo.baseutil.Basetest - Clicked on : search is selected
18:27:20.404 [main] INFO  com.demo.baseutil.Basetest - Scroll up
18:27:22.436 [main] INFO  com.demo.baseutil.Basetest - Scroll up
18:27:26.452 [main] INFO  com.demo.baseutil.Basetest - Validate transaction is clicked is clickable
18:27:29.023 [main] INFO  com.demo.baseutil.Basetest - Clicked on : transaction is clicked
18:27:34.023 [main] INFO  com.demo.baseutil.Basetest - Validate add new is clicked is clickable
18:27:36.900 [main] INFO  com.demo.baseutil.Basetest - Clicked on : add new is clicked
18:27:41.902 [main] INFO  com.demo.baseutil.Basetest - Validate Product id is clicked is clickable
18:27:44.454 [main] INFO  com.demo.baseutil.Basetest - Clicked on : Product id is clicked
18:27:46.461 [main] INFO  com.demo.baseutil.Basetest - Enter the value into Saved Value is entered
18:27:46.917 [main] INFO  com.demo.baseutil.Basetest - F2PG10002436 typed into Saved Value is entered
18:27:48.921 [main] INFO  com.demo.baseutil.Basetest - Validate Product id is clicked is clickable
18:27:51.447 [main] INFO  com.demo.baseutil.Basetest - Clicked on : Product id is clicked
18:27:53.453 [main] INFO  com.demo.baseutil.Basetest - Validate Product id is clicked is clickable
18:27:55.980 [main] INFO  com.demo.baseutil.Basetest - Clicked on : Product id is clicked
18:27:57.982 [main] INFO  com.demo.baseutil.Basetest - Validate chooseprocess id is clicked is clickable
18:28:00.536 [main] INFO  com.demo.baseutil.Basetest - Clicked on : chooseprocess id is clicked
18:28:02.544 [main] INFO  com.demo.baseutil.Basetest - Enter the value into Observation is entered
18:28:02.983 [main] INFO  com.demo.baseutil.Basetest - processobsnosscc typed into Observation is entered
18:28:06.994 [main] INFO  com.demo.baseutil.Basetest - Validate chooseprocess id is clicked is clickable
18:28:09.593 [main] INFO  com.demo.baseutil.Basetest - Clicked on : chooseprocess id is clicked
18:28:12.595 [main] INFO  com.demo.baseutil.Basetest - Validate activity is clicked is clickable
18:28:15.122 [main] INFO  com.demo.baseutil.Basetest - Clicked on : activity is clicked
18:28:17.128 [main] INFO  com.demo.baseutil.Basetest - Enter the value into activity is entered
18:28:17.477 [main] INFO  com.demo.baseutil.Basetest - activity typed into activity is entered
18:28:20.492 [main] INFO  com.demo.baseutil.Basetest - Scroll till the add trans is scrolled down
18:28:20.635 [main] INFO  com.demo.baseutil.Basetest - Scroll till the add trans is scrolled down completed
18:28:23.647 [main] INFO  com.demo.baseutil.Basetest - Validate newbatchlot is clicked is clickable
18:28:26.176 [main] INFO  com.demo.baseutil.Basetest - Clicked on : newbatchlot is clicked
18:28:26.176 [main] INFO  com.demo.baseutil.Basetest - Enter the value into lot value is entered
18:28:26.798 [main] INFO  com.demo.baseutil.Basetest - 1781024092410000003 typed into lot value is entered
18:28:26.800 [main] INFO  com.demo.baseutil.Basetest - Validate obslgtinarrow is clicked is clickable
18:28:29.359 [main] INFO  com.demo.baseutil.Basetest - Clicked on : obslgtinarrow is clicked
18:28:31.373 [main] INFO  com.demo.baseutil.Basetest - Scroll till the addd transaction button scrolled
18:28:31.504 [main] INFO  com.demo.baseutil.Basetest - Scroll till the addd transaction button scrolled completed
18:28:31.504 [main] INFO  com.demo.baseutil.Basetest - Validate Add Transaction is selected is clickable
18:28:34.042 [main] INFO  com.demo.baseutil.Basetest - Clicked on : Add Transaction is selected
18:28:49.073 [main] INFO  com.demo.baseutil.Basetest - Validate click on trace is clickable
18:28:51.655 [main] INFO  com.demo.baseutil.Basetest - Clicked on : click on trace
18:29:03.699 [main] INFO  com.demo.baseutil.Basetest - Validate click on trace is clickable
18:29:06.480 [main] INFO  com.demo.baseutil.Basetest - Clicked on : click on trace
18:29:12.583 [main] INFO  com.demo.baseutil.Basetest - Validate Asset & Infrastructure Data is clicked is clickable
18:29:15.352 [main] INFO  com.demo.baseutil.Basetest - Clicked on : Asset & Infrastructure Data is clicked
18:29:17.363 [main] INFO  com.demo.baseutil.Basetest - Validate Assets is clicked is clickable
18:29:37.978 [main] ERROR com.demo.baseutil.Basetest - Assets is clicked is not clickable
18:29:37.983 [main] ERROR com.demo.baseutil.Basetest - Unable to click on Assets is clicked
18:29:48.434 [main] INFO  com.demo.baseutil.Basetest - Browser is closed sucessfuly
18:29:50.031 [main] INFO  com.demo.baseutil.Basetest - Browser is closed sucessfuly
18:29:50.935 [main] ERROR com.demo.baseutil.Basetest - Failed to close the Browser
